t_1hz,X-coordinate,Y-coordinate,Speed,power consumption,current consuption,Heading,Position confidence,Battery value,RIGHT DRIVE SIGNALS.ActualSpeed_R,LEFT DRIVE SIGNALS.ActualSpeed_L,energy_J_step,scanner_active,Going to ID,Current segment,t_sec,session,interval_check,is_1hz_ok
0,-3.1220324545454545,5.743989363636363,0.2987249818181818,288.1818181818182,6487.090909090909,1.5970639999999998,98.9090909090909,61.0,298.1818181818182,299.0,158.75999999996858,0.0,2.0,280.0,0,1,1.0,True
1,-3.125720818181818,6.003362818181818,0.29895702727272727,290.3636363636364,6542.818181818182,1.5976296363636364,99.0,61.0,299.0,298.45454545454544,308.88000000001045,0.0,2.0,276.0,1,1,1.0,True
2,-3.134338909090909,6.303647545454546,0.29915044545454544,293.1818181818182,6607.818181818182,1.5983221818181819,98.45454545454545,61.0,299.0,299.0,312.11999999998955,0.0,2.0,276.0,2,1,1.0,True
3,-3.1409447,6.5687167,0.29915817999999994,292.4,6591.0,1.5974263,98.8,61.0,299.0,299.0,314.2800000000105,0.0,2.0,276.0,3,1,1.0,True
4,-3.1471206666666665,6.8815463333333335,0.2992149,291.3333333333333,6568.166666666667,1.5977605,98.0,61.0,299.0,299.0,310.6800000000105,0.0,2.0,276.0,4,1,1.0,True
5,-3.1541965454545458,7.165990818181819,0.2990731,292.27272727272725,6579.727272727273,1.597477818181818,98.63636363636364,61.0,299.0,299.0,312.11999999998955,0.0,2.0,276.0,5,1,1.0,True
6,-3.160666,7.430987,0.29886035,292.0,6590.0,1.59695,99.0,61.0,299.0,298.5,152.63999999997904,0.0,2.0,276.0,6,1,1.0,True
7,-3.1670326363636363,7.709258636363637,0.29930513636363637,292.54545454545456,6593.636363636364,1.598316181818182,99.54545454545455,61.0,299.0,299.0,316.44000000003143,0.0,2.0,276.0,7,1,1.0,True
8,-3.1768249166666664,7.985361999999999,0.29878946666666667,292.25,6580.916666666667,1.5974153333333334,99.33333333333333,61.0,298.3333333333333,299.0,309.6,0.0,2.0,276.0,8,1,1.0,True
9,-3.1796325454545453,8.256605454545454,0.23150798181818183,287.0,6471.454545454545,1.521599181818182,99.45454545454545,61.0,163.63636363636363,299.0,302.03999999997905,0.0,2.0,276.0,9,1,1.0,True
10,-3.148991727272727,8.432299454545454,0.14708065454545455,283.54545454545456,6381.545454545455,1.1788781454545454,95.27272727272727,61.0,0.09090909090909091,293.8181818181818,304.560000000021,0.0,2.0,276.0,10,1,1.0,True
11,-3.0862127,8.5114982,0.089339045,284.6,6404.6,0.6077538600000001,93.2,61.0,-80.0,258.8,303.8400000000314,0.0,2.0,276.0,11,1,1.0,True
12,-2.996935,8.536398,0.12223849999999999,284.5,6409.0,0.10386389733333333,90.16666666666667,61.0,21.0,223.33333333333334,302.03999999997905,0.0,2.0,276.0,12,1,1.0,True
13,-2.8248485454545453,8.562108636363636,0.1556665090909091,282.8181818181818,6364.272727272727,0.24610878909090908,93.18181818181819,61.0,298.6363636363636,12.909090909090908,303.47999999995807,0.0,2.0,276.0,13,1,1.0,True
14,-2.720095,8.625162999999999,0.14272975000000002,285.0,6416.5,0.6819286,87.5,61.0,299.0,-14.0,150.12000000004193,0.0,2.0,276.0,14,1,1.0,True
15,-2.6586439166666667,8.740662916666667,0.16329189166666666,285.5,6433.25,1.2435049166666665,91.0,61.0,299.0,26.833333333333332,307.0799999999581,0.0,2.0,276.0,15,1,1.0,True
16,-2.6520533636363637,8.931316363636364,0.22361834545454548,295.0,6646.454545454545,1.5858734545454547,94.18181818181819,61.0,267.3636363636364,179.8181818181818,312.4800000000629,0.0,2.0,8.0,16,1,1.0,True
17,-2.655410272727273,9.180232545454546,0.2778792,294.27272727272725,6632.363636363636,1.581084,97.27272727272727,61.0,256.1818181818182,299.0,312.83999999997906,0.0,2.0,8.0,17,1,1.0,True
18,-2.6541704999999998,9.43777775,0.29715865,292.25,6588.25,1.5548327499999999,97.75,61.0,296.75,297.0,314.27999999995814,0.0,2.0,8.0,18,1,1.0,True
19,-2.6508040833333335,9.735952833333334,0.29673322500000004,293.8333333333333,6623.75,1.5612023333333334,98.83333333333333,61.0,299.0,294.25,307.8,0.0,2.0,8.0,19,1,1.0,True
20,-2.6513221666666666,10.031960666666667,0.2970877666666667,291.1666666666667,6566.166666666667,1.5691721666666665,98.83333333333333,61.0,299.0,294.6666666666667,307.439999999979,0.0,2.0,8.0,20,1,1.0,True
21,-2.6516563636363633,10.308078181818182,0.2973714,289.0,6516.454545454545,1.5755733636363636,100.0,61.0,299.0,295.0,310.3200000000419,0.0,2.0,8.0,21,1,1.0,True
22,-2.6539250909090906,10.582492727272728,0.2980675090909091,289.54545454545456,6526.818181818182,1.5833704545454546,98.9090909090909,61.0,299.0,296.6363636363636,158.4,0.0,2.0,4.0,22,1,1.0,True
23,-2.649789818181818,10.87744909090909,0.2973326727272727,291.0,6562.727272727273,1.592540090909091,99.0,61.0,299.0,294.90909090909093,307.4399999999791,0.0,2.0,4.0,23,1,1.0,True
24,-2.6563026,11.18294,0.29911563,290.9,6564.1,1.5968101000000001,99.9,61.0,299.0,298.7,312.12000000004195,0.0,2.0,4.0,24,1,1.0,True
25,-2.660064333333333,11.432278333333334,0.2992858,290.3333333333333,6547.166666666667,1.5986993333333333,100.0,61.0,299.0,299.0,308.51999999993717,0.0,2.0,4.0,25,1,1.0,True
26,-2.6679092727272726,11.740131818181817,0.29915044545454544,290.72727272727275,6566.181818181818,1.5990845454545453,100.0,61.0,299.0,299.0,311.04000000008386,0.0,2.0,4.0,26,1,1.0,True
27,-2.672362,11.988239090909092,0.27493993636363634,291.27272727272725,6570.0,1.5748481818181816,99.63636363636364,61.0,250.63636363636363,299.0,306.0,0.0,2.0,30.0,27,1,1.0,True
28,-2.649511833333333,12.199518333333332,0.1579741,285.6666666666667,6432.666666666667,1.2793365,95.0,61.0,16.5,299.0,305.27999999995814,0.0,2.0,30.0,28,1,1.0,True
29,-2.585196818181818,12.289342727272727,0.12410777272727272,284.8181818181818,6420.363636363636,0.7945158909090909,88.45454545454545,61.0,-43.0,291.1818181818182,308.52000000004193,0.0,2.0,30.0,29,1,1.0,True
30,-2.4800162727272728,12.342435454545454,0.1573682090909091,287.72727272727275,6483.272727272727,0.19779388181818183,92.81818181818181,61.0,16.272727272727273,298.09090909090907,151.91999999993715,0.0,2.0,30.0,30,1,1.0,True
31,-2.3416350833333333,12.3603775,0.12805264166666666,284.25,6400.416666666667,0.15449674916666667,80.41666666666667,61.0,219.41666666666666,37.0,302.76000000002097,0.0,2.0,30.0,31,1,1.0,True
32,-2.2411315454545457,12.428402727272726,0.10225649090909092,285.27272727272725,6416.454545454545,0.6736312545454546,91.45454545454545,61.0,276.45454545454544,-71.72727272727273,301.6799999999581,0.0,2.0,30.0,32,1,1.0,True
33,-2.2046401818181818,12.507187272727272,0.1310306181818182,285.27272727272725,6424.090909090909,1.2020225272727272,91.72727272727273,61.0,284.8181818181818,-23.272727272727273,305.64000000008383,0.0,2.0,30.0,33,1,1.0,True
34,-2.1973581818181818,12.672107272727272,0.22431449090909092,295.45454545454544,6665.454545454545,1.6622902727272726,95.18181818181819,61.0,266.27272727272725,182.1818181818182,308.1599999999162,0.0,2.0,30.0,34,1,1.0,True
35,-2.2071715,12.918535,0.2697188,293.5833333333333,6619.166666666667,1.60712875,96.66666666666667,61.0,240.75,298.75,315.36000000002093,0.0,2.0,30.0,35,1,1.0,True
36,-2.2136068333333334,13.169058333333332,0.2966623,293.1666666666667,6605.166666666667,1.5495335,96.83333333333333,61.0,295.0,298.5,309.2399999999791,0.0,2.0,30.0,36,1,1.0,True
37,-2.2173265,13.439446666666667,0.29705229166666663,291.5833333333333,6574.333333333333,1.5463945,93.33333333333333,61.0,299.0,294.8333333333333,315.0,0.0,2.0,30.0,37,1,1.0,True
38,-2.212663090909091,13.725124545454547,0.29628846363636363,291.27272727272725,6565.545454545455,1.5577860909090908,92.54545454545455,61.0,299.0,293.45454545454544,156.24000000008382,0.0,2.0,34.0,38,1,1.0,True
39,-2.206451181818182,14.05835,0.2971393090909091,288.6363636363636,6508.545454545455,1.5750387272727273,96.45454545454545,61.0,299.0,294.45454545454544,311.4,0.0,2.0,34.0,39,1,1.0,True
40,-2.204621909090909,14.292491818181817,0.29675254545454544,290.27272727272725,6548.363636363636,1.5832150909090907,96.63636363636364,61.0,299.0,294.09090909090907,309.2399999999791,0.0,2.0,34.0,40,1,1.0,True
41,-2.2132893333333334,14.589316666666667,0.29857673333333334,294.1666666666667,6631.0,1.5840895,96.0,61.0,299.0,297.8333333333333,312.83999999997906,0.0,2.0,34.0,41,1,1.0,True
42,-2.2187532500000002,14.8615425,0.2984349,291.5,6579.0,1.58446775,95.0,61.0,299.0,297.5,310.3200000000419,0.0,2.0,34.0,42,1,1.0,True
43,-2.2298317272727273,15.15792181818182,0.29872496363636364,291.27272727272725,6563.545454545455,1.5829751818181819,93.81818181818181,61.0,299.0,298.72727272727275,308.8799999999581,0.0,2.0,34.0,43,1,1.0,True
44,-2.2323374545454544,15.398639090909091,0.29876365454545456,291.90909090909093,6582.181818181818,1.586288,92.27272727272727,61.0,298.45454545454544,298.8181818181818,313.560000000021,0.0,2.0,34.0,44,1,1.0,True
45,-2.2363126363636363,15.72247,0.29868632727272726,294.1818181818182,6635.0,1.588203818181818,89.36363636363636,61.0,299.0,298.09090909090907,308.5199999999371,0.0,2.0,34.0,45,1,1.0,True
46,-2.2402024999999997,15.991559999999998,0.29864765,295.5,6661.0,1.59075,91.5,61.0,299.0,298.0,155.88000000006286,0.0,2.0,34.0,46,1,1.0,True
47,-2.2468725833333334,16.27627083333333,0.2992858,292.25,6582.25,1.5915584999999999,93.83333333333333,61.0,299.0,299.0,313.91999999993715,0.0,2.0,34.0,47,1,1.0,True
48,-2.2534,16.567179,0.29911560000000004,288.9,6511.5,1.5929686,94.9,61.0,298.6,299.0,312.12000000004195,0.0,2.0,34.0,48,1,1.0,True
49,-2.2584353333333334,16.878371666666666,0.298364,289.6666666666667,6533.5,1.5971271666666667,95.33333333333333,61.0,297.3333333333333,299.0,307.8,0.0,2.0,34.0,49,1,1.0,True
50,-2.267611818181818,17.19505818181818,0.29860895454545455,292.90909090909093,6609.181818181818,1.5943548181818181,96.0,61.0,297.90909090909093,299.0,313.9200000000419,0.0,2.0,78.0,50,1,1.0,True
51,-2.2737243333333335,17.443415833333336,0.29939215,292.3333333333333,6596.916666666667,1.5931886666666666,96.75,61.0,299.0,299.0,308.5199999999371,0.0,2.0,82.0,51,1,1.0,True
52,-2.2803901818181815,17.715189090909092,0.2989183454545455,290.8181818181818,6563.545454545455,1.5921482727272727,97.18181818181819,61.0,298.8181818181818,298.45454545454544,308.52000000004193,0.0,2.0,110.0,52,1,1.0,True
53,-2.286743083333333,18.00017,0.2984349,291.3333333333333,6574.166666666667,1.59427425,99.08333333333333,61.0,297.6666666666667,298.8333333333333,315.0,0.0,2.0,114.0,53,1,1.0,True
54,-2.2906524999999998,18.304125,0.29864765,294.0,6646.5,1.5955675,100.0,61.0,299.0,298.0,157.31999999993715,0.0,2.0,54.0,54,1,1.0,True
55,-2.2972753333333333,18.553941666666667,0.29910850833333336,293.25,6622.833333333333,1.5965970833333334,100.0,61.0,298.5833333333333,299.0,308.88000000006286,0.0,2.0,54.0,55,1,1.0,True
56,-2.3046656666666667,18.859870833333336,0.2984349333333333,288.5833333333333,6513.0,1.5983075833333336,100.0,61.0,297.1666666666667,299.0,313.2,0.0,2.0,54.0,56,1,1.0,True
57,-2.3080594545454542,19.117769090909093,0.2989183818181818,288.6363636363636,6513.636363636364,1.5973764545454545,100.0,61.0,299.0,298.45454545454544,309.2399999999791,0.0,2.0,54.0,57,1,1.0,True
58,-2.310027,19.42555909090909,0.2974100181818182,292.09090909090907,6599.0,1.6000027272727273,100.0,61.0,299.0,295.6363636363636,311.03999999997905,0.0,2.0,54.0,58,1,1.0,True
59,-2.3157039090909093,19.679206363636364,0.29872496363636364,294.27272727272725,6643.727272727273,1.6034061818181817,100.0,61.0,299.0,298.1818181818182,314.28000000006284,0.0,2.0,54.0,59,1,1.0,True
60,-2.325769833333333,19.985963333333334,0.29829313333333335,290.5,6553.166666666667,1.6038263333333334,100.0,61.0,297.1666666666667,299.0,308.8799999999581,0.0,2.0,54.0,60,1,1.0,True
61,-2.333765909090909,20.27812090909091,0.2990343909090909,289.54545454545456,6539.272727272727,1.601132818181818,99.45454545454545,61.0,298.27272727272725,299.0,309.96000000002095,0.0,2.0,58.0,61,1,1.0,True
62,-2.3379282727272725,20.53229909090909,0.29903437272727273,291.3636363636364,6571.272727272727,1.6008164545454546,100.0,61.0,299.0,298.45454545454544,156.23999999997906,0.0,2.0,58.0,62,1,1.0,True
63,-2.3446723333333335,20.808411666666665,0.29903764166666663,292.25,6596.166666666667,1.60167475,100.0,61.0,299.0,298.9166666666667,310.6799999999581,0.0,2.0,58.0,63,1,1.0,True
64,-2.3519867999999997,21.113684,0.29903051,292.0,6584.3,1.6008848999999998,100.0,61.0,298.5,299.0,308.88000000006286,0.0,2.0,58.0,64,1,1.0,True
65,-2.3583113333333334,21.421310000000002,0.2990021666666667,291.0,6565.833333333333,1.6011334999999998,100.0,61.0,299.0,298.6666666666667,313.20000000000005,0.0,2.0,58.0,65,1,1.0,True
66,-2.362680272727273,21.639535454545456,0.15524105727272727,271.1818181818182,6106.181818181818,1.6027161818181819,100.0,61.0,155.27272727272728,155.0909090909091,286.560000000021,0.0,2.0,58.0,66,1,1.0,True
67,-2.36462825,21.75756416666667,0.09954921,267.3333333333333,6017.083333333333,1.604084,100.0,61.0,100.0,100.0,284.7599999999162,0.0,2.0,58.0,67,1,1.0,True
68,-2.3655025000000003,21.831636666666668,0.03956443,242.5,5451.0,1.6041360000000002,100.0,61.666666666666664,39.833333333333336,39.833333333333336,260.28000000006284,0.0,2.0,58.0,68,1,1.0,True
69,-2.365027,21.845419999999997,0.0,231.0,5185.2,1.604162,100.0,62.0,0.0,0.0,127.43999999997905,0.0,2.0,58.0,69,1,1.0,True
70,-2.365027,21.84685,0.0,231.5,5190.5,1.604162,100.0,62.0,0.0,0.0,242.63999999997907,0.0,2.0,58.0,70,1,1.0,True
71,-2.365027,21.845254545454544,0.0,232.0,5194.090909090909,1.604162,100.0,62.0,0.0,0.0,248.4,0.0,2.0,58.0,71,1,1.0,True
72,-2.365027,21.84631818181818,0.0,231.45454545454547,5194.0,1.604162,100.0,62.0,0.0,0.0,250.56000000002098,0.0,2.0,58.0,72,1,1.0,True
73,-2.365027,21.84607,0.0,231.2,5188.8,1.604162,100.0,62.0,0.0,0.0,246.23999999997903,0.0,2.0,58.0,73,1,1.0,True
74,-2.365027,21.843600000000002,0.0,231.0,5184.0,1.604162,100.0,62.0,0.0,0.0,246.96000000002095,0.0,2.0,58.0,74,1,1.0,True
75,-2.365027,21.84347,0.0,232.2,5203.7,1.604162,100.0,62.0,0.0,0.0,245.8799999999581,0.0,2.0,58.0,75,1,1.0,True
76,-2.365027,21.8462,0.0,231.33333333333334,5186.0,1.6041619999999999,100.0,62.0,0.0,0.0,245.16000000002094,0.0,2.0,58.0,76,1,1.0,True
77,-2.365027,21.84478181818182,0.0,231.0,5185.636363636364,1.604162,100.0,62.0,0.0,0.0,250.2,0.0,3.0,58.0,77,1,1.0,True
78,-2.365027,21.842181818181817,0.0,243.0,5452.909090909091,1.604162,100.0,62.0,0.0,0.0,134.28000000006287,0.0,3.0,56.0,78,1,1.0,True
79,-2.3672186666666666,21.839071666666666,0.000389972,274.0833333333333,6165.083333333333,1.7353113333333334,99.58333333333333,61.083333333333336,89.16666666666667,-88.25,287.63999999997907,0.0,3.0,56.0,79,1,1.0,True
80,-2.380791,21.86202,0.000425424,277.27272727272725,6236.181818181818,2.102627090909091,86.0909090909091,61.0,100.0,-99.0,294.47999999995807,0.0,3.0,56.0,80,1,1.0,True
81,-2.373622272727273,21.83609090909091,0.000425424,274.1818181818182,6175.636363636364,2.395819,74.0,61.0,100.0,-99.0,292.3200000000419,0.0,3.0,56.0,81,1,1.0,True
82,-2.3599601818181815,21.813057272727274,0.000425424,273.6363636363636,6161.818181818182,2.7857173636363637,70.0909090909091,61.0,100.0,-99.0,293.03999999997905,0.0,3.0,56.0,82,1,1.0,True
83,-2.351834181818182,21.807226363636364,0.000425424,274.0,6170.0,1.9699573636363636,77.0,61.0,100.0,-99.0,293.4,0.0,3.0,56.0,83,1,1.0,True
84,-2.3647353333333334,21.811706666666666,0.000425424,275.5,6208.0,-2.785132666666667,84.66666666666667,61.0,100.0,-99.0,289.439999999979,0.0,3.0,56.0,84,1,1.0,True
85,-2.369637090909091,21.81376818181818,0.000425424,274.45454545454544,6190.545454545455,-2.4647008181818184,78.54545454545455,61.0,99.72727272727273,-98.72727272727273,297.36000000002093,0.0,3.0,56.0,85,1,1.0,True
86,-2.355404,21.803375,0.00042542399999999993,273.5,6155.5,-2.111601,82.5,61.0,90.0,-89.0,145.8,0.0,3.0,56.0,86,1,1.0,True
87,-2.3644709090909086,21.817062727272727,0.00042542181818181813,271.90909090909093,6122.363636363636,-1.8356499999999998,94.27272727272727,61.0,62.72727272727273,-62.18181818181818,289.8,0.0,3.0,56.0,87,1,1.0,True
88,-2.3629005454545453,21.81565,0.00042542218181818183,272.09090909090907,6130.909090909091,-1.6459272727272727,98.27272727272727,61.0,49.45454545454545,-48.54545454545455,286.20000000000005,0.0,3.0,56.0,88,1,1.0,True
89,-2.3659993333333333,21.795811666666665,0.09309697033333335,273.6666666666667,6156.833333333333,-1.5522656666666668,98.5,61.0,100.16666666666667,86.0,293.03999999997905,0.0,3.0,56.0,89,1,1.0,True
90,-2.3640006363636363,21.603706363636363,0.2943934181818182,293.90909090909093,6634.363636363636,-1.5523060909090909,99.81818181818181,61.0,292.6363636363636,295.6363636363636,307.8,0.0,3.0,56.0,90,1,1.0,True
91,-2.36086225,21.3131775,0.29847036666666665,295.1666666666667,6664.166666666667,-1.5513550833333332,100.0,61.0,299.0,297.5833333333333,312.12000000004195,0.0,3.0,56.0,91,1,1.0,True
92,-2.357789909090909,21.060616363636363,0.2986089727272727,291.54545454545456,6579.818181818182,-1.5497228181818181,100.0,61.0,299.0,297.90909090909093,308.8799999999581,0.0,3.0,56.0,92,1,1.0,True
93,-2.3507286666666665,20.764573333333335,0.29932125,289.6666666666667,6540.333333333333,-1.547178,100.0,61.0,299.0,299.0,315.0,0.0,3.0,56.0,93,1,1.0,True
94,-2.3426750000000003,20.49301,0.29886035,292.0,6585.5,-1.5474780000000001,100.0,61.0,298.0,299.0,156.6,0.0,3.0,56.0,94,1,1.0,True
95,-2.339300181818182,20.17384909090909,0.2980675090909091,296.1818181818182,6685.636363636364,-1.546917181818182,100.0,61.0,299.0,296.6363636363636,312.12000000004195,0.0,3.0,52.0,95,1,1.0,True
96,-2.3345165454545453,19.931445454545454,0.2979901636363636,292.0,6589.636363636364,-1.5431975454545452,100.0,61.0,297.90909090909093,297.54545454545456,309.96000000002095,0.0,3.0,52.0,96,1,1.0,True
97,-2.3265371666666668,19.622493333333335,0.2979385666666667,291.0,6564.5,-1.5441566666666666,100.0,61.0,298.0,297.3333333333333,309.2399999999791,0.0,3.0,52.0,97,1,1.0,True
98,-2.3227094545454547,19.341755454545453,0.2975260727272727,290.8181818181818,6562.363636363636,-1.5406428181818184,100.0,61.0,296.8181818181818,297.54545454545456,314.63999999997907,0.0,3.0,52.0,98,1,1.0,True
99,-2.3189873333333337,19.059760833333332,0.29804495,293.1666666666667,6613.666666666667,-1.5400867500000002,99.41666666666667,61.0,299.0,296.75,308.8799999999581,0.0,3.0,52.0,99,1,1.0,True
100,-2.3121522727272725,18.807693636363638,0.2984929,293.1818181818182,6630.818181818182,-1.5400189090909089,99.27272727272727,61.0,298.54545454545456,299.0,308.52000000004193,0.0,3.0,52.0,100,1,1.0,True
101,-2.299758,18.481037272727274,0.29420002727272726,290.3636363636364,6554.818181818182,-1.5452893636363638,97.54545454545455,61.0,291.1818181818182,297.0,308.8799999999581,0.0,3.0,52.0,101,1,1.0,True
102,-2.3013254545454545,18.25836272727273,0.19155682727272724,281.45454545454544,6354.818181818182,-1.7003673636363636,97.36363636363636,61.0,85.72727272727273,297.1818181818182,149.76000000002097,0.0,3.0,104.0,102,1,1.0,True
103,-2.3395234166666667,18.15460333333333,0.10093186250000001,283.1666666666667,6381.583333333333,-2.2013320000000003,92.75,61.0,-70.0,272.0833333333333,303.12000000004195,0.0,3.0,104.0,103,1,1.0,True
104,-2.422725,18.097759,0.11865073500000001,285.1,6437.5,-2.7877327999999997,81.1,61.0,-43.4,280.8,303.83999999997906,0.0,3.0,100.0,104,1,1.0,True
105,-2.5636495454545454,18.117031818181818,0.22717639090909092,289.54545454545456,6535.0,1.95674,71.0909090909091,61.0,223.36363636363637,230.54545454545453,308.160000000021,0.0,3.0,302.0,105,1,1.0,True
106,-2.80366425,18.097915,0.278227275,294.25,6645.5,-1.541766,77.75,61.0,298.25,257.75,320.4,0.0,3.0,306.0,106,1,1.0,True
107,-3.0732621818181816,18.086108181818183,0.29741005454545455,291.8181818181818,6587.545454545455,-3.0795334545454547,88.63636363636364,61.0,298.1818181818182,296.45454545454544,308.160000000021,0.0,3.0,294.0,107,1,1.0,True
108,-3.3717061666666663,18.073541666666667,0.2953151333333333,289.8333333333333,6534.666666666667,-3.080555,92.83333333333333,61.0,292.5,297.3333333333333,308.1599999999162,0.0,3.0,298.0,108,1,1.0,True
109,-3.6448359090909093,18.054945454545454,0.2953989545454545,292.6363636363636,6605.636363636364,-3.092048090909091,95.54545454545455,61.0,291.3636363636364,299.0,318.6,0.0,3.0,134.0,109,1,1.0,True
110,-3.9425691818181816,18.04165272727273,0.2972553363636364,293.90909090909093,6643.454545454545,-3.1053397272727277,95.0,61.0,296.27272727272725,297.90909090909093,155.5200000000419,0.0,3.0,134.0,110,1,1.0,True
111,-4.197865916666667,18.019985000000002,0.29676869999999994,292.6666666666667,6605.333333333333,-3.1184176666666663,94.08333333333333,61.0,294.25,298.8333333333333,309.2399999999791,0.0,3.0,134.0,111,1,1.0,True
112,-4.499842999999999,18.020169090909093,0.29748736363636363,290.0,6538.454545454545,-3.118196,96.54545454545455,61.0,298.72727272727275,295.54545454545456,308.160000000021,0.0,3.0,138.0,112,1,1.0,True
113,-4.772225,18.013786666666665,0.2959532833333333,290.1666666666667,6551.666666666667,-3.1153851666666665,97.66666666666667,61.0,295.6666666666667,296.0,308.52000000004193,0.0,3.0,138.0,113,1,1.0,True
114,-5.004677272727273,18.008646363636363,0.13745058454545453,271.27272727272725,6108.272727272727,-3.1153493636363634,97.81818181818181,61.0,137.63636363636363,138.0,287.63999999997907,0.0,3.0,138.0,114,1,1.0,True
115,-5.094778363636364,18.00688272727273,0.0949855718181818,265.27272727272725,5963.727272727273,-3.115166454545455,98.0,61.0,95.45454545454545,95.27272727272727,284.03999999997905,0.0,3.0,138.0,115,1,1.0,True
116,-5.165406727272727,18.007054545454547,0.027072436363636362,240.0909090909091,5394.454545454545,-3.1146110000000005,98.0,61.63636363636363,27.272727272727273,26.90909090909091,252.0,0.0,3.0,138.0,116,1,1.0,True
117,-5.167958,18.007,0.0,231.0,5189.5,-3.114583,98.0,62.0,0.0,0.0,127.07999999995809,0.0,3.0,138.0,117,1,1.0,True
118,-5.167958,18.007,0.0,231.0,5187.0,-3.114583,98.0,62.0,0.0,0.0,242.64000000008383,0.0,3.0,138.0,118,1,1.0,True
119,-5.167958,18.005818181818185,0.0,231.9090909090909,5204.090909090909,-3.114583,98.0,62.0,0.0,0.0,250.2,0.0,3.0,138.0,119,1,1.0,True
120,-5.167958,18.0057,0.0,231.4,5194.2,-3.114583,99.0,62.0,0.0,0.0,245.51999999993714,0.0,3.0,138.0,120,1,1.0,True
121,-5.167958,18.0057,0.0,232.2,5214.2,-3.114583,98.7,62.0,0.0,0.0,249.4800000000629,0.0,3.0,138.0,121,1,1.0,True
122,-5.170794363636364,18.0057,0.0,249.9090909090909,5623.363636363636,-3.114583,98.0,61.27272727272727,0.0,0.0,261.71999999993716,0.0,2.0,136.0,122,1,1.0,True
123,-5.157566,17.996254,0.0002977968,273.4,6153.0,-2.9599073000000002,92.9,61.0,70.0,-69.3,294.12000000004195,0.0,2.0,136.0,123,1,1.0,True
124,-5.145604545454545,17.988974545454546,0.000425424,274.27272727272725,6170.727272727273,-2.660636181818182,76.36363636363636,61.0,100.0,-99.0,291.2399999999791,0.0,2.0,136.0,124,1,1.0,True
125,-5.152129454545454,17.99439,0.000425424,274.8181818181818,6180.545454545455,-2.243303818181818,82.63636363636364,61.0,100.0,-99.0,294.1200000000419,0.0,2.0,136.0,125,1,1.0,True
126,-5.155147454545454,17.995504545454544,0.000425424,274.6363636363636,6180.0,-1.9442254545454545,90.0909090909091,61.0,100.0,-99.0,145.0799999999581,0.0,2.0,136.0,126,1,1.0,True
127,-5.1562968181818185,17.995623636363636,0.000425424,275.45454545454544,6207.818181818182,-1.5477905454545455,93.9090909090909,61.0,100.0,-99.0,294.47999999995807,0.0,2.0,136.0,127,1,1.0,True
128,-5.154804454545455,17.989101818181815,0.000425424,276.90909090909093,6246.363636363636,-1.2318674545454547,91.72727272727273,61.0,100.0,-99.0,296.64000000008383,0.0,2.0,136.0,128,1,1.0,True
129,-5.158501545454545,17.988609999999998,0.000425424,274.27272727272725,6186.454545454545,-0.8825145727272727,87.63636363636364,61.0,100.0,-99.0,292.6799999999581,0.0,2.0,136.0,129,1,1.0,True
130,-5.17717325,17.982,0.000425424,273.75,6165.5,-0.569905575,69.75,61.0,90.5,-89.5,292.32000000004194,0.0,2.0,136.0,130,1,1.0,True
131,-5.175285454545454,17.992928181818183,0.000425424,271.09090909090907,6114.636363636364,-0.26671018181818185,68.0909090909091,61.0,62.90909090909091,-61.90909090909091,288.3599999999162,0.0,2.0,136.0,131,1,1.0,True
132,-5.1671665,18.000566666666668,0.00035451899999999997,270.1666666666667,6090.666666666667,-0.05861845833333334,82.33333333333333,61.0,41.833333333333336,-41.0,290.88000000006286,0.0,2.0,136.0,132,1,1.0,True
133,-5.136723636363636,17.998840909090912,0.09084736363636364,278.09090909090907,6277.272727272727,0.03412533909090909,94.54545454545455,61.0,90.27272727272727,91.45454545454545,297.36000000002093,0.0,2.0,136.0,133,1,1.0,True
134,-4.925734363636364,18.002406363636364,0.2982996,292.27272727272725,6603.636363636364,0.02928745727272727,98.0,61.0,298.09090909090907,298.54545454545456,156.23999999997906,0.0,2.0,136.0,134,1,1.0,True
135,-4.69393,18.002773333333334,0.29868305833333336,292.3333333333333,6611.916666666667,0.032453835,98.0,61.0,299.0,298.0833333333333,308.160000000021,0.0,2.0,136.0,135,1,1.0,True
136,-4.377890272727273,18.016258181818184,0.2984929090909091,290.45454545454544,6551.272727272727,0.030375305454545455,98.36363636363636,61.0,297.72727272727275,298.90909090909093,313.2,0.0,2.0,132.0,136,1,1.0,True
137,-4.120271166666666,18.025593333333333,0.2990730833333333,291.6666666666667,6590.166666666667,0.026393653333333333,99.0,61.0,298.6666666666667,299.0,308.5199999999371,0.0,2.0,132.0,137,1,1.0,True
138,-3.8234405000000002,18.033469999999998,0.29907307499999997,290.5,6557.0,0.024433294999999997,99.75,61.0,299.0,298.75,313.9200000000419,0.0,2.0,132.0,138,1,1.0,True
139,-3.540616909090909,18.035626363636364,0.29887969090909094,289.90909090909093,6549.181818181818,0.025511300909090907,99.27272727272727,61.0,299.0,298.54545454545456,311.03999999997905,0.0,2.0,292.0,139,1,1.0,True
140,-3.2367355,18.039046666666668,0.29886035,293.0,6619.166666666667,0.030475436666666664,98.83333333333333,60.5,299.0,298.6666666666667,307.0799999999581,0.0,2.0,304.0,140,1,1.0,True
141,-2.98698475,18.045555,0.2984349,292.5833333333333,6612.833333333333,0.03168304,98.08333333333333,61.0,298.9166666666667,298.0,314.28000000006284,0.0,2.0,304.0,141,1,1.0,True
142,-2.6870055,18.04947,0.29886035,292.0,6591.5,0.034434815,99.5,61.0,298.5,299.0,152.2799999999581,0.0,2.0,300.0,142,1,1.0,True
143,-2.455795909090909,18.071175454545454,0.14646188181818182,283.8181818181818,6413.363636363636,0.21864833636363637,99.0909090909091,61.0,264.6363636363636,28.636363636363637,304.560000000021,0.0,2.0,102.0,143,1,1.0,True
144,-2.366731727272727,18.124731818181818,0.09649388727272727,284.0,6405.0,0.7678547545454545,98.0,61.0,267.3636363636364,-74.63636363636364,300.23999999997903,0.0,2.0,106.0,144,1,1.0,True
145,-2.3459666363636362,18.214817272727274,0.12623492727272725,283.90909090909093,6403.454545454545,1.2714987818181818,87.36363636363636,61.0,283.1818181818182,-31.454545454545453,301.6800000000629,0.0,2.0,106.0,145,1,1.0,True
146,-2.3507107499999997,18.343575,0.22940990000000003,291.5,6590.25,1.6511432499999998,62.0,61.0,232.75,225.75,312.83999999997906,0.0,2.0,54.0,146,1,1.0,True
147,-2.36685,18.609830000000002,0.2661994272727273,295.3636363636364,6675.0,1.5844889090909091,79.36363636363636,61.0,232.9090909090909,299.0,317.5199999999371,0.0,2.0,54.0,147,1,1.0,True
148,-2.354577545454546,18.880577272727272,0.2942387090909091,293.27272727272725,6615.818181818182,1.541955909090909,97.45454545454545,61.0,291.72727272727275,296.6363636363636,308.88000000006286,0.0,2.0,54.0,148,1,1.0,True
149,-2.346504,19.171071666666666,0.2950669416666667,289.5833333333333,6537.75,1.5497456666666667,100.0,61.0,299.0,290.6666666666667,313.560000000021,0.0,2.0,54.0,149,1,1.0,True
150,-2.336478272727273,19.437342727272725,0.2940453,291.90909090909093,6583.363636363636,1.5652397272727272,100.0,61.0,299.0,288.6363636363636,155.51999999993714,0.0,2.0,54.0,150,1,1.0,True
151,-2.3371005,19.7410575,0.29694593333333336,290.25,6554.333333333333,1.5781625833333333,100.0,61.0,299.0,294.0833333333333,309.96000000002095,0.0,2.0,54.0,151,1,1.0,True
152,-2.337367,19.992379,0.29788188,286.5,6467.1,1.5875405,100.0,61.0,299.0,296.2,307.8,0.0,2.0,54.0,152,1,1.0,True
153,-2.3435681666666666,20.309961666666666,0.2991439833333333,290.1666666666667,6559.0,1.58983,100.0,61.0,299.0,298.8333333333333,308.160000000021,0.0,2.0,58.0,153,1,1.0,True
154,-2.3456,20.577130909090908,0.29822221818181816,292.45454545454544,6610.363636363636,1.5921770000000002,100.0,61.0,299.0,296.8181818181818,313.91999999993715,0.0,2.0,58.0,154,1,1.0,True
155,-2.349677818181818,20.881247272727272,0.2989183818181818,292.45454545454544,6612.0,1.596955909090909,100.0,60.45454545454545,299.0,298.45454545454544,307.8,0.0,2.0,58.0,155,1,1.0,True
156,-2.3541458333333334,21.14651,0.29878944999999996,289.8333333333333,6547.0,1.6001013333333332,100.0,61.0,299.0,298.0,307.8,0.0,2.0,58.0,156,1,1.0,True
157,-2.3597094166666666,21.452637499999998,0.2948188583333333,287.5,6495.25,1.6005170833333333,100.0,61.0,294.75,294.75,307.44000000008384,0.0,2.0,58.0,157,1,1.0,True
158,-2.364995181818182,21.66380818181818,0.16703693272727274,266.3636363636364,5997.545454545455,1.6012535454545456,100.0,61.0,167.27272727272728,167.27272727272728,141.83999999997906,0.0,2.0,58.0,158,1,1.0,True
159,-2.3682742727272728,21.779168181818182,0.09954921,266.6363636363636,6005.818181818182,1.601359,100.0,61.0,100.0,100.0,285.83999999997906,0.0,2.0,58.0,159,1,1.0,True
160,-2.3679099090909093,21.838406363636363,0.03179077363636364,247.72727272727272,5578.545454545455,1.6014990000000002,100.0,61.36363636363637,32.0,32.0,267.47999999995807,0.0,2.0,58.0,160,1,1.0,True
161,-2.367851,21.841942727272727,0.0,231.0,5184.0,1.601513,100.0,62.0,0.0,0.0,242.28000000006287,0.0,2.0,58.0,161,1,1.0,True
162,-2.367851,21.842415454545456,0.0,231.36363636363637,5192.363636363636,1.601513,100.0,62.0,0.0,0.0,250.2,0.0,2.0,58.0,162,1,1.0,True
163,-2.367851,21.846020000000003,0.0,232.1,5209.8,1.601513,100.0,62.0,0.0,0.0,245.8799999999581,0.0,2.0,58.0,163,1,1.0,True
164,-2.367851,21.84277,0.0,231.33333333333334,5197.166666666667,1.601513,100.0,62.0,0.0,0.0,245.16000000002094,0.0,2.0,58.0,164,1,1.0,True
165,-2.367851,21.84596090909091,0.0,231.72727272727272,5200.727272727273,1.601513,100.0,62.0,0.0,0.0,252.0,0.0,2.0,58.0,165,1,1.0,True
166,-2.367851,21.84602,0.0,231.0,5184.0,1.601513,100.0,62.0,0.0,0.0,122.4,0.0,2.0,58.0,166,1,1.0,True
167,-2.367851,21.847497272727274,0.0,231.54545454545453,5194.818181818182,1.601513,100.0,62.0,0.0,0.0,245.16000000002094,0.0,2.0,58.0,167,1,1.0,True
168,-2.367851,21.84394,0.0,231.0,5187.1,1.601513,100.0,62.0,0.0,0.0,245.16000000002094,0.0,2.0,58.0,168,1,1.0,True
169,-2.367851,21.845153333333332,0.0,232.0,5205.833333333333,1.601513,100.0,62.0,0.0,0.0,245.51999999993714,0.0,2.0,58.0,169,1,1.0,True
170,-2.367851,21.843242727272727,0.0,232.0909090909091,5212.545454545455,1.601513,100.0,62.0,0.0,0.0,247.68000000006288,0.0,2.0,58.0,170,1,1.0,True
171,-2.3678515454545455,21.841604545454548,7.734981818181818e-05,249.1818181818182,5607.454545454545,1.6066713636363636,100.0,61.27272727272727,15.090909090909092,-14.909090909090908,268.2,0.0,4.0,56.0,171,1,1.0,True
172,-2.369886727272727,21.84846,0.000425424,271.27272727272725,6108.454545454545,1.7389945454545455,99.63636363636364,61.0,93.81818181818181,-92.81818181818181,288.71999999993716,0.0,4.0,56.0,172,1,1.0,True
173,-2.378791181818182,21.85575,0.000425424,274.54545454545456,6184.272727272727,2.097102545454545,85.63636363636364,61.0,100.0,-99.0,297.36000000002093,0.0,4.0,56.0,173,1,1.0,True
174,-2.368918,21.831889999999998,0.00042542399999999993,275.0,6197.0,2.4023415,69.0,61.0,100.0,-99.0,142.56000000002095,0.0,4.0,56.0,174,1,1.0,True
175,-2.3635300000000004,21.826624166666665,0.000425424,274.5,6178.75,2.74316175,71.66666666666667,61.0,100.0,-99.0,295.560000000021,0.0,4.0,56.0,175,1,1.0,True
176,-2.3585906666666667,21.809828333333332,0.000425424,275.3333333333333,6211.666666666667,0.9989966666666666,78.0,61.0,100.0,-99.0,290.1599999999162,0.0,4.0,56.0,176,1,1.0,True
177,-2.3616087272727273,21.805859090909088,0.000425424,273.6363636363636,6168.363636363636,-2.8208586363636363,85.81818181818181,61.0,100.0,-99.0,294.4800000000629,0.0,4.0,56.0,177,1,1.0,True
178,-2.355729,21.799944999999997,0.000425424,274.0,6171.5,-2.49441375,80.0,61.0,100.0,-99.0,289.8,0.0,4.0,56.0,178,1,1.0,True
179,-2.3616163636363634,21.800580909090908,0.000657474,273.45454545454544,6157.636363636364,-2.129156181818182,86.36363636363636,61.0,88.72727272727273,-87.72727272727273,293.03999999997905,0.0,4.0,56.0,179,1,1.0,True
180,-2.363595090909091,21.811594545454547,0.0004254229090909091,271.45454545454544,6121.545454545455,-1.8658195454545454,96.0909090909091,61.0,65.81818181818181,-64.81818181818181,288.0,0.0,4.0,56.0,180,1,1.0,True
181,-2.363734583333333,21.812365833333335,0.000389971,269.9166666666667,6082.75,-1.6458498333333333,99.0,61.0,46.25,-45.333333333333336,289.0799999999581,0.0,4.0,56.0,181,1,1.0,True
182,-2.3673715,21.81397,0.031268665,273.0,6157.0,-1.5422595,99.5,61.0,36.0,26.5,141.48000000006286,0.0,4.0,56.0,182,1,1.0,True
183,-2.365946666666667,21.624108333333336,0.2771282941666667,289.1666666666667,6529.333333333333,-1.5511445833333335,99.5,61.0,276.1666666666667,278.1666666666667,315.0,0.0,4.0,56.0,183,1,1.0,True
184,-2.364612363636364,21.34752090909091,0.2984155636363636,286.6363636363636,6476.909090909091,-1.5500784545454545,100.0,61.0,299.0,298.0,312.11999999993714,0.0,4.0,56.0,184,1,1.0,True
185,-2.3591238333333333,21.055493333333335,0.2990730833333333,291.6666666666667,6594.166666666667,-1.5467433333333334,100.0,60.5,299.0,298.6666666666667,306.36000000002093,0.0,4.0,56.0,185,1,1.0,True
186,-2.354065,20.7948725,0.298966725,293.5,6638.5,-1.5449737499999998,100.0,60.5,299.0,298.5,315.0,0.0,4.0,56.0,186,1,1.0,True
187,-2.3448004166666667,20.490853333333334,0.2981158666666666,292.8333333333333,6622.666666666667,-1.5444966666666666,100.0,61.0,297.25,298.5,309.6,0.0,4.0,56.0,187,1,1.0,True
188,-2.3404745454545455,20.210548181818183,0.2988023272727273,292.27272727272725,6602.272727272727,-1.5453216363636364,100.0,61.0,299.0,298.3636363636364,314.28000000006284,0.0,4.0,52.0,188,1,1.0,True
189,-2.3305421818181817,19.921492727272728,0.2986089272727273,292.09090909090907,6611.0,-1.5452203636363635,100.0,60.45454545454545,298.27272727272725,298.6363636363636,308.5199999999371,0.0,4.0,52.0,189,1,1.0,True
190,-2.325546909090909,19.645374545454548,0.2979901636363636,293.0,6625.0,-1.5466176363636364,100.0,60.45454545454545,298.09090909090907,297.3636363636364,158.76000000002097,0.0,4.0,52.0,190,1,1.0,True
191,-2.317935363636364,19.362815454545455,0.2984542363636364,293.27272727272725,6636.0,-1.5450779090909093,99.54545454545455,60.54545454545455,298.09090909090907,299.0,308.16000000002094,0.0,4.0,52.0,191,1,1.0,True
192,-2.3183886,19.060753,0.29792438,288.2,6513.0,-1.5421629,99.4,60.9,298.8,296.5,312.47999999995807,0.0,4.0,52.0,192,1,1.0,True
193,-2.3129835,18.807021666666667,0.29822218333333333,289.0,6540.166666666667,-1.538001666666667,99.16666666666667,61.0,298.3333333333333,297.6666666666667,308.52000000004193,0.0,4.0,52.0,193,1,1.0,True
194,-2.30218575,18.5130175,0.29832854999999997,290.75,6576.75,-1.5399005,99.75,60.5,297.25,299.0,311.03999999997905,0.0,4.0,52.0,194,1,1.0,True
195,-2.2916852727272725,18.231313636363634,0.29818352727272723,291.1818181818182,6587.454545454545,-1.5437194545454545,100.0,60.45454545454545,296.90909090909093,299.0,313.2,0.0,4.0,112.0,195,1,1.0,True
196,-2.283202166666667,17.923673333333333,0.29864765,289.6666666666667,6550.833333333333,-1.5470713333333332,100.0,60.5,298.1666666666667,299.0,309.6,0.0,4.0,108.0,196,1,1.0,True
197,-2.282636363636364,17.680667272727273,0.25243115454545456,284.72727272727275,6434.090909090909,-1.5921192727272726,99.9090909090909,61.0,205.8181818181818,299.0,305.27999999995814,0.0,4.0,48.0,197,1,1.0,True
198,-2.3138720000000004,17.47871,0.16782975,286.0,6455.0,-1.9134464999999998,98.5,61.0,36.0,299.0,151.20000000000002,0.0,4.0,48.0,198,1,1.0,True
199,-2.38677925,17.375581666666665,0.112701925,284.5833333333333,6434.916666666667,-2.4263759166666667,94.16666666666667,61.0,-55.166666666666664,280.5833333333333,302.4,0.0,4.0,44.0,199,1,1.0,True
200,-2.4777869999999997,17.333392727272727,0.1544288709090909,289.0,6539.272727272727,-0.7459672727272728,85.81818181818181,60.63636363636363,23.818181818181817,284.72727272727275,303.12000000004195,0.0,4.0,326.0,200,1,1.0,True
201,-2.656282090909091,17.330235454545456,0.25347536363636364,295.72727272727275,6688.181818181818,1.393168,75.36363636363636,60.0,273.90909090909093,233.27272727272728,311.76000000002097,0.0,4.0,330.0,201,1,1.0,True
202,-2.927811,17.325585,0.2907773,293.75,6641.0,-3.1024410000000002,88.25,60.75,298.75,282.25,314.63999999997907,0.0,4.0,330.0,202,1,1.0,True
203,-3.2244995,17.31094416666667,0.2976549416666667,291.5833333333333,6594.75,-3.0976646666666667,90.16666666666667,60.416666666666664,295.6666666666667,299.0,311.03999999997905,0.0,4.0,322.0,203,1,1.0,True
204,-3.4873224545454544,17.303524545454547,0.29887969090909094,291.8181818181818,6597.636363636364,-3.1019554545454544,91.18181818181819,60.45454545454545,298.6363636363636,298.90909090909093,309.96000000002095,0.0,4.0,182.0,204,1,1.0,True
205,-3.782645,17.291234166666666,0.2986476,292.5,6606.916666666667,-3.1063285,94.16666666666667,60.5,298.4166666666667,298.5833333333333,315.36000000002093,0.0,4.0,182.0,205,1,1.0,True
206,-4.05126,17.278875,0.29907305,292.5,6606.5,-3.112822,95.5,60.5,298.5,299.0,156.6,0.0,4.0,182.0,206,1,1.0,True
207,-4.355541333333334,17.2735125,0.2983640083333333,291.6666666666667,6594.083333333333,-3.1111434166666663,96.41666666666667,60.5,297.25,299.0,310.3199999999372,0.0,4.0,186.0,207,1,1.0,True
208,-4.619987,17.276818181818182,0.29895707272727273,291.3636363636364,6586.090909090909,-3.103215,99.18181818181819,60.54545454545455,298.72727272727275,299.0,309.6,0.0,4.0,186.0,208,1,1.0,True
209,-4.891334166666667,17.269028333333335,0.17180041666666668,271.1666666666667,6113.5,-3.103362666666667,100.0,60.833333333333336,171.16666666666666,172.16666666666666,296.28000000006284,0.0,4.0,186.0,209,1,1.0,True
210,-5.00833925,17.2651225,0.09944286000000001,267.0,6017.5,-3.10401025,100.0,61.0,99.25,100.0,284.03999999997905,0.0,4.0,186.0,210,1,1.0,True
211,-5.095632545454546,17.261654545454547,0.033995241818181816,257.1818181818182,5790.545454545455,-3.105034454545454,100.0,61.18181818181818,34.09090909090909,34.36363636363637,263.16000000002094,0.0,4.0,186.0,211,1,1.0,True
212,-5.105247,17.262602727272725,0.0,231.0,5184.0,-3.105161,100.0,62.0,0.0,0.0,248.03999999997905,0.0,4.0,186.0,212,1,1.0,True
213,-5.107492454545454,17.260475454545453,0.0,231.0,5184.0,-3.105161,100.0,62.0,0.0,0.0,244.0799999999581,0.0,4.0,186.0,213,1,1.0,True
214,-5.106547,17.25953,0.0,231.0,5184.0,-3.105161,100.0,62.0,0.0,0.0,122.4,0.0,4.0,186.0,214,1,1.0,True
215,-5.106547,17.260711818181818,0.0,231.0,5184.0,-3.105161,100.0,62.0,0.0,0.0,246.96000000002095,0.0,4.0,186.0,215,1,1.0,True
216,-5.106547,17.26213,0.0,231.0,5184.0,-3.105161,100.0,62.0,0.0,0.0,249.4800000000629,0.0,4.0,186.0,216,1,1.0,True
217,-5.106547,17.26213,0.0,231.0,5189.5,-3.105161,100.0,62.0,0.0,0.0,246.23999999997906,0.0,4.0,186.0,217,1,1.0,True
218,-5.106547,17.261775454545454,0.0,231.0,5187.272727272727,-3.105161,100.0,62.0,0.0,0.0,246.96000000002095,0.0,4.0,186.0,218,1,1.0,True
219,-5.106547,17.26083,0.0,231.0,5186.1,-3.105161,100.0,62.0,0.0,0.0,245.15999999991618,0.0,4.0,186.0,219,1,1.0,True
220,-5.106547,17.26083,0.0,231.0,5184.0,-3.105161,100.0,62.0,0.0,0.0,244.8,0.0,4.0,186.0,220,1,1.0,True
221,-5.106547,17.26083,0.0,232.0,5203.5,-3.105161,100.0,62.0,0.0,0.0,125.28000000006287,0.0,4.0,186.0,221,1,1.0,True
222,-5.106547,17.26083,0.0,242.5,5455.0,-3.105161,100.0,61.5,0.0,0.0,250.91999999993715,0.0,2.0,184.0,222,1,1.0,True
223,-5.107772083333333,17.259409166666668,0.0005672287500000001,273.9166666666667,6179.083333333333,-3.0362464166666663,99.58333333333333,61.0,76.66666666666667,-75.33333333333333,285.4800000000629,0.0,2.0,184.0,223,1,1.0,True
224,-5.109451666666666,17.236866666666668,0.00046087574999999995,275.4166666666667,6218.583333333333,-2.70645775,81.83333333333333,61.0,100.0,-98.91666666666667,292.6799999999581,0.0,2.0,184.0,224,1,1.0,True
225,-5.109010727272727,17.23665090909091,0.000425424,273.6363636363636,6173.454545454545,-2.3806586363636364,69.54545454545455,61.0,100.0,-99.0,291.2399999999791,0.0,2.0,184.0,225,1,1.0,True
226,-5.09872525,17.246695,0.000425424,274.75,6199.75,-1.99055025,84.0,61.0,100.0,-99.0,293.76000000002097,0.0,2.0,184.0,226,1,1.0,True
227,-5.093533909090909,17.249714545454545,0.000425424,274.8181818181818,6203.545454545455,-1.6593614545454545,94.45454545454545,61.0,100.0,-99.0,297.360000000021,0.0,2.0,184.0,227,1,1.0,True
228,-5.087623166666667,17.252036666666665,0.000425424,275.5,6216.833333333333,-1.278118,96.33333333333333,61.0,100.0,-99.0,289.0799999999581,0.0,2.0,184.0,228,1,1.0,True
229,-5.100977727272728,17.245765454545452,0.000425424,274.0,6187.545454545455,-0.9298092727272728,85.27272727272727,61.0,100.0,-99.0,297.360000000021,0.0,2.0,184.0,229,1,1.0,True
230,-5.1252925,17.24042,0.00042542399999999993,274.5,6195.5,-0.6231177999999999,59.0,61.0,95.0,-94.0,142.20000000000002,0.0,2.0,184.0,230,1,1.0,True
231,-5.1268205,17.253495,0.0006026824166666667,272.6666666666667,6150.583333333333,-0.3397807,56.166666666666664,61.0,70.58333333333333,-69.16666666666667,294.12000000004195,0.0,2.0,184.0,231,1,1.0,True
232,-5.1134865454545455,17.25994,0.0004640982727272727,272.27272727272725,6139.363636363636,-0.10462794545454544,62.0,61.0,50.45454545454545,-49.36363636363637,287.2799999999581,0.0,2.0,184.0,232,1,1.0,True
233,-5.081567545454546,17.25853181818182,0.04880774036363636,269.09090909090907,6062.090909090909,0.02151608272727273,86.45454545454545,61.0,55.81818181818182,41.72727272727273,290.52000000004193,0.0,2.0,184.0,233,1,1.0,True
234,-4.934954545454546,17.258242727272727,0.2730062,289.90909090909093,6562.636363636364,0.029260086363636365,97.72727272727273,60.45454545454545,268.27272727272725,277.72727272727275,306.71999999993716,0.0,2.0,184.0,234,1,1.0,True
235,-4.651553272727273,17.25904272727273,0.29822218181818183,290.27272727272725,6566.636363636364,0.02417090090909091,98.81818181818181,60.45454545454545,298.45454545454544,297.54545454545456,308.160000000021,0.0,2.0,184.0,235,1,1.0,True
236,-4.3721768333333335,17.26274666666667,0.29772586666666667,291.0,6575.0,0.027012391666666666,97.83333333333333,60.5,298.5,296.3333333333333,309.2399999999791,0.0,2.0,180.0,236,1,1.0,True
237,-4.066416363636364,17.274275454545453,0.2981061818181818,290.0,6566.909090909091,0.026357255454545456,97.63636363636364,60.45454545454545,296.8181818181818,299.0,307.8,0.0,2.0,180.0,237,1,1.0,True
238,-3.821582181818182,17.277500909090907,0.29887969090909094,291.09090909090907,6582.727272727273,0.025009848181818183,98.0,60.45454545454545,299.0,299.0,154.08000000006288,0.0,2.0,180.0,238,1,1.0,True
239,-3.507023181818182,17.282693636363636,0.2984155636363636,292.09090909090907,6596.272727272727,0.028608870909090908,98.0,60.54545454545455,299.0,297.90909090909093,310.3199999999372,0.0,2.0,320.0,239,1,1.0,True
240,-3.2614707000000003,17.292797999999998,0.2988178,292.6,6607.9,0.027935218,98.0,60.0,298.5,299.0,306.7200000000419,0.0,2.0,316.0,240,1,1.0,True
241,-2.9666015,17.294255000000003,0.29878946666666667,289.8333333333333,6561.333333333333,0.029169918333333333,97.66666666666667,60.0,299.0,298.3333333333333,312.47999999995807,0.0,2.0,328.0,241,1,1.0,True
242,-2.6778235454545456,17.302802727272727,0.28418323636363635,288.0,6520.272727272727,0.03529231636363636,96.45454545454545,60.27272727272727,298.72727272727275,269.1818181818182,313.20000000000005,0.0,2.0,324.0,242,1,1.0,True
243,-2.4538073636363635,17.32301727272727,0.14224632363636364,280.1818181818182,6323.727272727273,0.2351860290909091,95.9090909090909,61.0,282.72727272727275,1.9090909090909092,300.96000000002095,0.0,2.0,46.0,243,1,1.0,True
244,-2.3747795454545457,17.38780090909091,0.10697481272727273,282.6363636363636,6383.454545454545,0.8027523727272728,92.45454545454545,61.0,275.27272727272725,-61.63636363636363,303.1200000000419,0.0,2.0,50.0,244,1,1.0,True
245,-2.3382185454545454,17.49745181818182,0.18134665454545454,285.27272727272725,6440.818181818182,1.3513096363636363,86.0,60.90909090909091,299.0,63.54545454545455,305.63999999997907,0.0,2.0,50.0,245,1,1.0,True
246,-2.331332727272727,17.701864545454544,0.25653067272727276,293.6363636363636,6645.181818181818,1.5916116363636363,71.63636363636364,60.0,267.90909090909093,244.63636363636363,159.4799999999581,0.0,2.0,110.0,246,1,1.0,True
247,-2.3363669090909087,17.97267090909091,0.27695105454545454,299.1818181818182,6772.545454545455,1.575881181818182,91.63636363636364,60.0,254.27272727272728,299.0,313.9200000000419,0.0,2.0,114.0,247,1,1.0,True
248,-2.3260527272727276,18.240763636363635,0.29621112727272725,293.0,6637.636363636364,1.5535715454545453,98.54545454545455,60.0,296.27272727272725,296.27272727272725,309.2399999999791,0.0,2.0,54.0,248,1,1.0,True
249,-2.322881,18.53401,0.29680409999999996,290.5,6568.833333333333,1.561945,100.0,60.333333333333336,299.0,293.8333333333333,312.12000000004195,0.0,2.0,54.0,249,1,1.0,True
250,-2.319871181818182,18.73088909090909,0.053990163636363636,238.54545454545453,5370.545454545455,1.567855090909091,99.45454545454545,61.27272727272727,54.36363636363637,53.45454545454545,254.51999999993717,1.0,2.0,54.0,250,1,1.0,True
251,-2.320005,18.769465454545454,0.049581236363636365,259.8181818181818,5860.909090909091,1.567669818181818,100.0,61.27272727272727,50.0,49.27272727272727,273.6,1.0,2.0,54.0,251,1,1.0,True
252,-2.3263226666666665,18.959611666666664,0.25738153333333336,289.5,6543.5,1.5735238333333335,99.0,60.5,258.8333333333333,255.66666666666666,304.9200000000419,1.0,2.0,54.0,252,1,1.0,True
253,-2.3312148181818184,19.16901,0.22532001818181815,284.8181818181818,6445.636363636364,1.5781206363636364,96.0,60.45454545454545,224.45454545454547,226.1818181818182,310.3200000000419,1.0,2.0,54.0,253,1,1.0,True
254,-2.322109,19.45723909090909,0.29756476363636364,291.0,6588.545454545455,1.5875164545454545,98.54545454545455,60.45454545454545,299.0,295.45454545454544,154.43999999997905,0.0,2.0,54.0,254,1,1.0,True
255,-2.325405,19.71904,0.2982222,291.0,6587.5,1.5928195,100.0,60.0,299.0,297.0,308.160000000021,0.0,2.0,54.0,255,1,1.0,True
256,-2.3262459090909093,19.997479090909092,0.29853161818181817,289.6363636363636,6549.0,1.5999742727272726,100.0,60.54545454545455,299.0,297.72727272727275,313.20000000000005,0.0,2.0,54.0,256,1,1.0,True
257,-2.332320166666667,20.282475,0.2992858,291.0,6581.5,1.6015271666666664,99.5,60.0,299.0,299.0,311.03999999997905,0.0,2.0,58.0,257,1,1.0,True
258,-2.3392124,20.582877,0.2992858,290.4,6564.7,1.6011312,100.0,60.0,299.0,299.0,308.16000000002094,0.0,2.0,58.0,258,1,1.0,True
259,-2.3465059090909093,20.88078181818182,0.29930513636363637,292.0,6602.454545454545,1.6013522727272729,100.0,60.18181818181818,299.0,299.0,309.6,0.0,2.0,58.0,259,1,1.0,True
260,-2.3545350000000003,21.144280000000002,0.29884100909090905,291.90909090909093,6601.363636363636,1.6005369090909092,100.0,60.36363636363637,298.45454545454544,299.0,307.4399999999791,0.0,2.0,58.0,260,1,1.0,True
261,-2.3599921999999998,21.446661,0.28771428,288.8,6528.2,1.6008567,100.0,60.1,287.6,287.6,307.8,0.0,2.0,58.0,261,1,1.0,True
262,-2.36614375,21.675120000000003,0.1357811925,267.0,6023.5,1.6012014166666668,100.0,61.0,135.41666666666666,135.41666666666666,282.6,0.0,2.0,58.0,262,1,1.0,True
263,-2.3690266363636368,21.767709090909094,0.09954921,266.6363636363636,6014.454545454545,1.6009095454545454,100.0,61.0,100.0,100.0,144.71999999993713,0.0,2.0,58.0,263,1,1.0,True
264,-2.367829,21.839114545454546,0.03179077363636364,248.63636363636363,5603.363636363636,1.6008951818181816,100.0,61.0,32.0,32.0,266.76000000002097,0.0,2.0,58.0,264,1,1.0,True
265,-2.367647,21.847830000000002,0.0,232.83333333333334,5229.666666666667,1.6023881666666666,100.0,61.0,0.0,0.0,250.2,0.0,2.0,58.0,265,1,1.0,True
266,-2.367647,21.84965,0.0,232.0,5208.2,1.6026789999999997,100.0,61.0,0.0,0.0,245.88000000006286,0.0,2.0,58.0,266,1,1.0,True
267,-2.367647,21.848775454545457,0.0,232.45454545454547,5218.0,1.602679,100.0,61.0,0.0,0.0,249.11999999993714,0.0,2.0,58.0,267,1,1.0,True
268,-2.367647,21.84972090909091,0.0,231.54545454545453,5197.363636363636,1.602679,100.0,61.0,0.0,0.0,246.23999999997903,0.0,2.0,58.0,268,1,1.0,True
269,-2.367647,21.844875454545456,0.0,231.0909090909091,5189.545454545455,1.602679,100.0,61.54545454545455,0.0,0.0,244.8,0.0,2.0,58.0,269,1,1.0,True
270,-2.367647,21.84393,0.0,231.5,5208.5,1.6026789999999997,100.0,61.0,0.0,0.0,123.12000000004191,0.0,2.0,58.0,270,1,1.0,True
271,-2.367647,21.846057272727272,0.0,232.0,5212.363636363636,1.602679,100.0,61.54545454545455,0.0,0.0,248.03999999997905,0.0,2.0,58.0,271,1,1.0,True
272,-2.367647,21.84251181818182,0.0,232.54545454545453,5225.818181818182,1.602679,100.0,61.36363636363637,0.0,0.0,249.1200000000419,0.0,2.0,58.0,272,1,1.0,True
273,-2.367647,21.84534818181818,0.0,231.45454545454547,5199.363636363636,1.602679,100.0,61.63636363636363,0.0,0.0,244.43999999997905,0.0,2.0,58.0,273,1,1.0,True
274,-2.367647,21.847071666666668,0.0,231.16666666666666,5188.0,1.602679,100.0,61.0,0.0,0.0,249.1200000000419,0.0,2.0,58.0,274,1,1.0,True
275,-2.367647,21.847830000000002,0.0,247.9090909090909,5583.818181818182,1.602679,100.0,61.0,0.0,0.0,254.15999999991618,0.0,1.0,56.0,275,1,1.0,True
276,-2.3705135454545454,21.853033636363634,0.0005414470909090909,270.3636363636364,6103.454545454545,1.7450362727272726,99.63636363636364,61.0,72.72727272727273,-71.45454545454545,295.2,0.0,1.0,56.0,276,1,1.0,True
277,-2.3766466363636365,21.864624545454546,0.000425424,273.1818181818182,6165.0,2.0354889090909087,93.9090909090909,61.0,100.0,-99.0,290.52000000004193,0.0,1.0,56.0,277,1,1.0,True
278,-2.369251909090909,21.82619181818182,0.000425424,273.54545454545456,6173.363636363636,2.353781272727273,71.0,61.0,100.0,-99.0,147.6,0.0,1.0,56.0,278,1,1.0,True
279,-2.3592585,21.81015,0.00042542399999999993,274.5,6195.5,2.709084,63.5,61.0,100.0,-99.0,290.52000000004193,0.0,1.0,56.0,279,1,1.0,True
280,-2.358068,21.808934545454544,0.000425424,274.8181818181818,6203.818181818182,0.791143090909091,77.36363636363636,61.0,100.0,-99.0,295.55999999991616,0.0,1.0,56.0,280,1,1.0,True
281,-2.3589890000000002,21.806948333333334,0.000425424,274.8333333333333,6206.5,-2.8625586666666667,83.66666666666667,61.0,100.0,-99.0,290.52000000004193,0.0,1.0,56.0,281,1,1.0,True
282,-2.3580491818181817,21.804173636363636,0.000425424,273.45454545454544,6172.0,-2.4935423636363634,82.45454545454545,61.0,100.0,-99.0,291.2399999999791,0.0,1.0,56.0,282,1,1.0,True
283,-2.3640066363636367,21.808828181818182,0.0007348239999999999,273.09090909090907,6168.0,-2.182904363636364,87.9090909090909,61.0,93.45454545454545,-91.72727272727273,290.52000000004193,0.0,1.0,56.0,283,1,1.0,True
284,-2.3653366666666664,21.815905,0.0005672323333333332,272.0,6138.333333333333,-1.8687988333333336,95.5,61.0,66.33333333333333,-65.16666666666667,291.2399999999791,0.0,1.0,56.0,284,1,1.0,True
285,-2.3629314545454547,21.816014545454546,0.00038674799999999996,270.3636363636364,6106.272727272727,-1.6862344545454546,98.63636363636364,61.0,47.72727272727273,-47.18181818181818,292.6799999999581,0.0,1.0,56.0,285,1,1.0,True
286,-2.368801583333333,21.810307499999997,0.054206108333333336,276.1666666666667,6241.75,-1.5467468333333334,99.58333333333333,60.916666666666664,59.5,48.75,288.0,0.0,1.0,56.0,286,1,1.0,True
287,-2.3603765,21.64501,0.28779934999999995,290.5,6572.5,-1.5519335,100.0,60.0,286.0,289.0,161.28000000006287,0.0,1.0,56.0,287,1,1.0,True
288,-2.362373090909091,21.37749363636364,0.2981061818181818,289.72727272727275,6557.181818181818,-1.5525589090909089,100.0,60.0,299.0,297.27272727272725,312.11999999993714,0.0,1.0,56.0,288,1,1.0,True
289,-2.357911833333333,21.074375,0.2984349,288.8333333333333,6536.666666666667,-1.5485078333333335,100.0,60.0,299.0,298.3333333333333,309.2400000000838,0.0,1.0,56.0,289,1,1.0,True
290,-2.350845,20.805134000000002,0.29890287,291.6,6602.3,-1.5474869,100.0,60.0,299.0,298.5,308.8799999999581,0.0,1.0,56.0,290,1,1.0,True
291,-2.3447033636363637,20.517898181818182,0.2991117545454545,293.45454545454544,6634.454545454545,-1.5462356363636365,100.0,60.0,299.0,298.8181818181818,309.6,0.0,1.0,56.0,291,1,1.0,True
292,-2.3429973333333334,20.251175,0.2985767,292.5,6615.0,-1.5438563333333333,100.0,60.0,299.0,298.0,312.47999999995807,0.0,1.0,52.0,292,1,1.0,True
293,-2.3328426363636363,19.95303,0.2984155636363636,292.90909090909093,6624.909090909091,-1.5435789999999998,100.0,60.0,298.1818181818182,298.6363636363636,311.76000000002097,0.0,1.0,52.0,293,1,1.0,True
294,-2.3249167500000003,19.669140000000002,0.2983285583333333,291.0,6581.5,-1.5461161666666667,100.0,60.0,297.75,299.0,308.160000000021,0.0,1.0,52.0,294,1,1.0,True
295,-2.3217985,19.3676,0.2990731,291.5,6592.5,-1.5422544999999999,100.0,60.0,299.0,299.0,158.4,0.0,1.0,52.0,295,1,1.0,True
296,-2.318466818181818,19.135400909090908,0.2983769,291.54545454545456,6602.818181818182,-1.5417509090909092,100.0,60.0,298.45454545454544,297.90909090909093,309.2399999999791,0.0,1.0,52.0,296,1,1.0,True
297,-2.312507166666667,18.825413333333334,0.2985058,291.1666666666667,6593.333333333333,-1.5395070000000002,98.83333333333333,60.0,298.6666666666667,298.0,315.0,0.0,1.0,52.0,297,1,1.0,True
298,-2.29855425,18.545875,0.29694595,290.6666666666667,6581.333333333333,-1.541669,97.66666666666667,60.0,294.25,299.0,310.3200000000419,0.0,1.0,52.0,298,1,1.0,True
299,-2.2961213636363635,18.2851,0.18420856363636365,282.1818181818182,6373.454545454545,-1.6303653636363635,99.0,60.0,94.18181818181819,274.45454545454544,298.439999999979,0.0,1.0,104.0,299,1,1.0,True
300,-2.3330023333333334,18.168155,0.10855401333333332,282.3333333333333,6378.0,-2.105143,93.5,60.5,-62.5,279.6666666666667,301.6799999999581,0.0,1.0,104.0,300,1,1.0,True
301,-2.4063102727272727,18.10267181818182,0.10948866727272727,283.8181818181818,6419.909090909091,-2.7396436363636365,93.27272727272727,60.54545454545455,-54.54545454545455,273.72727272727275,301.6800000000629,0.0,1.0,100.0,301,1,1.0,True
302,-2.547147909090909,18.090897272727275,0.2080323,290.0,6563.727272727273,0.28240400000000004,74.18181818181819,60.0,166.0,249.9090909090909,158.03999999997905,0.0,1.0,302.0,302,1,1.0,True
303,-2.7675845454545454,18.103233636363637,0.2653099272727273,297.6363636363636,6747.909090909091,0.2940295454545455,73.36363636363636,60.0,299.0,231.1818181818182,312.47999999995807,0.0,1.0,306.0,303,1,1.0,True
304,-3.0135285454545455,18.085022727272726,0.2910673818181818,286.54545454545456,6487.727272727273,-3.087954454545455,87.9090909090909,60.0,286.6363636363636,294.8181818181818,314.64000000008383,0.0,1.0,306.0,304,1,1.0,True
305,-3.247798833333333,18.090811666666667,0.14606225666666667,284.6666666666667,6435.833333333333,1.9611376666666667,92.83333333333333,60.0,6.666666666666667,285.5,299.8799999999581,0.0,1.0,120.0,305,1,1.0,True
306,-3.3420666,18.149718999999997,0.09184903900000001,284.4,6436.1,2.3874286,63.3,60.0,-86.9,270.6,301.6799999999581,0.0,1.0,116.0,306,1,1.0,True
307,-3.3736475,18.239385000000002,0.1540035,287.5,6509.75,1.830487,59.0,60.0,13.0,294.25,305.28000000006284,0.0,1.0,116.0,307,1,1.0,True
308,-3.380074,18.439715,0.26064315,294.3333333333333,6665.166666666667,1.5967753333333334,77.0,60.0,255.66666666666666,265.3333333333333,317.160000000021,0.0,1.0,70.0,308,1,1.0,True
309,-3.3908000833333336,18.706410833333333,0.29439339166666667,290.5833333333333,6571.25,1.632422,95.16666666666667,60.0,298.0,291.0,313.55999999991616,0.0,1.0,70.0,309,1,1.0,True
310,-3.403617363636364,18.992853636363638,0.29582433636363636,292.3636363636364,6617.454545454545,1.6360524545454547,98.0,60.0,292.3636363636364,299.0,154.8,0.0,1.0,70.0,310,1,1.0,True
311,-3.4121155,19.241419999999998,0.29673325,292.0,6612.5,1.6312085,99.0,60.0,294.0,299.0,308.52000000004193,0.0,1.0,70.0,311,1,1.0,True
312,-3.4233111818181823,19.533926363636365,0.2976420818181818,291.09090909090907,6592.272727272727,1.6237732727272727,99.9090909090909,60.0,295.72727272727275,299.0,312.83999999997906,0.0,1.0,70.0,312,1,1.0,True
313,-3.4360880000000003,19.821858333333335,0.2980804166666667,288.3333333333333,6530.333333333333,1.6186388333333335,100.0,60.0,296.6666666666667,299.0,309.96000000002095,0.0,1.0,70.0,313,1,1.0,True
314,-3.449483454545455,20.119802727272727,0.2977194545454545,288.54545454545456,6533.636363636364,1.6120587272727271,100.0,60.0,295.8181818181818,299.0,307.439999999979,0.0,1.0,74.0,314,1,1.0,True
315,-3.4572376363636366,20.363093636363637,0.29849292727272725,290.90909090909093,6587.272727272727,1.6082898181818182,100.0,60.0,297.6363636363636,299.0,312.1200000000419,0.0,1.0,74.0,315,1,1.0,True
316,-3.4629308333333335,20.665223333333333,0.29900218333333334,291.1666666666667,6598.333333333333,1.6070443333333333,99.5,60.0,299.0,298.8333333333333,307.0799999999581,0.0,1.0,74.0,316,1,1.0,True
317,-3.4692992727272727,20.964510909090908,0.2991504090909091,291.3636363636364,6596.727272727273,1.6084570909090907,100.0,60.0,299.0,298.6363636363636,311.03999999997905,0.0,1.0,74.0,317,1,1.0,True
318,-3.479073833333333,21.249531666666666,0.2990731,291.0833333333333,6592.5,1.6060801666666666,100.0,60.0,299.0,299.0,308.52000000004193,0.0,1.0,74.0,318,1,1.0,True
319,-3.485232909090909,21.51120818181818,0.2487956909090909,280.27272727272725,6339.818181818182,1.6049859090909093,100.0,60.45454545454545,249.0,248.54545454545453,155.16000000002097,0.0,1.0,74.0,319,1,1.0,True
320,-3.4897456363636365,21.677362727272726,0.10809638545454546,266.6363636363636,6014.727272727273,1.6051831818181819,100.0,61.0,108.0909090909091,108.0,282.6,0.0,1.0,74.0,320,1,1.0,True
321,-3.4935285,21.779868333333336,0.07402377,262.1666666666667,5919.166666666667,1.6049328333333335,100.0,61.0,74.33333333333333,74.33333333333333,284.40000000000003,0.0,1.0,74.0,321,1,1.0,True
322,-3.4943985454545454,21.815889090909092,0.004176889090909091,236.72727272727272,5317.454545454545,1.6032274545454548,100.0,61.0,4.181818181818182,4.181818181818182,249.83999999997906,0.0,1.0,74.0,322,1,1.0,True
323,-3.4946419999999994,21.819883636363638,0.0,230.72727272727272,5191.090909090909,1.60291,100.0,61.0,0.0,0.0,247.6799999999581,0.0,1.0,74.0,323,1,1.0,True
324,-3.4946420000000002,21.818603333333332,0.0,231.0,5185.0,1.6029100000000003,100.0,61.0,0.0,0.0,244.08000000006285,0.0,1.0,74.0,324,1,1.0,True
325,-3.4946419999999994,21.81941090909091,0.0,231.0,5184.0,1.60291,100.0,61.0,0.0,0.0,246.96000000002095,0.0,1.0,74.0,325,1,1.0,True
326,-3.4946419999999994,21.819883636363638,0.0,231.0,5184.0,1.60291,100.0,61.0,0.0,0.0,122.4,0.0,1.0,74.0,326,1,1.0,True
327,-3.494642,21.82012,0.0,231.0,5184.0,1.60291,100.0,61.0,0.0,0.0,246.9599999999162,0.0,1.0,74.0,327,1,1.0,True
328,-3.493559083333333,21.821528333333333,0.0,231.0,5184.0,1.6029100000000003,100.0,61.0,0.0,0.0,244.44000000008384,0.0,1.0,74.0,328,1,1.0,True
329,-3.4920430000000002,21.82012,0.0,231.0,5184.0,1.6029100000000003,100.0,61.0,0.0,0.0,249.11999999993714,0.0,1.0,74.0,329,1,1.0,True
330,-3.4927518181818176,21.82130181818182,0.0,231.0,5192.454545454545,1.60291,100.0,61.0,0.0,0.0,246.96000000002095,0.0,1.0,74.0,330,1,1.0,True
331,-3.494642,21.82272,0.0,234.7,5288.3,1.60291,100.0,61.0,0.0,0.0,255.23999999997906,0.0,2.0,72.0,331,1,1.0,True
332,-3.4951643333333333,21.821389999999997,0.000283614,265.8333333333333,5998.833333333333,1.7118103333333334,99.5,61.0,66.16666666666667,-65.5,290.160000000021,0.0,2.0,72.0,332,1,1.0,True
333,-3.506569583333333,21.83574833333333,0.000425424,273.5,6180.75,2.0028890833333333,94.91666666666667,61.0,100.0,-99.0,290.8799999999581,0.0,2.0,72.0,333,1,1.0,True
334,-3.5286619999999997,21.85529818181818,0.000425424,274.0,6184.272727272727,2.3298754545454545,87.0,61.0,100.0,-99.0,147.96000000002095,0.0,2.0,72.0,334,1,1.0,True
335,-3.5216265833333336,21.84473583333333,0.000425424,274.4166666666667,6199.333333333333,2.654835916666667,74.25,61.0,100.0,-99.0,290.160000000021,0.0,2.0,72.0,335,1,1.0,True
336,-3.460169181818182,21.78823090909091,0.000425424,275.09090909090907,6210.181818181818,3.019933909090909,65.54545454545455,61.0,100.0,-99.0,290.52000000004193,0.0,2.0,72.0,336,1,1.0,True
337,-3.4535565,21.79343833333333,0.000425424,274.3333333333333,6196.166666666667,-1.8944634999999999,49.833333333333336,61.0,100.0,-99.0,293.03999999997905,0.0,2.0,72.0,337,1,1.0,True
338,-3.477043636363636,21.80475,0.000425424,274.09090909090907,6200.0,-2.5487453636363635,58.54545454545455,60.72727272727273,100.0,-99.0,294.47999999995807,0.0,2.0,72.0,338,1,1.0,True
339,-3.4851429090909094,21.803451818181816,0.00042542181818181813,273.3636363636364,6176.727272727273,-2.227311181818182,80.54545454545455,60.72727272727273,95.63636363636364,-94.63636363636364,290.88000000006286,0.0,2.0,72.0,339,1,1.0,True
340,-3.483591166666667,21.79953,0.00042542433333333336,272.0,6138.333333333333,-1.9006746666666665,86.5,61.0,68.66666666666667,-68.16666666666667,290.8799999999581,0.0,2.0,72.0,340,1,1.0,True
341,-3.4909521666666667,21.806551666666667,0.0006735879166666667,270.1666666666667,6101.5,-1.7038324166666667,94.25,61.0,51.916666666666664,-50.333333333333336,292.6799999999581,0.0,2.0,72.0,341,1,1.0,True
342,-3.490755818181818,21.804539090909092,0.0001933736363636364,269.1818181818182,6083.0,-1.550399,98.0,61.0,22.272727272727273,-21.818181818181817,141.48000000006286,0.0,2.0,72.0,342,1,1.0,True
343,-3.487487909090909,21.689054545454546,0.23398316363636365,292.72727272727275,6619.545454545455,-1.5473912727272727,98.0,60.0,228.8181818181818,239.0,303.47999999995807,0.0,2.0,72.0,343,1,1.0,True
344,-3.48708675,21.415984166666664,0.29744224166666666,290.6666666666667,6581.5,-1.5565897499999999,98.41666666666667,60.0,297.3333333333333,296.9166666666667,309.6,0.0,2.0,72.0,344,1,1.0,True
345,-3.483254666666667,21.15464,0.29822218333333333,289.6666666666667,6569.5,-1.5531891666666668,99.0,60.0,299.0,297.0,311.03999999997905,0.0,2.0,72.0,345,1,1.0,True
346,-3.4784975000000005,20.854838,0.29869017,291.0,6590.6,-1.5498476,99.8,60.0,299.0,298.1,308.52000000004193,0.0,2.0,72.0,346,1,1.0,True
347,-3.4740111666666667,20.564566666666668,0.29878948333333333,291.25,6603.75,-1.5485342500000001,100.0,60.0,299.0,298.3333333333333,312.1200000000419,0.0,2.0,72.0,347,1,1.0,True
348,-3.4708550833333334,20.306435,0.29797405,292.8333333333333,6635.916666666667,-1.5455236666666667,100.0,60.0,299.0,296.5,308.8799999999581,0.0,2.0,72.0,348,1,1.0,True
349,-3.4602484545454546,20.003461818181815,0.29872495454545456,293.6363636363636,6648.727272727273,-1.5458752727272727,100.0,60.0,298.45454545454544,299.0,313.9200000000419,0.0,2.0,68.0,349,1,1.0,True
350,-3.4551953333333336,19.716330833333334,0.2990376,292.0833333333333,6618.0,-1.5457531666666666,100.0,60.0,299.0,298.5,309.6,0.0,2.0,68.0,350,1,1.0,True
351,-3.4479805,19.412470000000003,0.29886035,293.0,6634.0,-1.5451270000000001,100.0,60.0,299.0,299.0,158.75999999991618,0.0,2.0,68.0,351,1,1.0,True
352,-3.4485652727272726,19.180186363636366,0.29795149090909095,292.27272727272725,6621.454545454545,-1.5416392727272727,100.0,60.0,299.0,296.45454545454544,310.3200000000419,0.0,2.0,68.0,352,1,1.0,True
353,-3.4375825,18.87136,0.29871854999999997,290.8333333333333,6592.333333333333,-1.5407803333333334,99.0,60.0,298.3333333333333,298.8333333333333,316.439999999979,0.0,2.0,68.0,353,1,1.0,True
354,-3.424097272727273,18.587887272727276,0.29741001818181817,291.8181818181818,6616.363636363636,-1.5444474545454545,97.54545454545455,60.0,295.3636363636364,299.0,312.83999999997906,0.0,2.0,68.0,354,1,1.0,True
355,-3.419744909090909,18.310034545454545,0.2522377818181818,283.6363636363636,6415.636363636364,-1.5126625454545455,99.36363636363636,60.0,294.27272727272725,210.45454545454547,298.44000000008384,0.0,2.0,118.0,355,1,1.0,True
356,-3.3833895454545453,18.15470818181818,0.11231194181818181,284.6363636363636,6450.090909090909,-1.1229846909090908,92.9090909090909,60.0,281.45454545454544,-57.09090909090909,307.8,0.0,2.0,122.0,356,1,1.0,True
357,-3.326088,18.090816666666665,0.09579129666666668,282.6666666666667,6402.916666666667,-0.50889855,72.75,60.0,262.1666666666667,-71.0,300.2399999999791,0.0,2.0,122.0,357,1,1.0,True
358,-3.2248173636363635,18.10063090909091,0.1917501727272727,291.09090909090907,6592.181818181818,-0.005933490909090902,65.0,60.0,269.54545454545456,113.54545454545455,155.16000000002097,0.0,2.0,122.0,358,1,1.0,True
359,-3.023155454545454,18.09792909090909,0.2467846,293.27272727272725,6650.363636363636,0.08147407727272728,88.45454545454545,60.0,194.54545454545453,299.0,309.2399999999791,0.0,2.0,304.0,359,1,1.0,True
360,-2.7761483636363633,18.094663636363634,0.2890175818181818,291.8181818181818,6609.636363636364,-0.004040423090909091,97.72727272727273,60.0,279.09090909090907,299.0,312.83999999997906,0.0,2.0,300.0,360,1,1.0,True
361,-2.512890666666667,18.101565,0.20065829999999998,284.3333333333333,6433.333333333333,0.053693481666666674,98.83333333333333,60.0,283.6666666666667,117.66666666666667,300.6,0.0,2.0,102.0,361,1,1.0,True
362,-2.3941356363636364,18.140884545454544,0.0965712490909091,284.0,6434.090909090909,0.5910576454545455,91.0909090909091,60.0,270.72727272727275,-77.81818181818181,304.2,0.0,2.0,106.0,362,1,1.0,True
363,-2.34822475,18.220679999999998,0.11539624999999999,285.0,6452.5,1.159833375,85.0,60.0,284.75,-54.5,302.03999999997905,0.0,2.0,106.0,363,1,1.0,True
364,-2.348362,18.361504999999998,0.23199788333333335,294.0,6658.666666666667,1.5416941666666666,73.16666666666667,60.0,266.6666666666667,196.83333333333334,320.03999999997905,0.0,2.0,54.0,364,1,1.0,True
365,-2.35665775,18.573449166666666,0.2845022916666667,298.1666666666667,6758.583333333333,1.5592526666666666,72.08333333333333,60.0,269.3333333333333,299.0,315.0,0.0,2.0,54.0,365,1,1.0,True
366,-2.347957,18.910975,0.29524425,290.0,6572.5,1.5551795,96.0,60.0,291.0,299.0,154.4400000000838,0.0,2.0,54.0,366,1,1.0,True
367,-2.340961181818182,19.17699545454545,0.2961724,289.6363636363636,6565.727272727273,1.5568595454545457,99.0,60.0,299.0,292.6363636363636,308.5199999999371,0.0,2.0,54.0,367,1,1.0,True
368,-2.3349408333333335,19.477599166666668,0.29538604166666665,289.0,6543.416666666667,1.5710069999999998,99.91666666666667,60.0,299.0,291.3333333333333,312.1200000000419,0.0,2.0,54.0,368,1,1.0,True
369,-2.3334620909090913,19.765336363636365,0.2973326636363636,288.54545454545456,6538.363636363636,1.5832277272727273,100.0,60.0,299.0,295.0,309.2399999999791,0.0,2.0,54.0,369,1,1.0,True
370,-2.334296363636364,20.0378,0.29822222727272724,290.45454545454544,6583.909090909091,1.5913583636363635,99.72727272727273,60.0,299.0,297.0,306.7200000000419,0.0,2.0,58.0,370,1,1.0,True
371,-2.3392120000000003,20.298414545454545,0.2990731,290.8181818181818,6593.727272727273,1.593722909090909,99.18181818181819,60.0,299.0,299.0,311.7599999999162,0.0,2.0,58.0,371,1,1.0,True
372,-2.344634166666667,20.598533333333332,0.29886035,287.1666666666667,6513.333333333333,1.594809,100.0,60.0,299.0,298.5,305.64000000008383,0.0,2.0,58.0,372,1,1.0,True
373,-2.3520297272727273,20.904477272727274,0.2993438090909091,289.6363636363636,6567.545454545455,1.5959385454545454,100.0,60.0,299.0,299.0,307.8,0.0,2.0,58.0,373,1,1.0,True
374,-2.3551250833333337,21.186668333333333,0.2988249,293.1666666666667,6641.416666666667,1.5987391666666666,100.0,60.0,299.0,298.0,308.5199999999371,0.0,2.0,58.0,374,1,1.0,True
375,-2.360599,21.463125,0.2990731,293.5,6645.0,1.6001059999999998,100.0,60.0,299.0,299.0,158.4,0.0,2.0,58.0,375,1,1.0,True
376,-2.36471425,21.67430333333333,0.12638639583333333,268.6666666666667,6073.75,1.6019151666666664,100.0,60.5,126.58333333333333,126.58333333333333,287.28000000006284,0.0,2.0,58.0,376,1,1.0,True
377,-2.3668448181818182,21.786687272727274,0.09954921,264.27272727272725,5972.272727272727,1.602122,100.0,60.90909090909091,100.0,100.0,282.6,0.0,2.0,58.0,377,1,1.0,True
378,-2.3664866,21.844013999999998,0.019909842,238.3,5373.8,1.6022148,100.0,61.0,20.0,20.0,258.11999999993714,0.0,2.0,58.0,378,1,1.0,True
379,-2.36611,21.84625,0.0,231.25,5214.25,1.602238,100.0,61.0,0.0,0.0,249.1200000000419,0.0,2.0,58.0,379,1,1.0,True
380,-2.36611,21.843413636363636,0.0,235.54545454545453,5311.090909090909,1.602238,100.0,61.0,0.0,0.0,254.16000000002097,0.0,5.0,56.0,380,1,1.0,True
381,-2.3686035454545458,21.844488181818182,0.00027072436363636366,265.1818181818182,5989.181818181818,1.675327,99.81818181818181,60.36363636363637,62.0,-61.36363636363637,284.03999999997905,0.0,5.0,56.0,381,1,1.0,True
382,-2.375211166666667,21.85912666666667,0.000425424,275.0,6220.083333333333,1.9689201666666667,93.91666666666667,60.5,100.0,-99.0,297.0,0.0,5.0,56.0,382,1,1.0,True
383,-2.3723099999999997,21.834809999999997,0.00042542399999999993,275.0,6215.5,2.324196,76.0,60.5,100.0,-99.0,142.20000000000002,0.0,5.0,56.0,383,1,1.0,True
384,-2.3613255454545454,21.808024545454547,0.000425424,275.3636363636364,6229.909090909091,2.6366573636363637,59.0,60.0,100.0,-99.0,294.11999999993714,0.0,5.0,56.0,384,1,1.0,True
385,-2.358678818181818,21.80642090909091,0.000425424,276.09090909090907,6252.454545454545,3.0090149999999998,78.0909090909091,60.0,100.0,-99.0,293.76000000002097,0.0,5.0,56.0,385,1,1.0,True
386,-2.364151727272727,21.809276363636364,0.000425424,274.09090909090907,6205.454545454545,-1.8011175454545454,85.45454545454545,60.0,100.0,-99.0,291.23999999997903,0.0,5.0,56.0,386,1,1.0,True
387,-2.36281125,21.812127500000003,0.000425424,274.0,6197.25,-2.569566,82.75,60.0,100.0,-99.0,294.12000000004195,0.0,5.0,56.0,387,1,1.0,True
388,-2.3602016363636364,21.80742818181818,0.000425424,273.1818181818182,6178.090909090909,-2.2462649999999997,85.36363636363636,60.0,96.54545454545455,-95.54545454545455,295.9200000000419,0.0,5.0,56.0,388,1,1.0,True
389,-2.3610324545454544,21.81221181818182,0.000657474,271.3636363636364,6130.818181818182,-1.9231874545454544,88.45454545454545,60.54545454545455,71.81818181818181,-70.27272727272727,289.0799999999581,0.0,5.0,56.0,389,1,1.0,True
390,-2.3643770833333333,21.815173333333334,0.00042542283333333334,270.9166666666667,6119.916666666667,-1.7033033333333334,98.16666666666667,60.5,52.75,-51.75,288.7200000000419,0.0,5.0,56.0,390,1,1.0,True
391,-2.366792,21.814495,0.00021271100000000003,269.5,6097.0,-1.560716,99.5,60.5,24.5,-24.0,138.9599999999162,0.0,5.0,56.0,391,1,1.0,True
392,-2.3650885,21.704705,0.23355775,288.5833333333333,6538.833333333333,-1.5503769166666668,100.0,60.083333333333336,231.58333333333334,235.66666666666666,308.88000000006286,0.0,5.0,56.0,392,1,1.0,True
393,-2.3631089090909088,21.425385454545452,0.2981062181818182,289.09090909090907,6550.181818181818,-1.550992272727273,100.0,60.0,299.0,296.72727272727275,308.5199999999371,0.0,5.0,56.0,393,1,1.0,True
394,-2.357939090909091,21.130343636363637,0.29849292727272725,291.27272727272725,6601.272727272727,-1.5504333636363634,100.0,60.0,299.0,297.6363636363636,308.52000000004193,0.0,5.0,56.0,394,1,1.0,True
395,-2.3532904545454545,20.85459818181818,0.2987249727272727,294.0,6667.454545454545,-1.547504909090909,100.0,60.0,299.0,297.90909090909093,311.76000000002097,0.0,5.0,56.0,395,1,1.0,True
396,-2.3441675454545456,20.56729272727273,0.29887966363636365,292.90909090909093,6638.909090909091,-1.5472376363636364,100.0,60.0,298.27272727272725,299.0,315.36000000002093,0.0,5.0,56.0,396,1,1.0,True
397,-2.3378291818181816,20.303698181818184,0.2987249909090909,289.90909090909093,6569.454545454545,-1.5486965454545456,100.0,60.0,298.6363636363636,298.54545454545456,309.9599999999162,0.0,5.0,52.0,397,1,1.0,True
398,-2.3356202500000003,19.9912925,0.2979385583333333,289.5833333333333,6570.416666666667,-1.544498,100.0,60.0,298.9166666666667,296.4166666666667,307.8,0.0,5.0,52.0,398,1,1.0,True
399,-2.3309527272727273,19.740095454545454,0.29818352727272723,292.0,6625.0,-1.5433247272727273,100.0,60.0,298.54545454545456,297.3636363636364,154.8,0.0,5.0,52.0,399,1,1.0,True
400,-2.322881666666667,19.439638333333335,0.29832859166666664,293.0833333333333,6644.25,-1.5415901666666667,100.0,60.0,297.5,298.75,314.64000000008383,0.0,5.0,52.0,400,1,1.0,True
401,-2.3135162,19.165369,0.2990731,289.1,6545.1,-1.5449683,99.4,60.0,299.0,299.0,311.7599999999162,0.0,5.0,52.0,401,1,1.0,True
402,-2.3131617272727274,18.874775454545457,0.2977967909090909,289.8181818181818,6575.363636363636,-1.5432405454545455,99.45454545454545,60.0,299.0,296.0,305.28000000006284,0.0,5.0,52.0,402,1,1.0,True
403,-2.307576,18.6033475,0.29779675,290.75,6590.75,-1.5383457500000002,99.0,60.0,297.75,297.25,313.20000000000005,0.0,5.0,52.0,403,1,1.0,True
404,-2.292372818181818,18.305758181818184,0.2968685909090909,291.3636363636364,6610.0,-1.5424882727272726,100.0,60.0,294.3636363636364,299.0,309.96000000002095,0.0,5.0,112.0,404,1,1.0,True
405,-2.2849095,18.025823,0.29864765,292.1,6619.4,-1.5468363,100.0,60.0,298.0,299.0,310.3199999999372,0.0,5.0,108.0,405,1,1.0,True
406,-2.2808383333333335,17.738695833333335,0.29917944166666666,289.25,6554.416666666667,-1.5475469166666667,100.0,60.0,299.0,298.75,307.439999999979,0.0,5.0,80.0,406,1,1.0,True
407,-2.274457,17.435380000000002,0.2980095,288.5,6542.0,-1.5442339999999999,100.0,60.0,298.0,297.5,155.5200000000419,0.0,5.0,80.0,407,1,1.0,True
408,-2.26816525,17.189235,0.2989666916666667,292.1666666666667,6634.583333333333,-1.5454359166666667,100.0,60.0,298.3333333333333,299.0,308.160000000021,0.0,5.0,76.0,408,1,1.0,True
409,-2.265285090909091,16.870046363636366,0.2984156090909091,294.0,6657.272727272727,-1.540925,100.0,60.0,299.0,297.3636363636364,312.83999999997906,0.0,5.0,32.0,409,1,1.0,True
410,-2.258157909090909,16.627751818181817,0.29860899999999996,291.09090909090907,6597.636363636364,-1.5381598181818184,100.0,60.0,297.90909090909093,299.0,308.52000000004193,0.0,5.0,32.0,410,1,1.0,True
411,-2.247172,16.321379999999998,0.2973714,288.75,6547.25,-1.54181,98.5,60.0,295.0,299.0,312.47999999995807,0.0,5.0,32.0,411,1,1.0,True
412,-2.246974090909091,16.038664545454544,0.29760343636363634,288.6363636363636,6544.272727272727,-1.5418143636363637,98.18181818181819,60.0,297.90909090909093,296.6363636363636,309.6,0.0,5.0,32.0,412,1,1.0,True
413,-2.241770818181818,15.749109090909093,0.29841561818181817,292.09090909090907,6622.090909090909,-1.537372090909091,99.63636363636364,60.0,298.90909090909093,297.54545454545456,308.52000000004193,0.0,5.0,32.0,413,1,1.0,True
414,-2.235299,15.4862775,0.29907305,293.0833333333333,6642.333333333333,-1.537934,100.0,60.0,298.5833333333333,298.9166666666667,308.8799999999581,0.0,5.0,32.0,414,1,1.0,True
415,-2.227274,15.184379999999999,0.29779675,289.0,6551.0,-1.5365515,100.0,60.0,296.5,298.5,155.5200000000419,0.0,5.0,32.0,415,1,1.0,True
416,-2.2175546666666666,14.912251666666668,0.29808039166666667,290.3333333333333,6588.083333333333,-1.53893825,100.0,60.0,297.0833333333333,299.0,309.9599999999162,0.0,5.0,32.0,416,1,1.0,True
417,-2.212602090909091,14.617735454545453,0.2989570181818182,291.27272727272725,6608.0,-1.5404895454545455,100.0,60.0,299.0,299.0,309.6,0.0,5.0,32.0,417,1,1.0,True
418,-2.2076029090909093,14.35925181818182,0.2986863181818182,293.90909090909093,6664.545454545455,-1.5391954545454545,100.0,60.0,299.0,297.90909090909093,308.160000000021,0.0,5.0,32.0,418,1,1.0,True
419,-2.199026,14.0620975,0.29886035,291.25,6607.5,-1.53962125,100.0,60.0,298.5,299.0,310.6800000000629,0.0,5.0,32.0,419,1,1.0,True
420,-2.1917303333333336,13.773498333333334,0.2990731,287.8333333333333,6523.833333333333,-1.5406913333333332,100.0,60.0,299.0,299.0,310.3199999999372,0.0,5.0,28.0,420,1,1.0,True
421,-2.183192272727273,13.49732090909091,0.2990731,288.90909090909093,6549.818181818182,-1.5418288181818183,100.0,60.0,299.0,299.0,307.0800000000629,0.0,5.0,28.0,421,1,1.0,True
422,-2.174493333333333,13.2028325,0.2990731,293.5833333333333,6661.833333333333,-1.5437754166666666,100.0,60.0,299.0,299.0,313.91999999993715,0.0,5.0,28.0,422,1,1.0,True
423,-2.1682655,12.933945,0.2990731,293.0,6637.0,-1.544881,100.0,60.0,299.0,299.0,156.23999999997906,0.0,5.0,28.0,423,1,1.0,True
424,-2.169925166666667,12.65516,0.217214425,278.5,6310.416666666667,-1.6255894166666665,99.16666666666667,60.0,134.75,299.0,302.4,0.0,5.0,28.0,424,1,1.0,True
425,-2.202253333333333,12.513951666666665,0.12915165833333334,284.5833333333333,6444.5,-2.03241425,96.75,60.0,-34.666666666666664,292.6666666666667,300.2400000000838,0.0,5.0,28.0,425,1,1.0,True
426,-2.2811615,12.430033333333332,0.11472268333333334,282.3333333333333,6400.666666666667,-2.684855166666667,97.5,60.0,-51.333333333333336,280.8333333333333,304.20000000000005,0.0,5.0,28.0,426,1,1.0,True
427,-2.3934145,12.400730000000001,0.15836407500000002,279.75,6333.25,0.05839024999999998,98.0,60.0,114.5,202.25,301.6799999999581,0.0,5.0,28.0,427,1,1.0,True
428,-2.5212258333333333,12.386406666666666,0.13450488333333335,283.3333333333333,6418.166666666667,-2.815949,78.83333333333333,60.0,298.0,-29.333333333333332,300.2399999999791,0.0,5.0,28.0,428,1,1.0,True
429,-2.6096996363636364,12.327283636363637,0.12445583636363634,282.0,6393.363636363636,-2.2973809090909088,67.9090909090909,60.0,290.54545454545456,-41.81818181818182,300.2399999999791,0.0,5.0,28.0,429,1,1.0,True
430,-2.654302181818182,12.193990000000001,0.17751782727272725,283.6363636363636,6438.909090909091,-1.6696784545454546,78.36363636363636,60.0,298.6363636363636,56.27272727272727,307.0800000000629,0.0,5.0,28.0,430,1,1.0,True
431,-2.6478305,12.001375,0.25057475,293.0,6646.0,-1.470242,87.5,60.0,251.5,249.0,154.0799999999581,0.0,5.0,6.0,431,1,1.0,True
432,-2.641783333333333,11.766225833333332,0.28262335,297.1666666666667,6753.166666666667,-1.5561222499999998,97.83333333333333,60.0,266.0,299.0,317.88000000006286,0.0,5.0,6.0,432,1,1.0,True
433,-2.641559545454545,11.49019,0.2974874,290.0,6572.909090909091,-1.5763885454545454,99.9090909090909,60.0,298.0,296.45454545454544,312.11999999993714,0.0,5.0,6.0,433,1,1.0,True
434,-2.6409421666666666,11.198085,0.29744224999999996,291.0,6603.0,-1.5709988333333333,100.0,60.0,299.0,295.1666666666667,309.23999999997903,0.0,5.0,6.0,434,1,1.0,True
435,-2.6405555,10.9062325,0.297690425,292.75,6639.0,-1.56397575,100.0,60.0,299.0,295.75,313.9200000000419,0.0,5.0,6.0,435,1,1.0,True
436,-2.637188272727273,10.639101818181818,0.29826086363636367,293.72727272727275,6663.0,-1.5583463636363637,100.0,60.0,299.0,297.09090909090907,308.52000000004193,0.0,5.0,10.0,436,1,1.0,True
437,-2.6388260909090913,10.358384545454545,0.2976807545454545,291.0,6596.272727272727,-1.5527983636363636,100.0,60.0,299.0,295.8181818181818,312.47999999995807,0.0,5.0,10.0,437,1,1.0,True
438,-2.6374460833333333,10.070794666666666,0.29630781666666667,290.1666666666667,6575.666666666667,-1.5472700833333333,100.0,60.0,299.0,293.4166666666667,309.96000000002095,0.0,5.0,10.0,438,1,1.0,True
439,-2.6272555,9.770817500000001,0.2990731,291.5,6623.0,-1.5445309999999999,100.0,59.5,299.0,299.0,151.91999999993715,0.0,5.0,10.0,439,1,1.0,True
440,-2.6190845454545455,9.512263727272726,0.29868632727272726,292.6363636363636,6639.272727272727,-1.545774090909091,100.0,60.0,298.09090909090907,299.0,311.04000000008386,0.0,5.0,10.0,440,1,1.0,True
441,-2.610666,9.225845727272727,0.2988796727272727,291.09090909090907,6604.909090909091,-1.5484144545454546,100.0,60.0,298.1818181818182,299.0,310.6799999999581,0.0,5.0,10.0,441,1,1.0,True
442,-2.6109146363636366,8.951245727272727,0.25355273636363634,286.8181818181818,6497.909090909091,-1.6037492727272726,99.45454545454545,60.0,207.63636363636363,299.0,300.6,0.0,5.0,278.0,442,1,1.0,True
443,-2.651321,8.7588185,0.1525145,283.0,6414.75,-1.981069,94.75,60.0,5.5,299.0,303.12000000004195,0.0,5.0,278.0,443,1,1.0,True
444,-2.7242244545454546,8.666867545454545,0.15214708181818182,284.09090909090907,6444.0,-2.479874727272727,98.0909090909091,60.0,4.7272727272727275,299.0,307.0799999999581,0.0,5.0,278.0,444,1,1.0,True
445,-2.8713703636363634,8.597839,0.19225297272727274,283.45454545454544,6433.545454545455,-2.968025363636364,99.9090909090909,60.0,95.36363636363636,288.8181818181818,303.4799999999581,0.0,5.0,278.0,445,1,1.0,True
446,-3.0310635,8.572223166666666,0.12408199083333334,274.0,6207.166666666667,-2.9713309166666666,93.0,60.0,231.08333333333334,17.083333333333332,298.44000000008384,0.0,5.0,278.0,446,1,1.0,True
447,-3.0728055,8.558627499999998,0.081894115,282.5,6405.5,-2.5083724999999997,59.5,60.0,249.0,-85.0,146.51999999993714,0.0,5.0,278.0,447,1,1.0,True
448,-3.1263644166666666,8.495914666666666,0.11851602833333334,283.1666666666667,6426.916666666667,-1.9635470833333333,74.41666666666667,60.0,267.1666666666667,-30.5,304.560000000021,0.0,5.0,278.0,448,1,1.0,True
449,-3.1476139,8.3296189,0.24921337999999998,293.3,6656.9,-1.5166697,94.3,60.0,297.9,200.2,311.76000000002097,0.0,5.0,278.0,449,1,1.0,True
450,-3.135155272727273,8.074136272727273,0.2721939727272727,294.0,6673.545454545455,-1.5276628181818181,99.63636363636364,60.0,247.1818181818182,297.0,311.03999999997905,0.0,5.0,278.0,450,1,1.0,True
451,-3.1309277499999997,7.82444275,0.293010775,294.75,6688.75,-1.5874732500000002,100.0,60.0,287.5,298.0,314.27999999995814,0.0,5.0,278.0,451,1,1.0,True
452,-3.1322135454545457,7.520696181818182,0.2973714,289.72727272727275,6576.545454545455,-1.5878563636363636,100.0,60.0,299.0,295.0,309.2400000000838,0.0,5.0,278.0,452,1,1.0,True
453,-3.1347436363636363,7.2620011818181815,0.29679124545454544,289.54545454545456,6566.272727272727,-1.579892090909091,100.0,60.0,299.0,294.27272727272725,310.6799999999581,0.0,5.0,278.0,453,1,1.0,True
454,-3.13830725,6.95823025,0.2716332083333333,285.1666666666667,6465.5,-1.5668695000000001,99.83333333333333,60.083333333333336,274.0833333333333,269.0833333333333,286.560000000021,1.0,5.0,278.0,454,1,1.0,True
455,-3.1373450000000003,6.823761999999999,0.0,225.5,5085.5,-1.547429,98.5,61.0,0.0,0.0,120.23999999997905,1.0,5.0,278.0,455,1,1.0,True
456,-3.137995,6.819103166666667,0.0,225.5,5085.5,-1.547429,99.0,61.0,0.0,0.0,244.0799999999581,1.0,5.0,278.0,456,1,1.0,True
457,-3.1361137272727273,6.731464,0.21681152727272723,282.3636363636364,6395.272727272727,-1.552037,99.9090909090909,60.09090909090909,214.36363636363637,219.45454545454547,297.7200000000419,1.0,5.0,278.0,457,1,1.0,True
458,-3.1344353636363635,6.473250999999999,0.2978741181818182,290.0,6585.727272727273,-1.5571863636363636,100.0,60.0,298.6363636363636,296.54545454545456,309.2399999999791,0.0,5.0,278.0,458,1,1.0,True
459,-3.128843909090909,6.222303363636363,0.2979514636363636,291.6363636363636,6625.363636363636,-1.555962909090909,100.0,60.0,298.8181818181818,296.54545454545456,309.96000000002095,0.0,5.0,282.0,459,1,1.0,True
460,-3.1243744545454546,5.903801727272727,0.2983382363636364,293.45454545454544,6668.0,-1.5527318181818182,100.0,59.45454545454545,298.72727272727275,297.3636363636364,308.8799999999581,0.0,5.0,282.0,460,1,1.0,True
461,-3.1198452727272725,5.6213927272727275,0.29876366363636364,291.09090909090907,6607.727272727273,-1.5499672727272726,100.0,60.0,299.0,297.90909090909093,309.2400000000838,0.0,5.0,282.0,461,1,1.0,True
462,-3.1140586666666668,5.34110925,0.29896674166666665,290.0,6571.416666666667,-1.5481675833333333,100.0,60.0,298.75,299.0,311.03999999997905,0.0,5.0,282.0,462,1,1.0,True
463,-3.105398,5.0624045,0.2982222,290.0,6578.5,-1.5497210000000001,100.0,60.0,297.5,298.5,154.43999999997905,0.0,5.0,282.0,463,1,1.0,True
464,-3.1016673333333333,4.786160083333333,0.2986831,293.1666666666667,6661.0,-1.54882525,100.0,59.583333333333336,299.0,298.0833333333333,311.40000000000003,0.0,5.0,282.0,464,1,1.0,True
465,-3.089622909090909,4.467995,0.29783547272727273,292.1818181818182,6640.454545454545,-1.54861,100.0,59.90909090909091,296.27272727272725,298.8181818181818,311.4,0.0,5.0,282.0,465,1,1.0,True
466,-3.086446272727273,4.224425818181818,0.29849296363636363,290.1818181818182,6585.0,-1.5502483636363635,100.0,60.0,298.45454545454544,298.1818181818182,308.16000000002094,0.0,5.0,282.0,466,1,1.0,True
467,-3.0818145,3.92404075,0.298860375,288.75,6556.0,-1.5476905,100.0,60.0,299.0,298.25,313.20000000000005,0.0,5.0,282.0,467,1,1.0,True
468,-3.074817,3.639905909090909,0.2994985,291.1818181818182,6614.272727272727,-1.547014,100.0,60.0,299.0,299.0,310.3199999999372,0.0,5.0,282.0,468,1,1.0,True
469,-3.0666321666666665,3.3347138333333333,0.29928578333333333,293.8333333333333,6668.666666666667,-1.547233,99.33333333333333,59.5,298.6666666666667,299.0,304.20000000000005,0.0,5.0,282.0,469,1,1.0,True
470,-3.0601607499999997,3.0866663333333335,0.29847035,290.75,6600.416666666667,-1.5475913333333333,98.58333333333333,60.0,297.6666666666667,298.9166666666667,313.9200000000419,0.0,5.0,282.0,470,1,1.0,True
471,-3.0561095000000003,2.7837385,0.29907305,289.0,6562.0,-1.5462155000000002,100.0,60.0,299.0,298.5,155.8799999999581,0.0,5.0,282.0,471,1,1.0,True
472,-3.049021833333333,2.511263,0.29932125,290.25,6585.166666666667,-1.5459125833333334,99.58333333333333,60.0,299.0,299.0,310.6800000000629,0.0,5.0,282.0,472,1,1.0,True
473,-3.0422721818181815,2.2149225454545456,0.2989183727272727,292.3636363636364,6635.090909090909,-1.5462353636363637,99.0,60.0,299.0,298.6363636363636,308.5199999999371,0.0,5.0,282.0,473,1,1.0,True
474,-3.0374145454545456,1.9591450000000001,0.28182406363636364,288.1818181818182,6542.363636363636,-1.553977,97.63636363636364,60.0,264.6363636363636,298.8181818181818,309.2400000000838,0.0,5.0,200.0,474,1,1.0,True
475,-3.0568838181818183,1.701248090909091,0.19213695454545457,281.72727272727275,6388.727272727273,-1.729881090909091,85.63636363636364,60.0,84.9090909090909,299.0,301.3199999999372,0.0,5.0,200.0,475,1,1.0,True
476,-3.1083332727272723,1.5672113636363638,0.12847806363636363,282.6363636363636,6422.0,-2.2335072727272727,74.9090909090909,60.0,-30.90909090909091,287.90909090909093,303.4800000000629,0.0,5.0,196.0,476,1,1.0,True
477,-3.1782545,1.5084003333333333,0.10855403333333334,283.25,6422.333333333333,-2.7724854999999997,89.16666666666667,59.916666666666664,-56.583333333333336,274.0833333333333,301.3199999999372,0.0,5.0,196.0,477,1,1.0,True
478,-3.3403905833333334,1.4808481666666669,0.2083514333333333,294.3333333333333,6689.25,-0.016469750000000023,94.83333333333333,59.5,169.83333333333334,247.41666666666666,322.20000000000005,0.0,5.0,264.0,478,1,1.0,True
479,-3.5749180000000003,1.4814335,0.28163069999999996,299.5,6810.0,-3.1243524999999996,98.0,59.0,299.0,264.0,157.68000000006288,0.0,5.0,264.0,479,1,1.0,True
480,-3.8682378333333336,1.4744355833333334,0.2973359,290.3333333333333,6593.416666666667,-3.096458666666667,99.0,59.916666666666664,298.5833333333333,295.6666666666667,311.40000000000003,0.0,5.0,264.0,480,1,1.0,True
481,-4.132872545454545,1.4634353636363635,0.29741001818181817,288.27272727272725,6545.727272727273,-3.0970202727272724,99.9090909090909,60.0,295.09090909090907,299.0,308.8799999999581,0.0,5.0,260.0,481,1,1.0,True
482,-4.3613860909090905,1.4565790909090908,0.1377987218181818,270.72727272727275,6139.909090909091,-3.100104,100.0,60.0,137.0,138.9090909090909,285.83999999997906,0.0,5.0,260.0,482,1,1.0,True
483,-4.46818525,1.45386525,0.0884881875,264.25,5989.0,-3.10146875,100.0,60.0,88.5,89.0,282.96000000002095,0.0,5.0,260.0,483,1,1.0,True
484,-4.5316921,1.451287,0.016719165,238.0,5376.6,-3.1021916,100.0,60.7,16.5,16.8,250.9200000000419,0.0,5.0,260.0,484,1,1.0,True
485,-4.532905,1.451239,0.0,230.1,5187.7,-3.102203,100.0,61.0,0.0,0.0,244.0799999999581,0.0,5.0,260.0,485,1,1.0,True
486,-4.534421666666667,1.4528645833333333,0.0,230.41666666666666,5205.916666666667,-3.102203,100.0,61.0,0.0,0.0,246.60000000000002,0.0,5.0,260.0,486,1,1.0,True
487,-4.535505,1.45384,0.0,230.0,5184.0,-3.102203,100.0,61.0,0.0,0.0,122.03999999997905,0.0,5.0,260.0,487,1,1.0,True
488,-4.535505,1.4549036363636363,0.0,230.0,5184.0,-3.102203,100.0,61.0,0.0,0.0,245.88000000006286,0.0,5.0,260.0,488,1,1.0,True
489,-4.534465,1.45254,0.0,231.6,5223.0,-3.102203,100.0,61.0,0.0,0.0,246.9599999999162,0.0,5.0,260.0,489,1,1.0,True
490,-4.535032272727272,1.45254,0.0,231.27272727272728,5214.818181818182,-3.102203,100.0,61.0,0.0,0.0,244.08000000006285,0.0,5.0,260.0,490,1,1.0,True
491,-4.535505,1.45254,0.0,230.2,5191.2,-3.102203,100.0,61.0,0.0,0.0,244.0799999999581,0.0,5.0,260.0,491,1,1.0,True
492,-4.535505,1.45254,0.0,235.5,5314.3,-3.102203,100.0,61.0,0.0,0.0,247.32000000004192,0.0,2.0,262.0,492,1,1.0,True
493,-4.535802818181818,1.45159,0.00027072436363636366,263.90909090909093,5977.545454545455,-3.076497272727273,99.81818181818181,60.36363636363637,51.09090909090909,-51.0,283.3199999999372,0.0,2.0,262.0,493,1,1.0,True
494,-4.53669125,1.4387056666666667,0.000425424,275.0,6221.0,-2.823306666666667,97.5,60.0,100.0,-99.0,291.2400000000838,0.0,2.0,262.0,494,1,1.0,True
495,-4.532438181818183,1.4341638181818182,0.000425424,274.09090909090907,6212.090909090909,-2.4414207272727273,97.45454545454545,60.0,100.0,-99.0,145.0799999999581,0.0,2.0,262.0,495,1,1.0,True
496,-4.5315080909090915,1.4350716363636364,0.000425424,274.45454545454544,6218.090909090909,-2.1294867272727274,95.0909090909091,60.0,100.0,-99.0,293.03999999997905,0.0,2.0,262.0,496,1,1.0,True
497,-4.488418454545454,1.4654970909090912,0.000425424,274.8181818181818,6227.545454545455,-1.7907947272727271,73.0909090909091,60.0,100.0,-99.0,293.03999999997905,0.0,2.0,262.0,497,1,1.0,True
498,-4.479973363636364,1.4447807272727273,0.000425424,273.8181818181818,6208.636363636364,-1.5130248181818182,58.72727272727273,60.0,100.0,-99.0,290.52000000004193,0.0,2.0,262.0,498,1,1.0,True
499,-4.445770636363637,1.4416706363636365,0.000425424,273.54545454545456,6201.454545454545,-1.1218607636363636,53.54545454545455,60.0,100.0,-99.0,294.12000000004195,0.0,2.0,262.0,499,1,1.0,True
500,-4.4175635,1.4430333333333332,0.000106356,252.0,5694.166666666667,-0.8880565749999999,57.5,60.75,25.0,-24.75,267.47999999995807,0.0,2.0,262.0,500,1,1.0,True
501,-4.394654,1.4379776666666668,0.0,240.5,5431.5,-0.8616035166666666,64.83333333333333,61.0,0.0,0.0,254.8799999999581,0.0,2.0,262.0,501,1,1.0,True
502,-4.4177265,1.45023775,0.019888570833333334,254.58333333333334,5760.666666666667,-0.8278931416666667,72.16666666666667,60.416666666666664,48.916666666666664,-8.916666666666666,284.04000000008386,0.0,2.0,262.0,502,1,1.0,True
503,-4.418826363636364,1.4070547272727272,0.08899096272727273,274.6363636363636,6212.636363636364,-0.5702573,64.54545454545455,60.0,188.8181818181818,-10.454545454545455,145.43999999997905,0.0,2.0,262.0,503,1,1.0,True
504,-4.395218909090909,1.3624535454545457,0.12387572000000001,281.0,6369.0,-0.2800332272727273,49.63636363636363,60.0,211.63636363636363,35.81818181818182,298.8,0.0,2.0,262.0,504,1,1.0,True
505,-4.283521272727273,1.3544722727272729,0.23301635454545452,292.09090909090907,6630.272727272727,-0.013722134545454547,50.72727272727273,60.0,296.3636363636364,169.63636363636363,307.8,0.0,2.0,262.0,505,1,1.0,True
506,-4.097612000000001,1.4062931666666667,0.04275511666666667,250.66666666666666,5665.333333333333,0.14318483833333331,27.5,60.833333333333336,49.833333333333336,35.666666666666664,284.40000000000003,0.0,2.0,262.0,506,1,1.0,True
507,-4.0132935454545455,1.426519090909091,0.0,240.54545454545453,5438.363636363636,0.18030087272727272,39.27272727272727,61.0,0.0,0.0,254.51999999993714,0.0,2.0,262.0,507,1,1.0,True
508,-3.9775626363636363,1.4255736363636364,0.0,237.0909090909091,5352.181818181818,0.1871752,83.63636363636364,61.0,0.0,0.0,248.39999999999998,0.0,2.0,262.0,508,1,1.0,True
509,-3.9563155,1.4272495,0.08274497,261.1666666666667,5914.333333333333,0.17572430000000003,97.83333333333333,60.333333333333336,64.83333333333333,100.5,284.76000000002097,0.0,2.0,266.0,509,1,1.0,True
510,-3.774676454545454,1.4438170000000001,0.2669729181818182,295.3636363636364,6701.454545454545,0.08540658,98.36363636363636,60.0,243.1818181818182,290.6363636363636,313.560000000021,0.0,2.0,266.0,510,1,1.0,True
511,-3.5194419090909093,1.4561680909090908,0.2948188090909091,289.90909090909093,6578.181818181818,0.03709301818181818,97.45454545454545,60.0,289.90909090909093,299.0,154.0799999999581,0.0,2.0,266.0,511,1,1.0,True
512,-3.2346389090909096,1.4726494545454545,0.1868385090909091,277.3636363636364,6281.909090909091,0.1291845509090909,96.0909090909091,60.0,290.27272727272725,83.63636363636364,302.04000000008386,0.0,2.0,198.0,512,1,1.0,True
513,-3.155516909090909,1.5114705454545456,0.09927848909090908,282.6363636363636,6410.818181818182,0.5615733909090909,69.0,60.0,271.90909090909093,-73.81818181818181,299.5199999999371,0.0,2.0,198.0,513,1,1.0,True
514,-3.0945241666666665,1.596761833333333,0.14726761833333332,283.6666666666667,6430.166666666667,1.1939508666666667,62.833333333333336,60.0,294.3333333333333,0.16666666666666666,306.0,0.0,2.0,202.0,514,1,1.0,True
515,-3.091043181818182,1.7402662727272726,0.23185608181818182,287.1818181818182,6519.636363636364,1.565378818181818,77.0,60.0,276.90909090909093,186.63636363636363,311.76000000002097,0.0,2.0,280.0,515,1,1.0,True
516,-3.0928002727272728,2.0090893636363636,0.2676690636363636,289.54545454545456,6569.090909090909,1.5967855454545452,91.9090909090909,60.0,236.72727272727272,298.45454545454544,313.20000000000005,0.0,2.0,280.0,516,1,1.0,True
517,-3.078724166666667,2.2864245000000003,0.29432246666666667,291.0,6615.5,1.5526738333333334,95.66666666666667,59.5,293.3333333333333,295.0,309.6,0.0,2.0,280.0,517,1,1.0,True
518,-3.0811609166666667,2.57581725,0.29485426666666664,291.4166666666667,6614.416666666667,1.5542588333333331,88.33333333333333,60.0,299.0,290.5,307.8,0.0,2.0,280.0,518,1,1.0,True
519,-3.0863851818181818,2.822390181818182,0.2960951,288.8181818181818,6567.272727272727,1.5539368181818183,81.63636363636364,59.45454545454545,299.0,293.0,157.32000000004192,0.0,2.0,280.0,519,1,1.0,True
520,-3.080633909090909,3.1096224545454545,0.29663656363636365,289.6363636363636,6579.272727272727,1.5709761818181818,84.9090909090909,59.54545454545455,299.0,293.8181818181818,307.8,0.0,2.0,280.0,520,1,1.0,True
521,-3.0777984545454546,3.3888533636363634,0.29849294545454547,290.54545454545456,6605.454545454545,1.582824,94.0,59.54545454545455,298.45454545454544,298.72727272727275,308.5199999999371,0.0,2.0,280.0,521,1,1.0,True
522,-3.0825223333333334,3.6816030000000004,0.29878946666666667,291.0,6613.166666666667,1.5857316666666665,96.83333333333333,59.333333333333336,299.0,298.3333333333333,311.76000000002097,0.0,2.0,280.0,522,1,1.0,True
523,-3.0861204166666667,3.9884007500000003,0.2989312833333333,290.3333333333333,6600.166666666667,1.5891590833333333,97.0,59.416666666666664,299.0,298.6666666666667,311.03999999997905,0.0,2.0,280.0,523,1,1.0,True
524,-3.0913103636363632,4.245381,0.2990731,289.1818181818182,6565.181818181818,1.5907276363636365,97.18181818181819,59.45454545454545,299.0,299.0,307.8,0.0,2.0,280.0,524,1,1.0,True
525,-3.0957143333333335,4.553729166666667,0.2982222333333333,292.5,6643.5,1.5934666666666668,97.33333333333333,59.5,298.5,297.5,313.560000000021,0.0,2.0,280.0,525,1,1.0,True
526,-3.1016963636363637,4.815567727272727,0.2986476636363636,293.3636363636364,6671.272727272727,1.595587909090909,97.63636363636364,59.45454545454545,297.90909090909093,299.0,311.03999999997905,0.0,2.0,280.0,526,1,1.0,True
527,-3.108442727272727,5.129639363636364,0.2994985,289.3636363636364,6570.363636363636,1.595321,98.0,59.45454545454545,299.0,299.0,154.43999999997905,0.0,2.0,280.0,527,1,1.0,True
528,-3.1090003636363637,5.364166,0.2981449,288.6363636363636,6553.181818181818,1.5990244545454544,98.0,59.54545454545455,299.0,296.8181818181818,308.16000000002094,0.0,2.0,280.0,528,1,1.0,True
529,-3.118789090909091,5.662057454545455,0.29884100909090905,289.90909090909093,6586.636363636364,1.5990526363636364,97.45454545454545,59.54545454545455,298.45454545454544,299.0,308.16000000002094,0.0,2.0,280.0,529,1,1.0,True
530,-3.124962,5.9436436666666665,0.2992149,291.0,6619.166666666667,1.5983938333333334,98.33333333333333,59.0,299.0,299.0,313.9200000000419,0.0,2.0,276.0,530,1,1.0,True
531,-3.132192818181818,6.239173454545455,0.2990344,292.54545454545456,6638.454545454545,1.597990909090909,99.0,59.27272727272727,299.0,299.0,307.8,0.0,2.0,276.0,531,1,1.0,True
532,-3.1366386363636365,6.496766181818182,0.2988023090909091,288.1818181818182,6553.363636363636,1.5986094545454543,98.81818181818181,59.45454545454545,299.0,298.45454545454544,311.40000000000003,0.0,2.0,276.0,532,1,1.0,True
533,-3.1459565,6.828112833333333,0.2992858,289.8333333333333,6588.333333333333,1.5988185000000001,98.0,59.333333333333336,299.0,299.0,306.71999999993716,0.0,2.0,276.0,533,1,1.0,True
534,-3.154474909090909,7.102745,0.2992277909090909,293.54545454545456,6671.727272727273,1.5963825454545455,98.0909090909091,59.09090909090909,299.0,299.0,311.03999999997905,0.0,2.0,276.0,534,1,1.0,True
535,-3.157414,7.366676272727273,0.2986089727272727,292.27272727272725,6642.454545454545,1.5963614545454545,99.0,59.45454545454545,299.0,297.90909090909093,154.8,0.0,2.0,276.0,535,1,1.0,True
536,-3.165929727272727,7.650420909090909,0.29903437272727273,289.72727272727275,6590.727272727273,1.59657,99.0,59.54545454545455,299.0,298.45454545454544,315.0,0.0,2.0,276.0,536,1,1.0,True
537,-3.1744017272727274,7.918444727272727,0.29849291818181817,288.45454545454544,6555.090909090909,1.596503818181818,99.0,59.54545454545455,297.54545454545456,299.0,304.560000000021,0.0,2.0,276.0,537,1,1.0,True
538,-3.1805749999999997,8.211999666666665,0.2555380166666667,286.8333333333333,6514.166666666667,1.552613,98.66666666666667,59.833333333333336,211.5,299.0,306.7200000000419,0.0,2.0,276.0,538,1,1.0,True
539,-3.1565642727272727,8.40032309090909,0.1708271,284.09090909090907,6451.636363636364,1.281772,97.45454545454545,60.0,42.45454545454545,299.0,300.96000000002095,0.0,2.0,276.0,539,1,1.0,True
540,-3.100847,8.50382,0.09974260363636364,281.72727272727275,6400.363636363636,0.7303252181818181,94.36363636363636,60.0,-67.18181818181819,266.27272727272725,299.5199999999371,0.0,2.0,276.0,540,1,1.0,True
541,-3.0194193333333335,8.535092166666667,0.098556545,282.0,6406.666666666667,0.20117111016666667,85.16666666666667,60.0,-20.5,217.16666666666666,303.83999999997906,0.0,2.0,276.0,541,1,1.0,True
542,-2.866175818181818,8.551869272727272,0.16104229090909092,284.09090909090907,6449.727272727273,0.15443868581818182,95.81818181818181,60.0,294.27272727272725,27.272727272727273,303.8400000000838,0.0,2.0,276.0,542,1,1.0,True
543,-2.7415647272727273,8.60492781818182,0.1455723272727273,282.09090909090907,6411.909090909091,0.5770382090909091,92.72727272727273,60.0,299.0,-8.181818181818182,150.11999999993714,0.0,2.0,276.0,543,1,1.0,True
544,-2.660911272727273,8.713289909090909,0.15729083636363636,283.3636363636364,6439.454545454545,1.1697655454545455,90.54545454545455,60.0,299.0,15.0,302.76000000002097,0.0,2.0,276.0,544,1,1.0,True
545,-2.649577818181818,8.87805609090909,0.2150711636363636,290.27272727272725,6596.181818181818,1.5412479090909093,91.81818181818181,59.09090909090909,275.3636363636364,154.27272727272728,312.1200000000419,0.0,2.0,8.0,545,1,1.0,True
546,-2.6553883333333332,9.121599999999999,0.27269678333333336,293.1666666666667,6659.666666666667,1.597859,96.66666666666667,59.333333333333336,247.5,297.5,313.91999999993715,0.0,2.0,8.0,546,1,1.0,True
547,-2.6532500000000003,9.381568090909091,0.2958243636363636,291.54545454545456,6622.636363636364,1.5557569999999998,97.81818181818181,59.45454545454545,293.72727272727275,297.90909090909093,311.03999999997905,0.0,2.0,8.0,547,1,1.0,True
548,-2.6566170833333334,9.670063833333332,0.2975131833333333,290.1666666666667,6595.666666666667,1.5555516666666664,98.75,59.416666666666664,299.0,295.3333333333333,308.160000000021,0.0,2.0,8.0,548,1,1.0,True
549,-2.6514763333333335,9.979999000000001,0.2967332,289.0,6567.666666666667,1.5656308333333333,99.16666666666667,59.5,299.0,293.6666666666667,307.8,0.0,2.0,8.0,549,1,1.0,True
550,-2.6510792727272725,10.243363636363638,0.2963658181818182,290.54545454545456,6595.0,1.5751324545454546,99.45454545454545,59.45454545454545,299.0,293.54545454545456,306.0,0.0,2.0,8.0,550,1,1.0,True
551,-2.6529843636363637,10.521320000000001,0.2979901636363636,290.3636363636364,6593.363636363636,1.581007181818182,100.0,59.45454545454545,299.0,296.45454545454544,156.6,0.0,2.0,4.0,551,1,1.0,True
552,-2.654350818181818,10.813145454545456,0.2984155636363636,290.72727272727275,6604.727272727273,1.5877747272727272,99.0,59.0,299.0,297.45454545454544,307.4399999999791,0.0,2.0,4.0,552,1,1.0,True
553,-2.6530853636363636,11.117389090909091,0.2982608727272727,288.0,6543.636363636364,1.5968010909090908,99.36363636363636,59.54545454545455,299.0,297.09090909090907,307.8,0.0,2.0,4.0,553,1,1.0,True
554,-2.657655,11.367294999999999,0.2989312833333333,288.0,6551.166666666667,1.6002456666666667,100.0,59.0,299.0,298.6666666666667,310.3200000000419,0.0,2.0,4.0,554,1,1.0,True
555,-2.6610266363636366,11.676133636363636,0.2983769090909091,291.54545454545456,6632.909090909091,1.6011325454545455,100.0,59.0,299.0,297.3636363636364,310.3200000000419,0.0,2.0,4.0,555,1,1.0,True
556,-2.668696454545455,11.926146363636365,0.28213343636363636,291.90909090909093,6634.909090909091,1.5948089090909092,99.81818181818181,59.0,265.3636363636364,298.45454545454544,307.439999999979,0.0,2.0,30.0,556,1,1.0,True
557,-2.6569291666666666,12.162186666666665,0.17534558333333336,285.3333333333333,6477.0,1.393864,95.83333333333333,59.5,51.166666666666664,299.0,304.560000000021,0.0,2.0,30.0,557,1,1.0,True
558,-2.6014245000000003,12.276160833333334,0.125571025,283.8333333333333,6442.0,0.9594515666666666,81.25,59.5,-41.083333333333336,292.1666666666667,307.4399999999791,0.0,2.0,30.0,558,1,1.0,True
559,-2.5061184545454545,12.314669090909092,0.1426717090909091,283.1818181818182,6433.909090909091,0.3238480909090909,74.0,59.54545454545455,-9.545454545454545,294.45454545454544,150.11999999993714,0.0,2.0,30.0,559,1,1.0,True
560,-2.3582016363636367,12.357966363636365,0.16320811818181816,273.27272727272725,6191.727272727273,0.14083899272727274,57.27272727272727,60.0,232.0,94.63636363636364,299.160000000021,0.0,2.0,30.0,560,1,1.0,True
561,-2.2674643636363636,12.406726363636363,0.1092953,284.3636363636364,6459.909090909091,0.5553252454545454,80.18181818181819,59.45454545454545,281.09090909090907,-62.63636363636363,303.4800000000629,0.0,2.0,30.0,561,1,1.0,True
562,-2.2157715000000002,12.485341666666665,0.12401108333333333,283.3333333333333,6439.333333333333,1.1585335333333333,74.83333333333333,59.666666666666664,279.3333333333333,-31.333333333333332,299.5199999999371,0.0,2.0,30.0,562,1,1.0,True
563,-2.2045643636363637,12.613071818181817,0.2037781,282.8181818181818,6424.181818181818,1.588947,77.63636363636364,59.81818181818182,281.54545454545456,125.72727272727273,304.20000000000005,0.0,2.0,30.0,563,1,1.0,True
564,-2.2182312727272726,12.84587909090909,0.2545195727272727,287.0,6523.454545454545,1.640187,83.63636363636364,59.27272727272727,218.8181818181818,289.72727272727275,312.83999999997906,0.0,2.0,30.0,564,1,1.0,True
565,-2.2201001666666667,13.0942,0.29113181666666665,294.8333333333333,6700.5,1.5504283333333335,93.66666666666667,59.0,283.0,298.8333333333333,310.6800000000629,0.0,2.0,30.0,565,1,1.0,True
566,-2.2217203636363636,13.378918181818182,0.2964818,291.54545454545456,6634.727272727273,1.5404666363636361,94.27272727272727,59.0,299.0,293.54545454545456,311.03999999997905,0.0,2.0,30.0,566,1,1.0,True
567,-2.216002,13.65066,0.2961724,290.8181818181818,6623.272727272727,1.550977909090909,93.0,59.0,299.0,292.6363636363636,154.0799999999581,0.0,2.0,30.0,567,1,1.0,True
568,-2.2115850000000004,13.97662,0.29779675,290.0,6595.0,1.568448,97.0,59.0,299.0,296.0,311.04000000008386,0.0,2.0,34.0,568,1,1.0,True
569,-2.2066451666666667,14.211145,0.29694590833333334,289.5,6591.416666666667,1.5771619166666666,97.0,59.0,299.0,294.3333333333333,307.8,0.0,2.0,34.0,569,1,1.0,True
570,-2.2129296363636364,14.504363636363637,0.2982608545454546,289.72727272727275,6587.545454545455,1.5811366363636365,96.18181818181819,59.0,299.0,297.27272727272725,313.55999999991616,0.0,2.0,34.0,570,1,1.0,True
571,-2.22042825,14.7821075,0.2985413,290.0,6588.75,1.58141775,95.25,59.0,299.0,297.75,310.3200000000419,0.0,2.0,34.0,571,1,1.0,True
572,-2.225815,15.080266363636365,0.2983769090909091,289.1818181818182,6575.636363636364,1.5824598181818181,94.0909090909091,59.0,299.0,297.3636363636364,304.560000000021,0.0,2.0,34.0,572,1,1.0,True
573,-2.2284566666666668,15.340166666666667,0.2990731,291.1666666666667,6622.166666666667,1.5861978333333333,92.83333333333333,59.0,299.0,299.0,313.20000000000005,0.0,2.0,34.0,573,1,1.0,True
574,-2.2350679090909087,15.640065454545454,0.2987249818181818,293.0,6665.090909090909,1.5877264545454546,91.36363636363636,59.0,299.0,298.1818181818182,308.160000000021,0.0,2.0,34.0,574,1,1.0,True
575,-2.2415219090909093,15.92504909090909,0.29849296363636363,291.72727272727275,6634.363636363636,1.5901926363636363,91.0,59.0,299.0,297.6363636363636,157.31999999993715,0.0,2.0,34.0,575,1,1.0,True
576,-2.2459662727272725,16.20395,0.29849296363636363,289.6363636363636,6584.636363636364,1.588957,93.45454545454545,59.0,299.0,297.6363636363636,309.2399999999791,0.0,2.0,34.0,576,1,1.0,True
577,-2.251522,16.46269416666667,0.297974075,287.75,6538.0,1.5940477499999999,94.0,59.0,297.0,298.75,312.4800000000629,0.0,2.0,34.0,577,1,1.0,True
578,-2.2585885,16.781581666666668,0.2970877333333333,290.3333333333333,6602.333333333333,1.5970901666666666,94.33333333333333,59.0,294.5,299.0,308.5199999999371,0.0,2.0,34.0,578,1,1.0,True
579,-2.265053,17.107221000000003,0.29847744,290.4,6602.3,1.5952272,96.1,59.0,297.6,299.0,306.7200000000419,0.0,2.0,78.0,579,1,1.0,True
580,-2.2702716363636366,17.36183,0.29887969090909094,290.09090909090907,6596.454545454545,1.5943830909090908,97.54545454545455,59.0,298.54545454545456,299.0,307.0799999999581,0.0,2.0,82.0,580,1,1.0,True
581,-2.279201833333333,17.663456666666665,0.2986476,290.1666666666667,6597.833333333333,1.593479,97.0,59.0,298.6666666666667,298.8333333333333,313.9200000000419,0.0,2.0,110.0,581,1,1.0,True
582,-2.2870763636363636,17.92944,0.2986862818181818,292.6363636363636,6647.727272727273,1.5920313636363637,97.18181818181819,59.0,299.0,298.09090909090907,311.03999999997905,0.0,2.0,110.0,582,1,1.0,True
583,-2.2897818181818184,18.229565454545455,0.2990731,293.3636363636364,6673.545454545455,1.5956051818181818,99.54545454545455,59.0,299.0,299.0,155.16000000002097,0.0,2.0,114.0,583,1,1.0,True
584,-2.2948369090909093,18.48234,0.29930513636363637,290.8181818181818,6614.727272727273,1.5966375454545456,100.0,59.0,299.0,299.0,309.2399999999791,0.0,2.0,54.0,584,1,1.0,True
585,-2.305338909090909,18.779285454545455,0.29775813636363635,287.54545454545456,6540.727272727273,1.5960035454545456,99.63636363636364,59.0,295.90909090909093,299.0,312.4800000000629,0.0,2.0,54.0,585,1,1.0,True
586,-2.3106451818181815,19.068918181818184,0.29884099999999997,287.1818181818182,6538.909090909091,1.5936446363636363,99.36363636363636,59.0,298.6363636363636,299.0,307.0799999999581,0.0,2.0,54.0,586,1,1.0,True
587,-2.3131073636363637,19.346676363636366,0.29845425454545454,292.0,6648.454545454545,1.595212909090909,100.0,59.0,299.0,297.3636363636364,310.3200000000419,0.0,2.0,54.0,587,1,1.0,True
588,-2.3163098333333334,19.599540833333332,0.29804495,292.5,6659.166666666667,1.5997998333333332,100.0,59.0,298.8333333333333,296.75,311.03999999997905,0.0,2.0,54.0,588,1,1.0,True
589,-2.3236236666666668,19.910165,0.29907305,289.8333333333333,6591.666666666667,1.602653,100.0,59.0,298.5,299.0,304.91999999993715,0.0,2.0,54.0,589,1,1.0,True
590,-2.3301426363636364,20.214954545454546,0.2986862818181818,288.72727272727275,6561.363636363636,1.6023056363636363,99.45454545454545,59.0,298.09090909090907,299.0,309.6,0.0,2.0,58.0,590,1,1.0,True
591,-2.335116090909091,20.46245818181818,0.2990731,290.90909090909093,6613.0,1.6032005454545455,100.0,59.0,299.0,299.0,153.72000000004192,0.0,2.0,58.0,591,1,1.0,True
592,-2.3406635454545457,20.75351,0.29868632727272726,289.6363636363636,6578.0,1.6029698181818182,100.0,59.0,299.0,298.09090909090907,313.560000000021,0.0,2.0,58.0,592,1,1.0,True
593,-2.3457959090909095,21.034253636363637,0.29806750909090907,290.54545454545456,6610.0,1.6034454545454544,100.0,59.0,299.0,296.6363636363636,304.91999999993715,0.0,2.0,58.0,593,1,1.0,True
594,-2.3544623333333337,21.34618,0.298364,290.3333333333333,6604.333333333333,1.6022248333333333,100.0,59.0,299.0,297.3333333333333,313.9200000000419,0.0,2.0,58.0,594,1,1.0,True
595,-2.3596606363636363,21.58958727272727,0.24311048181818184,273.90909090909093,6222.181818181818,1.6014315454545454,100.0,59.81818181818182,244.72727272727272,241.63636363636363,293.76000000002097,0.0,2.0,58.0,595,1,1.0,True
596,-2.3617882727272725,21.73232181818182,0.10040006181818181,265.90909090909093,6033.090909090909,1.602693,100.0,60.0,101.63636363636364,99.81818181818181,281.160000000021,0.0,2.0,58.0,596,1,1.0,True
597,-2.3632786666666665,21.819841666666665,0.08239044499999999,257.6666666666667,5834.333333333333,1.6039345,100.0,60.166666666666664,83.33333333333333,82.0,271.8,0.0,2.0,58.0,597,1,1.0,True
598,-2.363298,21.84112,0.0,231.4,5231.2,1.6043790000000002,100.0,61.0,0.0,0.0,123.4799999999581,0.0,2.0,58.0,598,1,1.0,True
599,-2.363298,21.84041090909091,0.0,229.45454545454547,5194.090909090909,1.604379,100.0,61.0,0.0,0.0,243.36000000002096,0.0,2.0,58.0,599,1,1.0,True
600,-2.363298,21.839928333333333,0.0,230.25,5205.0,1.604379,100.0,61.0,0.0,0.0,246.60000000000002,0.0,2.0,58.0,600,1,1.0,True
601,-2.363298,21.840883636363635,0.0,232.0,5233.0,1.604379,100.0,61.0,0.0,0.0,245.16000000002094,0.0,2.0,58.0,601,1,1.0,True
602,-2.363298,21.841592727272726,0.0,232.0,5233.0,1.604379,100.0,61.0,0.0,0.0,250.2,0.0,2.0,58.0,602,1,1.0,True
603,-2.363298,21.84697,0.0,231.5,5222.25,1.604379,100.0,61.0,0.0,0.0,247.6799999999581,0.0,2.0,58.0,603,1,1.0,True
604,-2.363298,21.842656363636365,0.0,231.45454545454547,5221.272727272727,1.604379,100.0,61.0,0.0,0.0,242.63999999997907,0.0,2.0,58.0,604,1,1.0,True
605,-2.363298,21.83787,0.0,232.0,5233.0,1.604379,100.0,61.0,0.0,0.0,250.2,0.0,2.0,58.0,605,1,1.0,True
606,-2.363298,21.837101818181818,0.0,230.0909090909091,5202.363636363636,1.604379,100.0,61.0,0.0,0.0,244.43999999997905,0.0,2.0,58.0,606,1,1.0,True
607,-2.363298,21.84112,0.0,230.0,5199.0,1.6043790000000002,100.0,61.0,0.0,0.0,124.56000000002096,0.0,2.0,58.0,607,1,1.0,True
608,-2.363298,21.84029272727273,0.0,231.45454545454547,5226.454545454545,1.604379,100.0,61.0,0.0,0.0,244.8,0.0,2.0,58.0,608,1,1.0,True
609,-2.363298,21.83956,0.0,231.0,5212.0,1.6043790000000002,100.0,61.0,0.0,0.0,244.43999999997905,0.0,2.0,58.0,609,1,1.0,True
610,-2.363298,21.840686666666667,0.0,232.0,5232.333333333333,1.604379,100.0,61.0,0.0,0.0,249.84000000008382,0.0,2.0,58.0,610,1,1.0,True
611,-2.363298,21.84041090909091,0.0,231.45454545454547,5220.909090909091,1.604379,100.0,61.0,0.0,0.0,244.43999999997905,0.0,2.0,58.0,611,1,1.0,True
612,-2.363298,21.84253818181818,0.0,231.45454545454547,5221.272727272727,1.604379,100.0,61.0,0.0,0.0,244.8,0.0,2.0,58.0,612,1,1.0,True
613,-2.3615646666666668,21.842473333333334,0.0,232.0,5233.0,1.604379,100.0,61.0,0.0,0.0,247.67999999995808,0.0,2.0,58.0,613,1,1.0,True
614,-2.3609343636363636,21.83854090909091,0.0,233.72727272727272,5273.363636363636,1.604379,100.0,60.90909090909091,0.0,0.0,253.08000000006285,0.0,12.0,56.0,614,1,1.0,True
615,-2.3632985454545454,21.842097272727273,0.00023204945454545454,261.3636363636364,5920.272727272727,1.6090333636363636,100.0,60.0,32.72727272727273,-32.18181818181818,135.3599999999162,0.0,12.0,56.0,615,1,1.0,True
616,-2.368310909090909,21.853074545454543,0.0006574718181818182,274.3636363636364,6229.909090909091,1.8286858181818182,99.0909090909091,60.0,100.0,-98.45454545454545,290.52000000004193,0.0,12.0,56.0,616,1,1.0,True
617,-2.3824479999999997,21.847336363636366,0.000425424,273.6363636363636,6215.727272727273,2.1823836363636366,83.0909090909091,60.0,100.0,-99.0,290.160000000021,0.0,12.0,56.0,617,1,1.0,True
618,-2.3651186363636363,21.83083090909091,0.000425424,273.1818181818182,6198.272727272727,2.50133,72.0,60.0,100.0,-99.0,297.36000000002093,0.0,12.0,56.0,618,1,1.0,True
619,-2.3559692727272727,21.809642727272728,0.000425424,272.0,6174.727272727273,2.880806363636364,67.27272727272727,60.0,100.0,-99.0,289.439999999979,0.0,12.0,56.0,619,1,1.0,True
620,-2.3571056363636362,21.804713636363637,0.000425424,272.54545454545456,6183.454545454545,-1.3303576363636365,85.27272727272727,60.0,100.0,-99.0,291.2399999999791,0.0,12.0,56.0,620,1,1.0,True
621,-2.3579098333333333,21.803158333333332,0.000425424,274.0,6221.0,-2.7071761666666667,86.83333333333333,60.0,100.0,-99.0,289.439999999979,0.0,12.0,56.0,621,1,1.0,True
622,-2.356080181818182,21.796678181818184,0.000425424,273.45454545454544,6207.909090909091,-2.345781181818182,87.9090909090909,60.0,99.0909090909091,-98.0909090909091,293.76000000002097,0.0,12.0,56.0,622,1,1.0,True
623,-2.3577892727272727,21.79980727272727,0.000657474,271.6363636363636,6163.363636363636,-2.031166818181818,87.18181818181819,60.0,82.36363636363636,-80.81818181818181,144.0,0.0,12.0,56.0,623,1,1.0,True
624,-2.361382181818182,21.810670909090906,0.000425424,270.3636363636364,6131.0,-1.7842090909090909,97.36363636363636,60.0,57.63636363636363,-56.63636363636363,291.6,0.0,12.0,56.0,624,1,1.0,True
625,-2.3621540000000003,21.807854545454543,0.00027072327272727273,268.90909090909093,6096.090909090909,-1.6071352727272725,99.0,60.0,36.72727272727273,-36.09090909090909,282.6,0.0,12.0,56.0,625,1,1.0,True
626,-2.3622069090909092,21.76226909090909,0.18563953636363636,281.90909090909093,6400.181818181818,-1.5494551818181819,99.27272727272727,59.18181818181818,184.9090909090909,186.0,301.3200000000419,0.0,12.0,56.0,626,1,1.0,True
627,-2.3624456363636366,21.528945454545454,0.2984542727272727,290.6363636363636,6607.363636363636,-1.5536338181818181,100.0,59.0,298.45454545454544,298.27272727272725,308.1599999999162,0.0,12.0,56.0,627,1,1.0,True
628,-2.358341454545455,21.23338,0.2986089818181818,290.45454545454544,6599.727272727273,-1.552543818181818,100.0,59.0,299.0,297.90909090909093,311.76000000002097,0.0,12.0,56.0,628,1,1.0,True
629,-2.3544351666666667,20.96159,0.29843491666666666,289.8333333333333,6596.333333333333,-1.5500175,100.0,59.0,299.0,297.5,306.36000000002093,0.0,12.0,56.0,629,1,1.0,True
630,-2.347152818181818,20.667517272727274,0.29884100909090905,290.8181818181818,6618.181818181818,-1.547744909090909,100.0,59.0,299.0,299.0,311.03999999997905,0.0,12.0,56.0,630,1,1.0,True
631,-2.3393886363636365,20.40542090909091,0.2986089727272727,292.45454545454544,6655.636363636364,-1.548433818181818,100.0,59.0,297.90909090909093,299.0,154.8,0.0,12.0,56.0,631,1,1.0,True
632,-2.339661,20.090127272727273,0.2969459,290.45454545454544,6606.909090909091,-1.546036,100.0,59.0,299.0,294.0,309.2399999999791,0.0,12.0,52.0,632,1,1.0,True
633,-2.331475,19.849563636363637,0.2983382090909091,290.09090909090907,6599.090909090909,-1.5430969090909092,100.0,59.0,298.27272727272725,298.54545454545456,309.2400000000838,0.0,12.0,52.0,633,1,1.0,True
634,-2.3267308333333334,19.544021666666666,0.29808039999999997,289.5,6590.666666666667,-1.541838,100.0,59.0,297.6666666666667,298.0,311.4,0.0,12.0,52.0,634,1,1.0,True
635,-2.320488545454545,19.260561818181817,0.2986089818181818,291.09090909090907,6623.0,-1.5411036363636363,99.72727272727273,59.0,298.45454545454544,298.45454545454544,308.8799999999581,0.0,12.0,52.0,635,1,1.0,True
636,-2.3142316363636364,18.971881818181817,0.2982222,292.1818181818182,6646.636363636364,-1.5404174545454545,99.0,59.0,298.6363636363636,297.3636363636364,307.0799999999581,0.0,12.0,52.0,636,1,1.0,True
637,-2.3052300909090913,18.68894636363636,0.29791278181818187,291.0,6617.454545454545,-1.5420248181818181,98.45454545454545,59.0,296.45454545454544,299.0,309.6,0.0,12.0,52.0,637,1,1.0,True
638,-2.293915818181818,18.40105909090909,0.2807798090909091,287.3636363636364,6536.090909090909,-1.555363,97.9090909090909,59.0,263.72727272727275,297.45454545454544,304.20000000000005,0.0,12.0,104.0,638,1,1.0,True
639,-2.308454333333333,18.222054999999997,0.13379582666666667,282.5,6421.25,-1.8070924166666666,96.08333333333333,59.0,-20.25,288.0,302.4,0.0,12.0,104.0,639,1,1.0,True
640,-2.367572,18.123525,0.09401869,283.5,6440.5,-2.4334065,92.5,59.0,-76.0,264.5,146.16000000002097,0.0,12.0,104.0,640,1,1.0,True
641,-2.4611273333333332,18.0947675,0.15464165500000002,287.8333333333333,6541.833333333333,-0.35307933333333325,78.25,59.0,18.75,290.6666666666667,306.0,0.0,12.0,100.0,641,1,1.0,True
642,-2.6495098181818184,18.11697909090909,0.24071260909090908,293.27272727272725,6674.090909090909,0.8144870000000001,69.81818181818181,59.0,282.27272727272725,199.1818181818182,308.88000000006286,0.0,12.0,302.0,642,1,1.0,True
643,-2.869743909090909,18.093114545454544,0.28623296363636364,290.90909090909093,6624.0,-3.0962445454545455,81.0909090909091,59.0,298.45454545454544,273.3636363636364,313.55999999991616,0.0,12.0,306.0,643,1,1.0,True
644,-3.1657692500000003,18.089915,0.23674845,279.25,6346.5,-3.032978,89.25,59.5,290.25,183.25,299.88000000006286,0.0,12.0,310.0,644,1,1.0,True
645,-3.3016909090909086,18.033112727272727,0.11521254363636363,282.09090909090907,6408.0,-2.6024425454545455,77.0,59.0,277.09090909090907,-47.09090909090909,301.6799999999581,0.0,12.0,314.0,645,1,1.0,True
646,-3.3608104166666664,17.965566666666668,0.09845019583333332,281.1666666666667,6388.166666666667,-2.0884063333333334,59.583333333333336,59.0,262.9166666666667,-66.16666666666667,299.160000000021,0.0,12.0,314.0,646,1,1.0,True
647,-3.377094,17.846723333333333,0.19207890833333333,291.1666666666667,6621.666666666667,-1.5627358333333332,76.41666666666667,59.0,278.0,105.91666666666667,311.76000000002097,0.0,12.0,152.0,647,1,1.0,True
648,-3.3644805,17.66275,0.24206624999999998,291.5,6633.5,-1.4763755,95.5,59.0,186.5,298.0,155.16000000002097,0.0,12.0,148.0,648,1,1.0,True
649,-3.3393960909090907,17.45905090909091,0.14429606363636363,284.0,6466.636363636364,-1.314257090909091,97.18181818181819,59.0,286.3636363636364,2.4545454545454546,303.11999999993714,0.0,12.0,162.0,649,1,1.0,True
650,-3.288833363636364,17.368974545454545,0.09069265636363637,284.90909090909093,6473.181818181818,-0.7641127818181819,91.27272727272727,59.0,267.1818181818182,-85.45454545454545,300.2399999999791,0.0,12.0,162.0,650,1,1.0,True
651,-3.1973605454545453,17.327654545454546,0.16015276181818183,286.27272727272725,6519.363636363636,-0.15828521363636364,81.9090909090909,59.0,287.8181818181818,32.63636363636363,310.3200000000419,0.0,12.0,328.0,651,1,1.0,True
652,-3.0184150909090905,17.32998909090909,0.26627674545454544,296.8181818181818,6759.545454545455,0.057096946545454545,89.0,59.0,247.8181818181818,284.8181818181818,317.160000000021,0.0,12.0,328.0,652,1,1.0,True
653,-2.7189625454545454,17.336174545454547,0.29505084545454546,292.72727272727275,6664.363636363636,-0.002854643,96.63636363636364,59.0,293.27272727272725,296.45454545454544,308.5199999999371,0.0,12.0,324.0,653,1,1.0,True
654,-2.4868453636363634,17.347478181818182,0.17055634909090908,279.90909090909093,6365.363636363636,0.15632389054545454,96.63636363636364,59.0,284.27272727272725,56.72727272727273,299.160000000021,0.0,12.0,46.0,654,1,1.0,True
655,-2.3898455833333334,17.398070833333335,0.09830841666666668,283.5,6444.166666666667,0.68513015,94.91666666666667,59.0,275.4166666666667,-78.58333333333333,299.88000000006286,0.0,12.0,50.0,655,1,1.0,True
656,-2.342173,17.484879999999997,0.11571535,277.5,6301.0,1.2326145,88.5,59.5,229.5,2.0,148.31999999993715,0.0,12.0,50.0,656,1,1.0,True
657,-2.331128666666667,17.550874166666667,0.07572547083333334,271.5833333333333,6171.083333333333,1.4642015,72.25,60.0,105.08333333333333,46.166666666666664,290.52000000004193,0.0,12.0,50.0,657,1,1.0,True
658,-2.323158,17.571434545454547,0.08025043181818182,272.27272727272725,6184.727272727273,1.543954909090909,62.0,59.45454545454545,100.0,61.0,290.5199999999371,0.0,12.0,50.0,658,1,1.0,True
659,-2.3272094545454545,17.617453636363635,0.08833349,265.0,6016.272727272727,1.5990124545454547,63.09090909090909,60.0,100.0,77.0,279.7200000000419,0.0,12.0,50.0,659,1,1.0,True
660,-2.33081475,17.708855,0.047222062499999995,254.0,5765.75,1.636971,68.5,60.0,53.0,41.75,273.2399999999791,0.0,12.0,50.0,660,1,1.0,True
661,-2.3314648181818183,17.723084545454547,0.0,230.45454545454547,5219.636363636364,1.645183,69.27272727272727,60.0,0.0,0.0,244.8,0.0,12.0,50.0,661,1,1.0,True
662,-2.3306816363636362,17.71879,0.0020110954545454547,233.54545454545453,5291.636363636364,1.645161909090909,69.0,60.0,1.8181818181818181,2.272727272727273,251.28000000006287,0.0,13.0,94.0,662,1,1.0,True
663,-2.335714166666667,17.7647625,0.12486192916666666,273.0,6204.916666666667,1.6745455,70.0,59.416666666666664,163.75,86.0,297.71999999993716,0.0,13.0,98.0,663,1,1.0,True
664,-2.3704925,17.969450000000002,0.084021245,278.0,6310.5,2.02166,77.5,59.5,205.0,-37.5,146.16000000002097,0.0,13.0,98.0,664,1,1.0,True
665,-2.3996096666666666,17.998556666666666,0.033821209166666664,271.5,6170.0,2.27709375,56.833333333333336,59.5,100.91666666666667,-32.666666666666664,286.2,0.0,13.0,98.0,665,1,1.0,True
666,-2.408272818181818,18.04519090909091,0.033608498181818186,272.6363636363636,6189.090909090909,2.553906181818182,79.63636363636364,59.45454545454545,100.0,-32.36363636363637,290.160000000021,0.0,13.0,98.0,666,1,1.0,True
667,-2.420519,18.046435,0.037153695,269.6666666666667,6118.666666666667,2.759327583333333,73.75,60.0,100.0,-25.166666666666668,292.3199999999372,0.0,13.0,98.0,667,1,1.0,True
668,-2.4718675,18.0670325,0.040415282500000003,270.75,6148.0,2.9941282499999997,71.25,60.0,100.0,-19.0,286.9200000000419,0.0,13.0,98.0,668,1,1.0,True
669,-2.5053815454545454,18.064296363636362,0.03527151545454545,269.3636363636364,6118.272727272727,-1.395647,88.36363636363636,60.0,81.81818181818181,-10.909090909090908,289.439999999979,0.0,13.0,98.0,669,1,1.0,True
670,-2.53581,18.06961,0.0,245.6,5569.2,-2.9866137,90.0,60.0,0.0,0.0,244.43999999997905,0.0,13.0,98.0,670,1,1.0,True
671,-2.53945,18.081288333333337,0.0,230.0,5210.0,-2.9816603333333336,88.91666666666667,60.0,0.0,0.0,248.76000000002097,0.0,13.0,98.0,671,1,1.0,True
672,-2.53945,18.079702727272725,0.0,230.36363636363637,5207.909090909091,-2.9820801818181817,89.0,60.0,0.0,0.0,122.76000000002095,0.0,13.0,98.0,672,1,1.0,True
673,-2.538504545454545,18.07923,0.0,229.63636363636363,5191.181818181818,-2.9836805454545456,88.0909090909091,60.90909090909091,0.0,0.0,244.8,0.0,13.0,98.0,673,1,1.0,True
674,-2.537559090909091,18.069893636363634,0.0,229.63636363636363,5187.818181818182,-2.9865120909090908,90.0,61.0,0.0,0.0,243.72000000004192,0.0,13.0,98.0,674,1,1.0,True
675,-2.5383666666666667,18.07446333333333,0.0,229.83333333333334,5191.5,-2.9846054166666662,90.0,60.416666666666664,0.0,0.0,243.71999999993713,0.0,12.0,98.0,675,1,1.0,True
676,-2.5721914999999997,18.071682499999998,0.129860675,273.75,6217.0,-3.0075827499999996,90.75,59.5,107.25,152.0,293.4,0.0,12.0,302.0,676,1,1.0,True
677,-2.7998676363636363,18.059832727272727,0.28306166363636365,293.72727272727275,6685.090909090909,-3.0898117272727275,90.36363636363636,59.0,268.09090909090907,297.6363636363636,315.0,0.0,12.0,306.0,677,1,1.0,True
678,-3.0534187272727276,18.053746363636364,0.2828682818181818,289.0,6571.272727272727,-3.106296818181818,91.36363636363636,59.0,293.6363636363636,271.8181818181818,301.3200000000419,0.0,12.0,310.0,678,1,1.0,True
679,-3.2661775,18.028737500000002,0.12635094583333334,281.0,6392.166666666667,-2.823146833333333,79.66666666666667,59.0,284.25,-31.583333333333332,302.76000000002097,0.0,12.0,314.0,679,1,1.0,True
680,-3.333287,17.973105,0.091040735,282.0,6406.0,-2.3496365,75.5,59.0,262.5,-80.5,149.03999999997905,0.0,12.0,314.0,680,1,1.0,True
681,-3.3724139166666665,17.879485833333334,0.13851097666666665,285.5,6491.416666666667,-1.7359237499999998,65.0,59.0,290.25,-13.416666666666666,302.03999999997905,0.0,12.0,314.0,681,1,1.0,True
682,-3.367394818181818,17.697317272727272,0.23870157272727272,292.27272727272725,6658.727272727273,-1.4953713636363637,84.0909090909091,59.0,218.27272727272728,258.90909090909093,315.36000000002093,0.0,12.0,148.0,682,1,1.0,True
683,-3.353647181818182,17.48584,0.17067239090909092,283.72727272727275,6454.0,-1.4036775454545454,97.45454545454545,59.0,285.6363636363636,55.81818181818182,304.560000000021,0.0,12.0,158.0,683,1,1.0,True
684,-3.2990855,17.372765,0.0965712475,283.25,6443.5,-0.811800125,92.0,59.0,273.0,-79.75,300.9599999999162,0.0,12.0,162.0,684,1,1.0,True
685,-3.230230818181818,17.327267272727273,0.12325696090909091,284.72727272727275,6480.545454545455,-0.2494443490909091,78.9090909090909,59.0,285.09090909090907,-39.0,302.4,0.0,12.0,162.0,685,1,1.0,True
686,-3.0571172727272726,17.327186363636365,0.23328704545454546,296.0,6742.090909090909,0.05174165636363636,82.81818181818181,59.0,249.36363636363637,216.45454545454547,314.28000000006284,0.0,12.0,328.0,686,1,1.0,True
687,-2.8075375,17.3398925,0.2865230416666667,297.8333333333333,6784.916666666667,0.005001055333333334,95.41666666666667,59.0,273.4166666666667,299.0,310.3199999999371,0.0,12.0,324.0,687,1,1.0,True
688,-2.5618185454545457,17.343079090909093,0.21975078181818183,282.1818181818182,6417.545454545455,0.032801105454545454,98.0,59.0,286.6363636363636,152.63636363636363,148.32000000004192,0.0,12.0,46.0,688,1,1.0,True
689,-2.4099643333333334,17.373252500000003,0.093983235,284.8333333333333,6484.5,0.45810402499999997,96.16666666666667,59.0,270.6666666666667,-82.66666666666667,303.47999999995807,0.0,12.0,46.0,689,1,1.0,True
690,-2.3447301818181816,17.46414,0.13988716363636364,282.72727272727275,6436.636363636364,1.1369207545454545,95.63636363636364,59.0,289.90909090909093,-9.909090909090908,303.12000000004195,0.0,12.0,50.0,690,1,1.0,True
691,-2.334189916666667,17.5373275,0.08636107833333334,272.0833333333333,6179.833333333333,1.4183265,77.75,59.583333333333336,132.5,40.166666666666664,288.360000000021,0.0,12.0,50.0,691,1,1.0,True
692,-2.324290909090909,17.55954909090909,0.07734981363636363,271.3636363636364,6155.181818181818,1.5141906363636364,63.45454545454545,59.54545454545455,100.0,55.0,293.4,0.0,12.0,50.0,692,1,1.0,True
693,-2.3268408333333332,17.649073333333334,0.08480117999999999,269.1666666666667,6110.166666666667,1.5834383333333333,68.16666666666667,59.666666666666664,100.0,69.66666666666667,285.11999999993714,0.0,12.0,50.0,693,1,1.0,True
694,-2.3287975454545458,17.718640909090908,0.031094625454545454,241.1818181818182,5466.454545454545,1.6262548181818182,69.18181818181819,60.0,36.36363636363637,25.818181818181817,257.4,0.0,12.0,50.0,694,1,1.0,True
695,-2.3303265,17.730519166666667,0.0,230.83333333333334,5229.0,1.630605,69.0,60.0,0.0,0.0,246.24000000008382,0.0,12.0,50.0,695,1,1.0,True
696,-2.329410909090909,17.73175363636364,0.0,229.45454545454547,5189.545454545455,1.630605,69.0,60.0,0.0,0.0,119.51999999993714,0.0,12.0,50.0,696,1,1.0,True
697,-2.3291226666666667,17.734845,0.0,230.5,5219.25,1.630605,66.58333333333333,60.0,0.0,0.0,248.4,0.0,12.0,50.0,697,1,1.0,True
698,-2.3292929090909094,17.73359,0.0,230.9090909090909,5224.363636363636,1.630605,68.0,60.0,0.0,0.0,244.08000000006285,0.0,12.0,50.0,698,1,1.0,True
699,-2.3301238181818182,17.737087272727273,0.0,231.0,5228.090909090909,1.630605,69.36363636363636,60.0,0.0,0.0,248.03999999997905,0.0,12.0,50.0,699,1,1.0,True
700,-2.327623,17.7271925,0.0,230.5,5220.75,1.630605,68.25,60.0,0.0,0.0,245.51999999993714,0.0,12.0,50.0,700,1,1.0,True
701,-2.3294276666666667,17.725788333333334,0.0,229.5,5196.333333333333,1.630605,68.0,60.0,0.0,0.0,245.88000000006286,0.0,19.0,50.0,701,1,1.0,True
702,-2.3321643636363634,17.753386363636363,0.095295,265.45454545454544,6026.818181818182,1.6485736363636363,69.27272727272727,59.36363636363637,121.36363636363636,69.63636363636364,289.0799999999581,0.0,19.0,94.0,702,1,1.0,True
703,-2.3636020833333333,17.940584166666667,0.1358520725,283.0833333333333,6432.333333333333,2.004780916666667,78.91666666666667,59.0,289.8333333333333,-17.833333333333332,306.36000000002093,0.0,19.0,98.0,703,1,1.0,True
704,-2.4086125,18.01901,0.095082245,284.5,6461.5,2.561665,49.5,59.0,270.5,-80.0,150.12000000004193,0.0,19.0,98.0,704,1,1.0,True
705,-2.5325823333333335,18.022125833333334,0.18793105166666665,286.0,6498.5,0.51595175,59.25,59.0,269.25,106.66666666666667,305.63999999997907,0.0,19.0,302.0,705,1,1.0,True
706,-2.740695272727273,18.008806363636364,0.26306674545454545,296.0,6740.181818181818,-0.8156509090909093,82.63636363636364,59.0,228.0909090909091,297.45454545454544,311.40000000000003,0.0,19.0,306.0,706,1,1.0,True
707,-3.0179679090909093,18.01077727272727,0.2927303727272727,287.45454545454544,6538.272727272727,3.125350636363636,91.63636363636364,59.0,291.72727272727275,293.54545454545456,308.160000000021,0.0,19.0,306.0,707,1,1.0,True
708,-3.23070225,18.010775,0.16219290249999999,280.5,6377.25,-1.41688425,80.25,59.0,282.75,41.5,298.8,0.0,19.0,310.0,708,1,1.0,True
709,-3.3245620000000002,17.94975909090909,0.0890296390909091,282.1818181818182,6420.363636363636,-2.406528909090909,61.0,59.0,265.45454545454544,-87.72727272727273,302.7599999999162,0.0,19.0,314.0,709,1,1.0,True
710,-3.3624641818181815,17.88286909090909,0.12758853454545455,283.54545454545456,6458.545454545455,-1.8839425454545455,64.36363636363636,59.0,284.0,-29.0,302.76000000002097,0.0,19.0,152.0,710,1,1.0,True
711,-3.36969975,17.6953575,0.258764125,292.1666666666667,6647.416666666667,-1.51623175,89.41666666666667,59.0,239.0,278.1666666666667,311.03999999997905,0.0,19.0,40.0,711,1,1.0,True
712,-3.3702935000000003,17.440379999999998,0.29205355,289.0,6577.0,-1.5708195,98.0,59.0,285.5,298.5,154.08000000006288,0.0,19.0,40.0,712,1,1.0,True
713,-3.366417833333333,17.21007416666667,0.1539326,267.0,6068.833333333333,-1.5784750833333334,98.66666666666667,59.5,154.58333333333334,153.5,293.03999999997905,0.0,19.0,36.0,713,1,1.0,True
714,-3.3646766666666665,17.111316666666667,0.09947830499999999,264.0,5996.5,-1.5775594999999998,99.0,59.833333333333336,100.0,99.66666666666667,284.03999999997905,0.0,19.0,36.0,714,1,1.0,True
715,-3.3667564999999997,17.030568000000002,0.028333236,251.7,5711.6,-1.5748512,100.0,60.0,28.5,28.3,261.0,0.0,19.0,36.0,715,1,1.0,True
716,-3.364058,17.02175,0.0,230.8,5228.0,-1.574712,100.0,60.0,0.0,0.0,246.60000000000002,0.0,19.0,36.0,716,1,1.0,True
717,-3.364058,17.02175,0.0,231.0,5230.0,-1.574712,100.0,60.0,0.0,0.0,246.6,0.0,19.0,36.0,717,1,1.0,True
718,-3.364058,17.023404545454547,0.0,231.0,5233.0,-1.5747120000000001,100.0,60.0,0.0,0.0,244.43999999997905,0.0,19.0,36.0,718,1,1.0,True
719,-3.364058,17.022931818181817,0.0,231.0,5233.0,-1.5747120000000001,100.0,60.0,0.0,0.0,249.4800000000629,0.0,19.0,36.0,719,1,1.0,True
720,-3.364058,17.02175,0.0,231.0,5233.0,-1.574712,100.0,60.0,0.0,0.0,120.23999999997905,0.0,19.0,36.0,720,1,1.0,True
721,-3.364058,17.02234090909091,0.0,231.0,5233.0,-1.5747120000000001,100.0,60.0,0.0,0.0,247.6799999999581,0.0,19.0,36.0,721,1,1.0,True
722,-3.364058,17.02163181818182,0.0,231.0,5233.0,-1.5747120000000001,100.0,60.0,0.0,0.0,247.32000000004192,0.0,19.0,36.0,722,1,1.0,True
723,-3.366717090909091,16.978914545454547,0.1355169,272.45454545454544,6187.818181818182,-1.5736491818181817,99.72727272727273,59.18181818181818,135.8181818181818,134.72727272727272,286.560000000021,0.0,4.0,192.0,723,1,1.0,True
724,-3.368255090909091,16.75186909090909,0.2970233181818182,289.90909090909093,6596.545454545455,-1.567812090909091,99.72727272727273,59.0,298.72727272727275,294.72727272727275,310.3199999999372,0.0,4.0,192.0,724,1,1.0,True
725,-3.366342166666667,16.48727166666667,0.2978677166666666,289.3333333333333,6581.666666666667,-1.5618286666666668,100.0,59.0,299.0,296.1666666666667,313.20000000000005,0.0,4.0,192.0,725,1,1.0,True
726,-3.3615382727272727,16.177539090909093,0.2990344181818182,290.45454545454544,6613.090909090909,-1.5567814545454546,100.0,59.0,299.0,298.90909090909093,307.8,0.0,4.0,192.0,726,1,1.0,True
727,-3.3593471818181815,15.897319090909091,0.29887969090909094,289.54545454545456,6594.0,-1.5550089090909092,99.45454545454545,59.0,299.0,298.54545454545456,154.8,0.0,4.0,192.0,727,1,1.0,True
728,-3.3558215,15.61311,0.29779680000000003,288.5,6565.5,-1.5509695000000001,99.5,59.0,299.0,296.0,307.8,0.0,4.0,192.0,728,1,1.0,True
729,-3.352607583333333,15.342909166666667,0.29818675,288.5,6559.583333333333,-1.5455321666666666,100.0,59.0,299.0,297.3333333333333,308.88000000006286,0.0,4.0,192.0,729,1,1.0,True
730,-3.3510211818181816,15.044242727272728,0.29802883636363636,286.27272727272725,6519.363636363636,-1.5414629090909089,100.0,59.0,299.0,296.6363636363636,307.439999999979,0.0,4.0,192.0,730,1,1.0,True
731,-3.33957,14.751928181818181,0.2979901636363636,291.54545454545456,6638.727272727273,-1.5401727272727272,100.0,59.0,296.8181818181818,298.6363636363636,311.03999999997905,0.0,4.0,192.0,731,1,1.0,True
732,-3.3299205,14.48927,0.29769045,291.5,6645.75,-1.54460725,99.25,59.0,295.75,299.0,305.28000000006284,0.0,4.0,192.0,732,1,1.0,True
733,-3.3222164999999997,14.200494999999998,0.2990021666666667,289.1666666666667,6584.833333333333,-1.547466166666667,98.5,59.0,298.6666666666667,299.0,309.2399999999791,0.0,4.0,192.0,733,1,1.0,True
734,-3.3154891818181813,13.920150909090909,0.2994985,288.45454545454544,6567.909090909091,-1.548045090909091,99.63636363636364,59.0,299.0,299.0,306.36000000002093,0.0,4.0,188.0,734,1,1.0,True
735,-3.3102172500000004,13.605876666666667,0.29939214166666667,287.8333333333333,6561.75,-1.5480560833333332,100.0,59.0,299.0,298.8333333333333,308.5199999999371,0.0,4.0,188.0,735,1,1.0,True
736,-3.3057360000000005,13.356604999999998,0.29864765,291.5,6641.0,-1.5458355000000001,100.0,59.0,299.0,298.0,153.36000000002096,0.0,4.0,188.0,736,1,1.0,True
737,-3.296530333333333,13.058489166666666,0.29868305833333336,289.25,6591.666666666667,-1.5468085833333334,100.0,59.0,298.5,298.5833333333333,312.83999999997906,0.0,4.0,188.0,737,1,1.0,True
738,-3.2946634545454545,12.775314545454545,0.2749785818181818,281.54545454545456,6414.545454545455,-1.536869909090909,100.0,59.0,299.0,250.36363636363637,308.52000000004193,0.0,4.0,188.0,738,1,1.0,True
739,-3.267882636363636,12.5659,0.15848975454545455,281.27272727272725,6402.636363636364,-1.3010398181818184,99.18181818181819,59.0,298.1818181818182,18.363636363636363,295.91999999993715,0.0,4.0,188.0,739,1,1.0,True
740,-3.21255075,12.463120000000002,0.11209925,282.5,6426.25,-0.7527845750000001,97.25,59.0,282.0,-57.5,305.64000000008383,0.0,4.0,188.0,740,1,1.0,True
741,-3.1174098333333333,12.413016666666666,0.14428963333333333,282.1666666666667,6421.833333333333,-0.18214577666666668,86.66666666666667,59.0,292.1666666666667,-3.3333333333333335,300.9599999999162,0.0,4.0,188.0,741,1,1.0,True
742,-2.976711272727272,12.411674545454543,0.16699824545454545,283.8181818181818,6461.818181818182,-0.0004306145454545435,57.36363636363637,59.0,118.9090909090909,215.1818181818182,300.2400000000838,0.0,4.0,188.0,742,1,1.0,True
743,-2.829966,12.387158333333334,0.13134965,283.9166666666667,6468.833333333333,-0.36028692500000004,75.0,59.0,-36.833333333333336,299.0,304.5599999999162,0.0,4.0,188.0,743,1,1.0,True
744,-2.7449594999999998,12.31404,0.1306052,281.0,6392.0,-0.8972111500000001,48.0,59.0,-38.0,299.0,149.76000000002097,0.0,4.0,188.0,744,1,1.0,True
745,-2.778223,12.23243,0.011309191666666668,242.08333333333334,5490.666666666667,-1.117424083333333,20.333333333333332,59.916666666666664,-2.3333333333333335,24.916666666666668,260.28000000006284,0.0,4.0,188.0,745,1,1.0,True
746,-2.8113055,12.228320000000002,0.0,239.16666666666666,5423.166666666667,-1.120777,49.5,60.0,0.0,0.0,256.6799999999581,0.0,4.0,188.0,746,1,1.0,True
747,-2.8133588333333335,12.223565,0.0,238.75,5409.166666666667,-1.120777,54.833333333333336,60.0,0.0,0.0,247.6799999999581,0.0,4.0,188.0,747,1,1.0,True
748,-2.7938895,12.1724525,0.125074625,278.75,6339.5,-1.2623175,56.0,59.25,37.5,212.75,300.2400000000838,0.0,4.0,188.0,748,1,1.0,True
749,-2.7795712727272726,11.962131818181819,0.25966335454545453,291.45454545454544,6632.0,-1.4565626363636364,57.90909090909091,59.0,237.0909090909091,281.72727272727275,314.27999999995814,0.0,4.0,6.0,749,1,1.0,True
750,-2.7590722499999996,11.658731666666666,0.29457065,290.9166666666667,6633.75,-1.4468339166666666,60.0,59.0,293.4166666666667,295.3333333333333,308.160000000021,0.0,4.0,6.0,750,1,1.0,True
751,-2.7423942500000003,11.407011666666667,0.2949252,292.3333333333333,6669.5,-1.4558115833333334,62.25,59.0,290.9166666666667,298.3333333333333,309.2399999999791,0.0,4.0,6.0,751,1,1.0,True
752,-2.768337181818182,11.098889090909092,0.16104229090909092,261.09090909090907,5938.363636363636,-1.4506020000000002,28.90909090909091,59.45454545454545,163.0909090909091,158.72727272727272,140.4,0.0,4.0,6.0,752,1,1.0,True
753,-2.835472333333333,10.98095,0.0,226.91666666666666,5132.416666666667,-1.4417066666666667,7.166666666666667,60.0,0.0,0.0,244.8,0.0,4.0,6.0,753,1,1.0,True
754,-2.914811727272727,10.970609090909091,0.0,224.63636363636363,5090.636363636364,-1.449518181818182,10.727272727272727,60.0,0.0,0.0,239.4,0.0,4.0,6.0,754,1,1.0,True
755,-2.962592454545455,10.992945454545456,0.0,226.45454545454547,5118.181818181818,-1.4687485454545453,5.7272727272727275,60.0,0.0,0.0,239.4,0.0,4.0,6.0,755,1,1.0,True
756,-2.9505204545454546,11.03116909090909,0.0,227.36363636363637,5142.909090909091,-1.4913269090909091,12.090909090909092,60.0,0.0,0.0,244.43999999997905,0.0,4.0,6.0,756,1,1.0,True
757,-2.9590626666666666,11.018063333333332,0.0,226.83333333333334,5130.666666666667,-1.5058996666666669,4.666666666666667,60.0,0.0,0.0,242.28000000006287,0.0,4.0,6.0,757,1,1.0,True
758,-2.9772232727272727,10.999902727272728,0.0,226.8181818181818,5130.909090909091,-1.5075969090909092,0.0,60.0,0.0,0.0,236.8799999999581,0.0,4.0,6.0,758,1,1.0,True
759,-2.999796,10.97733,0.0,226.0,5112.0,-1.5137163333333332,0.0,60.0,0.0,0.0,244.0799999999581,0.0,4.0,6.0,759,1,1.0,True
760,-3.0602460000000002,10.91688,0.0,226.0,5114.5,-1.519461,7.0,60.0,0.0,0.0,118.08000000006287,0.0,4.0,6.0,760,1,1.0,True
761,-3.0933616363636363,10.864477272727273,0.0,226.63636363636363,5125.545454545455,-1.5186758181818183,41.63636363636363,60.0,0.0,0.0,245.16000000002094,0.0,4.0,6.0,761,1,1.0,True
762,-2.8297263636363637,11.089078181818183,0.025216043636363636,256.6363636363636,5829.0,-1.5882646363636364,59.27272727272727,59.63636363636363,35.27272727272727,15.272727272727273,262.439999999979,0.0,4.0,6.0,762,1,1.0,True
763,-2.793634,11.07447,0.138603144,280.1,6366.1,-1.5459419,92.1,59.0,173.7,103.5,300.6,0.0,4.0,6.0,763,1,1.0,True
764,-2.776006,10.88069,0.27599385000000004,293.0,6667.0,-1.4415715,99.0,59.0,294.25,257.0,315.71999999993716,0.0,4.0,6.0,764,1,1.0,True
765,-2.7422313636363636,10.590553636363637,0.29273038181818184,290.09090909090907,6612.363636363636,-1.4295006363636362,100.0,59.0,285.8181818181818,299.0,306.36000000002093,0.0,4.0,10.0,765,1,1.0,True
766,-2.71338025,10.350456666666668,0.29091910833333334,290.0833333333333,6601.25,-1.4527175833333335,100.0,59.0,282.4166666666667,299.0,310.6800000000629,0.0,4.0,10.0,766,1,1.0,True
767,-2.6832076666666667,10.043355499999999,0.29343620833333334,291.0833333333333,6633.5,-1.4813189166666667,100.0,59.0,287.6666666666667,299.0,306.0,0.0,4.0,10.0,767,1,1.0,True
768,-2.6606405,9.779250000000001,0.29524425,291.5,6647.5,-1.5008380000000001,100.0,59.0,291.0,299.0,154.0799999999581,0.0,4.0,10.0,768,1,1.0,True
769,-2.6445028333333336,9.503367666666668,0.29566965,290.6666666666667,6625.25,-1.5138670833333334,100.0,59.0,292.0,299.0,306.7200000000419,0.0,4.0,10.0,769,1,1.0,True
770,-2.6311811666666665,9.228250083333334,0.29740684166666664,287.5,6550.666666666667,-1.5224516666666668,100.0,59.0,295.1666666666667,299.0,309.2399999999791,0.0,4.0,10.0,770,1,1.0,True
771,-2.617672909090909,8.946551636363635,0.24941449090909087,284.6363636363636,6474.818181818182,-1.571928818181818,99.72727272727273,59.0,199.45454545454547,299.0,297.71999999993716,0.0,4.0,278.0,771,1,1.0,True
772,-2.654613,8.76272625,0.154747975,281.75,6413.5,-1.9812985,92.75,59.0,10.0,299.0,299.160000000021,0.0,4.0,278.0,772,1,1.0,True
773,-2.7298373333333337,8.665412333333334,0.15031645833333332,282.25,6425.916666666667,-2.48761275,98.41666666666667,59.0,1.0,299.0,301.3200000000419,0.0,4.0,278.0,773,1,1.0,True
774,-2.884555833333333,8.597780666666667,0.18052158333333335,284.0,6473.833333333333,-2.957447,99.83333333333333,59.0,95.5,264.8333333333333,304.2,0.0,4.0,278.0,774,1,1.0,True
775,-3.0368750909090907,8.565250272727273,0.09854366727272729,278.54545454545456,6345.909090909091,-2.993552090909091,97.45454545454545,59.0,224.45454545454547,-27.272727272727273,297.71999999993716,0.0,4.0,278.0,775,1,1.0,True
776,-3.096379272727273,8.560823363636363,0.0795156090909091,281.6363636363636,6408.090909090909,-2.4667166363636364,83.63636363636364,59.0,248.45454545454547,-90.18181818181819,151.9200000000419,0.0,4.0,278.0,776,1,1.0,True
777,-3.1320662727272723,8.489802363636363,0.11819055454545455,282.3636363636364,6433.0,-1.8957748181818184,87.81818181818181,59.0,268.09090909090907,-31.636363636363637,298.439999999979,0.0,4.0,278.0,777,1,1.0,True
778,-3.1382994,8.3028706,0.26031696000000004,293.5,6691.3,-1.5109354,97.6,59.0,292.6,227.6,315.0,0.0,4.0,278.0,778,1,1.0,True
779,-3.1300838333333334,8.080000666666667,0.2692934,295.3333333333333,6730.833333333333,-1.5271813333333333,99.83333333333333,59.0,240.16666666666666,298.1666666666667,307.439999999979,0.0,4.0,278.0,779,1,1.0,True
780,-3.1294405454545458,7.784867090909091,0.29447073636363635,293.09090909090907,6678.090909090909,-1.591896,100.0,59.0,291.3636363636364,297.6363636363636,310.6800000000629,0.0,4.0,278.0,780,1,1.0,True
781,-3.1285085454545456,7.516094727272727,0.2974873727272727,291.8181818181818,6653.545454545455,-1.5913447272727275,99.27272727272727,59.0,299.0,295.45454545454544,306.0,0.0,4.0,278.0,781,1,1.0,True
782,-3.1326181666666666,7.209491833333334,0.29588238333333333,289.8333333333333,6602.0,-1.5816563333333333,99.0,59.0,299.0,292.6666666666667,309.6,0.0,4.0,278.0,782,1,1.0,True
783,-3.139829909090909,6.960601,0.2944320818181818,288.3636363636364,6577.818181818182,-1.5706244545454546,99.0,59.0,299.0,289.45454545454544,312.47999999995807,0.0,4.0,278.0,783,1,1.0,True
784,-3.1398520000000003,6.6693665,0.29545695,289.0,6591.0,-1.560877,99.0,59.0,299.0,291.5,153.72000000004192,0.0,4.0,278.0,784,1,1.0,True
785,-3.1377753636363637,6.388318727272727,0.2969459,290.0,6615.272727272727,-1.5545034545454544,100.0,59.0,299.0,294.0,310.3199999999372,0.0,4.0,278.0,785,1,1.0,True
786,-3.13341875,6.112098166666666,0.2974777416666667,290.5,6626.583333333333,-1.5511525,100.0,59.0,299.0,295.25,309.2400000000838,0.0,4.0,282.0,786,1,1.0,True
787,-3.1261564545454545,5.850406636363636,0.29802883636363636,290.1818181818182,6617.454545454545,-1.5488445454545454,100.0,59.0,299.0,296.54545454545456,309.9599999999162,0.0,4.0,282.0,787,1,1.0,True
788,-3.1200519090909093,5.535912454545454,0.2991891,289.6363636363636,6604.363636363636,-1.5472526363636363,100.0,59.0,299.0,298.45454545454544,307.8,0.0,4.0,282.0,788,1,1.0,True
789,-3.1132904545454547,5.249005,0.2993437909090909,290.3636363636364,6625.454545454545,-1.546873,100.0,59.0,298.8181818181818,299.0,307.0800000000629,0.0,4.0,282.0,789,1,1.0,True
790,-3.1041673333333333,4.977948666666666,0.2986476,291.6666666666667,6656.166666666667,-1.5486598333333335,100.0,59.0,298.1666666666667,298.8333333333333,309.6,0.0,4.0,282.0,790,1,1.0,True
791,-3.0986665454545457,4.6813210909090905,0.2986862818181818,290.09090909090907,6610.636363636364,-1.5480122727272727,100.0,59.0,298.45454545454544,298.6363636363636,309.6,0.0,4.0,282.0,791,1,1.0,True
792,-3.0888856363636363,4.419814545454545,0.2983769363636364,289.3636363636364,6589.363636363636,-1.5494539090909092,100.0,59.0,297.3636363636364,299.0,153.71999999993713,0.0,4.0,282.0,792,1,1.0,True
793,-3.0854374166666667,4.120038583333334,0.29797405,289.3333333333333,6594.083333333333,-1.5499554166666665,100.0,59.0,298.75,296.6666666666667,310.3200000000419,0.0,4.0,282.0,793,1,1.0,True
794,-3.079139090909091,3.8673313636363633,0.21824252363636362,270.45454545454544,6151.363636363636,-1.553970090909091,99.63636363636364,59.36363636363637,190.27272727272728,246.0909090909091,297.0,0.0,4.0,282.0,794,1,1.0,True
795,-3.078564636363637,3.7367476363636367,0.014000316363636363,238.0,5403.181818181818,-1.536059,99.27272727272727,60.0,0.0,28.0,258.47999999995807,0.0,4.0,282.0,795,1,1.0,True
796,-3.079273,3.728032,0.0,235.9,5354.8,-1.529767,100.0,60.0,0.0,0.0,254.52000000004193,0.0,4.0,282.0,796,1,1.0,True
797,-3.079273,3.7282919999999997,0.0,225.4,5106.8,-1.529767,100.0,60.0,0.0,0.0,239.4,0.0,4.0,282.0,797,1,1.0,True
798,-3.079273,3.7288986666666664,0.0,224.5,5085.5,-1.5297670000000003,100.0,60.0,0.0,0.0,239.03999999997905,0.0,4.0,282.0,798,1,1.0,True
799,-3.079273,3.729765333333333,0.0,224.5,5085.5,-1.5297670000000003,100.0,60.0,0.0,0.0,237.96000000002095,0.0,4.0,282.0,799,1,1.0,True
800,-3.079273,3.7299819999999997,0.0,224.5,5085.5,-1.529767,100.0,60.0,0.0,0.0,121.6799999999581,0.0,4.0,282.0,800,1,1.0,True
801,-3.079273,3.7293320000000003,0.0,224.5,5085.5,-1.529767,100.0,60.0,0.0,0.0,238.32000000004192,0.0,4.0,282.0,801,1,1.0,True
802,-3.0987578,3.7224116,0.0,224.5,5085.5,-1.529767,96.8,60.0,0.0,0.0,238.32000000004192,0.0,4.0,282.0,802,1,1.0,True
803,-3.0897349999999997,3.7249785,0.0,224.0,5073.166666666667,-1.5288945,78.0,60.0,0.0,0.0,241.91999999993715,0.0,4.0,282.0,803,1,1.0,True
804,-3.082085,3.7283480000000004,0.0,226.2,5116.8,-1.52872,96.4,60.0,0.0,0.0,240.4800000000629,0.0,4.0,282.0,804,1,1.0,True
805,-3.0820849999999997,3.729364363636364,0.0,225.1818181818182,5096.090909090909,-1.52872,99.72727272727273,60.0,0.0,0.0,237.9599999999162,0.0,4.0,282.0,805,1,1.0,True
806,-3.0820849999999997,3.7301916363636365,0.0,224.0909090909091,5076.545454545455,-1.52872,100.0,60.0,0.0,0.0,242.64000000008383,0.0,4.0,282.0,806,1,1.0,True
807,-3.0820850000000006,3.7296696666666667,0.0,224.5,5087.083333333333,-1.52872,100.0,60.0,0.0,0.0,240.11999999993714,0.0,4.0,282.0,807,1,1.0,True
808,-3.082085,3.729128,0.0,224.5,5086.0,-1.52872,100.0,60.0,0.0,0.0,119.52000000004192,0.0,4.0,282.0,808,1,1.0,True
809,-3.075623454545455,3.993313818181818,0.0,225.72727272727272,5115.272727272727,-1.52872,87.72727272727273,60.0,0.0,0.0,239.4,0.0,4.0,282.0,809,1,1.0,True
810,-3.0810779999999998,3.8963319999999997,0.0,224.0909090909091,5076.545454545455,-1.52872,92.27272727272727,60.0,0.0,0.0,241.56000000002098,0.0,4.0,282.0,810,1,1.0,True
811,-3.0810779999999998,3.8264865454545456,0.0,224.0909090909091,5071.363636363636,-1.52872,96.27272727272727,60.0,0.0,0.0,239.7599999999162,0.0,4.0,282.0,811,1,1.0,True
812,-3.0810779999999998,3.747304727272727,0.0,225.72727272727272,5101.0,-1.52872,96.36363636363636,60.0,0.0,0.0,237.96000000002095,0.0,4.0,282.0,812,1,1.0,True
813,-3.0810779999999998,3.7279229090909096,0.0,226.0,5114.0,-1.52872,98.81818181818181,60.0,0.0,0.0,238.32000000004192,0.0,4.0,282.0,813,1,1.0,True
814,-3.0810779999999998,3.726977454545455,0.0,224.9090909090909,5094.454545454545,-1.52872,100.0,60.0,0.0,0.0,240.11999999993714,0.0,4.0,282.0,814,1,1.0,True
815,-3.08031325,3.7185405,0.0,225.0,5097.5,-1.52872,84.25,60.0,0.0,0.0,240.84000000008382,0.0,4.0,282.0,815,1,1.0,True
816,-3.079767,3.729599818181818,0.0,224.9090909090909,5094.454545454545,-1.52872,94.81818181818181,60.0,0.0,0.0,119.15999999991618,0.0,4.0,282.0,816,1,1.0,True
817,-3.068652,3.544618,0.0,223.6,5065.8,0.21070479999999994,64.8,60.0,0.0,0.0,243.0,0.0,4.0,282.0,817,1,1.0,True
818,-3.068652,3.544618,0.0,223.6,5065.8,-0.66729278,6.3,60.0,0.0,0.0,239.0400000000838,0.0,4.0,282.0,818,1,1.0,True
819,-3.068652,3.544618,0.0,224.6,5083.2,-1.6155111999999998,21.0,60.0,0.0,0.0,239.75999999991618,0.0,4.0,282.0,819,1,1.0,True
820,-3.068652,3.544618,0.0,225.6,5103.2,-1.4912541999999998,44.0,60.0,0.0,0.0,237.96000000002095,0.0,4.0,282.0,820,1,1.0,True
821,-3.077816363636364,3.580018,0.0,224.9090909090909,5094.727272727273,-1.520093,71.54545454545455,60.0,0.0,0.0,241.56000000002098,0.0,4.0,282.0,821,1,1.0,True
822,-3.081253,3.6519013333333334,0.0,224.5,5085.5,-1.5286610000000003,94.16666666666667,60.0,0.0,0.0,239.03999999997905,0.0,4.0,282.0,822,1,1.0,True
823,-3.081253,3.7186543636363636,0.0,224.9090909090909,5094.454545454545,-1.5286609999999998,97.0909090909091,60.0,0.0,0.0,116.63999999997905,0.0,4.0,282.0,823,1,1.0,True
824,-3.081253,3.728227090909091,0.0,224.9090909090909,5094.454545454545,-1.5286609999999998,99.54545454545455,60.0,0.0,0.0,240.4800000000629,0.0,4.0,282.0,824,1,1.0,True
825,-3.081253,3.7288179999999995,0.0,223.6,5065.8,-1.528661,100.0,60.0,0.0,0.0,240.83999999997906,0.0,4.0,282.0,825,1,1.0,True
826,-3.081253,3.7288179999999995,0.0,224.5,5085.5,-1.528661,100.0,60.0,0.0,0.0,238.32000000004192,0.0,4.0,282.0,826,1,1.0,True
827,-3.081253,3.7288179999999995,0.0,224.2,5075.1,-1.528661,100.0,60.0,0.0,0.0,240.83999999997906,0.0,4.0,282.0,827,1,1.0,True
828,-3.074049181818182,3.7184153636363635,0.0,225.45454545454547,5102.454545454545,-1.5300887272727273,52.54545454545455,60.0,0.0,0.0,244.0799999999581,0.0,4.0,282.0,828,1,1.0,True
829,-3.078115,3.729564272727273,0.0,224.0909090909091,5077.090909090909,-1.530406,94.81818181818181,60.0,0.0,0.0,239.03999999997905,0.0,4.0,282.0,829,1,1.0,True
830,-3.078115,3.7288551818181817,0.0,224.9090909090909,5095.545454545455,-1.530406,99.63636363636364,60.0,0.0,0.0,239.4,0.0,4.0,282.0,830,1,1.0,True
831,-3.078115,3.7276733636363635,0.0,224.9090909090909,5094.454545454545,-1.530406,100.0,60.0,0.0,0.0,237.60000000000002,0.0,4.0,282.0,831,1,1.0,True
832,-3.078115,3.7300370000000003,0.0,225.4,5105.2,-1.530406,100.0,60.0,0.0,0.0,121.68000000006286,0.0,4.0,282.0,832,1,1.0,True
833,-3.078115,3.7300370000000003,0.0,224.4,5080.2,-1.530406,100.0,60.0,0.0,0.0,238.6799999999581,0.0,4.0,282.0,833,1,1.0,True
834,-3.078115,3.7298006363636365,0.0,224.27272727272728,5079.818181818182,-1.530406,100.0,60.0,0.0,0.0,238.68000000006288,0.0,4.0,282.0,834,1,1.0,True
835,-3.078115,3.731337,0.0,223.6,5060.9,-1.530406,100.0,60.0,0.0,0.0,240.4799999999581,0.0,4.0,282.0,835,1,1.0,True
836,-3.078115,3.7302733636363636,0.0,225.45454545454547,5101.454545454545,-1.530406,100.0,60.0,0.0,0.0,240.4799999999581,0.0,4.0,282.0,836,1,1.0,True
837,-3.078115,3.7274370000000006,0.0,224.5,5085.8,-1.530406,100.0,60.0,0.0,0.0,237.96000000002095,0.0,4.0,282.0,837,1,1.0,True
838,-3.078115,3.7274370000000006,0.0,224.5,5085.5,-1.530406,100.0,60.0,0.0,0.0,242.28000000006287,0.0,4.0,282.0,838,1,1.0,True
839,-3.078115,3.727555181818182,0.0,224.9090909090909,5094.454545454545,-1.530406,100.0,60.0,0.0,0.0,240.11999999993714,0.0,4.0,282.0,839,1,1.0,True
840,-3.078115,3.728737,0.0,224.5,5085.5,-1.530406,100.0,60.0,0.0,0.0,119.52000000004192,0.0,4.0,282.0,840,1,1.0,True
841,-3.078115,3.728737,0.0,223.6,5065.8,-1.530406,99.4,60.0,0.0,0.0,240.83999999997906,0.0,4.0,282.0,841,1,1.0,True
842,-3.078115,3.728737,0.0,223.6,5065.8,-1.530406,100.0,60.0,0.0,0.0,239.4,0.0,5.0,282.0,842,1,1.0,True
843,-3.078115,3.7283470000000003,0.0,222.1,5030.7,-1.530406,100.0,60.0,0.0,0.0,239.76000000002097,0.0,5.0,282.0,843,1,1.0,True
844,-3.078115,3.728146090909091,0.0,225.27272727272728,5095.0,-1.530406,100.0,60.0,0.0,0.0,237.96000000002095,0.0,5.0,282.0,844,1,1.0,True
845,-3.078115,3.7300370000000003,0.0,225.4,5105.2,-1.530406,100.0,60.0,0.0,0.0,241.2,0.0,5.0,282.0,845,1,1.0,True
846,-3.078115,3.7300370000000003,0.0,224.5,5085.5,-1.530406,100.0,60.0,0.0,0.0,239.4,0.0,5.0,282.0,846,1,1.0,True
847,-3.078115,3.730509727272727,0.0,224.9090909090909,5094.454545454545,-1.530406,100.0,60.0,0.0,0.0,237.9599999999162,0.0,5.0,282.0,847,1,1.0,True
848,-3.078115,3.7274370000000006,0.0,224.5,5085.5,-1.530406,100.0,60.0,0.0,0.0,119.16000000002096,0.0,5.0,282.0,848,1,1.0,True
849,-3.078115,3.7274370000000006,0.0,224.5,5085.5,-1.530406,100.0,60.0,0.0,0.0,240.83999999997906,0.0,5.0,282.0,849,1,1.0,True
850,-3.126746666666667,3.6805695833333334,0.0,225.25,5095.583333333333,-1.5297316666666667,83.16666666666667,60.0,0.0,0.0,240.1200000000419,0.0,5.0,282.0,850,1,1.0,True
851,-3.084395,3.728072,0.0,224.1,5072.6,-1.528383,89.8,60.0,0.0,0.0,240.83999999997906,0.0,5.0,282.0,851,1,1.0,True
852,-3.084040454545455,3.728072,0.0,225.27272727272728,5098.272727272727,-1.528383,99.0909090909091,60.0,0.0,0.0,242.28000000006287,0.0,5.0,282.0,852,1,1.0,True
853,-3.083095,3.728072,0.0,224.5,5085.5,-1.528383,100.0,60.0,0.0,0.0,239.03999999997905,0.0,5.0,282.0,853,1,1.0,True
854,-3.034621272727273,3.680690909090909,0.0,225.0,5094.454545454545,-1.1934938181818182,81.81818181818181,60.0,0.0,0.0,239.4,0.0,5.0,282.0,854,1,1.0,True
855,-3.006922,3.6536160000000004,0.0,225.8,5105.2,2.155398,8.0,60.0,0.0,0.0,119.51999999993714,0.0,5.0,282.0,855,1,1.0,True
856,-3.006922,3.6536160000000004,0.0,224.5,5085.5,0.012240000000000029,1.0,60.0,0.0,0.0,239.76000000002097,0.0,5.0,282.0,856,1,1.0,True
857,-3.006922,3.6536160000000004,0.0,226.0,5122.5,-1.4474820000000002,2.0,60.0,0.0,0.0,239.4,0.0,5.0,282.0,857,1,1.0,True
858,-3.006922,3.6536160000000004,0.0,227.0,5134.5,-1.3496704000000002,1.1,60.0,0.0,0.0,240.83999999997906,0.0,5.0,282.0,858,1,1.0,True
859,-3.0518110000000003,3.6968560000000004,0.02467459333333333,245.33333333333334,5561.166666666667,-1.5378403333333335,26.833333333333332,59.666666666666664,24.0,25.333333333333332,254.52000000004193,0.0,5.0,282.0,859,1,1.0,True
860,-3.076480545454545,3.587693727272727,0.2532819781818182,284.6363636363636,6482.454545454545,-1.5365639090909091,94.18181818181819,59.0,250.0909090909091,256.27272727272725,305.2799999999581,0.0,5.0,282.0,860,1,1.0,True
861,-3.0695752727272723,3.3495464545454543,0.29829954545454546,289.1818181818182,6579.545454545455,-1.542815,98.72727272727273,59.0,297.1818181818182,299.0,305.64000000008383,0.0,5.0,282.0,861,1,1.0,True
862,-3.061715833333333,3.049268833333333,0.29886035,289.0,6589.5,-1.5454578333333335,99.0,59.0,298.6666666666667,298.8333333333333,312.11999999993714,0.0,5.0,282.0,862,1,1.0,True
863,-3.0565044545454545,2.7735027272727275,0.29895704545454543,289.72727272727275,6598.454545454545,-1.5455681818181817,99.0,59.0,299.0,298.6363636363636,309.6,0.0,5.0,282.0,863,1,1.0,True
864,-3.0485095454545448,2.4788136363636366,0.2994985,291.3636363636364,6642.454545454545,-1.5453638181818183,99.0,59.0,299.0,299.0,153.72000000004192,0.0,5.0,282.0,864,1,1.0,True
865,-3.0421799166666665,2.237219083333333,0.29910855,289.8333333333333,6603.5,-1.5461085833333332,99.0,59.0,299.0,299.0,306.36000000002093,0.0,5.0,282.0,865,1,1.0,True
866,-3.0354277,1.919469,0.28733138,282.9,6449.6,-1.5508904000000001,97.7,59.0,275.4,299.0,304.55999999991616,0.0,5.0,200.0,866,1,1.0,True
867,-3.054681,1.7024801666666667,0.19484418333333334,284.5,6479.166666666667,-1.745387,85.66666666666667,59.0,90.0,299.0,306.36000000002093,0.0,5.0,200.0,867,1,1.0,True
868,-3.10346575,1.56426575,0.1287971,281.75,6413.75,-2.24114125,77.75,59.0,-33.0,290.25,298.8,0.0,5.0,196.0,868,1,1.0,True
869,-3.18234725,1.5066715000000002,0.11879961666666666,282.25,6437.583333333333,-1.7346426666666668,89.83333333333333,59.0,-38.5,275.75,303.4800000000629,0.0,5.0,196.0,869,1,1.0,True
870,-3.355382,1.4812133333333335,0.23611033333333334,292.8333333333333,6677.5,3.102701833333333,95.16666666666667,59.0,226.0,246.16666666666666,308.8799999999581,0.0,5.0,264.0,870,1,1.0,True
871,-3.6219403636363636,1.4817878181818183,0.2853435090909091,294.27272727272725,6713.727272727273,-0.8326833636363637,98.27272727272727,59.0,299.0,271.09090909090907,311.03999999997905,0.0,5.0,264.0,871,1,1.0,True
872,-3.881845636363636,1.4725421818181816,0.2986476,289.3636363636364,6587.727272727273,-3.096483545454545,99.54545454545455,59.0,298.45454545454544,298.54545454545456,153.36000000002096,0.0,5.0,264.0,872,1,1.0,True
873,-4.161764090909091,1.461869090909091,0.29760343636363634,287.0,6542.181818181818,-3.0983383636363637,100.0,59.0,295.54545454545456,299.0,309.6,0.0,5.0,260.0,873,1,1.0,True
874,-4.3731670000000005,1.4564223636363636,0.12403043999999999,265.1818181818182,6038.545454545455,-3.102213090909091,100.0,59.0,123.72727272727273,124.0909090909091,283.3200000000419,0.0,5.0,260.0,874,1,1.0,True
875,-4.487214090909091,1.4521145454545454,0.09916245545454544,263.1818181818182,5975.363636363636,-3.102709,100.0,59.0,99.0909090909091,100.0,280.0799999999581,0.0,5.0,260.0,875,1,1.0,True
876,-4.5361384000000005,1.4523486,0.019824756,237.0,5369.6,-3.1032713999999997,100.0,59.8,19.8,20.0,252.36000000002096,0.0,5.0,260.0,876,1,1.0,True
877,-4.538065090909091,1.452762,0.0,229.27272727272728,5198.454545454545,-3.10331,100.0,60.0,0.0,0.0,244.0799999999581,0.0,5.0,260.0,877,1,1.0,True
878,-4.537356,1.452762,0.0,229.8,5206.9,-3.10331,100.0,60.0,0.0,0.0,243.36000000002096,0.0,5.0,260.0,878,1,1.0,True
879,-4.539010545454546,1.452762,0.0,231.0,5231.727272727273,-3.10331,100.0,60.0,0.0,0.0,126.7200000000419,0.0,5.0,260.0,879,1,1.0,True
880,-4.539956,1.452762,0.0,231.0,5233.0,-3.10331,100.0,60.0,0.0,0.0,244.43999999997905,0.0,5.0,260.0,880,1,1.0,True
881,-4.539956,1.452762,0.0,231.0,5233.0,-3.10331,100.0,60.0,0.0,0.0,246.96000000002095,0.0,5.0,260.0,881,1,1.0,True
882,-4.538916,1.452762,0.0,230.5,5221.1,-3.10331,100.0,60.0,0.0,0.0,243.3599999999162,0.0,5.0,260.0,882,1,1.0,True
883,-4.537356,1.452762,0.0,231.0,5232.4,-3.10331,100.0,60.0,0.0,0.0,246.60000000000002,0.0,5.0,260.0,883,1,1.0,True
884,-4.537356,1.452762,0.0,231.0,5233.0,-3.10331,100.0,60.0,0.0,0.0,246.60000000000002,0.0,5.0,260.0,884,1,1.0,True
885,-4.5380125,1.45146175,0.000106356,252.0,5725.5,-3.10030425,99.75,59.75,15.0,-14.75,262.8,0.0,1.0,262.0,885,1,1.0,True
886,-4.541625636363636,1.4439799090909091,0.0006574718181818182,272.6363636363636,6210.272727272727,-2.946769909090909,98.63636363636364,59.0,89.0909090909091,-87.54545454545455,292.3200000000419,0.0,1.0,262.0,886,1,1.0,True
887,-4.5365165,1.4345868333333334,0.000425424,272.3333333333333,6202.166666666667,-2.587831,97.58333333333333,59.0,100.0,-99.0,292.6799999999581,0.0,1.0,262.0,887,1,1.0,True
888,-4.534436909090909,1.4330531818181818,0.000425424,272.6363636363636,6212.090909090909,-2.2532252727272724,95.36363636363636,59.0,100.0,-99.0,147.6,0.0,1.0,262.0,888,1,1.0,True
889,-4.5059356363636365,1.4627033636363636,0.000425424,273.3636363636364,6229.909090909091,-1.9224189090909092,79.0,59.0,100.0,-99.0,289.0800000000629,0.0,1.0,262.0,889,1,1.0,True
890,-4.478178333333333,1.4528741666666667,0.000425424,273.0,6221.0,-1.5693628333333336,61.25,59.0,100.0,-99.0,289.439999999979,0.0,1.0,262.0,890,1,1.0,True
891,-4.472401636363636,1.4415208181818182,0.000425424,274.45454545454544,6252.454545454545,-1.2594623636363638,56.0,59.0,100.0,-99.0,289.4399999999791,0.0,1.0,262.0,891,1,1.0,True
892,-4.425045181818182,1.4383034545454547,0.0003093992727272727,260.8181818181818,5927.818181818182,-0.9255532,53.72727272727273,59.27272727272727,72.72727272727273,-72.0,279.36000000002093,0.0,1.0,262.0,892,1,1.0,True
893,-4.412047,1.4474349999999998,0.0,239.0,5430.25,-0.8226644,67.5,60.0,0.0,0.0,255.6,0.0,1.0,262.0,893,1,1.0,True
894,-4.416558636363636,1.4517596363636363,0.006574734545454545,246.8181818181818,5600.272727272727,-0.8130180181818182,80.81818181818181,59.81818181818182,16.181818181818183,-3.090909090909091,263.8799999999581,0.0,1.0,262.0,894,1,1.0,True
895,-4.410109454545455,1.435054,0.06284672090909091,271.72727272727275,6181.909090909091,-0.7015280909090909,74.18181818181819,59.0,146.36363636363637,-20.363636363636363,295.20000000000005,0.0,1.0,262.0,895,1,1.0,True
896,-4.4005417499999995,1.3782715,0.1017118125,274.75,6262.083333333333,-0.37037105,55.833333333333336,59.0,188.33333333333334,14.666666666666666,292.3200000000419,0.0,1.0,262.0,896,1,1.0,True
897,-4.358129909090909,1.3576759090909092,0.17450120909090908,286.0,6523.909090909091,-0.13374110454545454,46.72727272727273,59.0,257.8181818181818,91.0,148.67999999995808,0.0,1.0,262.0,897,1,1.0,True
898,-4.182930750000001,1.36673925,0.20976947499999998,274.9166666666667,6266.166666666667,0.07264084250000001,35.25,59.416666666666664,237.08333333333334,182.0,311.4,0.0,1.0,262.0,898,1,1.0,True
899,-4.075166333333333,1.4124286666666668,0.024178266666666667,238.0,5396.666666666667,0.17238856666666666,23.0,60.0,25.166666666666668,23.166666666666668,258.4800000000629,0.0,1.0,262.0,899,1,1.0,True
900,-4.001818,1.42672,0.0,236.7,5368.7,0.20855533999999998,48.3,60.0,0.0,0.0,254.51999999993714,0.0,1.0,262.0,900,1,1.0,True
901,-3.977768,1.4262,0.0,228.3,5174.0,0.2099516,89.8,60.0,0.0,0.0,241.2,0.0,1.0,262.0,901,1,1.0,True
902,-3.971164,1.4279923333333333,0.056865004999999996,257.0,5845.333333333333,0.20075673333333333,98.16666666666667,59.333333333333336,42.0,72.0,274.6800000000629,0.0,1.0,266.0,902,1,1.0,True
903,-3.8211712500000004,1.4448168333333333,0.23894650000000003,293.4166666666667,6698.0,0.10062073249999999,99.0,59.0,209.91666666666666,267.3333333333333,317.160000000021,0.0,1.0,266.0,903,1,1.0,True
904,-3.562363583333333,1.45837975,0.29297529166666664,293.5,6690.0,0.035320606666666664,98.33333333333333,59.0,286.4166666666667,299.0,304.91999999993715,0.0,1.0,266.0,904,1,1.0,True
905,-3.310937,1.4677280000000001,0.21948011818181817,281.27272727272725,6411.363636363636,0.06616029818181818,97.0,59.0,275.54545454545456,163.0909090909091,147.6,0.0,1.0,198.0,905,1,1.0,True
906,-3.1707819166666664,1.5049863333333333,0.10068367166666665,282.0833333333333,6426.0,0.4643862083333334,80.08333333333333,59.0,270.8333333333333,-69.0,301.3200000000419,0.0,1.0,198.0,906,1,1.0,True
907,-3.094406727272727,1.6008518181818183,0.13980979818181816,284.45454545454544,6488.818181818182,1.1466465181818182,84.54545454545455,59.0,294.27272727272725,-14.727272727272727,301.3199999999372,0.0,1.0,202.0,907,1,1.0,True
908,-3.0816220909090912,1.7013802727272727,0.21611542727272728,290.8181818181818,6635.545454545455,1.5140244545454544,81.81818181818181,58.72727272727273,299.0,132.54545454545453,306.0,0.0,1.0,202.0,908,1,1.0,True
909,-3.086895363636364,1.933975909090909,0.2605142090909091,294.09090909090907,6716.090909090909,1.6095877272727273,83.27272727272727,58.54545454545455,244.45454545454547,275.8181818181818,311.4,0.0,1.0,280.0,909,1,1.0,True
910,-3.0775696666666668,2.2294929999999997,0.29176995,295.5,6744.333333333333,1.5614938333333335,94.0,58.666666666666664,285.5,297.6666666666667,316.8,0.0,1.0,280.0,910,1,1.0,True
911,-3.071948909090909,2.5350679090909094,0.2957470181818182,287.90909090909093,6569.636363636364,1.561746090909091,94.72727272727273,58.45454545454545,299.0,292.09090909090907,308.88000000006286,0.0,1.0,280.0,911,1,1.0,True
912,-3.077964909090909,2.8029782727272727,0.29752603636363634,289.3636363636364,6606.363636363636,1.5654408181818182,92.54545454545455,58.45454545454545,299.0,295.3636363636364,153.36000000002096,0.0,1.0,280.0,912,1,1.0,True
913,-3.077791727272727,3.075734272727273,0.29752603636363634,291.09090909090907,6655.272727272727,1.5726318181818184,94.0,58.54545454545455,299.0,295.3636363636364,303.83999999997906,0.0,1.0,280.0,913,1,1.0,True
914,-3.0777093333333334,3.3490338333333334,0.2977613,290.5833333333333,6628.333333333333,1.5802907499999999,94.91666666666667,58.916666666666664,299.0,295.9166666666667,312.83999999997906,0.0,1.0,280.0,914,1,1.0,True
915,-3.0790186363636365,3.6420762727272726,0.29895703636363635,287.54545454545456,6563.636363636364,1.5868080909090911,95.9090909090909,59.0,299.0,298.1818181818182,307.439999999979,0.0,1.0,280.0,915,1,1.0,True
916,-3.0860460909090905,3.8981952727272726,0.2982222,289.09090909090907,6596.818181818182,1.5897599999999998,96.27272727272727,58.45454545454545,298.45454545454544,298.09090909090907,310.6800000000629,0.0,1.0,280.0,916,1,1.0,True
917,-3.09069175,4.204644,0.298647625,290.0,6614.25,1.591584,97.0,58.5,298.5,298.5,305.63999999997907,0.0,1.0,280.0,917,1,1.0,True
918,-3.0934705454545455,4.504302909090909,0.29829957272727275,292.54545454545456,6673.272727272727,1.5930438181818183,97.9090909090909,58.45454545454545,299.0,297.1818181818182,309.6,0.0,1.0,280.0,918,1,1.0,True
919,-3.0992463636363636,4.751558727272727,0.2989183727272727,291.27272727272725,6648.909090909091,1.5961303636363637,98.9090909090909,58.45454545454545,299.0,298.6363636363636,306.71999999993716,0.0,1.0,280.0,919,1,1.0,True
920,-3.1059440000000005,5.036609636363636,0.29884100909090905,288.3636363636364,6578.181818181818,1.595787636363636,97.45454545454545,58.45454545454545,299.0,298.45454545454544,159.12000000004193,0.0,1.0,280.0,920,1,1.0,True
921,-3.111537272727273,5.309563090909091,0.29884100909090905,288.09090909090907,6566.636363636364,1.5972996363636363,97.45454545454545,58.54545454545455,299.0,298.45454545454544,307.0799999999581,0.0,1.0,280.0,921,1,1.0,True
922,-3.1167745454545455,5.606325090909091,0.29899570000000003,290.45454545454544,6623.0,1.5985067272727271,98.0,58.54545454545455,299.0,298.45454545454544,308.160000000021,0.0,1.0,280.0,922,1,1.0,True
923,-3.1219495454545454,5.8836746363636365,0.29903437272727273,288.8181818181818,6595.454545454545,1.5996144545454547,98.54545454545455,58.90909090909091,299.0,298.45454545454544,306.7200000000419,0.0,1.0,280.0,923,1,1.0,True
924,-3.1307222727272728,6.177829,0.2990344,288.90909090909093,6599.636363636364,1.5993086363636364,98.27272727272727,58.45454545454545,298.72727272727275,299.0,310.3199999999372,0.0,1.0,276.0,924,1,1.0,True
925,-3.136740818181818,6.446401727272728,0.2990344,287.6363636363636,6566.727272727273,1.5982539090909091,99.0,58.27272727272727,298.72727272727275,299.0,308.160000000021,0.0,1.0,276.0,925,1,1.0,True
926,-3.143997,6.770363333333333,0.2992858,290.1666666666667,6629.0,1.5985906666666665,98.83333333333333,58.0,299.0,299.0,306.36000000002093,0.0,1.0,276.0,926,1,1.0,True
927,-3.1507480909090906,7.02489409090909,0.2992664636363636,290.72727272727275,6641.0,1.5985951818181818,98.63636363636364,58.09090909090909,299.0,299.0,311.03999999997905,0.0,1.0,276.0,927,1,1.0,True
928,-3.1575764166666667,7.332874583333333,0.29921489166666665,289.8333333333333,6616.0,1.5979623333333333,99.0,58.5,299.0,298.9166666666667,306.36000000002093,0.0,1.0,276.0,928,1,1.0,True
929,-3.1641015,7.609492,0.2984349,290.0,6619.5,1.5970105,99.0,58.5,299.0,298.0,154.8,0.0,1.0,276.0,929,1,1.0,True
930,-3.1726808181818185,7.882372,0.2984542363636364,289.6363636363636,6617.454545454545,1.5975330909090908,99.0,58.0,297.72727272727275,298.90909090909093,310.3200000000419,0.0,1.0,276.0,930,1,1.0,True
931,-3.1750686666666668,8.137675166666668,0.27262586666666666,287.1666666666667,6558.666666666667,1.5723145,99.0,58.5,246.33333333333334,298.5,305.63999999997907,0.0,1.0,276.0,931,1,1.0,True
932,-3.165067545454545,8.374115000000002,0.1841312272727273,284.45454545454544,6499.636363636364,1.349117,96.27272727272727,58.54545454545455,68.63636363636364,299.0,300.96000000002095,0.0,1.0,276.0,932,1,1.0,True
933,-3.1097304545454545,8.492067727272728,0.10391947636363637,281.54545454545456,6429.090909090909,0.8184584,93.72727272727273,58.72727272727273,-62.09090909090909,269.54545454545456,304.55999999991616,0.0,1.0,276.0,933,1,1.0,True
934,-3.035119909090909,8.528471545454545,0.10148295545454546,281.1818181818182,6419.272727272727,0.24884582,82.81818181818181,59.0,-46.63636363636363,249.8181818181818,299.16000000002094,0.0,1.0,276.0,934,1,1.0,True
935,-2.897211,8.545598818181817,0.17063367272727273,280.72727272727275,6409.454545454545,0.09733816727272729,91.36363636363636,59.0,238.27272727272728,103.0909090909091,303.12000000004195,0.0,1.0,276.0,935,1,1.0,True
936,-2.752503666666667,8.595924666666667,0.14634585,282.5,6442.0,0.5391787916666667,84.0,59.0,299.0,-7.0,300.6,0.0,1.0,276.0,936,1,1.0,True
937,-2.670300363636364,8.694465545454547,0.15516370000000002,281.90909090909093,6440.090909090909,1.0988165636363636,79.27272727272727,59.0,299.0,10.909090909090908,146.16000000002097,0.0,1.0,276.0,937,1,1.0,True
938,-2.649966,8.839845500000001,0.19519869166666667,289.1666666666667,6604.0,1.4967534999999998,87.16666666666667,58.083333333333336,299.0,90.91666666666667,306.0,0.0,1.0,276.0,938,1,1.0,True
939,-2.655632909090909,9.096646999999999,0.2639175818181818,296.09090909090907,6766.636363636364,1.5995663636363637,95.0909090909091,58.0,243.54545454545453,283.90909090909093,311.7599999999162,0.0,1.0,8.0,939,1,1.0,True
940,-2.656784181818182,9.344402363636364,0.29478018181818183,289.90909090909093,6618.909090909091,1.5553823636363637,97.0909090909091,58.0,290.6363636363636,298.1818181818182,309.6,0.0,1.0,8.0,940,1,1.0,True
941,-2.65631675,9.645173,0.29715862499999995,289.75,6611.25,1.55329875,98.75,58.0,299.0,294.5,309.2400000000838,0.0,1.0,8.0,941,1,1.0,True
942,-2.6548166363636363,9.911024727272727,0.2968685545454546,291.8181818181818,6659.181818181818,1.5609166363636362,98.45454545454545,58.18181818181818,299.0,294.0,311.4,0.0,1.0,8.0,942,1,1.0,True
943,-2.6508586363636364,10.211145454545456,0.2968298909090909,288.72727272727275,6596.363636363636,1.572949090909091,99.63636363636364,58.45454545454545,299.0,294.09090909090907,306.3599999999162,0.0,1.0,8.0,943,1,1.0,True
944,-2.652500818181818,10.478714545454546,0.29760343636363634,287.27272727272725,6554.545454545455,1.5796783636363636,100.0,58.45454545454545,299.0,295.54545454545456,154.8,0.0,1.0,8.0,944,1,1.0,True
945,-2.6482915,10.782855,0.29737135000000003,288.5,6590.0,1.59086,99.0,58.0,299.0,295.5,307.44000000008384,0.0,1.0,4.0,945,1,1.0,True
946,-2.650659545454545,11.03715909090909,0.29814488181818183,290.1818181818182,6625.090909090909,1.5975464545454547,99.9090909090909,58.0,299.0,296.90909090909093,308.51999999993717,0.0,1.0,4.0,946,1,1.0,True
947,-2.657845,11.332371666666667,0.2990731,288.1666666666667,6575.166666666667,1.5998856666666665,100.0,58.5,299.0,299.0,306.36000000002093,0.0,1.0,4.0,947,1,1.0,True
948,-2.6670905833333336,11.642688333333334,0.2990731,288.5,6598.083333333333,1.59834825,100.0,58.0,299.0,299.0,311.76000000002097,0.0,1.0,4.0,948,1,1.0,True
949,-2.6700394545454547,11.88871090909091,0.2970619909090909,288.72727272727275,6592.727272727273,1.5989897272727271,99.81818181818181,58.18181818181818,299.0,295.0,306.0,0.0,1.0,4.0,949,1,1.0,True
950,-2.6914510000000003,12.141685,0.1990275,279.6666666666667,6376.666666666667,1.7635115,97.33333333333333,58.833333333333336,299.0,98.5,298.0799999999581,0.0,1.0,190.0,950,1,1.0,True
951,-2.7496575454545455,12.277991818181818,0.13315772727272726,281.72727272727275,6437.090909090909,2.2321839999999997,95.81818181818181,58.54545454545455,299.0,-32.72727272727273,304.560000000021,0.0,1.0,190.0,951,1,1.0,True
952,-2.8550606666666667,12.337839166666667,0.15492524166666666,280.6666666666667,6412.333333333333,2.8476785000000002,86.75,58.5,299.0,10.75,299.52000000004193,0.0,1.0,190.0,952,1,1.0,True
953,-2.9941721818181817,12.340952727272729,0.1765896090909091,285.54545454545456,6524.454545454545,0.3204926363636364,89.9090909090909,58.45454545454545,201.72727272727272,151.0,146.8799999999581,0.0,1.0,190.0,953,1,1.0,True
954,-3.148388727272727,12.36062,0.12360499090909091,283.90909090909093,6484.636363636364,2.248127363636364,98.27272727272727,58.45454545454545,-40.27272727272727,287.0,305.2799999999581,0.0,1.0,190.0,954,1,1.0,True
955,-3.225051833333333,12.428973333333333,0.11302098333333332,282.5,6450.166666666667,2.266990333333333,87.83333333333333,58.166666666666664,-51.5,278.0,300.96000000002095,0.0,1.0,190.0,955,1,1.0,True
956,-3.2372106666666665,12.554879166666666,0.15481885,283.8333333333333,6477.5,1.7595161666666665,58.583333333333336,58.583333333333336,16.5,292.8333333333333,300.96000000002095,0.0,1.0,190.0,956,1,1.0,True
957,-3.2290717499999997,12.770665000000001,0.245150575,291.75,6678.75,1.5791015,47.25,58.0,243.75,246.0,308.160000000021,0.0,1.0,190.0,957,1,1.0,True
958,-3.2151372727272727,13.010528181818183,0.2773378181818182,291.72727272727275,6668.0,1.636510181818182,40.27272727272727,58.0,299.0,255.1818181818182,312.11999999993714,0.0,1.0,190.0,958,1,1.0,True
959,-3.2183364166666664,13.273399166666666,0.28946558333333333,291.25,6656.833333333333,1.6649009166666666,55.666666666666664,58.0,299.0,279.5,306.360000000021,0.0,1.0,190.0,959,1,1.0,True
960,-3.236696454545455,13.512458181818182,0.2977968,290.3636363636364,6629.909090909091,1.6634537272727272,67.27272727272727,58.0,299.0,296.0,156.6,0.0,1.0,190.0,960,1,1.0,True
961,-3.274357454545455,13.813034545454544,0.29748736363636363,291.09090909090907,6650.0,1.636586090909091,87.63636363636364,58.0,298.54545454545456,296.27272727272725,308.160000000021,0.0,1.0,190.0,961,1,1.0,True
962,-3.2881758333333333,14.093175833333333,0.2975131583333333,290.0833333333333,6631.0,1.6338495833333333,96.91666666666667,58.0,295.3333333333333,299.0,311.40000000000003,0.0,1.0,194.0,962,1,1.0,True
963,-3.3017076666666667,14.386678333333334,0.2972295333333333,288.6666666666667,6600.333333333333,1.626272,99.0,58.0,294.6666666666667,299.0,310.32000000004194,0.0,1.0,194.0,963,1,1.0,True
964,-3.3149040833333334,14.652428333333333,0.29715864999999997,291.4166666666667,6672.0,1.6202120833333333,98.75,58.0,294.75,299.0,306.3599999999162,0.0,1.0,194.0,964,1,1.0,True
965,-3.3233237272727276,14.938714545454546,0.2972553272727273,290.54545454545456,6644.0,1.6132096363636363,98.0,58.0,296.27272727272725,298.27272727272725,311.76000000002097,0.0,1.0,194.0,965,1,1.0,True
966,-3.3285858333333334,15.214185,0.29822224999999997,288.5,6596.5,1.6127675000000001,94.83333333333333,58.0,298.3333333333333,297.6666666666667,309.6,0.0,1.0,194.0,966,1,1.0,True
967,-3.3405673636363633,15.51895090909091,0.29667523636363635,287.3636363636364,6563.272727272727,1.6075093636363638,93.0909090909091,58.0,297.27272727272725,295.72727272727275,308.52000000004193,0.0,1.0,194.0,967,1,1.0,True
968,-3.35816225,15.816528333333332,0.29790315,290.25,6629.0,1.6005515,88.25,58.0,296.6666666666667,299.0,307.0799999999581,0.0,1.0,194.0,968,1,1.0,True
969,-3.366711,16.09505,0.29907305,293.0,6705.5,1.5962210000000001,87.0,58.0,298.5,299.0,155.88000000006286,0.0,1.0,194.0,969,1,1.0,True
970,-3.37642875,16.359765833333334,0.29910855,290.5,6645.25,1.5914281666666668,87.5,58.0,299.0,299.0,309.2399999999791,0.0,1.0,194.0,970,1,1.0,True
971,-3.382513833333333,16.647364999999997,0.29843491666666666,285.8333333333333,6529.5,1.5943826666666665,86.5,58.0,297.5,299.0,306.36000000002093,0.0,1.0,194.0,971,1,1.0,True
972,-3.3805059090909086,16.92724909090909,0.29884104545454543,286.45454545454544,6556.454545454545,1.6013909090909093,91.36363636363636,58.0,298.45454545454544,299.0,306.0,0.0,1.0,38.0,972,1,1.0,True
973,-3.3880105,17.2308575,0.2992858,292.0,6673.75,1.6012052499999998,96.5,58.0,299.0,299.0,309.6,0.0,1.0,42.0,973,1,1.0,True
974,-3.3975111818181816,17.527586363636363,0.2987636454545454,291.72727272727275,6661.636363636364,1.6003193636363635,97.72727272727273,58.0,298.27272727272725,299.0,309.6,0.0,1.0,154.0,974,1,1.0,True
975,-3.4037453636363635,17.788645454545456,0.2991504090909091,289.1818181818182,6609.727272727273,1.5997787272727273,98.63636363636364,58.0,298.6363636363636,299.0,307.8,0.0,1.0,142.0,975,1,1.0,True
976,-3.4096757272727274,18.06138,0.2990731,290.45454545454544,6650.818181818182,1.5990119999999999,97.36363636363636,58.0,299.0,299.0,157.31999999993715,0.0,1.0,146.0,976,1,1.0,True
977,-3.4184852727272728,18.347875454545456,0.29868632727272726,289.1818181818182,6613.272727272727,1.5956724545454544,95.0,58.0,299.0,298.09090909090907,307.8,0.0,1.0,70.0,977,1,1.0,True
978,-3.421272416666667,18.652468333333335,0.29900219166666664,292.25,6680.666666666667,1.599577,96.33333333333333,58.0,299.0,298.8333333333333,312.4800000000629,0.0,1.0,70.0,978,1,1.0,True
979,-3.422500454545455,18.908375454545453,0.29845424545454546,288.54545454545456,6595.090909090909,1.6043044545454543,98.27272727272727,58.0,299.0,297.54545454545456,307.0799999999581,0.0,1.0,70.0,979,1,1.0,True
980,-3.4266872727272726,19.192421818181817,0.2986476,287.90909090909093,6586.272727272727,1.6085979090909093,99.81818181818181,58.0,298.72727272727275,298.27272727272725,311.03999999997905,0.0,1.0,70.0,980,1,1.0,True
981,-3.4337319999999996,19.45265090909091,0.2988023454545454,288.6363636363636,6605.181818181818,1.6089353636363635,100.0,58.0,298.72727272727275,298.6363636363636,308.88000000006286,0.0,1.0,70.0,981,1,1.0,True
982,-3.4408423636363636,19.78003181818182,0.29868632727272726,291.3636363636364,6666.363636363636,1.6098913636363639,100.0,58.0,298.6363636363636,298.45454545454544,306.71999999993716,0.0,1.0,70.0,982,1,1.0,True
983,-3.450314818181818,20.03542818181818,0.29802883636363636,289.90909090909093,6637.454545454545,1.6075927272727275,100.0,58.0,296.6363636363636,298.90909090909093,305.63999999997907,0.0,1.0,74.0,983,1,1.0,True
984,-3.4561116666666667,20.342693333333333,0.29886035,287.0,6563.75,1.6069701666666667,100.0,58.0,298.9166666666667,298.5833333333333,309.2400000000838,0.0,1.0,74.0,984,1,1.0,True
985,-3.4625333636363638,20.60097272727273,0.29884100909090905,286.6363636363636,6560.272727272727,1.606654090909091,100.0,58.0,298.45454545454544,299.0,154.0799999999581,0.0,1.0,74.0,985,1,1.0,True
986,-3.471711727272727,20.878574545454544,0.2986862818181818,290.27272727272725,6649.545454545455,1.6044644545454545,100.0,58.0,298.45454545454544,299.0,309.96000000002095,0.0,1.0,74.0,986,1,1.0,True
987,-3.4775175,21.151358333333334,0.29900218333333334,291.1666666666667,6656.5,1.6045298333333333,100.0,58.0,299.0,299.0,310.6799999999581,0.0,1.0,74.0,987,1,1.0,True
988,-3.4843734166666667,21.452855,0.29648504166666667,284.25,6502.083333333333,1.603765,100.0,58.25,296.75,295.9166666666667,304.9200000000419,0.0,1.0,74.0,988,1,1.0,True
989,-3.490502818181818,21.656919090909092,0.15164430545454546,264.90909090909093,6048.090909090909,1.6030917272727272,100.0,59.0,151.8181818181818,151.54545454545453,285.11999999993714,0.0,1.0,74.0,989,1,1.0,True
990,-3.4938369999999996,21.761996666666665,0.095365875,263.5,6004.5,1.6027251666666666,100.0,59.0,95.66666666666667,95.83333333333333,279.0,0.0,1.0,74.0,990,1,1.0,True
991,-3.4939672727272724,21.812337272727273,0.027072436363636362,238.72727272727272,5429.727272727273,1.6024358181818181,100.0,59.0,26.90909090909091,27.272727272727273,248.4,0.0,1.0,74.0,991,1,1.0,True
992,-3.4945056363636366,21.81513,0.0,230.0,5233.0,1.602422,100.0,59.54545454545455,0.0,0.0,120.96000000002095,0.0,1.0,74.0,992,1,1.0,True
993,-3.495687,21.812530000000002,0.0,231.0,5233.0,1.602422,100.0,60.0,0.0,0.0,244.08000000006285,0.0,1.0,74.0,993,1,1.0,True
994,-3.495687,21.812855,0.0,229.5,5209.0,1.602422,100.0,60.0,0.0,0.0,245.51999999993714,0.0,1.0,74.0,994,1,1.0,True
995,-3.4921770000000003,21.81383,0.0,231.0,5233.0,1.6039925,100.0,60.0,0.0,0.0,246.60000000000002,0.0,1.0,74.0,995,1,1.0,True
996,-3.4917870000000004,21.808866363636366,0.0,231.0,5233.0,1.6041670000000001,100.0,60.0,0.0,0.0,244.08000000006285,0.0,1.0,74.0,996,1,1.0,True
997,-3.491787,21.809929999999998,0.0,230.75,5228.25,1.6041669999999997,100.0,60.0,0.0,0.0,246.60000000000002,0.0,1.0,74.0,997,1,1.0,True
998,-3.4917870000000004,21.810993636363637,0.0,229.8181818181818,5223.272727272727,1.6041670000000001,100.0,59.45454545454545,0.0,0.0,246.23999999997903,0.0,1.0,74.0,998,1,1.0,True
999,-3.4917870000000004,21.812766363636364,0.0,229.72727272727272,5222.272727272727,1.6041670000000001,100.0,60.0,0.0,0.0,244.0799999999581,0.0,4.0,74.0,999,1,1.0,True
1000,-3.491787,21.810579999999998,0.0,240.5,5456.0,1.604167,100.0,59.5,0.0,0.0,137.16000000002097,0.0,4.0,72.0,1000,1,1.0,True
1001,-3.4979581818181815,21.821381818181816,0.000425424,274.0,6257.181818181818,1.7448944545454546,98.63636363636364,59.0,97.27272727272727,-96.27272727272727,285.83999999997906,0.0,4.0,72.0,1001,1,1.0,True
1002,-3.521045090909091,21.838994545454543,0.000425424,272.90909090909093,6229.909090909091,2.1015773636363635,86.27272727272727,59.0,100.0,-99.0,288.7200000000419,0.0,4.0,72.0,1002,1,1.0,True
1003,-3.540534727272727,21.853493636363638,0.000425424,274.0,6252.454545454545,2.4296848181818183,77.72727272727273,59.0,100.0,-99.0,288.71999999993716,0.0,4.0,72.0,1003,1,1.0,True
1004,-3.502994166666667,21.8192325,0.000425424,272.25,6213.25,2.788013833333333,73.75,59.0,100.0,-99.0,293.04000000008386,0.0,4.0,72.0,1004,1,1.0,True
1005,-3.479422090909091,21.795583636363634,0.000425424,271.8181818181818,6208.272727272727,1.9513141818181816,82.54545454545455,59.0,100.0,-99.0,288.0,0.0,4.0,72.0,1005,1,1.0,True
1006,-3.48453,21.794984999999997,0.000425424,272.5,6221.0,-2.819888166666667,77.33333333333333,59.0,100.0,-99.0,291.9599999999162,0.0,4.0,72.0,1006,1,1.0,True
1007,-3.4895067272727274,21.79849181818182,0.000425424,273.1818181818182,6232.272727272727,-2.4727137272727275,77.72727272727273,59.0,99.72727272727273,-98.72727272727273,289.8,0.0,4.0,72.0,1007,1,1.0,True
1008,-3.4913860833333334,21.79798666666667,0.0006381368333333333,271.8333333333333,6204.416666666667,-2.0924304166666663,87.25,59.0,87.83333333333333,-86.83333333333333,290.88000000006286,0.0,4.0,72.0,1008,1,1.0,True
1009,-3.4910734545454547,21.79877,0.0004254261818181818,270.0,6160.909090909091,-1.8617004545454543,91.36363636363636,59.0,66.0,-65.0,142.91999999993715,0.0,4.0,72.0,1009,1,1.0,True
1010,-3.4918772727272724,21.79920090909091,0.00042542218181818183,270.3636363636364,6166.545454545455,-1.6538848181818182,96.0909090909091,59.0,50.0,-49.0,289.8,0.0,4.0,72.0,1010,1,1.0,True
1011,-3.4911553636363637,21.781755454545454,0.08527816563636365,271.72727272727275,6201.363636363636,-1.546729,97.0,58.63636363636363,87.0,83.63636363636364,290.52000000004193,0.0,4.0,72.0,1011,1,1.0,True
1012,-3.4887378181818183,21.614978181818184,0.28441527272727274,291.0,6653.0,-1.5498691818181818,97.27272727272727,58.0,280.1818181818182,288.6363636363636,307.0799999999581,0.0,4.0,72.0,1012,1,1.0,True
1013,-3.4903561000000005,21.364752,0.29694594999999996,290.7,6656.7,-1.5523278,98.0,58.0,297.5,296.0,307.44000000008384,0.0,4.0,72.0,1013,1,1.0,True
1014,-3.484595,21.05581833333333,0.2975132,287.8333333333333,6581.166666666667,-1.5499821666666669,97.66666666666667,58.0,298.0,296.3333333333333,306.3599999999162,0.0,4.0,72.0,1014,1,1.0,True
1015,-3.481019272727273,20.764996363636364,0.2984929727272727,287.8181818181818,6586.545454545455,-1.5449958181818182,99.63636363636364,58.0,299.0,297.54545454545456,306.7200000000419,0.0,4.0,72.0,1015,1,1.0,True
1016,-3.474279166666667,20.4827725,0.29917944166666666,290.5,6641.083333333333,-1.5442249166666666,100.0,58.0,299.0,298.8333333333333,312.12000000004195,0.0,4.0,72.0,1016,1,1.0,True
1017,-3.469184,20.208599999999997,0.2984349,292.0,6680.5,-1.5427425,100.0,58.0,298.5,298.0,157.67999999995808,0.0,4.0,72.0,1017,1,1.0,True
1018,-3.4610299999999996,19.93167166666667,0.2986476,287.75,6575.25,-1.5432486666666667,100.0,58.0,298.0,299.0,307.8,0.0,4.0,68.0,1018,1,1.0,True
1019,-3.4477263333333332,19.63627,0.2980095,284.6666666666667,6503.0,-1.5483443333333333,100.0,58.0,296.5,299.0,309.2399999999791,0.0,4.0,68.0,1019,1,1.0,True
1020,-3.4437719090909087,19.368084545454543,0.2987636727272727,287.0,6568.636363636364,-1.5506472727272729,100.0,58.0,298.8181818181818,298.45454545454544,302.76000000002097,0.0,4.0,68.0,1020,1,1.0,True
1021,-3.441814090909091,19.079235454545454,0.2983768909090909,292.6363636363636,6692.818181818182,-1.5459674545454545,99.81818181818181,58.0,299.0,297.3636363636364,312.83999999997906,0.0,4.0,68.0,1021,1,1.0,True
1022,-3.4367435,18.799145,0.2985058333333333,291.3333333333333,6658.833333333333,-1.5431381666666668,99.33333333333333,58.0,299.0,297.1666666666667,309.96000000002095,0.0,4.0,68.0,1022,1,1.0,True
1023,-3.4319804545454544,18.495580909090908,0.29771941818181813,289.1818181818182,6605.909090909091,-1.5399578181818183,98.18181818181819,58.0,298.72727272727275,296.6363636363636,303.47999999995807,0.0,4.0,68.0,1023,1,1.0,True
1024,-3.4211589166666667,18.230363333333333,0.2985413083333333,286.5833333333333,6559.916666666667,-1.5418086666666666,99.83333333333333,58.0,297.75,299.0,310.6800000000629,0.0,4.0,140.0,1024,1,1.0,True
1025,-3.4120865,17.92463,0.29886035,287.5,6579.0,-1.544205,98.5,58.0,298.5,299.0,150.4799999999581,0.0,4.0,140.0,1025,1,1.0,True
1026,-3.4029629999999997,17.66740916666667,0.26340835,287.1666666666667,6564.833333333333,-1.5523317499999998,99.5,58.0,240.16666666666666,286.5,309.6,0.0,4.0,168.0,1026,1,1.0,True
1027,-3.4154815,17.46221,0.15620151666666668,284.6666666666667,6514.5,-1.7846285,97.83333333333333,58.0,18.666666666666668,293.3333333333333,299.88000000006286,0.0,4.0,168.0,1027,1,1.0,True
1028,-3.4660567272727274,17.362124545454545,0.10535046363636363,281.54545454545456,6430.454545454545,-2.3237344545454546,95.63636363636364,58.0,-64.72727272727273,275.1818181818182,302.4,0.0,4.0,164.0,1028,1,1.0,True
1029,-3.5535387272727275,17.314709999999998,0.12801393636363637,284.27272727272725,6492.272727272727,-1.7786268181818181,96.72727272727273,58.0,-25.636363636363637,281.54545454545456,299.1599999999162,0.0,4.0,164.0,1029,1,1.0,True
1030,-3.7375396666666667,17.32935,0.22107866666666665,292.3333333333333,6690.166666666667,2.0666621666666667,85.83333333333333,58.0,216.33333333333334,225.33333333333334,309.2400000000838,0.0,4.0,182.0,1030,1,1.0,True
1031,-3.97080775,17.306726666666666,0.28716118333333335,295.8333333333333,6789.166666666667,-3.1007259166666667,90.58333333333333,58.0,298.75,274.8333333333333,310.6799999999581,0.0,4.0,182.0,1031,1,1.0,True
1032,-4.246563818181818,17.289306363636364,0.29663656363636365,290.72727272727275,6659.454545454545,-3.0922970909090908,95.0,58.0,293.8181818181818,299.0,158.03999999997905,0.0,4.0,182.0,1032,1,1.0,True
1033,-4.535409,17.29453,0.29779675,291.0,6646.5,-3.0850615,98.0,58.0,296.0,299.0,308.16000000002094,0.0,4.0,186.0,1033,1,1.0,True
1034,-4.822618454545455,17.281437272727274,0.2398617818181818,280.1818181818182,6399.090909090909,-3.0898275454545456,99.54545454545455,58.36363636363637,238.72727272727272,240.8181818181818,303.12000000004195,0.0,4.0,186.0,1034,1,1.0,True
1035,-4.975656999999999,17.277732727272728,0.10353274909090909,262.6363636363636,5986.0,-3.0916623636363636,99.36363636363636,59.0,103.45454545454545,103.54545454545455,280.0799999999581,0.0,4.0,186.0,1035,1,1.0,True
1036,-5.071829500000001,17.273061,0.07227953039999999,256.1,5833.6,-3.0925335,100.0,59.3,72.2,72.7,281.52000000004193,0.0,4.0,186.0,1036,1,1.0,True
1037,-5.107814,17.2713,0.0028077984,230.2,5233.7,-3.093009,100.0,59.3,2.7,2.7,242.63999999997904,0.0,4.0,186.0,1037,1,1.0,True
1038,-5.107814,17.2713,0.0,228.0,5187.2,-3.093009,100.0,59.0,0.0,0.0,241.91999999993715,0.0,4.0,186.0,1038,1,1.0,True
1039,-5.107814,17.2713,0.0,228.7,5198.5,-3.093009,100.0,59.0,0.0,0.0,243.36000000002096,0.0,4.0,186.0,1039,1,1.0,True
1040,-5.107814,17.2713,0.0,229.4,5209.0,-3.093009,100.0,59.0,0.0,0.0,123.83999999997904,0.0,4.0,186.0,1040,1,1.0,True
1041,-5.107814,17.27,0.0,230.0,5226.5,-3.093009,100.0,59.0,0.0,0.0,243.36000000002096,0.0,4.0,186.0,1041,1,1.0,True
1042,-5.107814,17.2687,0.0,248.5,5671.0,-3.093009,100.0,59.0,0.0,0.0,255.60000000000002,0.0,1.0,184.0,1042,1,1.0,True
1043,-5.107172,17.263251666666665,0.00035451999999999993,270.6666666666667,6187.5,-2.9625573333333333,97.83333333333333,58.166666666666664,80.83333333333333,-80.0,289.8,0.0,1.0,184.0,1043,1,1.0,True
1044,-5.112781181818182,17.24184818181818,0.000425424,272.54545454545456,6224.181818181818,-2.642771909090909,79.72727272727273,58.54545454545455,100.0,-99.0,288.7200000000419,0.0,1.0,184.0,1044,1,1.0,True
1045,-5.111054090909091,17.24514272727273,0.000425424,271.8181818181818,6211.272727272727,-2.283839181818182,71.18181818181819,58.54545454545455,100.0,-99.0,294.83999999997906,0.0,1.0,184.0,1045,1,1.0,True
1046,-5.099914454545455,17.25618818181818,0.000425424,272.09090909090907,6212.090909090909,-1.9178082727272725,86.9090909090909,58.54545454545455,100.0,-99.0,289.0799999999581,0.0,1.0,184.0,1046,1,1.0,True
1047,-5.0946656363636365,17.258963636363635,0.000425424,272.09090909090907,6212.090909090909,-1.5660319090909092,96.0,58.54545454545455,100.0,-99.0,293.0400000000838,0.0,1.0,184.0,1047,1,1.0,True
1048,-5.0910638181818175,17.25716,0.000425424,272.09090909090907,6212.090909090909,-1.2431510000000001,96.9090909090909,58.54545454545455,100.0,-99.0,145.8,0.0,1.0,184.0,1048,1,1.0,True
1049,-5.106194909090909,17.252513636363634,0.000425424,274.90909090909093,6277.0,-0.8613450363636364,79.9090909090909,58.0,100.0,-99.0,291.9599999999162,0.0,1.0,184.0,1049,1,1.0,True
1050,-5.130707636363637,17.247524545454546,0.0004254225454545454,273.09090909090907,6230.454545454545,-0.5580218181818182,56.63636363636363,58.36363636363637,90.0,-89.0,288.7200000000419,0.0,1.0,184.0,1050,1,1.0,True
1051,-5.132837333333334,17.263273333333334,0.0006381358333333333,270.6666666666667,6182.166666666667,-0.26405116666666667,55.833333333333336,58.5,63.333333333333336,-61.833333333333336,285.47999999995807,0.0,1.0,184.0,1051,1,1.0,True
1052,-5.100510363636364,17.267532727272727,0.00030939818181818183,267.8181818181818,6109.0,-0.0690069,78.54545454545455,59.0,39.54545454545455,-38.81818181818182,284.4,0.0,1.0,184.0,1052,1,1.0,True
1053,-5.0675305,17.26579,0.10731320500000001,275.5,6290.0,0.0331366025,95.5,58.25,106.25,108.5,290.88000000006286,0.0,1.0,184.0,1053,1,1.0,True
1054,-4.8974063333333335,17.263434999999998,0.2868775666666667,289.0,6599.833333333333,0.022887003333333333,98.16666666666667,58.0,281.5,292.0,311.03999999997905,0.0,1.0,184.0,1054,1,1.0,True
1055,-4.594222272727273,17.26416818181818,0.2976421,288.1818181818182,6583.909090909091,0.019254085454545457,98.9090909090909,58.0,299.0,295.6363636363636,303.1200000000419,0.0,1.0,184.0,1055,1,1.0,True
1056,-4.322165545454546,17.266488181818183,0.2981061909090909,289.09090909090907,6618.818181818182,0.024244872727272725,97.45454545454545,58.0,299.0,296.72727272727275,158.75999999991618,0.0,1.0,180.0,1056,1,1.0,True
1057,-4.041178181818181,17.275176363636362,0.29887969090909094,288.6363636363636,6600.454545454545,0.02516252545454545,98.45454545454545,58.0,298.54545454545456,299.0,307.8,0.0,1.0,180.0,1057,1,1.0,True
1058,-3.7707923636363634,17.282110909090907,0.28371914545454546,284.27272727272725,6494.272727272727,0.02851668181818182,98.0909090909091,58.0,296.3636363636364,271.0,306.36000000002093,0.0,1.0,166.0,1058,1,1.0,True
1059,-3.5594024999999996,17.30491,0.14046085,283.5,6485.166666666667,0.24779159833333333,91.66666666666667,58.0,284.0,-2.8333333333333335,297.0,0.0,1.0,166.0,1059,1,1.0,True
1060,-3.4682659090909094,17.365177272727273,0.10198573818181816,280.72727272727275,6413.818181818182,0.8999178727272727,91.81818181818181,58.0,270.45454545454544,-66.45454545454545,298.0800000000629,0.0,1.0,170.0,1060,1,1.0,True
1061,-3.439046454545455,17.46375909090909,0.15272719090909093,280.90909090909093,6422.181818181818,1.396063909090909,95.81818181818181,58.0,292.45454545454544,13.181818181818182,304.2,0.0,1.0,170.0,1061,1,1.0,True
1062,-3.4390723333333333,17.668413333333334,0.25397813333333336,289.3333333333333,6622.666666666667,1.6157728333333334,97.16666666666667,58.0,258.8333333333333,249.0,313.55999999991616,0.0,1.0,142.0,1062,1,1.0,True
1063,-3.444948363636364,17.919301818181818,0.2923049545454546,290.09090909090907,6642.636363636364,1.5657709090909089,98.27272727272727,58.0,285.54545454545456,298.54545454545456,307.0800000000629,0.0,1.0,146.0,1063,1,1.0,True
1064,-3.4405159999999997,18.223387272727276,0.29624979090909087,289.3636363636364,6628.090909090909,1.5633034545454547,97.0,58.0,299.0,292.90909090909093,156.6,0.0,1.0,146.0,1064,1,1.0,True
1065,-3.4359958181818184,18.472552727272728,0.2958630636363636,287.54545454545456,6581.454545454545,1.5732533636363635,97.9090909090909,58.0,299.0,292.45454545454544,306.36000000002093,0.0,1.0,70.0,1065,1,1.0,True
1066,-3.4365020000000004,18.781196666666666,0.2972650416666667,287.5833333333333,6582.0,1.58432,99.0,58.0,299.0,294.8333333333333,312.47999999995807,0.0,1.0,70.0,1066,1,1.0,True
1067,-3.4369363636363635,19.05829818181818,0.29783547272727273,288.0,6582.727272727273,1.592119,99.36363636363636,58.0,299.0,296.09090909090907,309.6,0.0,1.0,70.0,1067,1,1.0,True
1068,-3.4380552499999997,19.330987500000003,0.29832854999999997,291.0,6661.166666666667,1.5985593333333334,100.0,58.0,299.0,297.25,308.160000000021,0.0,1.0,70.0,1068,1,1.0,True
1069,-3.440762818181818,19.589224545454545,0.2979901818181818,290.6363636363636,6650.818181818182,1.601887909090909,100.0,58.0,299.0,296.27272727272725,308.160000000021,0.0,1.0,70.0,1069,1,1.0,True
1070,-3.4501469090909094,19.91334181818182,0.29895702727272727,288.72727272727275,6606.363636363636,1.603551727272727,100.0,58.0,298.45454545454544,299.0,306.0,0.0,1.0,70.0,1070,1,1.0,True
1071,-3.457315363636364,20.192276363636363,0.29884100909090905,287.45454545454544,6579.545454545455,1.6031202727272729,100.0,58.0,298.45454545454544,299.0,305.63999999997907,0.0,1.0,74.0,1071,1,1.0,True
1072,-3.463265,20.4751325,0.29910855,289.75,6631.75,1.602833333333333,100.0,58.0,299.0,299.0,311.76000000002097,0.0,1.0,74.0,1072,1,1.0,True
1073,-3.469123909090909,20.77151818181818,0.2991117272727273,290.6363636363636,6652.909090909091,1.6016661818181817,100.0,58.0,299.0,298.54545454545456,155.15999999991618,0.0,1.0,74.0,1073,1,1.0,True
1074,-3.475139363636363,21.012067272727275,0.2990344181818182,289.90909090909093,6637.818181818182,1.6034554545454547,100.0,58.0,299.0,298.90909090909093,305.64000000008383,0.0,1.0,74.0,1074,1,1.0,True
1075,-3.483131,21.325435,0.29893126666666664,287.6666666666667,6582.833333333333,1.6029790000000002,100.0,58.0,298.6666666666667,299.0,310.3199999999372,0.0,1.0,74.0,1075,1,1.0,True
1076,-3.489062272727273,21.571036363636363,0.2394750272727273,271.27272727272725,6192.818181818182,1.601577090909091,100.0,58.0,239.63636363636363,239.27272727272728,291.96000000002095,0.0,1.0,74.0,1076,1,1.0,True
1077,-3.49235375,21.7151125,0.100506425,259.0,5907.5,1.6022402500000001,100.0,58.25,101.0,100.75,284.76000000002097,0.0,1.0,74.0,1077,1,1.0,True
1078,-3.490918666666667,21.77163333333333,0.033041259999999996,238.5,5423.666666666667,1.6028155,100.0,59.0,33.333333333333336,33.0,252.71999999993716,0.0,1.0,74.0,1078,1,1.0,True
1079,-3.48987,21.77545,0.0,237.7,5411.1,1.601048,100.0,59.0,0.0,0.0,250.2,0.0,3.0,74.0,1079,1,1.0,True
1080,-3.4898700000000002,21.77532,0.0,230.0909090909091,5238.727272727273,1.601999818181818,100.0,59.0,0.0,0.0,242.64000000008383,0.0,3.0,74.0,1080,1,1.0,True
1081,-3.48987,21.767519999999998,0.0,224.5,5105.0,1.6027929999999997,100.0,59.0,0.0,0.0,119.51999999993714,0.0,3.0,74.0,1081,1,1.0,True
1082,-3.492233636363636,21.773665454545455,0.0,223.8181818181818,5094.363636363636,1.6012066363636364,100.0,59.0,0.0,0.0,242.28000000006287,0.0,3.0,74.0,1082,1,1.0,True
1083,-3.49247,21.77721090909091,0.0,222.54545454545453,5061.0,1.601048,100.0,59.0,0.0,0.0,237.9599999999162,0.0,3.0,74.0,1083,1,1.0,True
1084,-3.4924699999999995,21.77813666666667,0.0,224.16666666666666,5097.333333333333,1.6010479999999998,100.0,59.25,0.0,0.0,237.60000000000002,0.0,3.0,74.0,1084,1,1.0,True
1085,-3.4924699999999995,21.777919999999998,0.0,224.25,5092.25,1.6010479999999998,100.0,59.5,0.0,0.0,239.0400000000838,0.0,3.0,74.0,1085,1,1.0,True
1086,-3.4924699999999995,21.77705333333333,0.0,224.33333333333334,5092.666666666667,1.6010479999999998,100.0,59.5,0.0,0.0,239.7599999999162,0.0,3.0,74.0,1086,1,1.0,True
1087,-3.490243,21.773608333333332,0.0,225.33333333333334,5116.25,1.6010479999999998,68.33333333333333,59.416666666666664,0.0,0.0,237.6,0.0,3.0,74.0,1087,1,1.0,True
1088,-3.492542,21.774303636363637,0.0,223.63636363636363,5076.545454545455,1.601048,91.27272727272727,59.54545454545455,0.0,0.0,241.56000000002098,0.0,3.0,74.0,1088,1,1.0,True
1089,-3.4925419999999994,21.77129,0.0,224.0,5085.5,1.601048,99.5,59.5,0.0,0.0,116.63999999997905,0.0,3.0,74.0,1089,1,1.0,True
1090,-3.4912983636363637,21.77234909090909,0.0,223.63636363636363,5076.545454545455,1.601682181818182,80.72727272727273,59.54545454545455,0.0,0.0,242.64000000008383,0.0,3.0,74.0,1090,1,1.0,True
1091,-3.4949006666666667,21.779323333333334,0.0,223.0,5062.833333333333,1.6006980000000002,97.33333333333333,59.833333333333336,0.0,0.0,237.60000000000002,0.0,3.0,74.0,1091,1,1.0,True
1092,-3.494624909090909,21.77906727272727,0.0,224.72727272727272,5102.909090909091,1.600698,99.81818181818181,59.45454545454545,0.0,0.0,240.4799999999581,0.0,3.0,74.0,1092,1,1.0,True
1093,-3.492734,21.77883090909091,0.0,224.36363636363637,5096.363636363636,1.600698,100.0,59.45454545454545,0.0,0.0,238.32000000004192,0.0,3.0,74.0,1093,1,1.0,True
1094,-3.492734,21.779303636363636,0.0,224.36363636363637,5094.454545454545,1.600698,100.0,59.45454545454545,0.0,0.0,236.8799999999581,0.0,3.0,74.0,1094,1,1.0,True
1095,-3.4941106666666664,21.774514166666666,0.0,224.66666666666666,5101.916666666667,1.6006980000000002,99.25,60.0,0.0,0.0,240.4799999999581,0.0,3.0,74.0,1095,1,1.0,True
1096,-3.498344909090909,21.750975454545454,0.0,224.36363636363637,5095.0,1.6016503636363637,72.45454545454545,59.45454545454545,0.0,0.0,118.08000000006287,0.0,3.0,74.0,1096,1,1.0,True
1097,-3.4942539999999997,21.77192090909091,0.0,223.63636363636363,5076.545454545455,1.600698,76.54545454545455,59.54545454545455,0.0,0.0,238.31999999993712,0.0,3.0,74.0,1097,1,1.0,True
1098,-3.4924812727272725,21.776884545454546,0.0,224.36363636363637,5094.454545454545,1.6014916363636365,98.0909090909091,59.45454545454545,0.0,0.0,239.76000000002097,0.0,3.0,74.0,1098,1,1.0,True
1099,-3.491220666666667,21.77566333333333,0.0,223.0,5058.833333333333,1.601862,99.83333333333333,59.833333333333336,0.0,0.0,241.9200000000419,0.0,3.0,74.0,1099,1,1.0,True
1100,-3.6887811999999998,21.717039,0.0,229.3,5211.4,0.333011856,20.0,59.5,0.0,0.0,240.11999999993714,0.0,3.0,74.0,1100,1,1.0,True
1101,-4.248306181818182,21.636093636363636,0.0,229.27272727272728,5215.909090909091,0.11359081454545454,0.5454545454545454,59.45454545454545,0.0,0.0,246.96000000002095,0.0,3.0,74.0,1101,1,1.0,True
1102,-4.831942545454545,21.437744545454546,0.0,230.1818181818182,5236.181818181818,0.11317937272727273,1.0909090909090908,59.45454545454545,0.0,0.0,243.0,0.0,3.0,74.0,1102,1,1.0,True
1103,-5.115222,21.414160000000003,0.0,226.1818181818182,5140.636363636364,0.09145151272727273,24.272727272727273,59.45454545454545,0.0,0.0,241.56000000002095,0.0,3.0,74.0,1103,1,1.0,True
1104,-3.5188940000000004,21.49494,0.0,224.8,5105.2,-1.7706111759999998,18.6,59.4,0.0,0.0,117.7200000000419,0.0,3.0,74.0,1104,1,1.0,True
1105,-3.5188940000000004,21.49494,0.0,223.2,5065.8,-2.944197,3.2,59.6,0.0,0.0,237.6,0.0,3.0,74.0,1105,1,1.0,True
1106,-3.5188940000000004,21.49494,0.0,224.0,5085.5,-1.9353202,2.8,59.5,0.0,0.0,240.11999999993714,0.0,3.0,74.0,1106,1,1.0,True
1107,-3.5188940000000004,21.49494,0.0,223.4,5066.9,1.2684988000000001,3.6,59.8,0.0,0.0,239.76000000002097,0.0,3.0,74.0,1107,1,1.0,True
1108,-3.5114212727272727,21.523358181818182,0.0,227.0909090909091,5158.272727272727,1.5939748181818183,25.09090909090909,59.45454545454545,0.0,0.0,238.32000000004192,0.0,3.0,74.0,1108,1,1.0,True
1109,-3.4911697499999996,21.635215,0.0,224.0,5089.0,1.601151,94.5,59.5,0.0,0.0,239.4,0.0,3.0,74.0,1109,1,1.0,True
1110,-3.4816355,21.47211,0.0,227.0,5149.5,1.6006856666666665,94.33333333333333,59.5,0.0,0.0,241.91999999993715,0.0,3.0,74.0,1110,1,1.0,True
1111,-3.4907105454545455,21.45652909090909,0.0,224.36363636363637,5094.454545454545,1.6004529999999997,83.36363636363636,59.45454545454545,0.0,0.0,237.96000000002095,0.0,3.0,74.0,1111,1,1.0,True
1112,-3.6211827272727275,21.256763636363637,0.0,224.36363636363637,5094.454545454545,1.6004529999999997,88.27272727272727,59.45454545454545,0.0,0.0,120.23999999997905,0.0,3.0,74.0,1112,1,1.0,True
1113,-3.498273181818182,21.31036818181818,0.0,228.0,5187.818181818182,1.5975018181818184,33.90909090909091,59.45454545454545,0.0,0.0,243.0,0.0,3.0,74.0,1113,1,1.0,True
1114,-3.4805068181818184,21.659022727272728,0.0,226.9090909090909,5155.636363636364,1.6009923636363637,84.45454545454545,60.0,0.0,0.0,239.4,0.0,3.0,74.0,1114,1,1.0,True
1115,-3.48401,21.63858666666667,0.0,223.33333333333334,5067.166666666667,1.6102266666666667,67.0,60.0,0.0,0.0,242.28000000006287,0.0,3.0,74.0,1115,1,1.0,True
1116,-3.4872867999999997,21.47374,0.0,225.5,5112.7,1.6054438999999998,70.8,60.0,0.0,0.0,237.23999999997903,0.0,3.0,74.0,1116,1,1.0,True
1117,-3.491987,21.546335454545453,0.0,224.63636363636363,5101.545454545455,1.600801,94.27272727272727,59.45454545454545,0.0,0.0,239.4,0.0,3.0,74.0,1117,1,1.0,True
1118,-3.493503,21.62642333333333,0.0,224.0,5085.5,1.600801,97.83333333333333,60.0,0.0,0.0,239.4,0.0,3.0,74.0,1118,1,1.0,True
1119,-3.4924593636363634,21.70127181818182,0.0,224.36363636363637,5094.454545454545,1.600801,99.63636363636364,59.45454545454545,0.0,0.0,236.8799999999581,0.0,3.0,74.0,1119,1,1.0,True
1120,-3.491987,21.77029,0.0,224.36363636363637,5094.454545454545,1.600801,100.0,59.45454545454545,0.0,0.0,120.96000000002095,0.0,3.0,74.0,1120,1,1.0,True
1121,-3.491987,21.77619909090909,0.0,223.63636363636363,5076.545454545455,1.600801,100.0,59.54545454545455,0.0,0.0,237.60000000000002,0.0,3.0,74.0,1121,1,1.0,True
1122,-3.491690636363636,21.773626363636364,0.0,224.36363636363637,5091.272727272727,1.6019846363636363,68.18181818181819,59.54545454545455,0.0,0.0,244.43999999997905,0.0,3.0,74.0,1122,1,1.0,True
1123,-3.491661,21.774739999999998,0.0,223.0,5060.5,1.6021030000000003,95.33333333333333,59.833333333333336,0.0,0.0,240.1200000000419,0.0,3.0,74.0,1123,1,1.0,True
1124,-3.491661,21.773794545454546,0.0,224.54545454545453,5097.272727272727,1.6021029999999998,99.81818181818181,59.45454545454545,0.0,0.0,238.31999999993712,0.0,3.0,74.0,1124,1,1.0,True
1125,-3.491661,21.773530909090912,0.0,224.36363636363637,5096.909090909091,1.6021029999999998,100.0,60.0,0.0,0.0,238.68000000006288,0.0,3.0,74.0,1125,1,1.0,True
1126,-3.491661,21.773506666666666,0.0,224.0,5085.5,1.6021030000000003,100.0,59.5,0.0,0.0,237.23999999997906,0.0,3.0,74.0,1126,1,1.0,True
1127,-3.4916609999999997,21.77329,0.0,224.8,5105.2,1.602103,100.0,59.4,0.0,0.0,120.60000000000001,0.0,3.0,74.0,1127,1,1.0,True
1128,-3.491661,21.772315000000003,0.0,224.0,5085.5,1.6021030000000003,100.0,60.0,0.0,0.0,356.03999999997905,0.0,3.0,74.0,1128,1,1.0,True
1129,-3.491661,21.775417272727275,0.0,224.54545454545453,5097.454545454545,1.6021029999999998,100.0,59.54545454545455,0.0,0.0,119.16000000002096,0.0,3.0,74.0,1129,1,1.0,True
1130,-3.491661,21.777623333333334,0.0,225.0,5107.75,1.6021030000000003,100.0,59.5,0.0,0.0,240.1200000000419,0.0,3.0,74.0,1130,1,1.0,True
1131,-3.491661,21.778726363636363,0.0,223.0909090909091,5057.909090909091,1.6021029999999998,100.0,59.90909090909091,0.0,0.0,240.11999999993714,0.0,3.0,74.0,1131,1,1.0,True
1132,-3.491661,21.77534833333333,0.0,223.91666666666666,5092.916666666667,1.6021030000000003,100.0,59.416666666666664,0.0,0.0,237.23999999997906,0.0,3.0,74.0,1132,1,1.0,True
1133,-3.562838727272727,21.775698181818182,0.0,225.8181818181818,5134.363636363636,1.6021029999999998,72.72727272727273,59.72727272727273,0.0,0.0,239.76000000002097,0.0,3.0,74.0,1133,1,1.0,True
1134,-3.5579369090909094,21.773821818181816,0.0,226.54545454545453,5149.0,1.6003737272727272,41.27272727272727,59.18181818181818,0.0,0.0,246.23999999997903,0.0,3.0,74.0,1134,1,1.0,True
1135,-3.493400545454546,21.776855454545455,0.0,224.36363636363637,5094.454545454545,1.601034,95.36363636363636,60.0,0.0,0.0,237.96000000002095,0.0,3.0,74.0,1135,1,1.0,True
1136,-3.494346,21.778835,0.0,224.0,5085.5,1.601034,99.58333333333333,60.0,0.0,0.0,238.32000000004192,0.0,3.0,74.0,1136,1,1.0,True
1137,-3.494346,21.77921909090909,0.0,223.63636363636363,5076.545454545455,1.601034,100.0,59.54545454545455,0.0,0.0,120.23999999997905,0.0,3.0,74.0,1137,1,1.0,True
1138,-3.4919823636363634,21.781109999999998,0.0,224.0,5081.636363636364,1.601034,100.0,59.54545454545455,0.0,0.0,239.03999999997905,0.0,3.0,74.0,1138,1,1.0,True
1139,-3.4917459999999996,21.779455454545456,0.0,224.63636363636363,5097.363636363636,1.601034,100.0,59.81818181818182,0.0,0.0,239.76000000002097,0.0,3.0,74.0,1139,1,1.0,True
1140,-3.4921013636363636,21.77605,0.00011602472727272727,250.45454545454547,5704.181818181818,1.6106901818181818,100.0,59.18181818181818,23.727272727272727,-23.454545454545453,263.87999999995816,0.0,3.0,72.0,1140,1,1.0,True
1141,-3.4956822727272727,21.777013636363638,0.000425424,269.90909090909093,6159.454545454545,1.7749501818181819,98.72727272727273,58.81818181818182,96.45454545454545,-95.45454545454545,288.0,0.0,3.0,72.0,1141,1,1.0,True
1142,-3.512318666666667,21.794593333333335,0.000425424,272.5,6221.0,2.132963,85.16666666666667,58.5,100.0,-99.0,291.96000000002095,0.0,3.0,72.0,1142,1,1.0,True
1143,-3.530439090909091,21.81107090909091,0.000425424,272.09090909090907,6208.818181818182,2.4592724545454545,74.9090909090909,58.54545454545455,100.0,-99.0,289.0800000000629,0.0,3.0,72.0,1143,1,1.0,True
1144,-3.4976302500000003,21.769944999999996,0.000425424,272.5,6221.0,2.813286,76.75,58.5,100.0,-99.0,291.6,0.0,3.0,72.0,1144,1,1.0,True
1145,-3.4576465454545455,21.752250909090908,0.000425424,272.45454545454544,6219.454545454545,0.28016481818181815,74.0,58.45454545454545,100.0,-99.0,143.63999999997904,0.0,3.0,72.0,1145,1,1.0,True
1146,-3.473687454545455,21.755923636363637,0.000425424,272.27272727272725,6216.909090909091,-2.7773357272727277,71.45454545454545,58.09090909090909,100.0,-99.0,292.6799999999581,0.0,3.0,72.0,1146,1,1.0,True
1147,-3.4710805454545453,21.75461363636364,0.000425424,274.0,6252.181818181818,-2.445419909090909,64.54545454545455,58.0,100.0,-99.0,288.36000000002093,0.0,3.0,72.0,1147,1,1.0,True
1148,-3.489357272727273,21.759926363636364,0.000657474,270.72727272727275,6173.272727272727,-2.0846933636363634,82.27272727272727,58.54545454545455,85.81818181818181,-84.27272727272727,290.8799999999581,0.0,3.0,72.0,1148,1,1.0,True
1149,-3.490718727272727,21.76138818181818,0.000425424,268.1818181818182,6123.090909090909,-1.836250818181818,90.81818181818181,58.54545454545455,63.09090909090909,-62.09090909090909,286.9200000000419,0.0,3.0,72.0,1149,1,1.0,True
1150,-3.4890896666666666,21.76011,0.00035451899999999997,264.8333333333333,6044.333333333333,-1.6283015,96.83333333333333,58.666666666666664,42.666666666666664,-41.833333333333336,282.6,0.0,3.0,72.0,1150,1,1.0,True
1151,-3.4872295833333333,21.743211666666667,0.08231953916666666,278.8333333333333,6377.75,-1.54255825,97.33333333333333,58.333333333333336,82.58333333333333,82.0,293.76000000002097,0.0,3.0,72.0,1151,1,1.0,True
1152,-3.4865095833333335,21.514155,0.295279675,288.0,6596.25,-1.5529878333333331,97.66666666666667,58.0,291.8333333333333,298.5833333333333,308.160000000021,0.0,3.0,72.0,1152,1,1.0,True
1153,-3.4892577272727276,21.251166363636365,0.297294,287.54545454545456,6581.454545454545,-1.5513152727272725,99.0,58.0,299.0,295.3636363636364,153.0,0.0,3.0,72.0,1153,1,1.0,True
1154,-3.4822419090909094,20.97494272727273,0.2988410181818182,287.54545454545456,6576.909090909091,-1.547940181818182,99.36363636363636,58.0,299.0,298.45454545454544,309.6,0.0,3.0,72.0,1154,1,1.0,True
1155,-3.477959333333333,20.702055,0.2984349,288.8333333333333,6610.0,-1.5463001666666667,100.0,58.0,299.0,297.5,312.11999999993714,0.0,3.0,72.0,1155,1,1.0,True
1156,-3.4746694,20.401603,0.29894543,290.8,6652.8,-1.5442734,100.0,58.0,299.0,298.2,307.4399999999791,0.0,3.0,72.0,1156,1,1.0,True
1157,-3.466365181818182,20.115234545454545,0.2987636727272727,289.3636363636364,6620.181818181818,-1.542915909090909,100.0,58.0,298.8181818181818,298.45454545454544,307.8,0.0,3.0,68.0,1157,1,1.0,True
1158,-3.4547744999999996,19.842901666666666,0.29779680000000003,288.1666666666667,6591.5,-1.5447786666666667,100.0,58.0,296.0,299.0,305.64000000008383,0.0,3.0,68.0,1158,1,1.0,True
1159,-3.446196090909091,19.549554545454544,0.29833827272727276,287.90909090909093,6597.181818181818,-1.5490695454545453,100.0,58.0,297.54545454545456,298.72727272727275,309.2399999999791,0.0,3.0,68.0,1159,1,1.0,True
1160,-3.4458188181818183,19.284439999999996,0.2973326727272727,289.0,6625.727272727273,-1.5471688181818182,100.0,58.0,299.0,294.90909090909093,151.56000000002095,0.0,3.0,68.0,1160,1,1.0,True
1161,-3.4366181818181816,18.964813636363633,0.29930513636363637,289.09090909090907,6617.636363636364,-1.545434090909091,99.54545454545455,58.0,299.0,299.0,310.6799999999581,0.0,3.0,68.0,1161,1,1.0,True
1162,-3.4305524166666665,18.716571666666667,0.29925035,287.25,6576.833333333333,-1.5460405,99.91666666666667,58.0,299.0,299.0,305.27999999995814,0.0,3.0,68.0,1162,1,1.0,True
1163,-3.422845363636364,18.399833636363635,0.29129940909090907,281.90909090909093,6446.909090909091,-1.5468664545454545,100.0,58.0,283.0,299.0,307.08000000006285,0.0,3.0,68.0,1163,1,1.0,True
1164,-3.4315846666666663,18.212213333333334,0.15708780833333333,281.5,6434.25,-1.7586954166666668,98.16666666666667,58.0,25.5,288.8333333333333,297.71999999993716,0.0,3.0,126.0,1164,1,1.0,True
1165,-3.4832182727272727,18.107991818181816,0.09595245090909091,280.09090909090907,6410.818181818182,-2.336849454545455,91.54545454545455,58.0,-75.45454545454545,267.3636363636364,300.96000000002095,0.0,3.0,130.0,1165,1,1.0,True
1166,-3.5643623333333334,18.070178333333335,0.1385464133333333,283.6666666666667,6489.333333333333,-1.8328790000000001,92.0,58.0,-1.3333333333333333,278.0,307.08000000006285,0.0,3.0,130.0,1166,1,1.0,True
1167,-3.7406903,18.077807999999997,0.24712880999999998,294.2,6740.7,2.4516231,85.7,58.0,271.8,222.5,311.4,0.0,3.0,134.0,1167,1,1.0,True
1168,-3.965291636363636,18.0548,0.28352578181818183,297.54545454545456,6825.636363636364,-3.1110452727272726,87.72727272727273,58.0,299.0,267.54545454545456,157.31999999993715,0.0,3.0,134.0,1168,1,1.0,True
1169,-4.2495151818181816,18.04249727272727,0.2979901636363636,287.90909090909093,6590.545454545455,-3.095041363636364,92.45454545454545,58.0,296.45454545454544,299.0,308.160000000021,0.0,3.0,134.0,1169,1,1.0,True
1170,-4.533809916666667,18.0327575,0.29797405000000005,287.3333333333333,6587.583333333333,-3.097789583333333,95.16666666666667,58.0,296.4166666666667,299.0,307.0799999999581,0.0,3.0,138.0,1170,1,1.0,True
1171,-4.817908833333333,18.024456666666666,0.2953151333333333,281.0,6427.5,-3.09927,97.0,58.0,294.1666666666667,296.3333333333333,304.560000000021,0.0,3.0,138.0,1171,1,1.0,True
1172,-5.023462363636363,18.01579272727273,0.1338151790909091,265.3636363636364,6068.090909090909,-3.102915909090909,97.81818181818181,58.0,133.0909090909091,134.72727272727272,283.6800000000629,0.0,3.0,138.0,1172,1,1.0,True
1173,-5.114600833333333,18.015523333333334,0.09490499749999999,263.25,6013.333333333333,-3.1029633333333333,97.41666666666667,58.166666666666664,94.75,95.66666666666667,276.83999999997906,0.0,3.0,138.0,1173,1,1.0,True
1174,-5.168830636363636,18.01408818181818,0.027072436363636362,237.8181818181818,5418.272727272727,-3.102721181818182,98.0,59.0,27.272727272727273,26.90909090909091,246.60000000000002,0.0,3.0,138.0,1174,1,1.0,True
1175,-5.172331,18.01259,0.0,229.4,5221.0,-3.102707,98.0,59.0,0.0,0.0,121.31999999993714,0.0,3.0,138.0,1175,1,1.0,True
1176,-5.172331,18.01259,0.0,230.0,5233.0,-3.102707,98.0,59.0,0.0,0.0,245.5200000000419,0.0,3.0,138.0,1176,1,1.0,True
1177,-5.172331,18.01259,0.0,230.0,5231.5,-3.102707,98.0,59.0,0.0,0.0,243.36000000002096,0.0,3.0,138.0,1177,1,1.0,True
1178,-5.172331,18.01259,0.0,230.0,5233.0,-3.102707,98.0,59.0,0.0,0.0,248.4,0.0,3.0,138.0,1178,1,1.0,True
1179,-5.172331,18.013535454545455,0.0,230.0,5233.0,-3.1027070000000005,98.0,59.0,0.0,0.0,245.8799999999581,0.0,3.0,138.0,1179,1,1.0,True
1180,-5.172331,18.01415,0.0,235.7,5366.2,-3.102707,98.0,59.0,0.0,0.0,253.43999999997905,0.0,1.0,136.0,1180,1,1.0,True
1181,-5.1696373636363635,18.013168181818184,0.0003093992727272727,264.8181818181818,6050.090909090909,-3.023482636363636,96.72727272727273,58.27272727272727,68.9090909090909,-68.18181818181819,287.28000000006284,0.0,1.0,136.0,1181,1,1.0,True
1182,-5.146712833333333,17.997353333333333,0.000425424,272.0,6221.0,-2.7044606666666664,81.16666666666667,58.0,100.0,-99.0,288.71999999993716,0.0,1.0,136.0,1182,1,1.0,True
1183,-5.155203636363637,18.004053636363636,0.000425424,271.6363636363636,6212.090909090909,-2.3281917272727273,86.18181818181819,58.0,100.0,-99.0,288.7200000000419,0.0,1.0,136.0,1183,1,1.0,True
1184,-5.1542496363636365,18.00515181818182,0.000425424,271.6363636363636,6212.090909090909,-2.0000433636363635,87.45454545454545,58.0,100.0,-99.0,146.8799999999581,0.0,1.0,136.0,1184,1,1.0,True
1185,-5.160616,18.004748181818183,0.000425424,272.3636363636364,6229.909090909091,-1.6469337272727274,92.36363636363636,58.0,100.0,-99.0,288.36000000002093,0.0,1.0,136.0,1185,1,1.0,True
1186,-5.1581965,18.003239166666667,0.000425424,272.0,6221.0,-1.2994723333333333,93.66666666666667,58.0,100.0,-99.0,290.88000000006286,0.0,1.0,136.0,1186,1,1.0,True
1187,-5.1627675,18.000678333333333,0.000425424,272.6666666666667,6241.666666666667,-0.9354182833333334,88.83333333333333,58.0,100.0,-99.0,290.8799999999581,0.0,1.0,136.0,1187,1,1.0,True
1188,-5.181549181818182,17.988903636363634,0.00042542181818181813,270.54545454545456,6191.818181818182,-0.6258303545454545,64.0909090909091,58.0,95.36363636363636,-94.36363636363636,288.0,0.0,1.0,136.0,1188,1,1.0,True
1189,-5.181663727272727,18.003534545454546,0.000425424,268.1818181818182,6126.909090909091,-0.32168548181818185,68.45454545454545,58.0,68.0909090909091,-67.0909090909091,288.0,0.0,1.0,136.0,1189,1,1.0,True
1190,-5.1868685,18.01358,0.00042542316666666666,267.6666666666667,6114.333333333333,-0.11608287,58.0,58.0,47.5,-46.5,289.8,0.0,1.0,136.0,1190,1,1.0,True
1191,-5.160812818181818,18.011877272727272,0.030359803636363637,270.27272727272725,6173.818181818182,0.03584753090909091,71.81818181818181,58.0,39.27272727272727,21.727272727272727,286.9200000000419,0.0,1.0,136.0,1191,1,1.0,True
1192,-5.053416818181818,18.01107,0.24570170000000002,288.8181818181818,6623.454545454545,0.029375025454545456,95.63636363636364,58.0,239.8181818181818,252.0909090909091,151.5599999999162,0.0,1.0,136.0,1192,1,1.0,True
1193,-4.745619363636364,18.017032727272728,0.2978741,290.54545454545456,6665.909090909091,0.01781424090909091,96.0,58.0,298.45454545454544,296.72727272727275,311.04000000008386,0.0,1.0,136.0,1193,1,1.0,True
1194,-4.485660090909091,18.016656363636365,0.29826086363636367,288.54545454545456,6611.181818181818,0.023043048181818182,98.18181818181819,58.0,299.0,297.09090909090907,309.2399999999791,0.0,1.0,132.0,1194,1,1.0,True
1195,-4.190753333333333,18.024263333333334,0.2991439833333333,285.8333333333333,6539.166666666667,0.023340114999999998,99.0,58.0,299.0,298.8333333333333,306.36000000002093,0.0,1.0,132.0,1195,1,1.0,True
1196,-3.9194796666666663,18.030935,0.2986122,287.1666666666667,6578.916666666667,0.024328390833333335,99.83333333333333,58.0,299.0,297.75,304.91999999993715,0.0,1.0,132.0,1196,1,1.0,True
1197,-3.6448983636363637,18.03617909090909,0.20381673636363634,278.27272727272725,6365.727272727273,0.08571036545454545,99.81818181818181,58.0,274.09090909090907,133.45454545454547,296.63999999997907,0.0,1.0,128.0,1197,1,1.0,True
1198,-3.5041984545454543,18.081855454545455,0.10244983818181819,281.72727272727275,6446.818181818182,0.6293694090909091,99.0,58.0,273.72727272727275,-68.9090909090909,301.6800000000629,0.0,1.0,128.0,1198,1,1.0,True
1199,-3.45757025,18.151258333333335,0.10795133999999999,280.3333333333333,6417.083333333333,1.1794997833333334,98.83333333333333,58.0,272.0833333333333,-55.833333333333336,298.8,0.0,1.0,124.0,1199,1,1.0,True
1200,-3.451460909090909,18.30430181818182,0.2124412363636364,288.27272727272725,6599.727272727273,1.5849361818181817,92.0909090909091,58.0,263.54545454545456,161.45454545454547,160.91999999993715,0.0,1.0,70.0,1200,1,1.0,True
1201,-3.4565420000000002,18.5487,0.2835451,297.5,6822.0,1.5841655,96.5,58.0,267.5,299.0,314.28000000006284,0.0,1.0,70.0,1201,1,1.0,True
1202,-3.4536409090909093,18.838735454545454,0.29582437272727274,287.0,6585.0,1.5658097272727274,99.81818181818181,58.0,297.72727272727275,293.72727272727275,308.5199999999371,0.0,1.0,70.0,1202,1,1.0,True
1203,-3.447653666666667,19.086250000000003,0.2946061166666667,286.6666666666667,6579.0,1.5734378333333332,100.0,58.0,299.0,289.5,307.0800000000629,0.0,1.0,70.0,1203,1,1.0,True
1204,-3.4439168181818185,19.400593636363638,0.2951282090909091,290.72727272727275,6662.272727272727,1.5877635454545453,100.0,58.0,299.0,290.72727272727275,310.3199999999372,0.0,1.0,70.0,1204,1,1.0,True
1205,-3.4457337777777775,19.64899777777778,0.29722956666666667,288.6666666666667,6621.444444444444,1.5959964444444443,100.0,58.0,299.0,295.0,305.2800000000629,0.0,1.0,70.0,1205,1,1.0,True
1206,-3.453156,19.97292,0.29826089090909086,288.90909090909093,6621.636363636364,1.601080909090909,100.0,58.0,297.3636363636364,298.72727272727275,307.4399999999791,0.0,1.0,74.0,1206,1,1.0,True
1207,-3.460759166666667,20.22438,0.29882489166666665,288.25,6608.583333333333,1.600036,100.0,58.0,298.4166666666667,299.0,309.2399999999791,0.0,1.0,74.0,1207,1,1.0,True
1208,-3.465514454545455,20.51509181818182,0.2986089727272727,290.90909090909093,6671.181818181818,1.6001837272727273,100.0,58.0,299.0,297.90909090909093,151.9200000000419,0.0,1.0,74.0,1208,1,1.0,True
1209,-3.4724507272727267,20.797252727272728,0.2992664636363636,287.54545454545456,6588.0,1.6005577272727272,100.0,58.0,299.0,299.0,306.71999999993716,0.0,1.0,74.0,1209,1,1.0,True
1210,-3.4780005454545457,21.081323636363635,0.2993438090909091,287.3636363636364,6588.909090909091,1.601558090909091,100.0,58.0,299.0,299.0,308.88000000006286,0.0,1.0,74.0,1210,1,1.0,True
1211,-3.4841531666666667,21.355196666666668,0.2994276,288.0,6609.166666666667,1.602377,100.0,58.0,299.0,299.0,309.23999999997903,0.0,1.0,74.0,1211,1,1.0,True
1212,-3.487936727272727,21.613129999999998,0.16061692,268.3636363636364,6145.363636363636,1.6034464545454545,100.0,58.0,160.72727272727272,160.1818181818182,286.20000000000005,0.0,1.0,74.0,1212,1,1.0,True
1213,-3.490397454545455,21.727251818181816,0.09958788545454546,265.27272727272725,6070.272727272727,1.6040513636363636,100.0,58.0,100.0,99.81818181818181,285.47999999995807,0.0,1.0,74.0,1213,1,1.0,True
1214,-3.4898205,21.803483333333332,0.03942262,243.66666666666666,5553.5,1.6046143333333334,100.0,58.666666666666664,39.833333333333336,39.5,258.4800000000629,0.0,1.0,74.0,1214,1,1.0,True
1215,-3.4905695454545453,21.81697909090909,0.0,230.0,5233.0,1.6047690000000001,100.0,59.0,0.0,0.0,246.96000000002095,0.0,1.0,74.0,1215,1,1.0,True
1216,-3.494115,21.81367,0.0,230.0,5233.0,1.604769,100.0,59.0,0.0,0.0,120.60000000000001,0.0,1.0,74.0,1216,1,1.0,True
1217,-3.4941150000000003,21.81485181818182,0.0,230.0,5231.909090909091,1.6047690000000001,100.0,59.0,0.0,0.0,243.35999999991617,0.0,1.0,74.0,1217,1,1.0,True
1218,-3.493169545454545,21.81556090909091,0.0,230.0,5233.0,1.6047690000000001,100.0,59.0,0.0,0.0,245.88000000006286,0.0,1.0,74.0,1218,1,1.0,True
1219,-3.491515,21.813079090909092,0.0,230.0,5233.0,1.6047690000000001,100.0,59.0,0.0,0.0,245.8799999999581,0.0,1.0,74.0,1219,1,1.0,True
1220,-3.491515,21.81627,0.0,230.0,5233.0,1.6047690000000001,100.0,59.0,0.0,0.0,243.36000000002096,0.0,1.0,74.0,1220,1,1.0,True
1221,-3.491515,21.817924545454545,0.0,230.0,5233.0,1.6047690000000001,100.0,59.0,0.0,0.0,245.8799999999581,0.0,1.0,74.0,1221,1,1.0,True
1222,-3.491515,21.814753333333332,0.0,230.0,5233.0,1.604769,100.0,59.0,0.0,0.0,245.88000000006286,0.0,1.0,74.0,1222,1,1.0,True
1223,-3.491515,21.81603363636364,0.0,230.0,5233.0,1.6047690000000001,100.0,59.0,0.0,0.0,243.36000000002096,0.0,1.0,74.0,1223,1,1.0,True
1224,-3.4915150000000006,21.81367,0.0,230.0,5233.0,1.604769,100.0,59.0,0.0,0.0,126.35999999991618,0.0,1.0,74.0,1224,1,1.0,True
1225,-3.4926968181818183,21.81638818181818,0.0,230.0,5233.0,1.6039753636363636,100.0,59.0,0.0,0.0,244.4400000000838,0.0,1.0,74.0,1225,1,1.0,True
1226,-3.4941150000000003,21.81757,0.0,230.0,5233.0,1.603023,100.0,59.0,0.0,0.0,244.8,0.0,1.0,74.0,1226,1,1.0,True
1227,-3.4941150000000003,21.817688181818184,0.0,230.0,5233.0,1.603499181818182,100.0,59.0,0.0,0.0,243.71999999993716,0.0,1.0,74.0,1227,1,1.0,True
1228,-3.4937604545454546,21.81567909090909,0.0,230.0,5233.0,1.6047690000000001,100.0,59.0,0.0,0.0,243.36000000002096,0.0,1.0,74.0,1228,1,1.0,True
1229,-3.4947649999999997,21.81692,0.0,228.5,5200.75,1.6034595000000003,100.0,59.0,0.0,0.0,245.5200000000419,0.0,1.0,74.0,1229,1,1.0,True
1230,-3.495415,21.819303333333334,0.0,228.33333333333334,5195.666666666667,1.603023,100.0,59.0,0.0,0.0,245.51999999993714,0.0,1.0,74.0,1230,1,1.0,True
1231,-3.495198333333333,21.818111666666667,0.0,229.83333333333334,5229.0,1.603023,100.0,59.0,0.0,0.0,243.0,0.0,1.0,74.0,1231,1,1.0,True
1232,-3.492815,21.818111666666667,0.0,228.66666666666666,5200.0,1.603023,100.0,59.0,0.0,0.0,245.5200000000419,0.0,1.0,74.0,1232,1,1.0,True
1233,-3.4928149999999993,21.81822,0.0,230.0,5230.0,1.6030229999999999,100.0,59.0,0.0,0.0,121.6799999999581,0.0,1.0,74.0,1233,1,1.0,True
1234,-3.492815,21.817333636363635,0.0,229.63636363636363,5222.818181818182,1.603657909090909,100.0,59.0,0.0,0.0,247.68000000006288,0.0,1.0,74.0,1234,1,1.0,True
1235,-3.492815,21.81757,0.0,235.16666666666666,5357.333333333333,1.604769,100.0,59.0,0.0,0.0,252.0,0.0,3.0,72.0,1235,1,1.0,True
1236,-3.4936115,21.820983000000002,0.0003403392,268.1,6123.5,1.6965843,100.0,58.2,76.5,-75.7,279.0,0.0,3.0,72.0,1236,1,1.0,True
1237,-3.5042767272727273,21.832053636363636,0.000425424,271.6363636363636,6210.181818181818,1.9763584545454547,95.63636363636364,58.0,100.0,-99.0,294.11999999993714,0.0,3.0,72.0,1237,1,1.0,True
1238,-3.5293654999999995,21.854025000000004,0.000425424,272.0,6221.0,2.3487185,85.83333333333333,58.0,100.0,-99.0,288.36000000002093,0.0,3.0,72.0,1238,1,1.0,True
1239,-3.513016818181818,21.833564545454546,0.000425424,271.6363636363636,6212.090909090909,2.7024203636363637,76.45454545454545,58.0,100.0,-99.0,288.7200000000419,0.0,3.0,72.0,1239,1,1.0,True
1240,-3.467333909090909,21.793337272727275,0.000425424,271.6363636363636,6212.090909090909,3.0102056363636365,74.63636363636364,58.0,100.0,-99.0,146.8799999999581,0.0,3.0,72.0,1240,1,1.0,True
1241,-3.462317,21.790465,0.00042542399999999993,272.0,6221.0,-2.9125284999999996,56.5,58.0,100.0,-99.0,287.63999999997907,0.0,3.0,72.0,1241,1,1.0,True
1242,-3.477030818181818,21.80105818181818,0.000425424,272.3636363636364,6229.909090909091,-2.5758217272727273,66.36363636363636,58.0,100.0,-99.0,290.88000000006286,0.0,3.0,72.0,1242,1,1.0,True
1243,-3.4891544999999997,21.803141666666665,0.00042542066666666667,272.0,6227.0,-2.2002478333333335,85.83333333333333,58.0,94.16666666666667,-93.16666666666667,290.5199999999371,0.0,3.0,72.0,1243,1,1.0,True
1244,-3.488244272727272,21.80392727272727,0.0004254249090909091,268.8181818181818,6156.0,-1.9155249999999997,88.72727272727273,58.0,70.36363636363636,-69.63636363636364,285.83999999997906,0.0,3.0,72.0,1244,1,1.0,True
1245,-3.4895579090909092,21.80270181818182,0.000425422,267.3636363636364,6111.818181818182,-1.7009244545454545,95.0909090909091,58.0,52.0,-51.27272727272727,289.8,0.0,3.0,72.0,1245,1,1.0,True
1246,-3.489521,21.79582333333333,0.033183074,267.6666666666667,6128.666666666667,-1.5604276666666665,97.5,58.0,48.166666666666664,18.166666666666668,286.9200000000419,0.0,3.0,72.0,1246,1,1.0,True
1247,-3.4895864545454547,21.67283090909091,0.2595473272727273,288.1818181818182,6605.454545454545,-1.5474295454545455,97.72727272727273,58.0,254.0909090909091,264.8181818181818,302.4,0.0,3.0,72.0,1247,1,1.0,True
1248,-3.4912868181818184,21.440372727272727,0.2979901636363636,288.90909090909093,6623.272727272727,-1.5528117272727273,99.0,58.0,298.09090909090907,297.3636363636364,155.5200000000419,0.0,3.0,72.0,1248,1,1.0,True
1249,-3.486219090909091,21.12783545454545,0.2986476,289.1818181818182,6630.545454545455,-1.548628090909091,99.0,58.0,299.0,298.0,306.3599999999162,0.0,3.0,72.0,1249,1,1.0,True
1250,-3.482055090909091,20.865033636363634,0.29887969090909094,289.0,6618.909090909091,-1.5463497272727273,99.36363636363636,58.0,299.0,298.54545454545456,312.12000000004195,0.0,3.0,72.0,1250,1,1.0,True
1251,-3.475724909090909,20.556597272727274,0.2991117272727273,287.09090909090907,6589.0,-1.5443737272727274,100.0,58.0,299.0,298.90909090909093,306.7200000000419,0.0,3.0,72.0,1251,1,1.0,True
1252,-3.469662,20.29929090909091,0.2980674818181818,287.8181818181818,6598.0,-1.5435066363636365,100.0,58.0,297.6363636363636,298.45454545454544,306.71999999993716,0.0,3.0,72.0,1252,1,1.0,True
1253,-3.456367444444444,19.996384444444445,0.2982694666666667,289.77777777777777,6641.333333333333,-1.5482521111111112,100.0,58.0,297.3333333333333,299.0,309.2399999999791,0.0,3.0,68.0,1253,1,1.0,True
1254,-3.4517575,19.708388333333335,0.299144,288.8333333333333,6619.5,-1.5482083333333334,100.0,58.0,299.0,299.0,308.52000000004193,0.0,3.0,68.0,1254,1,1.0,True
1255,-3.447877090909091,19.435250909090907,0.2993438,289.0,6625.636363636364,-1.5472959090909093,100.0,57.45454545454545,299.0,298.72727272727275,306.0,0.0,3.0,68.0,1255,1,1.0,True
1256,-3.4432230909090906,19.156105454545454,0.29849296363636363,289.3636363636364,6628.363636363636,-1.5450946363636364,100.0,57.45454545454545,299.0,297.6363636363636,155.8799999999581,0.0,3.0,68.0,1256,1,1.0,True
1257,-3.4380833636363635,18.878467272727274,0.29887969090909094,287.6363636363636,6608.727272727273,-1.5439095454545453,100.0,57.54545454545455,299.0,298.54545454545456,306.36000000002093,0.0,3.0,68.0,1257,1,1.0,True
1258,-3.4313926363636367,18.575729090909093,0.2989570181818182,288.0,6616.363636363636,-1.5426902727272727,99.45454545454545,57.54545454545455,299.0,298.90909090909093,312.4800000000629,0.0,3.0,68.0,1258,1,1.0,True
1259,-3.4226115,18.330985000000002,0.24575325,281.3333333333333,6447.0,-1.5662308333333332,99.66666666666667,57.833333333333336,204.0,287.0,297.3599999999162,0.0,3.0,126.0,1259,1,1.0,True
1260,-3.448230090909091,18.15663181818182,0.11076490545454547,280.3636363636364,6429.0,-2.004596727272727,94.63636363636364,58.0,-52.54545454545455,273.6363636363636,302.40000000000003,0.0,3.0,130.0,1260,1,1.0,True
1261,-3.5046586363636365,18.092362727272725,0.0997039,281.6363636363636,6454.636363636364,-2.5468523636363636,88.27272727272727,58.0,-69.45454545454545,269.09090909090907,300.2400000000838,0.0,3.0,130.0,1261,1,1.0,True
1262,-3.628376166666667,18.071395,0.1783235333333333,288.6666666666667,6625.833333333333,1.0716513333333335,90.16666666666667,58.0,79.0,277.5,306.0,0.0,3.0,134.0,1262,1,1.0,True
1263,-3.8202615833333335,18.087635833333334,0.25078741666666665,290.0,6659.666666666667,-1.0643225,82.0,57.416666666666664,298.0,203.5,309.9599999999162,0.0,3.0,134.0,1263,1,1.0,True
1264,-4.092613416666667,18.050130833333334,0.29659145,288.75,6621.416666666667,-3.091462416666667,89.83333333333333,57.5,296.5833333333333,296.0833333333333,308.88000000006286,0.0,3.0,134.0,1264,1,1.0,True
1265,-4.3749139999999995,18.036495,0.29737135000000003,286.5,6581.5,-3.097168,93.0,57.5,295.5,299.0,152.63999999997904,0.0,3.0,138.0,1265,1,1.0,True
1266,-4.657631666666666,18.03227,0.2980095,288.5833333333333,6617.916666666667,-3.0966237500000005,97.16666666666667,57.5,296.5,299.0,307.8,0.0,3.0,138.0,1266,1,1.0,True
1267,-4.917394090909091,18.023007272727273,0.22675099999999998,275.45454545454544,6306.636363636364,-3.099351181818182,98.36363636363636,57.90909090909091,225.36363636363637,227.72727272727272,297.36000000002093,0.0,3.0,138.0,1267,1,1.0,True
1268,-5.062988000000001,18.017273636363637,0.09981992909090907,263.90909090909093,6039.818181818182,-3.1010034545454546,98.18181818181819,58.0,99.72727272727273,100.54545454545455,279.0,0.0,3.0,138.0,1268,1,1.0,True
1269,-5.151621454545455,18.014348181818182,0.049774603636363636,254.45454545454547,5821.454545454545,-3.1021143636363635,98.0,58.18181818181818,49.90909090909091,50.18181818181818,272.5199999999371,0.0,3.0,138.0,1269,1,1.0,True
1270,-5.17552,18.0114,0.0,227.8,5189.0,-3.102389,98.0,59.0,0.0,0.0,241.9200000000419,0.0,3.0,138.0,1270,1,1.0,True
1271,-5.17552,18.0114,0.0,227.6,5193.0,-3.102389,98.0,59.0,0.0,0.0,123.4799999999581,0.0,3.0,138.0,1271,1,1.0,True
1272,-5.17552,18.0114,0.0,229.0,5209.0,-3.102389,97.5,59.0,0.0,0.0,241.9200000000419,0.0,3.0,138.0,1272,1,1.0,True
1273,-5.17552,18.0114,0.0,230.0,5228.6,-3.102389,98.0,59.0,0.0,0.0,243.0,0.0,3.0,138.0,1273,1,1.0,True
1274,-5.17552,18.0114,0.0,229.5,5217.2,-3.102389,98.0,59.0,0.0,0.0,244.43999999997905,0.0,3.0,138.0,1274,1,1.0,True
1275,-5.17552,18.0114,0.0,230.0,5232.2,-3.102389,98.0,59.0,0.0,0.0,245.5200000000419,0.0,3.0,138.0,1275,1,1.0,True
1276,-5.174810909090909,18.0114,0.0,235.45454545454547,5360.909090909091,-3.1023890000000005,98.0,59.0,0.0,0.0,256.3199999999372,0.0,13.0,136.0,1276,1,1.0,True
1277,-5.171637636363636,18.01185818181818,0.0003093992727272727,264.54545454545456,6052.545454545455,-3.022223181818182,96.54545454545455,58.27272727272727,70.0,-69.27272727272727,282.6,0.0,13.0,136.0,1277,1,1.0,True
1278,-5.148776833333334,17.997235,0.000425424,272.0,6221.0,-2.7427688333333333,83.83333333333333,58.0,100.0,-99.0,288.36000000002093,0.0,13.0,136.0,1278,1,1.0,True
1279,-5.156235909090909,18.003322727272725,0.000425424,272.1818181818182,6232.272727272727,-2.3516444545454545,84.63636363636364,58.0,100.0,-99.0,288.36000000002093,0.0,13.0,136.0,1279,1,1.0,True
1280,-5.157652090909091,18.004400909090908,0.000425424,271.6363636363636,6212.090909090909,-2.007849909090909,90.0909090909091,58.0,100.0,-99.0,149.76000000002097,0.0,13.0,136.0,1280,1,1.0,True
1281,-5.161195272727273,18.004001818181816,0.000425424,272.90909090909093,6243.545454545455,-1.6556925454545455,93.0,58.0,100.0,-99.0,289.0799999999581,0.0,13.0,136.0,1281,1,1.0,True
1282,-5.160451272727272,18.002423636363634,0.000425424,273.45454545454544,6255.545454545455,-1.3328114545454546,93.36363636363636,58.0,100.0,-99.0,289.8,0.0,13.0,136.0,1282,1,1.0,True
1283,-5.163373833333334,17.998973333333335,0.000425424,272.6666666666667,6241.666666666667,-0.9739589333333333,89.5,58.0,100.0,-99.0,288.0,0.0,13.0,136.0,1283,1,1.0,True
1284,-5.182208272727273,17.99297909090909,0.000425424,271.09090909090907,6204.909090909091,-0.6055281727272728,74.0909090909091,58.0,92.0909090909091,-91.63636363636364,288.0,0.0,13.0,136.0,1284,1,1.0,True
1285,-5.185123909090909,17.99233,0.000425424,268.90909090909093,6157.454545454545,-0.3497815727272728,50.81818181818182,58.0,71.18181818181819,-70.18181818181819,288.7200000000419,0.0,13.0,136.0,1285,1,1.0,True
1286,-5.163137666666667,18.00805,0.0004254226666666667,267.8333333333333,6134.333333333333,-0.13190463166666666,47.833333333333336,58.0,52.666666666666664,-51.666666666666664,286.91999999993715,0.0,13.0,136.0,1286,1,1.0,True
1287,-5.159227818181818,18.009963636363636,0.01898938072727273,266.3636363636364,6096.727272727273,0.026058091818181816,70.72727272727273,58.0,35.72727272727273,2.272727272727273,281.88000000006286,0.0,13.0,136.0,1287,1,1.0,True
1288,-5.041311454545454,18.00949090909091,0.25428755454545454,284.1818181818182,6514.545454545455,0.03303597909090909,97.0909090909091,58.0,246.63636363636363,261.72727272727275,154.8,0.0,13.0,136.0,1288,1,1.0,True
1289,-4.801691636363636,18.01011909090909,0.2984155636363636,286.54545454545456,6578.636363636364,0.022102333636363634,98.0,57.54545454545455,297.90909090909093,298.54545454545456,306.0,0.0,13.0,136.0,1289,1,1.0,True
1290,-4.501782181818181,18.016455454545454,0.2984929090909091,289.09090909090907,6641.727272727273,0.022755540909090908,98.9090909090909,57.0,299.0,297.6363636363636,312.47999999995807,0.0,13.0,136.0,1290,1,1.0,True
1291,-4.220941333333333,18.024425,0.29886033333333334,289.0,6639.0,0.023683350000000002,99.0,57.333333333333336,299.0,298.6666666666667,309.2399999999791,0.0,13.0,132.0,1291,1,1.0,True
1292,-3.9209294545454543,18.033826363636365,0.29903437272727273,287.0,6588.909090909091,0.021671170000000003,99.81818181818181,57.45454545454545,298.45454545454544,299.0,306.36000000002093,0.0,13.0,132.0,1292,1,1.0,True
1293,-3.6692745454545457,18.033799090909092,0.29818355454545453,285.90909090909093,6552.909090909091,0.02378310272727273,99.81818181818181,58.0,299.0,296.8181818181818,305.63999999997907,0.0,13.0,296.0,1293,1,1.0,True
1294,-3.35048,18.041034545454547,0.29887969090909094,290.0,6650.0,0.026932820909090906,99.0,57.27272727272727,299.0,298.8181818181818,306.0,0.0,13.0,292.0,1294,1,1.0,True
1295,-3.0693463636363636,18.042405454545452,0.2991117272727273,292.3636363636364,6705.363636363636,0.030477663636363637,98.45454545454545,57.09090909090909,299.0,298.54545454545456,305.64000000008383,0.0,13.0,304.0,1295,1,1.0,True
1296,-2.808436,18.04782909090909,0.28936565454545454,277.27272727272725,6353.0,0.033654420000000004,99.54545454545455,58.0,289.1818181818182,289.27272727272725,153.71999999993713,0.0,13.0,300.0,1296,1,1.0,True
1297,-2.6386566363636366,18.054119999999998,0.10140560454545455,263.09090909090907,6014.454545454545,0.03302201181818182,100.0,58.0,101.63636363636364,101.63636363636364,279.36000000002093,0.0,13.0,300.0,1297,1,1.0,True
1298,-2.5457455,18.0572025,0.08909087249999999,260.5833333333333,5961.833333333333,0.030905891666666668,100.0,58.0,89.16666666666667,89.58333333333333,281.160000000021,0.0,13.0,300.0,1298,1,1.0,True
1299,-2.5120195454545455,18.057615454545456,0.006768109090909091,231.9090909090909,5300.454545454545,0.030745331818181818,100.0,58.90909090909091,6.7272727272727275,6.818181818181818,249.4799999999581,0.0,13.0,300.0,1299,1,1.0,True
1300,-2.5115,18.05692181818182,0.0,229.0,5233.0,0.0307383,100.0,59.0,0.0,0.0,243.36000000002096,0.0,13.0,300.0,1300,1,1.0,True
1301,-2.5115,18.05834,0.0,229.5,5228.2,0.030738300000000003,100.0,59.0,0.0,0.0,246.96000000002095,0.0,13.0,300.0,1301,1,1.0,True
1302,-2.5091363636363635,18.05834,0.0,229.72727272727272,5227.090909090909,0.0307383,100.0,59.0,0.0,0.0,245.16000000002094,0.0,13.0,300.0,1302,1,1.0,True
1303,-2.5102,18.05834,0.0,229.5,5226.4,0.030738300000000003,100.0,59.0,0.0,0.0,243.71999999993716,0.0,13.0,300.0,1303,1,1.0,True
1304,-2.5102,18.05834,0.0,229.5,5233.0,0.030738300000000003,100.0,59.0,0.0,0.0,120.96000000002095,0.0,13.0,300.0,1304,1,1.0,True
1305,-2.509173181818182,18.057794545454545,0.019337454545454547,247.72727272727272,5648.454545454545,0.027661886363636364,99.54545454545455,58.54545454545455,7.7272727272727275,30.90909090909091,249.1200000000419,0.0,16.0,96.0,1305,1,1.0,True
1306,-2.4546115454545454,18.045847272727272,0.09753810545454546,281.1818181818182,6447.363636363636,-0.22573085545454544,98.45454545454545,58.0,-42.63636363636363,237.8181818181818,301.3199999999372,0.0,16.0,96.0,1306,1,1.0,True
1307,-2.3848171666666667,18.001513333333335,0.10465427999999999,280.5,6431.333333333333,-0.7957285333333334,84.16666666666667,58.0,-63.833333333333336,273.3333333333333,297.36000000002093,0.0,16.0,96.0,1307,1,1.0,True
1308,-2.35418,17.86915,0.17040166363636364,282.45454545454544,6471.363636363636,-1.2718755818181817,59.54545454545455,57.72727272727273,45.90909090909091,295.1818181818182,304.560000000021,0.0,16.0,92.0,1308,1,1.0,True
1309,-2.33238525,17.640137499999998,0.2313243,286.0,6566.0,-1.63412175,61.5,57.5,163.25,299.0,303.83999999997906,0.0,16.0,48.0,1309,1,1.0,True
1310,-2.378733,17.483794545454547,0.16881597272727272,283.0,6500.090909090909,-2.0206843636363634,85.72727272727273,57.54545454545455,41.81818181818182,295.1818181818182,302.76000000002097,0.0,16.0,44.0,1310,1,1.0,True
1311,-2.444227181818182,17.40155909090909,0.10082546363636363,281.8181818181818,6464.363636363636,-2.5021652727272725,95.36363636363636,57.54545454545455,-73.0909090909091,274.45454545454544,299.160000000021,0.0,16.0,44.0,1311,1,1.0,True
1312,-2.5795579166666665,17.35699083333333,0.22189403333333335,290.9166666666667,6683.583333333333,-2.9825587500000004,74.33333333333333,57.083333333333336,147.58333333333334,296.3333333333333,310.6799999999581,0.0,16.0,326.0,1312,1,1.0,True
1313,-2.8207706363636365,17.33835636363636,0.29663652727272727,286.54545454545456,6576.545454545455,-3.0884354545454547,66.0,58.0,299.0,294.27272727272725,153.0,0.0,16.0,330.0,1313,1,1.0,True
1314,-3.0331822727272724,17.341889090909092,0.11664351818181819,264.72727272727275,6054.545454545455,-3.0836870909090908,88.9090909090909,58.0,119.18181818181819,114.0909090909091,286.20000000000005,0.0,16.0,330.0,1314,1,1.0,True
1315,-3.120862333333333,17.33113833333333,0.09862746499999998,262.1666666666667,5996.5,-3.0827934999999997,94.66666666666667,58.0,99.33333333333333,98.5,279.0,0.0,16.0,330.0,1315,1,1.0,True
1316,-3.180439,17.32151,0.019739674,236.0,5389.4,-3.0859144,95.6,58.8,19.6,20.0,255.23999999997906,0.0,16.0,330.0,1316,1,1.0,True
1317,-3.186252545454545,17.32119,0.0,229.0,5228.090909090909,-3.086069,95.0,59.0,0.0,0.0,243.72000000004192,0.0,16.0,330.0,1317,1,1.0,True
1318,-3.1850313333333333,17.320973333333335,0.0,228.83333333333334,5225.833333333333,-3.086069,95.16666666666667,59.0,0.0,0.0,243.0,0.0,16.0,330.0,1318,1,1.0,True
1319,-3.184598,17.32145,0.0,228.6,5215.8,-3.086069,96.0,59.0,0.0,0.0,120.96000000002095,0.0,16.0,330.0,1319,1,1.0,True
1320,-3.184598,17.32249,0.0,228.5,5208.5,-3.086069,96.0,59.0,0.0,0.0,244.8,0.0,16.0,330.0,1320,1,1.0,True
1321,-3.185898,17.321308181818182,0.0,229.0,5233.0,-3.086069,95.54545454545455,59.0,0.0,0.0,243.3599999999162,0.0,16.0,330.0,1321,1,1.0,True
1322,-3.1873170909090907,17.319744545454544,0.030553177272727276,247.63636363636363,5658.909090909091,-3.086157181818182,95.0,58.54545454545455,30.0,30.90909090909091,253.08000000006288,0.0,4.0,318.0,1322,1,1.0,True
1323,-3.3038559999999997,17.316716666666668,0.23589758166666666,284.3333333333333,6520.666666666667,-3.0893311666666663,93.16666666666667,57.666666666666664,234.0,237.5,307.8,0.0,4.0,322.0,1323,1,1.0,True
1324,-3.5822900000000004,17.306005454545456,0.2984542363636364,292.0,6701.090909090909,-3.0958197272727275,92.0909090909091,57.0,297.54545454545456,299.0,310.3199999999371,0.0,4.0,182.0,1324,1,1.0,True
1325,-3.864727454545455,17.290267272727274,0.2980675090909091,290.0,6653.090909090909,-3.1039879090909093,94.45454545454545,57.18181818181818,296.6363636363636,299.0,309.2400000000838,0.0,4.0,182.0,1325,1,1.0,True
1326,-4.1530154999999995,17.276836666666668,0.2977968,286.1666666666667,6566.5,-3.1113251666666666,95.66666666666667,57.5,296.0,299.0,305.63999999997907,0.0,4.0,182.0,1326,1,1.0,True
1327,-4.4600189,17.275682999999997,0.29886035,286.2,6569.4,-3.1065466,97.8,57.5,298.5,299.0,302.76000000002097,0.0,4.0,186.0,1327,1,1.0,True
1328,-4.705949272727273,17.273210000000002,0.2986476,288.90909090909093,6631.363636363636,-3.104144727272727,99.54545454545455,57.45454545454545,298.0,299.0,155.8799999999581,0.0,4.0,186.0,1328,1,1.0,True
1329,-4.950725454545455,17.268704545454543,0.10859916818181818,263.09090909090907,6017.727272727273,-3.103696,100.0,58.0,109.27272727272727,108.72727272727273,290.16000000002094,0.0,4.0,186.0,1329,1,1.0,True
1330,-5.034315818181818,17.265442727272728,0.09954921,262.72727272727275,6016.272727272727,-3.1035699999999995,100.0,58.0,100.0,100.0,278.27999999995814,0.0,4.0,186.0,1330,1,1.0,True
1331,-5.099945181818182,17.26286,0.018099856363636365,231.54545454545453,5286.636363636364,-3.1039488181818182,100.0,58.81818181818182,18.181818181818183,18.181818181818183,257.76000000002097,0.0,4.0,186.0,1331,1,1.0,True
1332,-5.108945,17.26258,0.0,229.0,5227.8,-3.104033,100.0,59.0,0.0,0.0,242.63999999997907,0.0,4.0,186.0,1332,1,1.0,True
1333,-5.1075740909090905,17.26258,0.0,229.0,5229.181818181818,-3.104033,100.0,59.0,0.0,0.0,244.8,0.0,4.0,186.0,1333,1,1.0,True
1334,-5.106865,17.26258,0.0,228.5,5210.2,-3.104033,100.0,59.0,0.0,0.0,246.60000000000002,0.0,4.0,186.0,1334,1,1.0,True
1335,-5.1069831818181814,17.26258,0.0,228.8181818181818,5227.454545454545,-3.104033,100.0,59.0,0.0,0.0,243.0,0.0,4.0,186.0,1335,1,1.0,True
1336,-5.108165,17.261161818181815,0.0,238.45454545454547,5452.909090909091,-3.104033,100.0,58.45454545454545,0.0,0.0,124.56000000002096,0.0,16.0,184.0,1336,1,1.0,True
1337,-5.1094764545454545,17.258907272727274,0.00042542218181818183,270.6363636363636,6199.909090909091,-3.0447390000000003,99.54545454545455,58.0,61.36363636363637,-60.36363636363637,275.03999999997905,0.0,16.0,184.0,1337,1,1.0,True
1338,-5.109589727272727,17.24004,0.00042542363636363634,272.45454545454544,6235.0,-2.768581,87.18181818181819,58.0,99.9090909090909,-98.9090909090909,293.03999999997905,0.0,16.0,184.0,1338,1,1.0,True
1339,-5.108170166666667,17.240971666666667,0.000425424,272.6666666666667,6243.0,-2.4148193333333334,68.83333333333333,58.0,100.0,-99.0,288.0,0.0,16.0,184.0,1339,1,1.0,True
1340,-5.100742090909091,17.249070909090907,0.000425424,270.54545454545456,6196.727272727273,-2.0163504545454547,82.63636363636364,58.0,100.0,-99.0,293.4,0.0,16.0,184.0,1340,1,1.0,True
1341,-5.097543363636363,17.25028,0.000425424,271.8181818181818,6216.909090909091,-1.6842033636363638,93.72727272727273,58.0,100.0,-99.0,288.0,0.0,16.0,184.0,1341,1,1.0,True
1342,-5.0899105,17.251735,0.000425424,271.8333333333333,6229.333333333333,-1.3029891666666666,96.33333333333333,58.0,100.0,-99.0,288.360000000021,0.0,16.0,184.0,1342,1,1.0,True
1343,-5.094523636363636,17.24778090909091,0.000425424,271.6363636363636,6212.636363636364,-0.9964159818181819,88.0909090909091,58.0,100.0,-99.0,288.36000000002093,0.0,16.0,184.0,1343,1,1.0,True
1344,-5.11976725,17.237439166666668,0.000425424,271.3333333333333,6216.916666666667,-0.6211390333333333,58.416666666666664,58.0,94.66666666666667,-93.66666666666667,287.27999999995814,0.0,16.0,184.0,1344,1,1.0,True
1345,-5.128015272727273,17.253516363636365,0.000618799,269.90909090909093,6178.636363636364,-0.3696514363636364,52.36363636363637,58.0,73.0,-72.0,142.56000000002095,0.0,16.0,184.0,1345,1,1.0,True
1346,-5.13542225,17.263290833333333,0.00046087525,268.6666666666667,6150.333333333333,-0.12629833333333332,52.416666666666664,58.0,51.5,-50.5,286.560000000021,0.0,16.0,184.0,1346,1,1.0,True
1347,-5.104381181818182,17.261022727272728,0.05542114745454545,263.0,6012.272727272727,0.016623423636363637,64.81818181818181,58.0,66.45454545454545,44.54545454545455,281.160000000021,0.0,16.0,184.0,1347,1,1.0,True
1348,-4.949337272727273,17.26048,0.26681818181818184,283.72727272727275,6506.090909090909,0.027112349999999997,95.0909090909091,57.18181818181818,261.72727272727275,271.54545454545456,303.47999999995807,0.0,16.0,184.0,1348,1,1.0,True
1349,-4.6890107500000004,17.258295,0.29843495,287.5,6606.0,0.023670057499999998,98.0,57.0,298.5,298.0,308.52000000004193,0.0,16.0,184.0,1349,1,1.0,True
1350,-4.389102090909091,17.258883636363638,0.29729401818181816,288.8181818181818,6637.727272727273,0.02826954181818182,97.0909090909091,57.0,299.0,295.1818181818182,306.71999999993716,0.0,16.0,180.0,1350,1,1.0,True
1351,-4.1478186,17.270028,0.29839241,289.1,6635.8,0.029252937,97.2,57.0,297.0,299.0,306.7200000000419,0.0,16.0,180.0,1351,1,1.0,True
1352,-3.8225332499999998,17.277575833333334,0.29864765,290.75,6672.666666666667,0.026744211666666667,98.0,57.083333333333336,299.0,298.0,304.9200000000419,0.0,16.0,180.0,1352,1,1.0,True
1353,-3.5478794999999996,17.283170000000002,0.29886035,287.0,6579.0,0.0272341,98.0,57.5,298.5,299.0,155.15999999991618,0.0,16.0,320.0,1353,1,1.0,True
1354,-3.3284640000000003,17.290445000000002,0.13060518750000003,265.0,6069.75,0.027437141666666665,98.91666666666667,57.916666666666664,130.5,130.58333333333334,285.4800000000629,0.0,16.0,316.0,1354,1,1.0,True
1355,-3.229155181818182,17.29227090909091,0.09931715727272726,262.6363636363636,6014.454545454545,0.027046000909090907,99.36363636363636,58.0,99.45454545454545,100.0,282.6,0.0,16.0,316.0,1355,1,1.0,True
1356,-3.157283090909091,17.29490363636364,0.025061339999999998,241.36363636363637,5517.818181818182,0.026958103636363636,99.18181818181819,58.81818181818182,25.272727272727273,25.272727272727273,256.3199999999371,0.0,16.0,316.0,1356,1,1.0,True
1357,-3.1487399999999997,17.293176363636363,0.0,227.36363636363637,5192.909090909091,0.02694404,99.0,59.0,0.0,0.0,243.36000000002096,0.0,16.0,316.0,1357,1,1.0,True
1358,-3.14874,17.29338,0.0,229.0,5223.5,0.026944039999999995,99.7,59.0,0.0,0.0,242.63999999997907,0.0,16.0,316.0,1358,1,1.0,True
1359,-3.14874,17.293249,0.0,228.4,5211.5,0.026944039999999995,99.4,59.0,0.0,0.0,247.68000000006288,0.0,16.0,316.0,1359,1,1.0,True
1360,-3.1436385,17.294945833333333,0.022724733333333334,250.41666666666666,5727.75,0.027021389166666663,99.0,58.416666666666664,22.833333333333332,22.583333333333332,269.63999999997907,0.0,12.0,316.0,1360,1,1.0,True
1361,-3.01109,17.29497,0.2856722,289.5,6635.0,0.028929484999999998,98.5,57.5,286.5,285.0,153.72000000004192,0.0,12.0,328.0,1361,1,1.0,True
1362,-2.7716624999999997,17.299155833333334,0.2984349,287.1666666666667,6597.916666666667,0.031032699166666667,98.41666666666667,57.0,297.5833333333333,299.0,306.0,0.0,12.0,324.0,1362,1,1.0,True
1363,-2.4874761818181814,17.3139,0.16576063636363636,280.54545454545456,6436.727272727273,0.14807475545454543,98.27272727272727,57.90909090909091,276.1818181818182,54.81818181818182,302.4,0.0,12.0,46.0,1363,1,1.0,True
1364,-2.3924736363636363,17.36732,0.10202439272727273,281.72727272727275,6458.0,0.6402688999999999,97.0,57.72727272727273,274.8181818181818,-70.72727272727273,299.1599999999162,0.0,12.0,46.0,1364,1,1.0,True
1365,-2.33503425,17.4637025,0.139858125,279.25,6402.5,1.243403325,93.0,57.75,270.0,9.75,296.28000000006284,0.0,12.0,50.0,1365,1,1.0,True
1366,-2.324619909090909,17.53540090909091,0.09038325272727273,269.45454545454544,6170.727272727273,1.4799603636363636,65.9090909090909,58.0,126.45454545454545,54.45454545454545,290.16000000002094,0.0,12.0,50.0,1366,1,1.0,True
1367,-2.3228466666666665,17.5634,0.083666715,267.3333333333333,6123.833333333333,1.570782333333333,58.5,58.0,100.0,67.83333333333333,282.9599999999162,0.0,12.0,50.0,1367,1,1.0,True
1368,-2.3267504166666666,17.60479666666667,0.09029623999999999,262.1666666666667,6008.5,1.6148555833333333,54.916666666666664,58.0,100.0,81.08333333333333,280.8,0.0,12.0,50.0,1368,1,1.0,True
1369,-2.3373445454545454,17.705117272727275,0.06296275090909091,260.09090909090907,5951.272727272727,1.647543909090909,63.27272727272727,58.0,68.36363636363636,58.0,138.24000000008382,0.0,12.0,50.0,1369,1,1.0,True
1370,-2.3383815454545456,17.77027090909091,0.0034033918181818183,230.0909090909091,5256.181818181818,1.6566580000000002,69.81818181818181,58.90909090909091,3.8181818181818183,3.0,250.91999999993715,0.0,12.0,50.0,1370,1,1.0,True
1371,-2.3379784545454543,17.798662727272728,0.0,228.45454545454547,5210.090909090909,1.656767,73.27272727272727,59.0,0.0,0.0,241.9200000000419,0.0,12.0,50.0,1371,1,1.0,True
1372,-2.3378704545454547,17.809373636363635,0.027497863636363636,243.0,5556.181818181818,1.6650306363636362,75.9090909090909,58.72727272727273,42.81818181818182,12.272727272727273,255.96000000002098,0.0,9.0,94.0,1372,1,1.0,True
1373,-2.3560265,17.9057475,0.12486195,279.25,6405.75,1.88538275,83.0,57.75,261.25,-11.5,298.0799999999581,0.0,9.0,98.0,1373,1,1.0,True
1374,-2.415567727272727,18.002536363636363,0.10082549272727272,280.0,6418.636363636364,2.492787090909091,62.09090909090909,57.54545454545455,276.3636363636364,-74.45454545454545,301.6799999999581,0.0,9.0,98.0,1374,1,1.0,True
1375,-2.4962820909090913,18.004656363636364,0.13234555454545455,284.54545454545456,6534.454545454545,2.441488272727273,50.54545454545455,57.0,273.72727272727275,-9.454545454545455,302.4,0.0,9.0,302.0,1375,1,1.0,True
1376,-2.7232470833333333,18.000741666666666,0.2572751583333333,290.5,6677.333333333333,-2.574148833333333,77.5,57.0,215.83333333333334,298.5833333333333,313.20000000000005,0.0,9.0,302.0,1376,1,1.0,True
1377,-2.94203,18.0093,0.2205823,274.5,6300.0,3.1208195,90.0,57.5,216.0,225.0,144.36000000002096,0.0,9.0,306.0,1377,1,1.0,True
1378,-3.0921420000000004,18.013793333333336,0.103271665,263.0,6023.5,3.1192212500000003,93.16666666666667,58.0,104.58333333333333,102.5,281.52000000004193,0.0,9.0,306.0,1378,1,1.0,True
1379,-3.1731009090909095,18.0144,0.06253732545454546,248.8181818181818,5689.727272727273,3.1232395454545454,94.9090909090909,58.36363636363637,63.63636363636363,61.72727272727273,272.51999999993717,0.0,9.0,306.0,1379,1,1.0,True
1380,-3.1976892727272728,18.01553090909091,0.0,227.36363636363637,5194.0,3.1253586363636363,94.18181818181819,59.0,0.0,0.0,241.56000000002098,0.0,9.0,306.0,1380,1,1.0,True
1381,-3.197837,18.013315,0.0,228.5,5222.25,3.1232062500000004,94.5,59.0,0.0,0.0,244.8,0.0,9.0,306.0,1381,1,1.0,True
1382,-3.199202,18.01455,0.0,229.0,5233.0,3.1242994,94.7,59.0,0.0,0.0,243.0,0.0,9.0,306.0,1382,1,1.0,True
1383,-3.197295333333333,18.014073333333332,0.0,229.0,5231.5,3.1230743333333333,94.83333333333333,59.0,0.0,0.0,243.36000000002096,0.0,9.0,306.0,1383,1,1.0,True
1384,-3.1981620000000004,18.016121818181816,0.0,229.0,5233.0,3.1243043636363637,94.0,59.0,0.0,0.0,240.83999999997906,0.0,9.0,306.0,1384,1,1.0,True
1385,-3.1962710909090903,18.015649090909093,0.0,229.0,5233.0,3.124175818181818,94.54545454545455,59.0,0.0,0.0,125.63999999997905,0.0,9.0,306.0,1385,1,1.0,True
1386,-3.1977783636363637,18.013776363636364,0.019530827272727272,248.54545454545453,5689.363636363636,3.1243980909090907,95.0,58.54545454545455,19.545454545454547,19.545454545454547,250.20000000000002,0.0,3.0,294.0,1386,1,1.0,True
1387,-3.3241127272727273,18.01434727272727,0.25444223818181816,284.72727272727275,6543.545454545455,3.1281048181818183,93.72727272727273,57.09090909090909,257.1818181818182,251.54545454545453,303.12000000004195,0.0,3.0,298.0,1387,1,1.0,True
1388,-3.603210333333333,18.013135000000002,0.29808038333333337,288.0,6613.166666666667,3.1367053333333335,93.16666666666667,57.0,299.0,297.1666666666667,306.7200000000419,0.0,3.0,134.0,1388,1,1.0,True
1389,-3.9058846363636364,18.003654545454545,0.29853163636363633,289.8181818181818,6651.909090909091,3.1345207272727276,91.45454545454545,57.0,299.0,297.90909090909093,312.83999999997906,0.0,3.0,134.0,1389,1,1.0,True
1390,-4.160480583333333,18.001725,0.29761955,289.0833333333333,6649.75,3.1365225833333334,92.16666666666667,57.0,299.0,295.5833333333333,305.63999999997907,0.0,3.0,134.0,1390,1,1.0,True
1391,-4.461098499999999,18.004223333333332,0.29715865,287.8333333333333,6613.166666666667,-1.0437638333333332,95.16666666666667,57.0,299.0,294.5,307.0799999999581,0.0,3.0,138.0,1391,1,1.0,True
1392,-4.735949727272728,18.00174363636364,0.2902938909090909,286.1818181818182,6574.636363636364,-3.131307,96.9090909090909,57.09090909090909,290.90909090909093,289.27272727272725,304.20000000000005,0.0,3.0,138.0,1392,1,1.0,True
1393,-4.991969181818182,18.001078181818183,0.14967189454545454,264.72727272727275,6070.272727272727,-3.1256860909090913,96.54545454545455,58.0,150.0,149.0909090909091,138.96000000002095,0.0,3.0,138.0,1393,1,1.0,True
1394,-5.082565181818182,17.999557272727273,0.09912378,262.6363636363636,6016.727272727273,-3.124491090909091,97.0,58.0,100.0,99.0,279.0,0.0,3.0,138.0,1394,1,1.0,True
1395,-5.162783363636364,17.998086363636364,0.02618290909090909,245.54545454545453,5614.363636363636,-3.1234149090909087,97.0,58.0,26.0,25.90909090909091,269.28000000006284,0.0,3.0,138.0,1395,1,1.0,True
1396,-5.169896181818182,17.99796,0.0,228.45454545454547,5219.363636363636,-3.1233410000000004,97.0,58.54545454545455,0.0,0.0,245.15999999991618,0.0,3.0,138.0,1396,1,1.0,True
1397,-5.169305181818182,17.99796,0.0,228.45454545454547,5220.454545454545,-3.1233410000000004,97.0,58.81818181818182,0.0,0.0,245.16000000002094,0.0,3.0,138.0,1397,1,1.0,True
1398,-5.170249909090909,17.99796,0.0,227.9090909090909,5205.181818181818,-3.1233410000000004,97.54545454545455,59.0,0.0,0.0,241.9200000000419,0.0,3.0,138.0,1398,1,1.0,True
1399,-5.170959,17.99796,0.0,227.8,5203.6,-3.123341,97.0,59.0,0.0,0.0,241.56000000002098,0.0,3.0,138.0,1399,1,1.0,True
1400,-5.169399,17.99796,0.0,227.0,5184.0,-3.123341,97.0,59.0,0.0,0.0,123.11999999993714,0.0,3.0,138.0,1400,1,1.0,True
1401,-5.169068636363637,17.99937818181818,0.0,229.0,5227.545454545455,-3.1233410000000004,97.0,59.0,0.0,0.0,241.9200000000419,0.0,3.0,138.0,1401,1,1.0,True
1402,-5.16966,18.00056,0.0,229.0,5233.0,-3.123341,97.0,59.0,0.0,0.0,243.36000000002096,0.0,3.0,138.0,1402,1,1.0,True
1403,-5.170840909090909,17.997014545454544,0.0,237.0,5413.0,-3.1233410000000004,97.0,58.63636363636363,0.0,0.0,249.4799999999581,0.0,4.0,136.0,1403,1,1.0,True
1404,-5.168431666666667,17.99730333333333,-0.00035451999999999993,270.8333333333333,6202.833333333333,2.0312064999999997,95.16666666666667,58.0,-76.83333333333333,76.0,282.96000000002095,0.0,4.0,136.0,1404,1,1.0,True
1405,-5.180121909090909,18.01147090909091,-0.000425424,271.3636363636364,6222.636363636364,2.7976201818181816,97.0909090909091,58.0,-100.0,99.0,288.360000000021,0.0,4.0,136.0,1405,1,1.0,True
1406,-5.181170454545454,18.02118181818182,-0.000425424,270.8181818181818,6210.454545454545,2.4404645454545455,94.36363636363636,58.0,-100.0,99.0,293.7599999999162,0.0,4.0,136.0,1406,1,1.0,True
1407,-5.178940166666666,18.046093333333335,-0.000425424,271.5,6221.0,2.1014161666666666,78.5,58.0,-100.0,99.0,290.52000000004193,0.0,4.0,136.0,1407,1,1.0,True
1408,-5.1704355,18.038433333333334,-0.000425424,271.6666666666667,6225.166666666667,1.7330534999999998,74.25,58.0,-100.0,99.0,290.160000000021,0.0,4.0,136.0,1408,1,1.0,True
1409,-5.168202,17.98682,-0.00042542399999999993,273.0,6258.0,1.423784,89.5,58.0,-100.0,99.0,143.2799999999581,0.0,4.0,136.0,1409,1,1.0,True
1410,-5.166723916666666,17.965276666666664,-0.000425424,272.5,6258.0,1.0525899583333334,96.08333333333333,57.5,-100.0,99.0,293.03999999997905,0.0,4.0,136.0,1410,1,1.0,True
1411,-5.167091545454546,17.970415454545456,-0.000425424,272.54545454545456,6259.363636363636,0.7037618272727273,97.0,57.45454545454545,-94.54545454545455,93.54545454545455,290.52000000004193,0.0,4.0,136.0,1411,1,1.0,True
1412,-5.1677653333333335,17.981043333333332,-0.000425424,271.8333333333333,6223.666666666667,0.3932343833333333,97.0,58.0,-70.5,69.5,286.20000000000005,0.0,4.0,136.0,1412,1,1.0,True
1413,-5.1704602500000005,17.987305,-0.0004254235,269.25,6167.25,0.1963865725,97.0,58.0,-53.5,52.5,290.8799999999581,0.0,4.0,136.0,1413,1,1.0,True
1414,-5.1650670000000005,17.992052,0.019867301400000002,266.3,6105.3,0.039161849,97.9,58.0,5.7,34.0,284.76000000002097,0.0,4.0,136.0,1414,1,1.0,True
1415,-5.056701363636364,17.995435454545454,0.22327023272727275,284.1818181818182,6525.454545454545,0.025455770909090913,99.0,57.36363636363637,225.72727272727272,220.63636363636363,306.0,0.0,4.0,136.0,1415,1,1.0,True
1416,-4.796452,17.99915181818182,0.2984929727272727,288.8181818181818,6636.818181818182,0.032932876363636364,99.0,57.0,299.0,297.54545454545456,307.439999999979,0.0,4.0,136.0,1416,1,1.0,True
1417,-4.522509818181818,18.00775727272727,0.29903437272727273,288.8181818181818,6628.272727272727,0.03399152363636364,98.45454545454545,57.0,298.45454545454544,299.0,151.9200000000419,0.0,4.0,136.0,1417,1,1.0,True
1418,-4.2418024545454545,18.021414545454544,0.2982222,286.72727272727275,6576.545454545455,0.030846060909090908,99.0,57.0,297.0,299.0,305.63999999997907,0.0,4.0,132.0,1418,1,1.0,True
1419,-3.9349637272727276,18.02712909090909,0.2986089272727273,286.54545454545456,6591.090909090909,0.028497431818181818,99.36363636363636,57.0,298.45454545454544,299.0,310.3200000000419,0.0,4.0,132.0,1419,1,1.0,True
1420,-3.6900096666666666,18.02804,0.24419333333333335,281.8333333333333,6472.833333333333,0.0046423616666666665,99.66666666666667,57.0,202.5,285.6666666666667,296.63999999997907,0.0,4.0,62.0,1420,1,1.0,True
1421,-3.523392363636364,17.994735454545456,0.10558249272727273,281.09090909090907,6449.272727272727,-0.42985321454545455,93.54545454545455,57.0,-58.18181818181818,269.3636363636364,304.20000000000005,0.0,4.0,66.0,1421,1,1.0,True
1422,-3.4613759166666664,17.948915,0.0985211075,278.75,6403.083333333333,-0.9891644083333334,88.41666666666667,57.0,-70.16666666666667,267.3333333333333,300.6,0.0,4.0,66.0,1422,1,1.0,True
1423,-3.439961181818182,17.83739,0.17902613636363637,287.6363636363636,6605.090909090909,-1.5530408181818183,93.54545454545455,57.0,73.45454545454545,284.45454545454544,302.76000000002097,0.0,4.0,152.0,1423,1,1.0,True
1424,-3.445147909090909,17.609917272727273,0.21862925454545454,284.54545454545456,6536.545454545455,-1.5986768181818183,98.27272727272727,57.0,216.8181818181818,220.45454545454547,304.91999999993715,0.0,4.0,168.0,1424,1,1.0,True
1425,-3.4627709999999996,17.44175909090909,0.13687052727272728,281.09090909090907,6464.909090909091,-1.822386090909091,96.81818181818181,57.0,-20.818181818181817,295.1818181818182,148.32000000004192,0.0,4.0,168.0,1425,1,1.0,True
1426,-3.5084469090909085,17.359695454545456,0.09614581636363638,281.90909090909093,6477.0,-2.4251651818181816,95.9090909090909,57.0,-78.54545454545455,271.1818181818182,298.8,0.0,4.0,164.0,1426,1,1.0,True
1427,-3.608434363636363,17.325595454545454,0.17132984545454544,286.27272727272725,6579.363636363636,-2.9896195454545453,96.63636363636364,57.0,55.27272727272727,287.72727272727275,304.9200000000419,0.0,4.0,182.0,1427,1,1.0,True
1428,-3.812829166666667,17.34032,0.2696479166666667,294.5,6781.0,-3.1060241666666664,83.16666666666667,57.0,284.0,255.33333333333334,317.5199999999371,0.0,4.0,182.0,1428,1,1.0,True
1429,-4.099899545454545,17.30864181818182,0.2948574818181818,291.45454545454544,6694.545454545455,-3.0738263636363636,94.72727272727273,57.0,292.45454545454544,296.8181818181818,308.52000000004193,0.0,4.0,182.0,1429,1,1.0,True
1430,-4.389246583333334,17.292778333333334,0.29577605,290.6666666666667,6687.166666666667,-3.0836435833333335,98.75,57.0,292.25,299.0,307.439999999979,0.0,4.0,186.0,1430,1,1.0,True
1431,-4.646541545454546,17.282,0.29516690909090904,290.27272727272725,6676.818181818182,-3.091614363636363,99.63636363636364,57.0,292.8181818181818,297.09090909090907,306.36000000002093,0.0,4.0,186.0,1431,1,1.0,True
1432,-4.923814636363637,17.27327727272727,0.16579932545454545,271.09090909090907,6215.636363636364,-3.096135818181818,100.0,57.63636363636363,165.36363636363637,166.36363636363637,277.91999999993715,0.0,4.0,186.0,1432,1,1.0,True
1433,-5.015315181818182,17.270517272727275,0.09935583272727272,264.0,6052.181818181818,-3.0973243636363637,100.0,58.0,99.54545454545455,100.0,141.84000000008382,0.0,4.0,186.0,1433,1,1.0,True
1434,-5.103892545454546,17.26588818181818,0.040608654545454544,242.27272727272728,5542.909090909091,-3.098245,100.0,58.0,40.36363636363637,40.90909090909091,268.91999999993715,0.0,4.0,186.0,1434,1,1.0,True
1435,-5.109136,17.26363,0.0,228.8,5227.1,-3.098287,100.0,58.0,0.0,0.0,244.08000000006285,0.0,4.0,186.0,1435,1,1.0,True
1436,-5.108269,17.265796666666667,0.0,228.0,5214.0,-3.0982870000000005,100.0,58.333333333333336,0.0,0.0,244.8,0.0,4.0,186.0,1436,1,1.0,True
1437,-5.108307727272727,17.26623,0.0,229.0,5233.0,-3.0982869999999996,100.0,58.18181818181818,0.0,0.0,242.63999999997907,0.0,4.0,186.0,1437,1,1.0,True
1438,-5.108544090909091,17.26623,0.0,227.9090909090909,5212.272727272727,-3.0982869999999996,100.0,58.0,0.0,0.0,244.43999999997905,0.0,4.0,186.0,1438,1,1.0,True
1439,-5.108662909090909,17.26623,0.0,228.9090909090909,5227.363636363636,-3.0982869999999996,100.0,58.09090909090909,0.0,0.0,246.60000000000002,0.0,4.0,186.0,1439,1,1.0,True
1440,-5.109136,17.26611181818182,0.0,228.63636363636363,5219.181818181818,-3.0982869999999996,100.0,58.45454545454545,0.0,0.0,243.0,0.0,4.0,186.0,1440,1,1.0,True
1441,-5.109136,17.26493,0.0,228.4,5213.2,-3.098287,100.0,59.0,0.0,0.0,122.76000000002095,0.0,4.0,186.0,1441,1,1.0,True
1442,-5.109136,17.26493,0.0,228.4,5221.6,-3.098287,100.0,58.6,0.0,0.0,240.11999999993714,0.0,4.0,186.0,1442,1,1.0,True
1443,-5.109136,17.26493,0.0,229.0,5233.0,-3.098287,100.0,58.0,0.0,0.0,247.32000000004192,0.0,4.0,186.0,1443,1,1.0,True
1444,-5.109136,17.26493,0.0,227.4,5199.3,-3.098287,100.0,58.3,0.0,0.0,241.9200000000419,0.0,4.0,186.0,1444,1,1.0,True
1445,-5.10718525,17.267205,0.0,228.25,5215.75,-3.0982870000000005,100.0,59.0,0.0,0.0,245.15999999991618,0.0,4.0,186.0,1445,1,1.0,True
1446,-5.107480454545454,17.26623,0.0,228.72727272727272,5224.272727272727,-3.0982869999999996,100.0,58.81818181818182,0.0,0.0,241.2,0.0,4.0,186.0,1446,1,1.0,True
1447,-5.107835,17.26623,0.0,233.0,5323.8,-3.098287,100.0,58.4,0.0,0.0,253.08000000006288,0.0,19.0,184.0,1447,1,1.0,True
1448,-5.107716181818182,17.265863636363637,0.00027072436363636366,262.3636363636364,6017.0,-3.044140818181818,99.0909090909091,58.0,59.81818181818182,-59.18181818181818,284.4,0.0,19.0,184.0,1448,1,1.0,True
1449,-5.106500181818181,17.245907272727273,0.000425424,271.09090909090907,6212.090909090909,-2.745289545454545,93.27272727272727,58.0,100.0,-99.0,146.51999999993714,0.0,19.0,184.0,1449,1,1.0,True
1450,-5.108816090909091,17.23841090909091,0.000425424,271.3636363636364,6229.909090909091,-2.4506785454545454,70.81818181818181,58.0,100.0,-99.0,287.64000000008383,0.0,19.0,184.0,1450,1,1.0,True
1451,-5.1020010000000005,17.248241818181818,0.000425424,271.3636363636364,6229.909090909091,-2.0651836363636367,78.0909090909091,58.0,100.0,-99.0,289.8,0.0,19.0,184.0,1451,1,1.0,True
1452,-5.098674166666666,17.252373333333335,0.000425424,272.0,6248.333333333333,-1.7125286666666666,93.33333333333333,57.5,100.0,-99.0,292.6799999999581,0.0,19.0,184.0,1452,1,1.0,True
1453,-5.092811636363636,17.254177272727272,0.000425424,270.8181818181818,6215.909090909091,-1.341906,97.54545454545455,57.72727272727273,100.0,-99.0,288.7200000000419,0.0,19.0,184.0,1453,1,1.0,True
1454,-5.0966803333333335,17.251360833333333,0.000425424,270.3333333333333,6201.75,-1.0393617166666667,89.0,57.75,100.0,-99.0,289.4399999999791,0.0,19.0,184.0,1454,1,1.0,True
1455,-5.1209750000000005,17.241545,0.00042542199999999995,270.6666666666667,6213.166666666667,-0.67137665,61.5,57.833333333333336,97.0,-96.0,287.63999999997907,0.0,19.0,184.0,1455,1,1.0,True
1456,-5.132198727272727,17.256957272727274,0.0004254241818181818,268.6363636363636,6162.0,-0.35693295454545454,52.36363636363637,57.63636363636363,72.0,-71.54545454545455,285.4799999999581,0.0,19.0,184.0,1456,1,1.0,True
1457,-5.137021818181818,17.265095454545456,0.0004254238181818182,267.54545454545456,6131.636363636364,-0.14257284545454546,53.27272727272727,58.0,52.18181818181818,-51.18181818181818,144.72000000004192,0.0,19.0,184.0,1457,1,1.0,True
1458,-5.121813454545454,17.270976363636365,0.00023204836363636364,267.90909090909093,6136.727272727273,0.007174497272727272,58.18181818181818,58.0,26.727272727272727,-26.181818181818183,281.8799999999581,0.0,19.0,184.0,1458,1,1.0,True
1459,-5.009164909090909,17.260816363636366,0.21835852727272728,285.3636363636364,6557.090909090909,0.03605428454545455,87.45454545454545,57.09090909090909,209.63636363636363,227.63636363636363,300.2400000000838,0.0,19.0,184.0,1459,1,1.0,True
1460,-4.722813666666667,17.261923333333332,0.2967332166666667,286.5,6576.0,0.02109947,98.0,57.0,295.5,297.6666666666667,308.51999999993717,0.0,19.0,184.0,1460,1,1.0,True
1461,-4.454732090909091,17.264657272727273,0.2977194545454545,287.27272727272725,6599.454545454545,0.0226156,98.18181818181819,57.0,299.0,295.8181818181818,306.0,0.0,19.0,180.0,1461,1,1.0,True
1462,-4.1646826363636364,17.273306363636365,0.29895705454545457,289.8181818181818,6666.727272727273,0.02338639272727273,98.0,57.0,299.0,298.72727272727275,308.52000000004193,0.0,19.0,180.0,1462,1,1.0,True
1463,-3.883681166666667,17.278116666666666,0.2973714,287.5,6609.166666666667,0.024159845,98.0,57.0,295.5,299.0,309.96000000002095,0.0,19.0,180.0,1463,1,1.0,True
1464,-3.6126900909090907,17.27673181818182,0.1808051909090909,278.90909090909093,6405.818181818182,-0.044160107272727275,96.0,57.0,104.72727272727273,256.8181818181818,294.11999999993714,0.0,19.0,174.0,1464,1,1.0,True
1465,-3.503613,17.23944818181818,0.09734473818181817,281.09090909090907,6463.272727272727,-0.4373091090909091,88.0,57.0,-80.0,274.6363636363636,147.6,0.0,19.0,178.0,1465,1,1.0,True
1466,-3.450283818181818,17.205556363636365,0.06211190090909091,270.09090909090907,6193.818181818182,-1.053423909090909,89.27272727272727,57.45454545454545,-36.0,159.9090909090909,294.12000000004195,0.0,19.0,178.0,1466,1,1.0,True
1467,-3.438161454545454,17.16844909090909,0.04555904454545454,269.1818181818182,6176.545454545455,-1.2607872727272726,94.72727272727273,57.45454545454545,-8.727272727272727,100.0909090909091,286.20000000000005,0.0,19.0,178.0,1467,1,1.0,True
1468,-3.4288251666666665,17.12252833333333,0.05261076666666666,269.6666666666667,6191.666666666667,-1.4442733333333333,94.33333333333333,57.166666666666664,5.666666666666667,100.0,284.76000000002097,0.0,19.0,178.0,1468,1,1.0,True
1469,-3.4240837272727274,17.069622727272726,0.06327215363636364,268.90909090909093,6172.727272727273,-1.5829035454545455,97.9090909090909,57.54545454545455,27.09090909090909,100.0,285.11999999993714,0.0,19.0,178.0,1469,1,1.0,True
1470,-3.4195906363636364,17.02783909090909,0.01763575909090909,240.0,5493.818181818182,-1.6724480909090909,99.0,57.72727272727273,8.181818181818182,27.272727272727273,256.6800000000629,0.0,19.0,178.0,1470,1,1.0,True
1471,-3.423069090909091,17.023967272727273,0.0,228.63636363636363,5223.909090909091,-1.6765535454545455,99.63636363636364,58.0,0.0,0.0,244.8,0.0,19.0,178.0,1471,1,1.0,True
1472,-3.423069090909091,17.023139999999998,0.0,229.0,5233.0,-1.6765218181818182,99.9090909090909,58.0,0.0,0.0,243.0,0.0,19.0,178.0,1472,1,1.0,True
1473,-3.4184600000000005,17.02574,0.0,229.0,5233.0,-1.6787109999999998,99.0,58.0,0.0,0.0,125.63999999997905,0.0,19.0,178.0,1473,1,1.0,True
1474,-3.41716,17.02633090909091,0.0,229.0,5230.272727272727,-1.67906,100.0,58.0,0.0,0.0,240.11999999993714,0.0,19.0,178.0,1474,1,1.0,True
1475,-3.418341818181818,17.024676363636363,0.0,227.9090909090909,5207.363636363636,-1.6784254545454544,99.45454545454545,58.0,0.0,0.0,246.6,0.0,19.0,178.0,1475,1,1.0,True
1476,-3.4184600000000005,17.02444,0.0,228.2,5213.6,-1.678362,100.0,58.3,0.0,0.0,241.56000000002098,0.0,19.0,178.0,1476,1,1.0,True
1477,-3.4184600000000005,17.02444,0.0,228.7,5226.1,-1.678362,99.5,58.3,0.0,0.0,242.63999999997907,0.0,19.0,178.0,1477,1,1.0,True
1478,-3.417278181818182,17.02514909090909,0.0,229.0,5233.0,-1.678362,99.27272727272727,58.0,0.0,0.0,246.96000000002095,0.0,19.0,178.0,1478,1,1.0,True
1479,-3.416687272727273,17.026685454545454,0.0,227.9090909090909,5207.363636363636,-1.678362,99.63636363636364,58.0,0.0,0.0,241.9200000000419,0.0,19.0,178.0,1479,1,1.0,True
1480,-3.41716,17.025503636363638,0.0,227.9090909090909,5209.0,-1.678362,100.0,58.09090909090909,0.0,0.0,241.56000000002098,0.0,19.0,178.0,1480,1,1.0,True
1481,-3.417656272727273,17.019756363636365,0.01527659090909091,251.8181818181818,5772.272727272727,-1.6754805454545454,99.9090909090909,58.27272727272727,19.181818181818183,11.363636363636363,270.71999999993716,0.0,16.0,192.0,1481,1,1.0,True
1482,-3.422284909090909,16.91632,0.21696627272727273,292.1818181818182,6717.363636363636,-1.5995455454545455,99.0,57.0,251.0,182.72727272727272,154.43999999997905,0.0,16.0,192.0,1482,1,1.0,True
1483,-3.4161763636363633,16.670481818181816,0.2932331454545455,286.72727272727275,6581.727272727273,-1.5170282727272728,99.9090909090909,57.0,298.27272727272725,288.1818181818182,311.0400000000838,0.0,16.0,192.0,1483,1,1.0,True
1484,-3.4003943333333333,16.401225,0.29737136666666664,286.0,6571.333333333333,-1.5154641666666666,100.0,57.0,295.5,299.0,308.5199999999371,0.0,16.0,192.0,1484,1,1.0,True
1485,-3.3859553636363633,16.10028909090909,0.29710061818181815,287.8181818181818,6616.181818181818,-1.5236645454545454,100.0,57.0,295.09090909090907,299.0,304.560000000021,0.0,16.0,192.0,1485,1,1.0,True
1486,-3.379091363636364,15.807692727272725,0.29872496363636364,288.90909090909093,6642.363636363636,-1.5269347272727272,100.0,57.0,298.1818181818182,299.0,312.83999999997906,0.0,16.0,192.0,1486,1,1.0,True
1487,-3.370599,15.527801666666667,0.2987185666666667,286.6666666666667,6592.666666666667,-1.5285618333333335,100.0,57.0,298.1666666666667,299.0,304.560000000021,0.0,16.0,192.0,1487,1,1.0,True
1488,-3.358782727272727,15.22638,0.2980674818181818,286.45454545454544,6589.272727272727,-1.5338785454545454,100.0,57.0,296.6363636363636,299.0,302.76000000002097,0.0,16.0,192.0,1488,1,1.0,True
1489,-3.3550769090909087,14.981654545454546,0.29884100909090905,288.45454545454544,6638.545454545455,-1.5348798181818182,100.0,57.0,299.0,298.45454545454544,155.16000000002097,0.0,16.0,192.0,1489,1,1.0,True
1490,-3.3383048333333334,14.687975833333333,0.29683960000000004,288.5,6642.75,-1.5389996666666665,100.0,57.0,294.3333333333333,298.9166666666667,309.6,0.0,16.0,192.0,1490,1,1.0,True
1491,-3.3295782727272725,14.426468181818182,0.29829954545454546,289.1818181818182,6649.818181818182,-1.5440623636363637,99.63636363636364,57.0,297.1818181818182,299.0,303.83999999997906,0.0,16.0,192.0,1491,1,1.0,True
1492,-3.3208592727272728,14.09861090909091,0.2990344181818182,285.90909090909093,6578.454545454545,-1.5463997272727275,99.36363636363636,57.0,298.90909090909093,299.0,305.27999999995814,0.0,16.0,188.0,1492,1,1.0,True
1493,-3.31430275,13.83758,0.29917944999999996,286.25,6582.666666666667,-1.5471793333333332,100.0,57.0,299.0,299.0,304.9200000000419,0.0,16.0,188.0,1493,1,1.0,True
1494,-3.3094098181818183,13.54256909090909,0.2988023181818182,285.09090909090907,6552.0,-1.5465443636363636,100.0,57.0,299.0,298.09090909090907,303.83999999997906,0.0,16.0,188.0,1494,1,1.0,True
1495,-3.3048804545454544,13.26829,0.2989183818181818,287.3636363636364,6613.818181818182,-1.544462909090909,100.0,57.0,299.0,298.45454545454544,306.36000000002093,0.0,16.0,188.0,1495,1,1.0,True
1496,-3.2967631818181817,12.974604545454547,0.29918910909090907,291.1818181818182,6695.545454545455,-1.5441425454545454,100.0,57.0,299.0,298.90909090909093,304.91999999993715,0.0,16.0,188.0,1496,1,1.0,True
1497,-3.2933179166666666,12.718070833333334,0.27482388333333335,279.5,6425.416666666667,-1.5183764166666667,99.91666666666667,57.0,299.0,250.41666666666666,298.44000000008384,0.0,16.0,188.0,1497,1,1.0,True
1498,-3.2533045,12.525070000000001,0.13188145,280.0,6442.5,-1.145514,98.5,57.0,294.0,-31.0,149.03999999997905,0.0,16.0,188.0,1498,1,1.0,True
1499,-3.190896090909091,12.44712,0.1111517,281.3636363636364,6461.0,-0.6068277272727273,96.9090909090909,57.0,279.0,-56.81818181818182,303.11999999993714,0.0,16.0,188.0,1499,1,1.0,True
1500,-3.071926181818182,12.410203636363635,0.1712525181818182,280.45454545454544,6440.181818181818,-0.03396282363636363,85.0,57.0,274.72727272727275,67.72727272727273,295.9200000000419,0.0,16.0,188.0,1500,1,1.0,True
1501,-2.9332842727272723,12.408459090909092,0.15864447272727272,281.72727272727275,6481.363636363636,-0.05342629636363636,89.45454545454545,57.0,42.90909090909091,274.6363636363636,304.560000000021,0.0,16.0,188.0,1501,1,1.0,True
1502,-2.80579375,12.362319999999999,0.1339022,281.75,6481.0,-0.574551025,86.75,57.0,-31.5,298.75,299.16000000002094,0.0,16.0,188.0,1502,1,1.0,True
1503,-2.737328727272727,12.261451818181818,0.15234045454545456,280.90909090909093,6454.818181818182,-1.1756799090909091,82.63636363636364,57.0,5.636363636363637,298.72727272727275,298.8,0.0,16.0,188.0,1503,1,1.0,True
1504,-2.7151420833333333,12.111845,0.21919973333333334,287.5,6607.75,-1.5812190833333333,94.08333333333333,57.0,148.16666666666666,290.0833333333333,308.8799999999581,0.0,16.0,188.0,1504,1,1.0,True
1505,-2.712415666666667,11.870463333333333,0.26819439166666664,292.5833333333333,6729.916666666667,-1.5686066666666667,98.16666666666667,57.0,298.5833333333333,237.33333333333334,311.03999999997905,0.0,16.0,6.0,1505,1,1.0,True
1506,-2.7019170000000003,11.620410000000001,0.29694594999999996,289.5,6664.0,-1.513172,99.5,57.0,299.0,295.0,153.0,0.0,16.0,6.0,1506,1,1.0,True
1507,-2.691838333333333,11.315354999999998,0.29797405000000005,287.6666666666667,6623.166666666667,-1.5124977499999999,99.5,57.0,296.5833333333333,298.9166666666667,309.23999999997903,0.0,16.0,6.0,1507,1,1.0,True
1508,-2.6794632727272725,11.052203636363636,0.29795149090909095,289.45454545454544,6652.545454545455,-1.5180022727272728,100.0,57.0,296.3636363636364,299.0,306.0,0.0,16.0,6.0,1508,1,1.0,True
1509,-2.6683658181818184,10.75715,0.2980675090909091,288.54545454545456,6635.272727272727,-1.5242957272727273,100.0,57.0,296.6363636363636,299.0,312.12000000004195,0.0,16.0,6.0,1509,1,1.0,True
1510,-2.658186,10.4808925,0.29811585,289.75,6668.25,-1.5282347500000002,100.0,57.0,296.75,299.0,309.23999999997903,0.0,16.0,10.0,1510,1,1.0,True
1511,-2.6447613333333333,10.188755,0.29800951666666664,289.6666666666667,6669.0,-1.533638,100.0,57.0,296.5,299.0,307.439999999979,0.0,16.0,10.0,1511,1,1.0,True
1512,-2.6372316363636363,9.93072890909091,0.29930513636363637,289.54545454545456,6661.818181818182,-1.537924181818182,100.0,57.0,299.0,299.0,306.7200000000419,0.0,16.0,10.0,1512,1,1.0,True
1513,-2.629382,9.614442916666667,0.2988958333333333,287.3333333333333,6613.25,-1.5387504166666666,100.0,57.0,298.5833333333333,299.0,305.27999999995814,0.0,16.0,10.0,1513,1,1.0,True
1514,-2.618301727272727,9.346030363636363,0.29791280909090906,284.6363636363636,6561.181818181818,-1.5411586363636365,100.0,57.0,296.27272727272725,299.0,155.16000000002097,0.0,16.0,10.0,1514,1,1.0,True
1515,-2.6150256666666665,9.078591999999999,0.1744593083333333,261.1666666666667,5995.583333333333,-1.5433594166666669,100.0,57.416666666666664,174.41666666666666,174.41666666666666,280.08000000006285,1.0,16.0,10.0,1515,1,1.0,True
1516,-2.614872636363636,9.022790909090908,0.0,222.0909090909091,5076.545454545455,-1.5451743636363637,100.0,58.0,0.0,0.0,236.51999999993714,1.0,16.0,10.0,1516,1,1.0,True
1517,-2.613099909090909,9.019481818181818,0.0,222.0909090909091,5074.909090909091,-1.545333,100.0,58.0,0.0,0.0,238.32000000004192,1.0,16.0,10.0,1517,1,1.0,True
1518,-2.610049,8.98492625,0.1428361,265.75,6104.25,-1.557754,99.75,57.25,120.0,166.0,279.0,1.0,16.0,278.0,1518,1,1.0,True
1519,-2.627999181818182,8.828793727272727,0.17724709090909088,281.09090909090907,6459.0,-1.7568226363636363,97.9090909090909,57.0,55.63636363636363,298.72727272727275,298.0799999999581,0.0,16.0,278.0,1519,1,1.0,True
1520,-2.6867110909090908,8.704572999999998,0.15029065454545454,280.0,6437.727272727273,-2.263272818181818,98.0,57.0,1.0909090909090908,299.0,303.12000000004195,0.0,16.0,278.0,1520,1,1.0,True
1521,-2.800258083333333,8.62671675,0.17190675,282.0833333333333,6484.833333333333,-2.78093425,100.0,57.0,44.416666666666664,299.0,303.11999999993714,0.0,16.0,278.0,1521,1,1.0,True
1522,-2.987764,8.5774965,0.160597565,282.0,6483.0,-3.099024,99.5,57.0,176.5,144.5,147.24000000008382,0.0,16.0,278.0,1522,1,1.0,True
1523,-3.0543161666666663,8.573793666666665,0.07955428999999999,280.5,6451.166666666667,-2.7783584166666664,81.25,57.0,245.58333333333334,-86.33333333333333,296.63999999997907,0.0,16.0,278.0,1523,1,1.0,True
1524,-3.1209611818181817,8.523087545454546,0.09583642818181817,280.09090909090907,6437.545454545455,-2.1317975454545453,73.81818181818181,57.0,256.6363636363636,-64.72727272727273,295.91999999993715,0.0,16.0,278.0,1524,1,1.0,True
1525,-3.1262379166666663,8.384605416666666,0.18626478333333332,288.5833333333333,6642.5,-1.6953220833333333,66.25,57.0,291.5833333333333,80.91666666666667,308.88000000006286,0.0,16.0,278.0,1525,1,1.0,True
1526,-3.1021295,8.121372,0.262061175,293.75,6759.0,-1.53831175,59.0,57.0,238.0,286.0,310.6799999999581,0.0,16.0,278.0,1526,1,1.0,True
1527,-3.1279706363636364,7.913218545454546,0.28812808181818184,293.6363636363636,6758.0,-1.5837948181818182,76.54545454545455,57.0,277.72727272727275,298.09090909090907,311.76000000002097,0.0,16.0,278.0,1527,1,1.0,True
1528,-3.1365434545454547,7.634998727272728,0.29706192727272723,289.54545454545456,6667.090909090909,-1.585755909090909,98.36363636363636,57.0,299.0,294.27272727272725,307.0799999999581,0.0,16.0,278.0,1528,1,1.0,True
1529,-3.1366601666666667,7.346442416666666,0.29751315,286.4166666666667,6587.75,-1.57767025,100.0,57.0,299.0,295.3333333333333,306.7200000000419,0.0,16.0,278.0,1529,1,1.0,True
1530,-3.139064,7.07488,0.29715864999999997,285.5,6573.0,-1.5698375,100.0,57.0,299.0,294.5,152.63999999997904,0.0,16.0,278.0,1530,1,1.0,True
1531,-3.13667325,6.81101825,0.2975131916666667,290.3333333333333,6686.666666666667,-1.5634044166666667,99.08333333333333,57.0,299.0,295.3333333333333,311.76000000002097,0.0,16.0,278.0,1531,1,1.0,True
1532,-3.1344891818181817,6.514402363636364,0.29864765454545456,289.90909090909093,6675.0,-1.557815272727273,99.36363636363636,57.0,299.0,298.0,303.47999999995807,0.0,16.0,278.0,1532,1,1.0,True
1533,-3.1308781818181823,6.221942727272728,0.2983382181818182,285.8181818181818,6583.363636363636,-1.5542501818181818,100.0,57.0,299.0,297.27272727272725,311.4,0.0,16.0,278.0,1533,1,1.0,True
1534,-3.12478425,5.95792525,0.298754,287.25,6617.0,-1.55110275,100.0,57.0,299.0,297.75,305.28000000006284,0.0,16.0,282.0,1534,1,1.0,True
1535,-3.1226183333333335,5.6716248333333334,0.298364,288.6666666666667,6641.666666666667,-1.5488461666666666,99.5,57.0,299.0,297.3333333333333,310.3199999999372,0.0,16.0,282.0,1535,1,1.0,True
1536,-3.116127272727273,5.393963727272727,0.29853163636363633,289.1818181818182,6659.181818181818,-1.5466051818181819,100.0,57.0,298.8181818181818,297.90909090909093,307.0800000000629,0.0,16.0,282.0,1536,1,1.0,True
1537,-3.1056961666666667,5.078277416666666,0.29847035,289.25,6648.416666666667,-1.5483465833333334,100.0,57.0,297.6666666666667,298.9166666666667,304.91999999993715,0.0,16.0,282.0,1537,1,1.0,True
1538,-3.10379,4.835003,0.2986476,286.0,6576.0,-1.5485754999999999,100.0,57.0,299.0,298.0,152.64000000008383,0.0,16.0,282.0,1538,1,1.0,True
1539,-3.0928080833333333,4.529801833333333,0.2979385583333333,287.3333333333333,6612.166666666667,-1.5472477500000001,100.0,57.0,296.9166666666667,298.9166666666667,308.51999999993717,0.0,16.0,282.0,1539,1,1.0,True
1540,-3.087176090909091,4.2475001818181815,0.2987249909090909,288.3636363636364,6644.909090909091,-1.5498327272727273,100.0,57.0,298.54545454545456,298.6363636363636,306.0,0.0,16.0,282.0,1540,1,1.0,True
1541,-3.0832363636363636,3.967487909090909,0.29818352727272723,288.27272727272725,6646.727272727273,-1.5478673636363636,100.0,57.0,298.72727272727275,297.1818181818182,307.8,0.0,16.0,282.0,1541,1,1.0,True
1542,-3.0760097500000003,3.69666075,0.298966725,288.0,6632.75,-1.547744,100.0,57.0,298.75,299.0,309.96000000002095,0.0,16.0,282.0,1542,1,1.0,True
1543,-3.0687255454545452,3.394889818181818,0.2991504272727273,287.0,6606.090909090909,-1.5470444545454547,99.27272727272727,57.0,298.6363636363636,299.0,301.6799999999581,0.0,16.0,282.0,1543,1,1.0,True
1544,-3.061503333333333,3.1060388333333333,0.29871855833333333,287.8333333333333,6622.916666666667,-1.5473570833333332,98.33333333333333,57.0,298.3333333333333,298.8333333333333,309.96000000002095,0.0,16.0,282.0,1544,1,1.0,True
1545,-3.0578310833333333,2.8328404166666665,0.2987540083333333,289.5,6671.083333333333,-1.54574075,98.58333333333333,57.0,299.0,298.1666666666667,305.28000000006284,0.0,16.0,282.0,1545,1,1.0,True
1546,-3.050438,2.555537,0.2992858,289.5,6674.0,-1.545438,99.0,57.0,299.0,299.0,155.8799999999581,0.0,16.0,282.0,1546,1,1.0,True
1547,-3.0431356666666667,2.277166916666667,0.2992858,286.25,6595.666666666667,-1.5461470000000002,98.08333333333333,57.0,299.0,299.0,305.63999999997907,0.0,16.0,282.0,1547,1,1.0,True
1548,-3.0372296363636364,1.9593201818181818,0.2952829,284.0,6540.909090909091,-1.5444516363636362,96.72727272727273,57.0,299.0,291.1818181818182,304.20000000000005,0.0,16.0,282.0,1548,1,1.0,True
1549,-3.020208181818182,1.7454016363636364,0.21665682727272728,285.09090909090907,6564.727272727273,-1.434841818181818,96.27272727272727,57.0,299.0,133.63636363636363,300.23999999997903,0.0,16.0,270.0,1549,1,1.0,True
1550,-2.95882675,1.5808822500000002,0.1312433025,281.0,6466.5,-0.9798128500000001,80.5,57.0,289.25,-27.25,300.2400000000838,0.0,16.0,274.0,1550,1,1.0,True
1551,-2.8938604545454543,1.4992753636363636,0.09970391363636365,280.3636363636364,6445.090909090909,-0.420060962,53.72727272727273,57.0,269.6363636363636,-70.45454545454545,301.3199999999372,0.0,16.0,274.0,1551,1,1.0,True
1552,-2.761874,1.5107397272727274,0.20524778181818182,285.90909090909093,6585.363636363636,0.09710223054545454,76.0909090909091,57.0,241.0909090909091,169.36363636363637,304.20000000000005,0.0,16.0,350.0,1552,1,1.0,True
1553,-2.577922909090909,1.5278506363636362,0.25475163636363635,293.3636363636364,6748.272727272727,0.06243074545454545,95.72727272727273,57.0,209.8181818181818,299.0,155.5200000000419,0.0,16.0,350.0,1553,1,1.0,True
1554,-2.2788898181818182,1.5277449090909092,0.2903325363636364,284.3636363636364,6546.272727272727,-0.015193141818181816,100.0,57.0,293.54545454545456,286.27272727272725,312.47999999995807,0.0,16.0,354.0,1554,1,1.0,True
1555,-2.0890186666666666,1.5252669166666666,0.13188141666666667,282.75,6510.166666666667,0.23445846833333336,84.91666666666667,57.0,277.0833333333333,-13.583333333333334,300.96000000002095,0.0,16.0,238.0,1555,1,1.0,True
1556,-2.0078602,1.5988485000000001,0.11154616799999999,281.0,6467.8,0.84687377,69.1,57.0,283.1,-59.9,298.8,0.0,16.0,242.0,1556,1,1.0,True
1557,-1.9722110909090909,1.6740604545454545,0.17446251818181818,286.27272727272725,6583.636363636364,1.3320675454545456,75.36363636363636,57.0,298.8181818181818,49.90909090909091,302.4,0.0,16.0,242.0,1557,1,1.0,True
1558,-1.9701395,1.8618465000000002,0.261954875,291.25,6711.25,1.6272685000000002,83.75,57.0,273.0,250.5,308.8799999999581,0.0,16.0,16.0,1558,1,1.0,True
1559,-1.9732035,2.1611231666666666,0.2785818,294.1666666666667,6783.833333333333,1.5770888333333335,86.0,57.0,257.8333333333333,299.0,311.40000000000003,0.0,16.0,16.0,1559,1,1.0,True
1560,-1.9679653636363634,2.4481313636363633,0.2966752181818182,288.90909090909093,6655.0,1.5452344545454546,88.81818181818181,57.0,298.6363636363636,294.3636363636364,307.44000000008384,0.0,16.0,16.0,1560,1,1.0,True
1561,-1.9624385,2.7450263333333336,0.2945352,287.9166666666667,6633.75,1.5553883333333334,92.25,57.0,299.0,289.3333333333333,308.5199999999371,0.0,16.0,16.0,1561,1,1.0,True
1562,-1.957338,3.0108930000000003,0.29460610000000004,287.0,6608.0,1.5669495000000002,94.5,57.0,299.0,289.5,153.36000000002096,0.0,16.0,16.0,1562,1,1.0,True
1563,-1.9631944545454545,3.2920553636363636,0.29655919999999997,288.09090909090907,6638.181818181818,1.5772667272727274,94.45454545454545,57.0,298.27272727272725,294.45454545454544,309.6,0.0,16.0,16.0,1563,1,1.0,True
1564,-1.9688338181818181,3.5622215454545456,0.29876365454545456,290.0,6685.363636363636,1.5791736363636366,95.36363636363636,57.0,298.27272727272725,299.0,306.7200000000419,0.0,16.0,16.0,1564,1,1.0,True
1565,-1.9703591818181818,3.8573932727272724,0.2983769090909091,288.54545454545456,6651.636363636364,1.5823442727272727,97.0909090909091,57.0,299.0,297.3636363636364,309.6,0.0,16.0,16.0,1565,1,1.0,True
1566,-1.975263,4.142909,0.298754,286.75,6610.0,1.58538025,98.25,57.0,299.0,297.75,311.40000000000003,0.0,16.0,16.0,1566,1,1.0,True
1567,-1.9780753636363635,4.4351056363636365,0.2984155636363636,287.72727272727275,6623.272727272727,1.5893623636363636,99.0,57.0,299.0,297.45454545454544,302.03999999997905,0.0,16.0,16.0,1567,1,1.0,True
1568,-1.9834444545454546,4.6789771818181825,0.2989183727272727,288.3636363636364,6647.272727272727,1.5908455454545454,99.0,57.0,299.0,298.6363636363636,310.3199999999372,0.0,16.0,16.0,1568,1,1.0,True
1569,-1.9923391666666666,4.973661,0.29932125,290.4166666666667,6694.416666666667,1.5898863333333333,99.0,57.0,299.0,299.0,304.9200000000419,0.0,16.0,16.0,1569,1,1.0,True
1570,-1.997692818181818,5.238690272727272,0.29930513636363637,288.1818181818182,6636.363636363636,1.5899739090909093,99.0,57.0,299.0,299.0,155.8799999999581,0.0,16.0,16.0,1570,1,1.0,True
1571,-2.0025282727272726,5.5198990000000006,0.2989957181818182,285.45454545454544,6580.909090909091,1.5910355454545453,99.0,57.0,299.0,298.27272727272725,305.28000000006284,0.0,16.0,16.0,1571,1,1.0,True
1572,-2.008697090909091,5.802606727272727,0.2988410181818182,286.09090909090907,6592.636363636364,1.592091909090909,99.0,57.0,298.6363636363636,298.8181818181818,308.51999999993717,0.0,16.0,16.0,1572,1,1.0,True
1573,-2.0203818181818183,6.080583000000001,0.29783547272727273,288.90909090909093,6664.181818181818,1.588498909090909,98.72727272727273,57.0,296.09090909090907,299.0,303.4800000000629,0.0,16.0,16.0,1573,1,1.0,True
1574,-2.0260035000000003,6.3882052499999995,0.298754,290.25,6695.25,1.5847369999999998,98.25,57.0,298.25,299.0,308.8799999999581,0.0,16.0,12.0,1574,1,1.0,True
1575,-2.0296825454545453,6.6552965454545445,0.2983382181818182,288.45454545454544,6642.090909090909,1.582486909090909,98.45454545454545,57.0,297.27272727272725,299.0,305.63999999997907,0.0,16.0,12.0,1575,1,1.0,True
1576,-2.031241833333333,6.947758833333334,0.2968395833333333,287.6666666666667,6632.166666666667,1.5802022500000001,99.0,57.0,298.3333333333333,295.0833333333333,311.04000000008386,0.0,16.0,12.0,1576,1,1.0,True
1577,-2.03686825,7.232537166666667,0.2981513083333333,289.3333333333333,6665.333333333333,1.5860827499999999,99.0,57.0,298.8333333333333,296.9166666666667,305.2799999999581,0.0,16.0,12.0,1577,1,1.0,True
1578,-2.0438475,7.549696999999999,0.29864765,290.5,6690.5,1.588416,99.0,57.0,298.0,299.0,153.0,0.0,16.0,12.0,1578,1,1.0,True
1579,-2.0462207500000003,7.7877585,0.29804495833333333,287.1666666666667,6609.166666666667,1.5908981666666666,99.0,57.0,299.0,297.0,308.8799999999581,0.0,16.0,12.0,1579,1,1.0,True
1580,-2.0521041666666666,8.087191666666667,0.29659145,284.5,6550.666666666667,1.5927526666666667,99.0,57.0,299.0,294.0,304.9200000000419,0.0,16.0,12.0,1580,1,1.0,True
1581,-2.0701770909090906,8.336418454545454,0.20760695454545453,284.90909090909093,6563.363636363636,1.736427818181818,98.72727272727273,57.0,299.0,115.45454545454545,299.8799999999581,0.0,16.0,12.0,1581,1,1.0,True
1582,-2.12121575,8.492212749999998,0.0939123575,279.75,6438.25,2.2300002500000002,95.0,57.0,264.0,-76.25,299.88000000006286,0.0,16.0,12.0,1582,1,1.0,True
1583,-2.168906818181818,8.532536545454546,0.06594072090909091,278.27272727272725,6400.909090909091,1.6456524545454547,86.0,57.0,236.27272727272728,-104.27272727272727,296.27999999995814,0.0,16.0,12.0,1583,1,1.0,True
1584,-2.217608909090909,8.511050636363636,0.11478713454545454,277.1818181818182,6380.0,-2.945505090909091,60.54545454545455,57.0,217.0909090909091,12.545454545454545,298.4399999999791,0.0,16.0,12.0,1584,1,1.0,True
1585,-2.34884325,8.5020675,0.12879715,282.0,6491.416666666667,0.5436814999999999,86.66666666666667,57.0,-28.333333333333332,285.25,301.6800000000629,0.0,16.0,12.0,1585,1,1.0,True
1586,-2.4628985,8.548644,0.13741195,282.5,6504.5,2.6125825,96.5,57.0,-25.0,299.0,149.03999999997905,0.0,16.0,12.0,1586,1,1.0,True
1587,-2.546523666666667,8.640276250000001,0.15744230833333334,281.0833333333333,6473.0,2.0925493333333334,97.41666666666667,57.0,15.416666666666666,299.0,300.2399999999791,0.0,16.0,12.0,1587,1,1.0,True
1588,-2.5903930909090906,8.785667636363637,0.21155178181818182,287.72727272727275,6622.0,1.6415300909090909,98.9090909090909,57.0,123.54545454545455,299.0,303.1200000000419,0.0,16.0,12.0,1588,1,1.0,True
1589,-2.5865044545454547,9.024179000000002,0.25212172727272725,291.09090909090907,6713.909090909091,1.5271595454545455,94.63636363636364,57.0,276.45454545454544,227.54545454545453,316.0799999999581,0.0,16.0,8.0,1589,1,1.0,True
1590,-2.59122525,9.26029325,0.28652305,290.75,6708.75,1.5992317500000002,97.5,57.0,299.0,273.5,313.20000000000005,0.0,16.0,8.0,1590,1,1.0,True
1591,-2.605583454545455,9.56446218181818,0.2977581090909091,289.0,6665.454545454545,1.6132512727272728,98.81818181818181,57.0,297.0,297.90909090909093,304.560000000021,0.0,16.0,8.0,1591,1,1.0,True
1592,-2.6193292500000003,9.833198999999999,0.297619525,287.75,6635.583333333333,1.6072468333333332,98.08333333333333,57.0,295.5833333333333,299.0,309.6,0.0,16.0,8.0,1592,1,1.0,True
1593,-2.622754,10.1509325,0.2990731,286.5,6603.583333333333,1.6068196666666665,99.08333333333333,57.0,299.0,299.0,303.83999999997906,0.0,16.0,8.0,1593,1,1.0,True
1594,-2.6308635,10.400025000000001,0.29886035,287.0,6607.0,1.6064265000000002,100.0,57.0,298.5,299.0,152.28000000006287,0.0,16.0,8.0,1594,1,1.0,True
1595,-2.6362437499999998,10.7053625,0.2988958,287.3333333333333,6626.333333333333,1.6055180833333333,99.58333333333333,57.0,298.9166666666667,298.1666666666667,307.8,0.0,16.0,4.0,1595,1,1.0,True
1596,-2.6415046363636363,10.992579090909091,0.2993824727272727,288.54545454545456,6648.0,1.6082226363636365,99.9090909090909,57.0,299.0,298.8181818181818,305.27999999995814,0.0,16.0,4.0,1596,1,1.0,True
1597,-2.65083725,11.271909166666667,0.298931275,286.8333333333333,6602.916666666667,1.60689725,100.0,57.0,298.5,299.0,307.8,0.0,16.0,4.0,1597,1,1.0,True
1598,-2.657738,11.526131818181819,0.2987636727272727,288.45454545454544,6650.545454545455,1.6047659090909092,100.0,57.0,298.27272727272725,299.0,310.3200000000419,0.0,16.0,4.0,1598,1,1.0,True
1599,-2.6660535,11.832389999999998,0.2985767,286.6666666666667,6609.0,1.6042673333333333,100.0,57.0,298.1666666666667,298.8333333333333,302.03999999997905,0.0,16.0,4.0,1599,1,1.0,True
1600,-2.679972,12.097956363636364,0.18780534545454544,270.90909090909093,6229.454545454545,1.6808715454545455,96.36363636363636,57.09090909090909,246.72727272727272,129.0909090909091,278.27999999995814,0.0,16.0,190.0,1600,1,1.0,True
1601,-2.7184770833333336,12.123353333333332,0.0,235.25,5392.75,1.7375920833333334,61.833333333333336,58.0,0.0,0.0,249.83999999997906,0.0,16.0,190.0,1601,1,1.0,True
1602,-2.723400909090909,12.10922090909091,0.0,236.63636363636363,5422.545454545455,1.7402100000000003,58.45454545454545,58.0,0.0,0.0,128.16000000002097,0.0,16.0,190.0,1602,1,1.0,True
1603,-2.719821666666667,12.11848,0.0,224.25,5137.333333333333,1.7438749166666667,59.75,58.0,0.0,0.0,240.1200000000419,0.0,16.0,190.0,1603,1,1.0,True
1604,-2.7168163636363634,12.128868181818182,0.0,223.27272727272728,5106.909090909091,1.746493,62.90909090909091,58.0,0.0,0.0,236.8799999999581,0.0,16.0,190.0,1604,1,1.0,True
1605,-2.7153807272727275,12.133016363636363,0.0,222.45454545454547,5087.090909090909,1.746493,63.0,58.0,0.0,0.0,238.68000000006288,0.0,16.0,190.0,1605,1,1.0,True
1606,-2.716792,12.129498181818184,0.0,224.0909090909091,5131.454545454545,1.746493,63.72727272727273,58.0,0.0,0.0,238.6799999999581,0.0,16.0,190.0,1606,1,1.0,True
1607,-2.714725272727273,12.115306363636364,0.0,224.36363636363637,5133.727272727273,1.7525857272727272,66.9090909090909,58.0,0.0,0.0,236.8799999999581,0.0,16.0,190.0,1607,1,1.0,True
1608,-2.692783,12.08596,0.0,224.8181818181818,5136.545454545455,1.7972024545454546,68.9090909090909,58.0,0.0,0.0,239.0400000000838,0.0,16.0,190.0,1608,1,1.0,True
1609,-2.679091,12.148710909090909,0.0,223.36363636363637,5100.363636363636,1.8086462727272725,67.0909090909091,58.0,0.0,0.0,117.71999999993714,0.0,16.0,190.0,1609,1,1.0,True
1610,-2.682851,12.175015,0.0,222.5,5085.5,1.80651,74.0,58.0,0.0,0.0,240.4800000000629,0.0,16.0,190.0,1610,1,1.0,True
1611,-2.6659030833333337,12.1067325,0.0,227.5,5201.0,1.8056379166666667,71.0,58.0,0.0,0.0,239.4,0.0,16.0,190.0,1611,1,1.0,True
1612,-2.68448,12.171593636363637,0.0,222.0909090909091,5076.545454545455,1.8056379999999999,85.36363636363636,58.0,0.0,0.0,233.63999999997907,0.0,16.0,190.0,1612,1,1.0,True
1613,-2.6829965000000002,12.168524166666666,0.0,221.5,5060.25,1.8060745,92.41666666666667,58.0,0.0,0.0,240.4799999999581,0.0,16.0,190.0,1613,1,1.0,True
1614,-2.6826485000000004,12.16623,0.0,222.5,5086.75,1.8060954999999999,95.25,58.0,0.0,0.0,235.8,0.0,16.0,190.0,1614,1,1.0,True
1615,-2.6815156363636365,12.164516363636364,0.0,223.72727272727272,5109.181818181818,1.8066183636363637,95.81818181818181,58.0,0.0,0.0,235.8,0.0,16.0,190.0,1615,1,1.0,True
1616,-2.684466181818182,12.162386363636363,0.0,222.9090909090909,5094.454545454545,1.805188090909091,95.0909090909091,58.0,0.0,0.0,237.60000000000002,0.0,16.0,190.0,1616,1,1.0,True
1617,-2.686088,12.107759090909092,0.0,222.9090909090909,5094.454545454545,0.9731158000000001,68.18181818181819,58.0,0.0,0.0,120.96000000002095,0.0,16.0,190.0,1617,1,1.0,True
1618,-2.686088,12.10835,0.0,223.0,5107.0,0.7304809000000001,8.5,58.0,0.0,0.0,235.0799999999581,0.0,16.0,190.0,1618,1,1.0,True
1619,-2.686088,12.10835,0.0,223.5,5102.4,-2.6184130199999998,4.2,58.0,0.0,0.0,239.0400000000838,0.0,16.0,190.0,1619,1,1.0,True
1620,-2.686088,12.10835,0.0,224.6,5139.1,2.2915526,4.0,58.0,0.0,0.0,236.51999999993714,0.0,16.0,190.0,1620,1,1.0,True
1621,-2.9570879999999997,12.208907,0.0,229.0,5239.5,2.6771446,1.4,58.0,0.0,0.0,247.68000000006288,0.0,16.0,190.0,1621,1,1.0,True
1622,-3.2335879999999997,12.3333375,0.0,229.0,5233.0,2.7247947499999996,2.5,58.0,0.0,0.0,244.43999999997905,0.0,16.0,190.0,1622,1,1.0,True
1623,-2.9776790909090907,12.298082727272726,0.0,229.72727272727272,5258.363636363636,2.7278855454545456,3.090909090909091,58.0,0.0,0.0,242.63999999997907,0.0,16.0,190.0,1623,1,1.0,True
1624,-2.8870576363636364,12.046653636363637,0.0,228.0909090909091,5220.363636363636,2.7247764545454545,0.8181818181818182,58.0,0.0,0.0,243.72000000004192,0.0,16.0,190.0,1624,1,1.0,True
1625,-3.223194,12.38279,0.0,230.75,5278.916666666667,2.7166900833333334,2.0833333333333335,58.0,0.0,0.0,243.71999999993716,0.0,16.0,190.0,1625,1,1.0,True
1626,-3.260694,12.42029,0.0,229.0,5247.0,2.714686,1.5,58.0,0.0,0.0,123.83999999997904,0.0,16.0,190.0,1626,1,1.0,True
1627,-2.892375833333333,11.88764,0.0,227.41666666666666,5206.5,2.7226968333333335,2.75,58.0,0.0,0.0,241.9200000000419,0.0,16.0,190.0,1627,1,1.0,True
1628,-2.6855700000000002,11.665890000000001,0.0,222.7,5090.9,1.4136061500000001,8.6,58.0,0.0,0.0,239.76000000002097,0.0,16.0,190.0,1628,1,1.0,True
1629,-2.68657,11.66689,0.0,222.5,5087.4,1.8306676,20.6,58.0,0.0,0.0,236.16000000002097,0.0,16.0,190.0,1629,1,1.0,True
1630,-2.6880289090909093,11.731017272727273,0.0,223.63636363636363,5120.545454545455,1.795797909090909,45.27272727272727,58.0,0.0,0.0,239.03999999997905,0.0,16.0,190.0,1630,1,1.0,True
1631,-2.6772898181818183,11.814244545454546,0.0,223.1818181818182,5101.454545454545,1.8083217272727274,73.54545454545455,58.0,0.0,0.0,236.16000000002097,0.0,16.0,190.0,1631,1,1.0,True
1632,-2.676345090909091,11.889999090909093,0.0,223.0,5097.636363636364,1.8087947272727272,81.81818181818181,58.0,0.0,0.0,237.60000000000002,0.0,16.0,190.0,1632,1,1.0,True
1633,-2.6776658333333336,11.966856666666667,0.0,223.08333333333334,5104.5,1.8099610833333335,86.08333333333333,58.0,0.0,0.0,240.83999999997906,0.0,16.0,190.0,1633,1,1.0,True
1634,-2.6811540000000003,12.04789,0.0,224.0,5131.5,1.8071345,88.0,58.0,0.0,0.0,118.8,0.0,16.0,190.0,1634,1,1.0,True
1635,-2.679794909090909,12.110766363636365,0.0,222.72727272727272,5090.818181818182,1.8079067272727272,90.27272727272727,58.0,0.0,0.0,236.51999999993714,0.0,16.0,190.0,1635,1,1.0,True
1636,-2.6938766666666667,12.136561666666665,0.0,222.5,5086.0,1.7623501666666668,68.33333333333333,58.0,0.0,0.0,241.2,0.0,16.0,190.0,1636,1,1.0,True
1637,-2.750494272727273,12.063665454545456,0.0,222.0909090909091,5076.545454545455,1.6755159999999998,27.636363636363637,58.0,0.0,0.0,237.24000000008382,0.0,16.0,190.0,1637,1,1.0,True
1638,-2.77749225,12.0099625,0.0,222.75,5097.0,1.675516,53.25,58.0,0.0,0.0,235.8,0.0,16.0,190.0,1638,1,1.0,True
1639,-2.7792963636363637,12.009959090909092,0.0,223.45454545454547,5107.818181818182,1.6755159999999998,57.18181818181818,58.0,0.0,0.0,236.51999999993714,0.0,16.0,190.0,1639,1,1.0,True
1640,-2.777929090909091,12.01005818181818,0.0,222.9090909090909,5094.454545454545,1.6755159999999998,58.0,58.0,0.0,0.0,237.60000000000002,0.0,16.0,190.0,1640,1,1.0,True
1641,-2.7389510909090906,12.03734,0.0,222.9090909090909,5094.454545454545,1.6755159999999998,54.72727272727273,58.0,0.0,0.0,117.36000000002096,0.0,16.0,190.0,1641,1,1.0,True
1642,-2.7055995,12.063155,0.0,222.5,5085.5,-0.545485,12.0,58.0,0.0,0.0,238.6799999999581,0.0,16.0,190.0,1642,1,1.0,True
1643,-2.705037,12.06372,0.0,222.5,5086.7,1.4106587999999998,5.6,58.0,0.0,0.0,238.32000000004192,0.0,16.0,190.0,1643,1,1.0,True
1644,-2.705037,12.06372,0.0,223.0,5097.6,1.7591302,37.3,58.0,0.0,0.0,236.16000000002097,0.0,16.0,190.0,1644,1,1.0,True
1645,-2.686375909090909,12.106347272727271,0.0,223.1818181818182,5103.272727272727,1.8038306363636365,54.45454545454545,58.0,0.0,0.0,241.91999999993715,0.0,16.0,190.0,1645,1,1.0,True
1646,-2.681605,12.15883,0.0,223.25,5110.5,1.807366,72.0,58.0,0.0,0.0,236.52000000004193,0.0,16.0,190.0,1646,1,1.0,True
1647,-2.6841884545454544,12.1697,0.0,223.45454545454547,5107.818181818182,1.8056269999999999,85.18181818181819,58.0,0.0,0.0,235.8,0.0,16.0,190.0,1647,1,1.0,True
1648,-2.68505,12.176438000000001,0.0,222.5,5085.5,1.8056629999999998,90.3,58.0,0.0,0.0,240.4799999999581,0.0,16.0,190.0,1648,1,1.0,True
1649,-2.68505,12.169716363636365,0.0,222.9090909090909,5094.454545454545,1.805663,92.0,58.0,0.0,0.0,118.8,0.0,16.0,190.0,1649,1,1.0,True
1650,-2.686244,12.16395,0.0,222.5,5087.0,1.8044990000000003,95.0,58.0,0.0,0.0,235.8,0.0,16.0,190.0,1650,1,1.0,True
1651,-2.6829234166666667,12.155629166666666,0.0,222.5,5085.5,1.8064350833333334,96.0,58.0,0.0,0.0,238.32000000004192,0.0,16.0,190.0,1651,1,1.0,True
1652,-2.678435,12.148235454545455,0.0,222.0909090909091,5076.545454545455,1.8081756363636365,94.72727272727273,58.0,0.0,0.0,236.16000000002094,0.0,16.0,190.0,1652,1,1.0,True
1653,-2.6818213,12.15499,0.0,222.2,5075.1,1.8069075,93.8,58.0,0.0,0.0,238.31999999993712,0.0,16.0,190.0,1653,1,1.0,True
1654,-2.679584090909091,12.177352727272728,0.0,223.1818181818182,5105.636363636364,1.807631,95.0,58.0,0.0,0.0,239.76000000002097,0.0,16.0,190.0,1654,1,1.0,True
1655,-2.6803496666666664,12.16343,0.0,222.5,5085.5,1.8076173333333332,95.0,58.0,0.0,0.0,237.96000000002095,0.0,16.0,190.0,1655,1,1.0,True
1656,-2.681277,12.156406,0.0,222.5,5085.5,1.8064594,95.0,58.0,0.0,0.0,237.60000000000002,0.0,16.0,190.0,1656,1,1.0,True
1657,-2.683263,12.165826363636365,0.0,222.9090909090909,5094.454545454545,1.805733,95.54545454545455,58.0,0.0,0.0,117.7200000000419,0.0,16.0,190.0,1657,1,1.0,True
1658,-2.685035727272727,12.169371818181817,0.0,222.0909090909091,5079.727272727273,1.8049245454545455,96.45454545454545,58.0,0.0,0.0,236.51999999993714,0.0,16.0,190.0,1658,1,1.0,True
1659,-2.684779666666666,12.164723333333335,0.0,222.91666666666666,5101.5,1.8055515833333333,97.5,58.0,0.0,0.0,236.16000000002094,0.0,19.0,190.0,1659,1,1.0,True
1660,-2.6832715454545455,12.162280909090908,0.0,222.1818181818182,5080.454545454545,1.8057088181818182,97.0,58.0,0.0,0.0,236.16000000002094,0.0,19.0,190.0,1660,1,1.0,True
1661,-2.683144909090909,12.161099090909092,0.0,222.36363636363637,5084.454545454545,1.8063064545454546,95.9090909090909,58.0,0.0,0.0,239.03999999997905,0.0,19.0,190.0,1661,1,1.0,True
1662,-2.6810612500000004,12.160705,0.0,225.25,5152.5,1.8111237500000001,77.75,58.0,0.0,0.0,243.0,0.0,19.0,190.0,1662,1,1.0,True
1663,-2.6940004545454546,12.184208181818184,0.0785100909090909,263.72727272727275,6056.090909090909,1.8894603636363636,60.36363636363637,57.27272727272727,148.1818181818182,8.909090909090908,280.4399999999791,0.0,19.0,190.0,1663,1,1.0,True
1664,-2.7663569999999997,12.303577272727273,0.12824599090909092,280.0,6441.181818181818,2.362823818181818,92.36363636363636,57.0,296.8181818181818,-40.63636363636363,299.88000000006286,0.0,19.0,190.0,1664,1,1.0,True
1665,-2.8460171818181816,12.337064545454545,0.15176033636363637,279.09090909090907,6416.090909090909,2.830570727272727,89.45454545454545,57.0,299.0,3.909090909090909,148.67999999995808,0.0,19.0,190.0,1665,1,1.0,True
1666,-3.030108363636364,12.342151818181817,0.19492156363636362,286.8181818181818,6604.090909090909,-3.091657181818182,88.0909090909091,57.0,154.45454545454547,235.27272727272728,303.4799999999581,0.0,19.0,190.0,1666,1,1.0,True
1667,-3.1559850000000003,12.369752,0.11911871,280.6,6463.2,2.1436656,97.5,57.0,-51.1,288.9,300.2400000000838,0.0,19.0,190.0,1667,1,1.0,True
1668,-3.2275461666666665,12.440415,0.1121701,279.1666666666667,6424.833333333333,2.202967,83.66666666666667,57.0,-51.333333333333336,276.0,297.0,0.0,19.0,190.0,1668,1,1.0,True
1669,-3.2314139999999996,12.560805,0.16814885000000002,282.5,6498.25,1.7754605,58.0,57.0,50.0,286.5,300.9599999999162,0.0,19.0,190.0,1669,1,1.0,True
1670,-3.2279515,12.81086,0.26248662500000003,290.5,6692.5,1.5853095000000001,45.0,57.0,283.5,241.5,308.88000000006286,0.0,19.0,190.0,1670,1,1.0,True
1671,-3.2111881818181818,13.04744090909091,0.2761388727272727,291.54545454545456,6723.636363636364,1.6440352727272727,36.72727272727273,57.0,299.0,252.8181818181818,315.0,0.0,19.0,190.0,1671,1,1.0,True
1672,-3.2108720909090906,13.29060909090909,0.2879346545454545,294.3636363636364,6774.818181818182,1.675256,51.27272727272727,57.0,299.0,276.27272727272725,308.160000000021,0.0,19.0,190.0,1672,1,1.0,True
1673,-3.2462885000000004,13.5749525,0.29740679166666667,289.25,6662.916666666667,1.6539120833333332,69.58333333333333,57.0,299.0,295.1666666666667,308.1599999999162,0.0,19.0,190.0,1673,1,1.0,True
1674,-3.2712725,13.858805,0.29694594999999996,287.5,6630.5,1.6417205,85.5,57.0,297.5,296.0,153.0,0.0,19.0,190.0,1674,1,1.0,True
1675,-3.286570818181818,14.149888181818183,0.2974100272727273,288.3636363636364,6639.0,1.6356994545454546,94.54545454545455,57.0,295.54545454545456,299.0,308.52000000004193,0.0,19.0,194.0,1675,1,1.0,True
1676,-3.297610333333333,14.387856666666666,0.2977259,286.5,6601.166666666667,1.6302968333333334,97.83333333333333,57.0,295.8333333333333,299.0,305.2799999999581,0.0,19.0,194.0,1676,1,1.0,True
1677,-3.3140968,14.700636,0.29720121,285.8,6590.8,1.6216296,99.0,57.0,294.9,299.0,309.96000000002095,0.0,19.0,194.0,1677,1,1.0,True
1678,-3.3275502727272723,14.969678181818182,0.29663653636363635,288.45454545454544,6656.181818181818,1.6131316363636363,99.36363636363636,57.0,294.09090909090907,299.0,307.0800000000629,0.0,19.0,194.0,1678,1,1.0,True
1679,-3.3316833333333338,15.263848333333334,0.297655,289.3333333333333,6667.666666666667,1.6083656666666668,96.0,57.0,298.0,296.8333333333333,301.3199999999372,0.0,19.0,194.0,1679,1,1.0,True
1680,-3.3415533333333336,15.524299999999998,0.29889580833333335,288.9166666666667,6662.333333333333,1.60802225,94.08333333333333,57.0,298.6666666666667,298.6666666666667,310.6800000000629,0.0,19.0,194.0,1680,1,1.0,True
1681,-3.3593735454545453,15.829965454545457,0.29783547272727273,286.8181818181818,6603.545454545455,1.599795,89.36363636363636,57.0,296.09090909090907,299.0,149.75999999991618,0.0,19.0,194.0,1681,1,1.0,True
1682,-3.3650200909090913,16.11048090909091,0.29930513636363637,286.8181818181818,6605.909090909091,1.5979385454545456,88.9090909090909,57.0,299.0,299.0,309.6,0.0,19.0,194.0,1682,1,1.0,True
1683,-3.3761959166666666,16.400795833333333,0.2990731,290.8333333333333,6712.833333333333,1.5938457499999998,88.66666666666667,57.0,299.0,299.0,308.88000000006286,0.0,19.0,194.0,1683,1,1.0,True
1684,-3.3841135,16.67278166666667,0.2793617666666666,281.3333333333333,6473.5,1.5935556666666664,88.33333333333333,57.0,279.0,279.6666666666667,307.0799999999581,0.0,19.0,194.0,1684,1,1.0,True
1685,-3.3827747,16.894357,0.12856310399999998,262.5,6037.0,1.5989835,91.3,57.0,128.3,128.9,276.83999999997906,0.0,19.0,194.0,1685,1,1.0,True
1686,-3.3815495454545457,16.983341818181817,0.09486954545454546,262.09090909090907,6023.0,1.6005277272727272,96.63636363636364,57.0,95.45454545454545,95.0,280.44000000008384,0.0,19.0,194.0,1686,1,1.0,True
1687,-3.3812510909090907,17.042405454545452,0.020304327272727272,234.72727272727272,5383.818181818182,1.6007243636363635,98.18181818181819,57.72727272727273,20.454545454545453,20.181818181818183,248.03999999997905,0.0,19.0,194.0,1687,1,1.0,True
1688,-3.3812979999999997,17.047425,0.0,229.0,5233.0,1.600735,99.0,58.0,0.0,0.0,249.11999999993714,0.0,19.0,194.0,1688,1,1.0,True
1689,-3.3812980000000006,17.04964090909091,0.0,229.0,5233.0,1.600735,99.0,58.0,0.0,0.0,120.96000000002095,0.0,19.0,194.0,1689,1,1.0,True
1690,-3.382040727272727,17.05354090909091,0.0,229.0,5233.0,1.600735,99.45454545454545,58.0,0.0,0.0,244.43999999997905,0.0,19.0,194.0,1690,1,1.0,True
1691,-3.382932,17.048725,0.0,229.0,5233.0,1.600735,99.08333333333333,58.0,0.0,0.0,244.8,0.0,19.0,194.0,1691,1,1.0,True
1692,-3.3829319999999994,17.04905,0.0,229.0,5233.0,1.6007349999999998,99.0,58.0,0.0,0.0,242.28000000006287,0.0,19.0,194.0,1692,1,1.0,True
1693,-3.3836337999999997,17.051620000000003,0.01701696,235.4,5386.4,1.5975802,99.0,57.8,7.8,26.2,252.36000000002096,0.0,14.0,336.0,1693,1,1.0,True
1694,-3.3706242727272726,17.10022,0.13126263636363636,273.54545454545456,6291.272727272727,1.4335802727272726,97.36363636363636,57.0,12.454545454545455,249.9090909090909,295.5599999999162,0.0,14.0,336.0,1694,1,1.0,True
1695,-3.3202339999999997,17.181011666666667,0.11780697833333333,279.0833333333333,6420.25,0.9133474666666667,96.33333333333333,57.0,-43.666666666666664,277.8333333333333,293.76000000002097,0.0,14.0,332.0,1695,1,1.0,True
1696,-3.2381076363636363,17.223532727272726,0.11869328727272728,281.45454545454544,6490.181818181818,0.3492158781818182,95.54545454545455,57.0,-40.0,276.8181818181818,302.4,0.0,14.0,332.0,1696,1,1.0,True
1697,-3.0850595000000003,17.25095,0.22632559999999996,295.5,6813.0,0.016555434,94.0,57.0,187.5,265.0,153.0,0.0,14.0,328.0,1697,1,1.0,True
1698,-2.8202055,17.26419,0.29013915,292.5,6739.0,0.05484658,97.5,57.0,299.0,281.0,311.4,0.0,14.0,324.0,1698,1,1.0,True
1699,-2.5800285454545455,17.27894090909091,0.24206626363636363,280.90909090909093,6467.636363636364,0.03523831909090909,95.81818181818181,57.0,198.0909090909091,285.6363636363636,305.28000000006284,0.0,14.0,88.0,1699,1,1.0,True
1700,-2.3937208181818184,17.26111,0.10639466909090908,281.27272727272725,6479.181818181818,-0.3332526936363637,96.63636363636364,57.0,-66.0,278.3636363636364,299.5199999999371,0.0,14.0,88.0,1700,1,1.0,True
1701,-2.3484486666666666,17.170620833333334,0.1056824075,281.6666666666667,6482.083333333333,-0.9348234,69.0,57.0,-69.25,280.6666666666667,299.88000000006286,0.0,14.0,84.0,1701,1,1.0,True
1702,-2.3464304166666667,17.033345,0.21693076666666666,287.0,6619.416666666667,-1.3880842500000001,38.416666666666664,57.0,137.0,296.6666666666667,308.1599999999162,0.0,14.0,32.0,1702,1,1.0,True
1703,-2.312672,16.898896666666666,0.09713846666666666,243.66666666666666,5591.166666666667,-1.5156873333333334,46.166666666666664,57.166666666666664,99.33333333333333,95.0,252.0,0.0,14.0,32.0,1703,1,1.0,True
1704,-2.296995,16.91857,0.0,238.2,5466.5,-1.533611,90.9,57.3,0.0,0.0,255.96000000002095,0.0,14.0,32.0,1704,1,1.0,True
1705,-2.2941065000000003,16.898325,0.09316785,261.5,6017.0,-1.5308845,99.5,57.0,96.0,90.0,144.36000000002096,0.0,14.0,32.0,1705,1,1.0,True
1706,-2.2810465,16.697225,0.29673325,286.5,6608.0,-1.518351,100.0,57.0,298.5,295.0,304.20000000000005,0.0,14.0,32.0,1706,1,1.0,True
1707,-2.264363,16.40066909090909,0.2959791,284.0,6548.545454545455,-1.521441,99.63636363636364,57.0,292.6363636363636,299.0,307.0799999999581,0.0,14.0,32.0,1707,1,1.0,True
1708,-2.2554385,16.121936666666667,0.2971586333333333,285.6666666666667,6592.5,-1.5284966666666666,99.0,57.0,295.3333333333333,298.3333333333333,304.2,0.0,14.0,32.0,1708,1,1.0,True
1709,-2.2505583636363635,15.826569999999998,0.2989183909090909,287.6363636363636,6629.818181818182,-1.5303488181818181,99.81818181818181,57.0,299.0,298.6363636363636,307.44000000008384,0.0,14.0,32.0,1709,1,1.0,True
1710,-2.2427094545454547,15.574777272727273,0.29899573636363636,288.90909090909093,6657.636363636364,-1.5311091818181817,100.0,57.0,299.0,298.8181818181818,309.9599999999162,0.0,14.0,32.0,1710,1,1.0,True
1711,-2.2311285,15.266401666666667,0.29779680000000003,285.3333333333333,6580.166666666667,-1.5331226666666666,100.0,57.0,296.3333333333333,298.6666666666667,305.64000000008383,0.0,14.0,32.0,1711,1,1.0,True
1712,-2.2210981666666667,14.967303333333334,0.29822220000000005,286.6666666666667,6610.416666666667,-1.5371415,100.0,57.0,297.0,299.0,303.83999999997906,0.0,14.0,32.0,1712,1,1.0,True
1713,-2.2152391666666666,14.693675833333332,0.29910850833333336,290.5833333333333,6705.333333333333,-1.5390961666666667,100.0,57.0,298.5833333333333,299.0,308.5199999999371,0.0,14.0,32.0,1713,1,1.0,True
1714,-2.2104262727272728,14.426651818181819,0.2992664636363636,289.1818181818182,6663.181818181818,-1.5383335454545453,100.0,57.0,299.0,299.0,155.88000000006286,0.0,14.0,32.0,1714,1,1.0,True
1715,-2.202505,14.15150818181818,0.29872495454545456,286.09090909090907,6603.0,-1.5383406363636363,100.0,57.0,298.09090909090907,299.0,305.27999999995814,0.0,14.0,32.0,1715,1,1.0,True
1716,-2.1932517272727274,13.824788181818183,0.29887969090909094,285.3636363636364,6578.909090909091,-1.5396061818181819,100.0,57.0,298.54545454545456,299.0,304.20000000000005,0.0,14.0,28.0,1716,1,1.0,True
1717,-2.185372363636364,13.578061818181817,0.2987636454545454,284.72727272727275,6571.636363636364,-1.5414130909090908,100.0,57.0,298.27272727272725,299.0,304.2,0.0,14.0,28.0,1717,1,1.0,True
1718,-2.1763735,13.273385,0.2990731,288.25,6653.0,-1.54356,100.0,57.0,299.0,299.0,310.3200000000419,0.0,14.0,28.0,1718,1,1.0,True
1719,-2.171806727272727,12.998081818181818,0.2986863,288.09090909090907,6644.363636363636,-1.5443314545454547,100.0,57.0,299.0,298.09090909090907,305.27999999995814,0.0,14.0,28.0,1719,1,1.0,True
1720,-2.1694823636363636,12.709513636363637,0.25486762727272727,279.09090909090907,6427.090909090909,-1.5696453636363636,99.72727272727273,57.0,211.0909090909091,298.27272727272725,300.6,0.0,14.0,28.0,1720,1,1.0,True
1721,-2.1947855833333336,12.542154166666668,0.14311971666666667,278.9166666666667,6429.5,-1.9073510833333334,96.33333333333333,57.0,-11.166666666666666,296.8333333333333,302.76000000002097,0.0,14.0,28.0,1721,1,1.0,True
1722,-2.2574018181818185,12.44618818181818,0.1039968,278.90909090909093,6427.545454545455,-2.523449727272727,95.9090909090909,57.0,-65.45454545454545,273.45454545454544,147.96000000002095,0.0,14.0,28.0,1722,1,1.0,True
1723,-2.359823818181818,12.408180909090909,0.1313786909090909,278.1818181818182,6415.727272727273,-0.7323088181818181,98.45454545454545,57.0,49.63636363636363,213.27272727272728,298.8,0.0,14.0,28.0,1723,1,1.0,True
1724,-2.4966065,12.39802,0.13266138333333333,279.8333333333333,6449.0,-1.9112471666666668,86.83333333333333,57.0,281.1666666666667,-16.0,297.36000000002093,0.0,14.0,28.0,1724,1,1.0,True
1725,-2.591020818181818,12.345172727272727,0.1250746909090909,280.90909090909093,6476.727272727273,-2.4111054545454547,68.45454545454545,57.0,292.1818181818182,-41.90909090909091,298.439999999979,0.0,14.0,28.0,1725,1,1.0,True
1726,-2.6413802727272726,12.242952727272728,0.14943985454545453,280.3636363636364,6458.181818181818,-1.8387532727272728,73.9090909090909,57.0,294.90909090909093,4.090909090909091,297.71999999993716,0.0,14.0,28.0,1726,1,1.0,True
1727,-2.643727090909091,12.038634545454546,0.23363511818181817,285.45454545454544,6587.727272727273,-1.4936197272727272,84.45454545454545,56.81818181818182,230.8181818181818,236.8181818181818,309.2400000000838,0.0,14.0,6.0,1727,1,1.0,True
1728,-2.6409933333333333,11.825839166666668,0.2735831083333334,290.75,6712.583333333333,-1.5413690833333333,96.75,56.666666666666664,247.66666666666666,299.0,307.8,0.0,14.0,6.0,1728,1,1.0,True
1729,-2.639348583333333,11.542274999999998,0.2962369083333333,288.9166666666667,6671.166666666667,-1.57727325,99.58333333333333,56.5,295.25,296.5833333333333,307.8,0.0,14.0,6.0,1729,1,1.0,True
1730,-2.64295,11.26861,0.2967332,289.0,6675.0,-1.571704,100.0,56.5,299.0,294.0,153.0,0.0,14.0,6.0,1730,1,1.0,True
1731,-2.6374774166666666,10.97133,0.29815129166666665,288.1666666666667,6644.916666666667,-1.56701775,100.0,56.916666666666664,299.0,296.8333333333333,308.51999999993717,0.0,14.0,6.0,1731,1,1.0,True
1732,-2.6369292727272726,10.713148181818182,0.29787414545454544,287.3636363636364,6628.272727272727,-1.5620893636363637,100.0,56.63636363636363,299.0,296.1818181818182,305.2800000000629,0.0,14.0,6.0,1732,1,1.0,True
1733,-2.6359562727272725,10.419411818181818,0.2982996,285.90909090909093,6600.090909090909,-1.556492181818182,100.0,56.81818181818182,299.0,297.1818181818182,311.4,0.0,14.0,10.0,1733,1,1.0,True
1734,-2.630297,10.153036363636364,0.29837694545454546,287.72727272727275,6643.0,-1.5530889090909092,100.0,56.45454545454545,299.0,297.3636363636364,308.51999999993717,0.0,14.0,10.0,1734,1,1.0,True
1735,-2.626286166666667,9.844749166666666,0.29843491666666666,290.5,6699.833333333333,-1.5503371666666668,100.0,56.5,299.0,297.5,306.360000000021,0.0,14.0,10.0,1735,1,1.0,True
1736,-2.6206395833333334,9.586708416666667,0.29928579166666663,289.9166666666667,6689.583333333333,-1.5485610833333334,100.0,56.416666666666664,299.0,299.0,309.2399999999791,0.0,14.0,10.0,1736,1,1.0,True
1737,-2.615685181818182,9.284451636363634,0.29887969090909094,284.8181818181818,6574.909090909091,-1.546734636363636,100.0,57.0,299.0,299.0,151.9200000000419,0.0,14.0,10.0,1737,1,1.0,True
1738,-2.607712818181818,9.003437727272727,0.2611716909090909,279.54545454545456,6455.272727272727,-1.566062909090909,100.0,57.0,223.0909090909091,299.0,303.47999999995807,0.0,14.0,278.0,1738,1,1.0,True
1739,-2.640143181818182,8.797749,0.1618545090909091,282.6363636363636,6512.545454545455,-1.827998909090909,93.63636363636364,57.0,24.181818181818183,299.0,297.7200000000419,0.0,14.0,278.0,1739,1,1.0,True
1740,-2.7004599999999996,8.68382175,0.14737397500000002,281.3333333333333,6492.166666666667,-2.371941,93.33333333333333,57.0,-4.833333333333333,299.0,300.2399999999791,0.0,14.0,278.0,1740,1,1.0,True
1741,-2.8276244545454543,8.615669727272728,0.18150135454545457,282.27272727272725,6518.909090909091,-2.8697815454545452,99.63636363636364,56.72727272727273,63.90909090909091,299.0,300.2399999999791,0.0,14.0,278.0,1741,1,1.0,True
1742,-3.00053125,8.575043166666667,0.1174170075,277.9166666666667,6411.0,-3.035080333333333,97.25,56.75,182.16666666666666,52.0,299.88000000006286,0.0,14.0,278.0,1742,1,1.0,True
1743,-3.078916833333333,8.572959666666668,0.07678902166666667,280.1666666666667,6459.833333333333,-2.6284991666666664,82.33333333333333,57.0,248.83333333333334,-95.83333333333333,294.11999999993714,0.0,14.0,278.0,1743,1,1.0,True
1744,-3.1280170909090903,8.516690272727272,0.10449961818181817,278.45454545454544,6421.090909090909,-2.036141181818182,82.45454545454545,57.0,260.1818181818182,-51.0,305.63999999997907,0.0,14.0,278.0,1744,1,1.0,True
1745,-3.1507096363636364,8.402644636363636,0.2088444909090909,289.1818181818182,6681.454545454545,-1.5773070000000002,94.27272727272727,56.45454545454545,295.8181818181818,121.72727272727273,153.72000000004192,0.0,14.0,278.0,1745,1,1.0,True
1746,-3.1326576363636365,8.123168181818182,0.26167447272727273,282.45454545454544,6514.727272727273,-1.4988496363636363,99.45454545454545,57.0,224.0909090909091,299.0,309.23999999997903,0.0,14.0,278.0,1746,1,1.0,True
1747,-3.1280585454545458,7.904119454545454,0.28735456363636364,287.1818181818182,6625.272727272727,-1.5816549090909091,100.0,56.63636363636363,275.1818181818182,299.0,308.88000000006286,0.0,14.0,278.0,1747,1,1.0,True
1748,-3.1298486666666663,7.596741833333333,0.29673323333333335,286.0,6595.833333333333,-1.5919635,100.0,56.833333333333336,298.0,295.1666666666667,300.6,0.0,14.0,278.0,1748,1,1.0,True
1749,-3.133089416666667,7.315964416666667,0.2965205166666667,285.3333333333333,6585.0,-1.5830641666666667,100.0,56.416666666666664,299.0,293.5833333333333,309.6,0.0,14.0,278.0,1749,1,1.0,True
1750,-3.1350655,7.0205045,0.2969459,287.5,6629.75,-1.5727010000000001,100.0,56.5,299.0,294.0,304.5599999999162,0.0,14.0,278.0,1750,1,1.0,True
1751,-3.1359195,6.7726705,0.29730046666666665,288.8333333333333,6659.666666666667,-1.5646391666666668,99.5,56.5,299.0,294.8333333333333,304.9200000000419,0.0,14.0,278.0,1751,1,1.0,True
1752,-3.132964909090909,6.465516818181819,0.29853163636363633,287.1818181818182,6627.818181818182,-1.5576593636363638,100.0,56.45454545454545,299.0,297.72727272727275,307.8,0.0,14.0,278.0,1752,1,1.0,True
1753,-3.1314698181818184,6.194467727272727,0.2979901636363636,287.90909090909093,6638.545454545455,-1.5531997272727274,100.0,56.45454545454545,299.0,296.45454545454544,151.9200000000419,0.0,14.0,278.0,1753,1,1.0,True
1754,-3.120458727272727,5.909708181818183,0.29764206363636364,289.6363636363636,6685.0,-1.5521620909090907,99.54545454545455,56.54545454545455,295.6363636363636,299.0,308.1599999999162,0.0,14.0,282.0,1754,1,1.0,True
1755,-3.118453090909091,5.645179090909091,0.2983382090909091,289.45454545454544,6671.363636363636,-1.5531819090909094,99.0,56.0,298.54545454545456,297.72727272727275,311.4,0.0,14.0,282.0,1755,1,1.0,True
1756,-3.112691,5.3515695,0.2985767,287.1666666666667,6625.833333333333,-1.5498203333333336,99.83333333333333,56.5,298.6666666666667,298.1666666666667,302.76000000002097,0.0,14.0,282.0,1756,1,1.0,True
1757,-3.102900083333333,5.04446225,0.2986476,285.4166666666667,6591.666666666667,-1.551754,99.41666666666667,56.25,298.25,298.75,308.52000000004193,0.0,14.0,282.0,1757,1,1.0,True
1758,-3.09938425,4.77847875,0.29854125000000004,289.25,6679.25,-1.55062575,100.0,56.25,299.0,297.75,308.160000000021,0.0,14.0,282.0,1758,1,1.0,True
1759,-3.0903596666666666,4.491736333333333,0.29815131666666667,289.8333333333333,6691.0,-1.5500576666666666,99.5,56.166666666666664,297.5,298.3333333333333,308.8799999999581,0.0,14.0,282.0,1759,1,1.0,True
1760,-3.088498181818182,4.215235272727273,0.29853161818181817,286.8181818181818,6621.727272727273,-1.548803272727273,100.0,56.45454545454545,299.0,297.72727272727275,306.36000000002093,0.0,14.0,282.0,1760,1,1.0,True
1761,-3.0824233333333333,3.90196475,0.29871855833333333,286.0,6596.166666666667,-1.5459124166666667,100.0,56.5,299.0,298.1666666666667,303.83999999997906,0.0,14.0,282.0,1761,1,1.0,True
1762,-3.075157,3.6610714545454544,0.2990731,285.54545454545456,6602.090909090909,-1.5463383636363637,100.0,56.54545454545455,299.0,299.0,152.2799999999581,0.0,14.0,282.0,1762,1,1.0,True
1763,-3.0674546363636366,3.3602641818181813,0.2992277909090909,289.3636363636364,6676.818181818182,-1.547372181818182,99.63636363636364,56.0,299.0,299.0,307.08000000006285,0.0,14.0,282.0,1763,1,1.0,True
1764,-3.0591626363636366,3.070077272727273,0.2982608818181818,288.1818181818182,6660.181818181818,-1.5476765454545456,98.45454545454545,56.0,297.3636363636364,298.6363636363636,304.91999999993715,0.0,14.0,282.0,1764,1,1.0,True
1765,-3.0569918,2.7859371000000004,0.2984349,286.6,6625.5,-1.5454609,99.0,56.3,298.7,297.8,308.52000000004193,0.0,14.0,282.0,1765,1,1.0,True
1766,-3.048985545454545,2.535501181818182,0.29895705454545457,286.45454545454544,6623.272727272727,-1.5457780909090908,98.81818181818181,56.27272727272727,298.72727272727275,299.0,310.6799999999581,0.0,14.0,282.0,1766,1,1.0,True
1767,-3.0410315000000003,2.2232071666666666,0.2993567,288.6666666666667,6666.0,-1.5470066666666666,97.83333333333333,56.0,299.0,299.0,305.64000000008383,0.0,14.0,282.0,1767,1,1.0,True
1768,-3.034860363636364,1.9334761818181818,0.28812805454545454,288.6363636363636,6668.272727272727,-1.5399310909090909,97.54545454545455,56.09090909090909,299.0,276.72727272727275,304.9200000000419,0.0,14.0,270.0,1768,1,1.0,True
1769,-3.01281625,1.6978663333333335,0.19108630000000001,282.1666666666667,6513.083333333333,-1.3615540833333333,95.66666666666667,57.0,299.0,82.5,299.1599999999162,0.0,14.0,270.0,1769,1,1.0,True
1770,-2.955888545454546,1.5642856363636364,0.12693102272727275,280.90909090909093,6478.636363636364,-0.9223319545454547,82.54545454545455,57.0,286.27272727272725,-32.72727272727273,151.20000000000002,0.0,14.0,274.0,1770,1,1.0,True
1771,-2.8781471666666665,1.4946179166666667,0.09962009916666666,282.3333333333333,6510.166666666667,-0.34316746666666664,54.333333333333336,57.0,270.5,-71.58333333333333,297.3599999999162,0.0,14.0,274.0,1771,1,1.0,True
1772,-2.716430363636363,1.5115122727272727,0.2344472818181818,290.90909090909093,6720.454545454545,0.11275500909090909,86.36363636363636,56.09090909090909,216.27272727272728,252.8181818181818,304.9200000000419,0.0,14.0,350.0,1772,1,1.0,True
1773,-2.5172090909090907,1.528042,0.26879064545454545,291.27272727272725,6731.090909090909,0.03282908445454546,98.27272727272727,56.27272727272727,237.9090909090909,299.0,314.27999999995814,0.0,14.0,354.0,1773,1,1.0,True
1774,-2.248987818181818,1.5222330909090909,0.26012742727272725,288.3636363636364,6649.636363636364,0.0033014462727272735,99.54545454545455,56.27272727272727,287.3636363636364,232.63636363636363,302.4,0.0,14.0,238.0,1774,1,1.0,True
1775,-2.0736605000000004,1.5319583333333335,0.11025572500000001,281.1666666666667,6484.0,0.30851036666666665,85.5,56.666666666666664,273.3333333333333,-52.666666666666664,297.7200000000419,0.0,14.0,238.0,1775,1,1.0,True
1776,-2.0062612,1.5836142,0.113120248,280.6,6472.8,0.9187738,55.3,56.9,279.8,-53.7,300.2400000000838,0.0,14.0,242.0,1776,1,1.0,True
1777,-1.9723696363636365,1.658575818181818,0.17585481818181817,284.90909090909093,6581.727272727273,1.3786086363636365,68.72727272727273,56.0,297.6363636363636,53.45454545454545,150.83999999987427,0.0,14.0,242.0,1777,1,1.0,True
1778,-1.9766590000000002,1.8960925,0.26482645,291.5,6729.0,1.6355525,53.5,56.5,250.5,279.5,310.3200000000419,0.0,14.0,16.0,1778,1,1.0,True
1779,-1.9789340833333335,2.172292833333333,0.2789363083333333,294.4166666666667,6805.916666666667,1.5673442499999999,71.41666666666667,56.083333333333336,258.5,299.0,313.20000000000005,0.0,14.0,16.0,1779,1,1.0,True
1780,-1.9720565,2.4789398333333335,0.29659141666666666,288.8333333333333,6676.833333333333,1.5421518333333333,88.33333333333333,56.0,298.1666666666667,294.3333333333333,306.0,0.0,14.0,16.0,1780,1,1.0,True
1781,-1.9690777272727273,2.7438779999999996,0.2954762909090909,289.1818181818182,6679.727272727273,1.5510343636363637,92.36363636363636,56.0,299.0,291.54545454545456,306.36000000012575,0.0,14.0,16.0,1781,1,1.0,True
1782,-1.9649607500000001,3.04170025,0.29588235,289.75,6691.5,1.563582,94.75,56.0,299.0,292.5,305.63999999987425,0.0,14.0,16.0,1782,1,1.0,True
1783,-1.9689500000000002,3.3383066363636362,0.2979514909090909,290.0,6694.272727272727,1.5733961818181819,94.27272727272727,56.18181818181818,299.0,296.8181818181818,306.0,0.0,14.0,16.0,1783,1,1.0,True
1784,-1.9713015454545455,3.595241090909091,0.2983768909090909,289.0,6666.090909090909,1.5762694545454545,94.72727272727273,56.36363636363637,299.0,297.72727272727275,308.52000000004193,0.0,14.0,16.0,1784,1,1.0,True
1785,-1.972966090909091,3.8769170909090906,0.2982222,290.45454545454544,6697.909090909091,1.5807676363636363,96.54545454545455,56.0,299.0,297.0,156.6,0.0,14.0,16.0,1785,1,1.0,True
1786,-1.9727595,4.1695915,0.29737135,287.0,6630.0,1.5863125,98.5,56.0,299.0,295.0,305.27999999995814,0.0,14.0,16.0,1786,1,1.0,True
1787,-1.9793482727272727,4.46199,0.2987249818181818,288.27272727272725,6657.727272727273,1.5896035454545454,99.0,56.0,299.0,298.1818181818182,308.52000000004193,0.0,14.0,16.0,1787,1,1.0,True
1788,-1.9872306363636363,4.617550272727272,0.027188463636363635,240.54545454545453,5539.090909090909,1.605320909090909,99.0,56.90909090909091,27.181818181818183,27.181818181818183,262.8,0.0,14.0,16.0,1788,1,1.0,True
1789,-1.9837379999999998,4.647836545454545,0.0,237.0,5443.0,1.624535,99.0,57.0,0.0,0.0,255.6,0.0,14.0,16.0,1789,1,1.0,True
1790,-1.9837379999999998,4.6445276363636365,0.0,227.36363636363637,5212.454545454545,1.624535,99.72727272727273,57.18181818181818,0.0,0.0,243.72000000004192,0.0,14.0,16.0,1790,1,1.0,True
1791,-1.983738,4.650343333333334,0.0,223.66666666666666,5126.333333333333,1.624535,100.0,57.5,0.0,0.0,237.23999999987427,0.0,14.0,16.0,1791,1,1.0,True
1792,-1.9837379999999998,4.646054181818181,0.0,223.54545454545453,5123.454545454545,1.624535,100.0,57.45454545454545,0.0,0.0,237.24000000008382,0.0,14.0,16.0,1792,1,1.0,True
1793,-1.983738,4.642066333333333,0.0,222.91666666666666,5107.916666666667,1.624535,100.0,57.5,0.0,0.0,235.44000000008384,0.0,14.0,16.0,1793,1,1.0,True
1794,-1.9837379999999998,4.647591,0.0,221.63636363636363,5076.545454545455,1.624535,100.0,58.0,0.0,0.0,120.23999999987427,0.0,14.0,16.0,1794,1,1.0,True
1795,-1.9883275833333334,4.651787583333333,0.0,223.25,5118.416666666667,1.624535,63.333333333333336,58.0,0.0,0.0,236.5200000000419,0.0,14.0,16.0,1795,1,1.0,True
1796,-1.9849384545454547,4.648020909090909,0.0,222.27272727272728,5095.181818181818,1.624535,76.18181818181819,58.0,0.0,0.0,236.8799999999581,0.0,14.0,16.0,1796,1,1.0,True
1797,-1.983957,4.6503036363636365,0.0,221.27272727272728,5071.090909090909,1.624535,94.0,58.0,0.0,0.0,238.67999999995808,0.0,14.0,16.0,1797,1,1.0,True
1798,-1.983957,4.64891575,0.0,222.5,5099.25,1.624535,97.5,58.0,0.0,0.0,237.24000000008382,0.0,14.0,16.0,1798,1,1.0,True
1799,-1.983957,4.656390333333333,0.0,222.0,5087.5,1.624535,98.66666666666667,58.0,0.0,0.0,235.44000000008384,0.0,14.0,16.0,1799,1,1.0,True
1800,-1.983957,4.645464454545455,0.0,222.45454545454547,5096.727272727273,1.624535,99.0909090909091,58.0,0.0,0.0,239.4,0.0,14.0,16.0,1800,1,1.0,True
1801,-1.983957,4.647423666666667,0.0,223.58333333333334,5124.5,1.624535,100.0,58.0,0.0,0.0,239.03999999987428,0.0,14.0,16.0,1801,1,1.0,True
1802,-1.983957,4.654888818181818,0.0,223.63636363636363,5125.545454545455,1.624535,100.0,58.0,0.0,0.0,119.16000000012573,0.0,14.0,16.0,1802,1,1.0,True
1803,-1.983957,4.650397909090909,0.0,223.63636363636363,5125.545454545455,1.624535,100.0,58.0,0.0,0.0,236.8799999999581,0.0,14.0,16.0,1803,1,1.0,True
1804,-1.9816306666666665,4.636178,0.0,224.33333333333334,5144.5,1.624535,66.66666666666667,57.666666666666664,0.0,0.0,236.15999999991618,0.0,14.0,16.0,1804,1,1.0,True
1805,-1.9810689090909093,4.631315,0.0,222.1818181818182,5089.818181818182,1.624535,61.09090909090909,57.81818181818182,0.0,0.0,241.9200000000419,0.0,14.0,16.0,1805,1,1.0,True
1806,-1.981978,4.63757525,0.0,222.5,5101.0,1.624535,85.5,58.0,0.0,0.0,236.8799999999581,0.0,14.0,16.0,1806,1,1.0,True
1807,-1.9819780000000002,4.6354852,0.0,223.2,5121.5,1.6245350000000003,93.0,58.0,0.0,0.0,239.4,0.0,14.0,16.0,1807,1,1.0,True
1808,-1.981978,4.633892454545454,0.0,223.27272727272728,5112.636363636364,1.624535,98.63636363636364,58.0,0.0,0.0,235.4400000000838,0.0,14.0,16.0,1808,1,1.0,True
1809,-1.981978,4.632786090909091,0.0,223.45454545454547,5121.181818181818,1.624535,99.54545454545455,58.0,0.0,0.0,117.35999999991618,0.0,14.0,16.0,1809,1,1.0,True
1810,-1.9819780000000002,4.636332,0.0,222.0,5085.5,1.6245350000000003,100.0,58.0,0.0,0.0,238.32000000004192,0.0,14.0,16.0,1810,1,1.0,True
1811,-1.9819780000000002,4.633732,0.0,222.0,5085.5,1.6245350000000003,100.0,58.0,0.0,0.0,240.1200000000419,0.0,14.0,16.0,1811,1,1.0,True
1812,-1.981978,4.634432,0.0,222.33333333333334,5089.833333333333,1.624535,100.0,58.0,0.0,0.0,236.52000000004193,0.0,14.0,16.0,1812,1,1.0,True
1813,-1.9819780000000002,4.635182,0.0,222.6,5105.4,1.6245350000000003,100.0,58.0,0.0,0.0,237.23999999987427,0.0,14.0,16.0,1813,1,1.0,True
1814,-1.9819780000000002,4.636222,0.0,223.2,5115.0,1.6245350000000003,100.0,58.0,0.0,0.0,235.44000000008384,0.0,14.0,16.0,1814,1,1.0,True
1815,-1.981978,4.636146,0.0,222.0,5090.5,1.624535,100.0,58.0,0.0,0.0,235.0799999999581,0.0,14.0,16.0,1815,1,1.0,True
1816,-1.981978,4.636829636363636,0.0,222.36363636363637,5094.454545454545,1.624535,100.0,58.0,0.0,0.0,240.1200000000419,0.0,14.0,16.0,1816,1,1.0,True
1817,-1.981978,4.636521272727273,0.0,223.45454545454547,5114.636363636364,1.624535,100.0,58.0,0.0,0.0,115.55999999991619,0.0,14.0,16.0,1817,1,1.0,True
1818,-1.9822469999999999,4.642551500000001,0.0,224.0,5133.0,1.6245350000000003,77.5,58.0,0.0,0.0,240.4799999999581,0.0,14.0,16.0,1818,1,1.0,True
1819,-1.9825160000000002,4.643352636363637,0.0,224.36363636363637,5143.181818181818,1.624535,85.0,58.0,0.0,0.0,239.76000000012573,0.0,14.0,16.0,1819,1,1.0,True
1820,-1.9825160000000002,4.638827727272727,0.0,222.54545454545453,5099.363636363636,1.624535,92.9090909090909,58.0,0.0,0.0,236.15999999991618,0.0,14.0,16.0,1820,1,1.0,True
1821,-1.9825160000000002,4.638397545454546,0.0,222.27272727272728,5091.727272727273,1.624535,95.81818181818181,58.0,0.0,0.0,239.76000000012573,0.0,14.0,16.0,1821,1,1.0,True
1822,-1.9825160000000002,4.6374153636363635,0.0,223.54545454545453,5124.090909090909,1.624535,96.9090909090909,58.0,0.0,0.0,241.2,0.0,14.0,16.0,1822,1,1.0,True
1823,-1.9825160000000002,4.638162636363637,0.0,224.36363636363637,5143.181818181818,1.624535,98.0,58.0,0.0,0.0,234.71999999983237,0.0,14.0,16.0,1823,1,1.0,True
1824,-1.9825160000000002,4.636653363636364,0.0,224.1818181818182,5138.0,1.624535,98.0,58.0,0.0,0.0,239.4,0.0,14.0,16.0,1824,1,1.0,True
1825,-1.9825246666666665,4.62783275,0.0,222.16666666666666,5091.5,1.6244768333333335,93.58333333333333,58.0,0.0,0.0,239.04000000008384,0.0,14.0,16.0,1825,1,1.0,True
1826,-1.9838595,4.548228,0.0,224.0,5134.5,1.623837,58.0,58.0,0.0,0.0,121.32000000004192,0.0,14.0,16.0,1826,1,1.0,True
1827,-2.02323325,4.518710250000001,0.0,224.0,5134.5,1.208381125,41.25,58.0,0.0,0.0,237.6,0.0,14.0,16.0,1827,1,1.0,True
1828,-2.0267,4.512895,0.0,222.7,5103.0,1.60064858,7.3,58.0,0.0,0.0,236.15999999991618,0.0,14.0,16.0,1828,1,1.0,True
1829,-2.0267,4.512895,0.0,222.2,5089.0,1.5367374000000003,9.2,58.0,0.0,0.0,238.32000000004192,0.0,14.0,16.0,1829,1,1.0,True
1830,-2.015790909090909,4.5356404545454545,0.0,222.45454545454547,5093.363636363636,1.6134809090909092,32.27272727272727,58.0,0.0,0.0,239.4,0.0,14.0,16.0,1830,1,1.0,True
1831,-1.9867,4.622511666666667,0.0,222.0,5086.5,1.623004,77.33333333333333,58.0,0.0,0.0,235.8,0.0,14.0,16.0,1831,1,1.0,True
1832,-1.9867,4.645931363636364,0.0,222.9090909090909,5100.454545454545,1.6230039999999997,94.0909090909091,58.0,0.0,0.0,237.9599999999162,0.0,14.0,16.0,1832,1,1.0,True
1833,-1.9867,4.638604090909091,0.0,222.36363636363637,5095.0,1.6230039999999997,97.54545454545455,58.0,0.0,0.0,117.7200000000419,0.0,14.0,16.0,1833,1,1.0,True
1834,-1.9867,4.640309090909091,0.0,222.0909090909091,5080.181818181818,1.6230039999999997,99.0,58.0,0.0,0.0,240.1200000000419,0.0,14.0,16.0,1834,1,1.0,True
1835,-1.9866999999999997,4.6374432,0.0,221.2,5065.8,1.623004,100.0,58.0,0.0,0.0,237.9599999999162,0.0,14.0,16.0,1835,1,1.0,True
1836,-1.9867,4.638905666666667,0.0,222.0,5086.0,1.623004,100.0,58.0,0.0,0.0,236.5200000000419,0.0,14.0,16.0,1836,1,1.0,True
1837,-1.9866999999999997,4.6398589999999995,0.0,220.6,5061.3,1.623004,100.0,58.0,0.0,0.0,237.6,0.0,14.0,16.0,1837,1,1.0,True
1838,-1.9867,4.640639,0.0,222.75,5103.75,1.623004,100.0,58.0,0.0,0.0,235.8,0.0,14.0,16.0,1838,1,1.0,True
1839,-1.9867,4.640422333333333,0.0,223.33333333333334,5118.833333333333,1.623004,100.0,58.0,0.0,0.0,239.76000000012573,0.0,14.0,16.0,1839,1,1.0,True
1840,-1.9867,4.639043545454546,0.0,222.9090909090909,5108.636363636364,1.6230039999999997,100.0,58.0,0.0,0.0,235.43999999987426,0.0,14.0,16.0,1840,1,1.0,True
1841,-1.9866999999999997,4.637389,0.0,223.0,5109.0,1.623004,100.0,58.0,0.0,0.0,121.6799999999581,0.0,14.0,16.0,1841,1,1.0,True
1842,-1.9866999999999997,4.638689,0.0,222.0,5085.5,1.623004,100.0,58.0,0.0,0.0,236.88000000016763,0.0,14.0,16.0,1842,1,1.0,True
1843,-1.9867,4.638570818181818,0.0,222.54545454545453,5094.181818181818,1.6230039999999997,100.0,58.0,0.0,0.0,238.6799999999581,0.0,14.0,16.0,1843,1,1.0,True
1844,-1.9867,4.634355666666667,0.0,223.83333333333334,5122.666666666667,1.623004,100.0,58.0,0.0,0.0,234.35999999991617,0.0,14.0,16.0,1844,1,1.0,True
1845,-1.9647803636363634,4.640716181818181,0.0,225.54545454545453,5177.909090909091,1.6230039999999997,72.72727272727273,58.0,0.0,0.0,242.64000000008383,0.0,14.0,16.0,1845,1,1.0,True
1846,-1.963652,4.6501624999999995,0.0,226.75,5198.75,1.6243127499999999,51.5,58.0,0.0,0.0,240.1200000000419,0.0,14.0,16.0,1846,1,1.0,True
1847,-1.98276,4.644792666666667,0.0,224.0,5134.5,1.6247490000000002,83.5,58.0,0.0,0.0,234.71999999983237,0.0,14.0,16.0,1847,1,1.0,True
1848,-1.98276,4.643059333333333,0.0,223.5,5125.5,1.6247490000000002,92.25,58.0,0.0,0.0,240.48000000016765,0.0,14.0,16.0,1848,1,1.0,True
1849,-1.98276,4.6428218333333335,0.0,224.0,5129.916666666667,1.6247490000000002,96.66666666666667,58.0,0.0,0.0,236.8799999999581,0.0,14.0,16.0,1849,1,1.0,True
1850,-1.98276,4.639526,0.0,224.0,5134.5,1.624749,98.0,58.0,0.0,0.0,120.95999999991618,0.0,14.0,16.0,1850,1,1.0,True
1851,-1.9827599999999999,4.641180545454545,0.0,223.0909090909091,5111.363636363636,1.624749,98.9090909090909,58.0,0.0,0.0,236.8799999999581,0.0,14.0,16.0,1851,1,1.0,True
1852,-1.9827599999999999,4.634798727272727,0.0,223.63636363636363,5125.545454545455,1.624749,99.9090909090909,58.0,0.0,0.0,237.6,0.0,14.0,16.0,1852,1,1.0,True
1853,-1.98385375,4.645841916666667,0.04073435,255.16666666666666,5867.25,1.6231925,100.0,57.166666666666664,38.25,43.25,262.80000000000007,0.0,14.0,16.0,1853,1,1.0,True
1854,-1.99100975,4.8285575,0.2622739,286.5,6604.0,1.59950875,100.0,57.0,256.5,267.5,306.36000000012575,0.0,14.0,16.0,1854,1,1.0,True
1855,-1.9981468333333332,5.066484333333333,0.2983640166666667,287.0,6618.5,1.5865768333333332,100.0,57.0,297.1666666666667,299.0,303.8399999998743,0.0,14.0,16.0,1855,1,1.0,True
1856,-2.0019986363636364,5.360664909090909,0.2984542727272727,287.3636363636364,6631.272727272727,1.586467181818182,100.0,57.0,299.0,297.1818181818182,309.6,0.0,14.0,16.0,1856,1,1.0,True
1857,-2.007203,5.623309636363636,0.29868632727272726,287.3636363636364,6626.0,1.5887431818181819,100.0,56.45454545454545,299.0,298.09090909090907,148.68000000016764,0.0,14.0,16.0,1857,1,1.0,True
1858,-2.016969818181818,5.946856090909091,0.2986089727272727,284.09090909090907,6551.0,1.5875210000000002,99.0,57.0,297.90909090909093,299.0,309.9599999999162,0.0,14.0,16.0,1858,1,1.0,True
1859,-2.021999090909091,6.185825181818182,0.2989183727272727,284.45454545454544,6575.181818181818,1.5866646363636363,98.63636363636364,56.63636363636363,299.0,299.0,303.4799999999581,0.0,14.0,12.0,1859,1,1.0,True
1860,-2.02512,6.508558727272727,0.2982608727272727,287.09090909090907,6635.909090909091,1.587399,98.0,56.54545454545455,297.72727272727275,299.0,309.2400000000838,0.0,14.0,12.0,1860,1,1.0,True
1861,-2.0301033333333334,6.772732749999999,0.2975840416666667,286.0,6612.166666666667,1.5830093333333333,98.58333333333333,56.25,295.75,298.75,306.7200000000419,0.0,14.0,12.0,1861,1,1.0,True
1862,-2.0337585,7.080240749999999,0.29758405000000004,287.5,6641.0,1.58159475,98.0,56.5,299.0,296.0,304.55999999991616,0.0,14.0,12.0,1862,1,1.0,True
1863,-2.0406326666666668,7.341806833333333,0.29871851666666666,285.3333333333333,6583.333333333333,1.5863775,98.0,56.5,299.0,298.1666666666667,304.5599999999162,0.0,14.0,12.0,1863,1,1.0,True
1864,-2.0446240909090907,7.658257363636364,0.2983769363636364,288.0,6651.090909090909,1.5884147272727274,98.0909090909091,56.45454545454545,299.0,297.3636363636364,307.44000000008384,0.0,14.0,12.0,1864,1,1.0,True
1865,-2.0494660909090907,7.921036818181818,0.2986089727272727,287.8181818181818,6647.818181818182,1.5909325454545453,99.0,56.45454545454545,299.0,297.90909090909093,151.5599999999162,0.0,14.0,12.0,1865,1,1.0,True
1866,-2.056163090909091,8.205867727272727,0.2701828818181818,282.09090909090907,6508.909090909091,1.603158181818182,99.0,57.0,299.0,241.0909090909091,306.36000000012575,0.0,14.0,12.0,1866,1,1.0,True
1867,-2.0823487272727275,8.404423909090909,0.16297606363636363,280.6363636363636,6473.818181818182,1.8724374545454545,97.36363636363636,57.0,291.72727272727275,33.81818181818182,300.6,0.0,14.0,12.0,1867,1,1.0,True
1868,-2.138218909090909,8.513271000000001,0.07545474363636363,280.0,6458.090909090909,2.4376765454545453,81.0909090909091,57.0,246.8181818181818,-95.54545454545455,296.63999999987425,0.0,14.0,12.0,1868,1,1.0,True
1869,-2.18577925,8.52335925,0.07452010833333333,277.9166666666667,6412.333333333333,1.4731100833333333,56.666666666666664,57.0,237.91666666666666,-88.66666666666667,296.28000000016766,0.0,14.0,12.0,1869,1,1.0,True
1870,-2.237441090909091,8.492735454545455,0.1010575281818182,262.0,6036.636363636364,-2.9083434545454545,33.09090909090909,57.0,109.36363636363636,93.0,277.20000000000005,0.0,14.0,12.0,1870,1,1.0,True
1871,-2.2993183333333334,8.491792333333334,0.0,236.16666666666666,5432.5,-2.883704,56.333333333333336,57.0,0.0,0.0,250.5599999999162,0.0,14.0,12.0,1871,1,1.0,True
1872,-2.314485,8.500931727272727,0.0,235.63636363636363,5415.636363636364,-2.877237,91.36363636363636,57.09090909090909,0.0,0.0,250.2,0.0,14.0,12.0,1872,1,1.0,True
1873,-2.314485,8.50116809090909,0.0,224.36363636363637,5143.454545454545,-2.877237,95.0,57.45454545454545,0.0,0.0,117.7200000000419,0.0,14.0,12.0,1873,1,1.0,True
1874,-2.314485,8.501759,0.0,228.0,5233.0,-2.877237,95.0,57.0,0.0,0.0,246.23999999987427,0.0,14.0,12.0,1874,1,1.0,True
1875,-2.314485,8.50116809090909,0.0,228.0,5233.0,-2.877237,95.0,57.45454545454545,0.0,0.0,241.56000000012574,0.0,14.0,12.0,1875,1,1.0,True
1876,-2.2678056666666664,8.505355666666667,0.0,228.0,5233.0,-2.8772369999999996,95.0,57.333333333333336,0.0,0.0,241.5599999999162,0.0,14.0,12.0,1876,1,1.0,True
1877,-2.2944655454545457,8.503082181818183,0.0,228.0,5229.181818181818,-2.8774554545454545,66.9090909090909,57.45454545454545,0.0,0.0,245.16000000012573,0.0,14.0,12.0,1877,1,1.0,True
1878,-2.314203,8.503906727272728,0.0,228.0,5230.090909090909,-2.877504,88.0,58.0,0.0,0.0,246.23999999987427,0.0,14.0,12.0,1878,1,1.0,True
1879,-2.314203,8.501050666666666,0.0,228.0,5231.666666666667,-2.877504,94.0,58.0,0.0,0.0,242.64000000008383,0.0,14.0,12.0,1879,1,1.0,True
1880,-2.28022175,8.550258666666666,0.0,228.0,5233.0,-2.877458583333333,37.416666666666664,58.0,0.0,0.0,244.0799999999581,0.0,14.0,12.0,1880,1,1.0,True
1881,-2.314311,8.50296190909091,0.0,239.45454545454547,5503.0,-2.876959,81.72727272727273,57.45454545454545,0.0,0.0,124.55999999991619,0.0,14.0,65535.0,1881,1,1.0,True
1882,-2.311811,8.503342363636364,-0.00019337454545454542,266.54545454545456,6136.090909090909,-2.955819454545454,94.81818181818181,57.0,-45.45454545454545,45.0,278.28000000016766,0.0,14.0,65535.0,1882,1,1.0,True
1883,-2.30855175,8.503394166666666,-0.000425424,271.3333333333333,6254.416666666667,2.4926910833333333,98.83333333333333,57.0,-100.0,99.0,286.55999999991616,0.0,14.0,65535.0,1883,1,1.0,True
1884,-2.3081311666666666,8.525249333333333,-0.000425424,270.8333333333333,6241.166666666667,2.6480763333333335,98.0,57.0,-100.0,99.0,290.1599999999162,0.0,14.0,65535.0,1884,1,1.0,True
1885,-2.3120712727272728,8.518711727272727,-0.000425424,271.45454545454544,6255.0,2.320908909090909,99.81818181818181,57.0,-100.0,99.0,285.48000000016765,0.0,14.0,65535.0,1885,1,1.0,True
1886,-2.3123125454545455,8.507714272727272,-0.000425424,270.1818181818182,6231.181818181818,1.9678783636363635,99.81818181818181,57.0,-100.0,99.0,289.8,0.0,14.0,65535.0,1886,1,1.0,True
1887,-2.3087831666666667,8.4940935,-0.000425424,268.6666666666667,6194.833333333333,1.6338381666666668,99.0,57.0,-88.83333333333333,88.33333333333333,285.4799999999581,0.0,14.0,65535.0,1887,1,1.0,True
1888,-2.3031503636363637,8.492932636363635,-0.000425424,267.09090909090907,6150.545454545455,1.3454045454545456,99.0,57.0,-61.81818181818182,60.81818181818182,286.20000000000005,0.0,14.0,65535.0,1888,1,1.0,True
1889,-2.3024424166666666,8.495529833333334,-0.000389971,266.25,6141.583333333333,1.17180325,99.0,57.0,-45.333333333333336,44.416666666666664,287.2799999999581,0.0,14.0,65535.0,1889,1,1.0,True
1890,-2.3000837272727273,8.496461818181817,0.040608654545454544,268.09090909090907,6181.909090909091,1.051727,99.0,57.0,40.45454545454545,40.45454545454545,140.04000000008384,0.0,14.0,65535.0,1890,1,1.0,True
1891,-2.2736704545454547,8.539217454545453,0.06257599963636364,257.90909090909093,5933.545454545455,1.0538217272727273,98.63636363636364,57.0,84.45454545454545,41.18181818181818,276.8399999998743,0.0,14.0,65535.0,1891,1,1.0,True
1892,-2.2734081666666666,8.5559145,0.0006381345,271.0,6244.666666666667,1.2298943333333334,97.16666666666667,57.0,93.33333333333333,-91.83333333333333,288.0,0.0,14.0,65535.0,1892,1,1.0,True
1893,-2.2826515454545455,8.558926818181819,0.000425424,271.72727272727275,6260.727272727273,1.5596180000000002,94.54545454545455,57.0,100.0,-99.0,288.0,0.0,14.0,65535.0,1893,1,1.0,True
1894,-2.28759675,8.57221925,0.000425424,270.75,6242.75,1.92942575,91.25,57.0,100.0,-99.0,286.56000000012574,0.0,14.0,65535.0,1894,1,1.0,True
1895,-2.2877118333333333,8.582443333333334,0.000425424,269.6666666666667,6214.833333333333,2.285541166666667,95.83333333333333,57.0,95.66666666666667,-94.83333333333333,290.1599999999162,0.0,14.0,65535.0,1895,1,1.0,True
1896,-2.2884815454545455,8.579406545454544,0.00042542599999999996,267.54545454545456,6165.363636363636,2.5810866363636364,98.0909090909091,57.0,74.36363636363636,-73.81818181818181,282.9599999999162,0.0,14.0,65535.0,1896,1,1.0,True
1897,-2.287228583333333,8.589058583333333,0.000425422,267.0833333333333,6163.166666666667,2.8095684999999997,98.41666666666667,57.0,53.583333333333336,-53.0,285.8400000000838,0.0,14.0,65535.0,1897,1,1.0,True
1898,-2.282182,8.573292499999999,0.00021271100000000003,249.0,5725.5,2.9647335000000004,98.5,57.0,24.5,-24.0,129.24000000008382,0.0,14.0,12.0,1898,1,1.0,True
1899,-2.280282,8.549429272727274,0.0,226.0,5191.636363636364,2.990378,99.9090909090909,57.0,0.0,0.0,242.27999999995808,0.0,14.0,12.0,1899,1,1.0,True
1900,-2.280282,8.548956545454546,0.0,227.0909090909091,5210.727272727273,2.990378,100.0,57.0,0.0,0.0,239.7599999999162,0.0,14.0,12.0,1900,1,1.0,True
1901,-2.280282,8.548082,0.0,226.5,5203.5,2.990378,100.0,57.0,0.0,0.0,244.0799999999581,0.0,14.0,12.0,1901,1,1.0,True
1902,-2.280282,8.548956545454546,0.0,226.72727272727272,5206.545454545455,2.990378,100.0,57.0,0.0,0.0,243.0,0.0,14.0,12.0,1902,1,1.0,True
1903,-2.280282,8.549429272727274,0.0,227.63636363636363,5222.818181818182,2.990378,100.0,57.0,0.0,0.0,241.9200000000419,0.0,14.0,12.0,1903,1,1.0,True
1904,-2.280282,8.548601999999999,0.0,226.8,5204.4,2.990378,100.0,57.0,0.0,0.0,241.56000000012574,0.0,14.0,12.0,1904,1,1.0,True
1905,-2.280282,8.55013890909091,0.0,226.0,5185.363636363636,2.990378,100.0,57.54545454545455,0.0,0.0,117.71999999983237,0.0,14.0,12.0,1905,1,1.0,True
1906,-2.280282,8.549548,0.0,226.0,5185.363636363636,2.990378,100.0,57.45454545454545,0.0,0.0,246.96000000012572,0.0,14.0,12.0,1906,1,1.0,True
1907,-2.280282,8.549468666666668,0.0,227.83333333333334,5227.166666666667,2.990378,100.0,57.083333333333336,0.0,0.0,240.8399999998743,0.0,14.0,12.0,1907,1,1.0,True
1908,-2.280282,8.550138363636362,0.0,228.0,5233.0,2.990378,100.0,57.0,0.0,0.0,242.28000000016766,0.0,14.0,12.0,1908,1,1.0,True
1909,-2.280282,8.551722,0.0,228.0,5233.0,2.990378,100.0,57.0,0.0,0.0,240.8399999998743,0.0,14.0,12.0,1909,1,1.0,True
1910,-2.280282,8.550256545454546,0.0,226.9090909090909,5205.181818181818,2.990378,100.0,57.18181818181818,0.0,0.0,242.27999999995808,0.0,14.0,12.0,1910,1,1.0,True
1911,-2.2805527272727275,8.550179818181817,0.005801236363636364,232.54545454545453,5342.363636363636,2.990082727272728,100.0,57.36363636363637,3.6363636363636362,7.818181818181818,246.96000000012572,0.0,14.0,12.0,1911,1,1.0,True
1912,-2.3307816363636364,8.579481818181817,0.12236740909090908,270.1818181818182,6233.181818181818,2.8790063636363636,98.54545454545455,57.0,41.90909090909091,202.63636363636363,299.52000000004193,0.0,14.0,12.0,1912,1,1.0,True
1913,-2.4434721818181817,8.64783781818182,0.14820226363636363,280.1818181818182,6463.363636363636,2.504852909090909,96.54545454545455,57.0,-3.0,299.0,150.11999999983237,0.0,14.0,12.0,1913,1,1.0,True
1914,-2.539178,8.7761555,0.16761705,282.5,6528.0,1.909517,97.0,56.5,36.0,299.0,298.8,0.0,14.0,12.0,1914,1,1.0,True
1915,-2.561058636363636,8.909101363636363,0.23305499999999998,289.6363636363636,6693.0,1.616930090909091,98.54545454545455,56.09090909090909,183.36363636363637,282.6363636363636,305.64000000008383,0.0,14.0,8.0,1915,1,1.0,True
1916,-2.5728858333333333,9.18098,0.2858848666666666,293.1666666666667,6767.333333333333,1.608596333333333,98.33333333333333,56.0,297.3333333333333,273.8333333333333,316.0799999999581,0.0,14.0,8.0,1916,1,1.0,True
1917,-2.588204818181818,9.457048909090908,0.2977580818181818,285.45454545454544,6597.090909090909,1.629720090909091,99.27272727272727,56.0,297.09090909090907,298.09090909090907,306.0,0.0,14.0,8.0,1917,1,1.0,True
1918,-2.6056097499999997,9.756972,0.29662685,288.0,6651.5,1.621308,99.25,56.0,293.75,299.0,303.12000000004195,0.0,14.0,8.0,1918,1,1.0,True
1919,-2.617235090909091,10.028471454545455,0.29748739090909093,289.45454545454544,6689.636363636364,1.613286090909091,99.72727272727273,56.0,295.54545454545456,299.0,303.12000000004195,0.0,14.0,8.0,1919,1,1.0,True
1920,-2.626732090909091,10.333094545454545,0.29845424545454546,286.3636363636364,6614.272727272727,1.6095346363636365,100.0,56.0,297.54545454545456,299.0,305.6399999998743,0.0,14.0,8.0,1920,1,1.0,True
1921,-2.6318182727272728,10.60505090909091,0.29884100909090905,284.3636363636364,6580.636363636364,1.6082644545454547,99.45454545454545,56.0,299.0,298.45454545454544,151.56000000012574,0.0,14.0,4.0,1921,1,1.0,True
1922,-2.637316090909091,10.892827272727272,0.29868632727272726,287.0,6631.090909090909,1.6097708181818182,99.45454545454545,56.0,299.0,298.54545454545456,309.6,0.0,14.0,4.0,1922,1,1.0,True
1923,-2.6448515454545456,11.153412727272727,0.29868632727272726,287.0,6636.363636363636,1.610174090909091,100.0,56.0,298.27272727272725,298.90909090909093,306.7200000000419,0.0,14.0,4.0,1923,1,1.0,True
1924,-2.6545156666666667,11.450436666666667,0.29864765,286.8333333333333,6634.166666666667,1.6076803333333334,100.0,56.0,298.0,299.0,300.9599999999162,0.0,14.0,4.0,1924,1,1.0,True
1925,-2.663263727272727,11.745790909090909,0.29857028181818185,285.8181818181818,6609.818181818182,1.606276090909091,100.0,56.0,297.27272727272725,299.0,309.9599999999162,0.0,14.0,4.0,1925,1,1.0,True
1926,-2.672943181818182,11.995067272727272,0.2755973727272727,286.0,6610.909090909091,1.5932617272727272,98.9090909090909,56.0,251.45454545454547,299.0,299.1600000001257,0.0,14.0,30.0,1926,1,1.0,True
1927,-2.6420848333333335,12.1959,0.16130661666666665,280.8333333333333,6494.0,1.3037813333333332,90.83333333333333,56.0,25.0,297.5,297.7200000000419,0.0,14.0,30.0,1927,1,1.0,True
1928,-2.5770824545454545,12.30612,0.11219591818181818,280.09090909090907,6478.090909090909,0.7878889363636364,71.18181818181819,56.0,-63.0,287.45454545454544,303.8399999998743,0.0,14.0,30.0,1928,1,1.0,True
1929,-2.4568084545454543,12.3286,0.16765573636363637,282.8181818181818,6537.545454545455,0.20161355454545452,61.90909090909091,56.0,36.81818181818182,298.54545454545456,146.8799999999581,0.0,14.0,30.0,1929,1,1.0,True
1930,-2.312202181818182,12.3846,0.12433982727272727,280.3636363636364,6477.545454545455,0.2880212909090909,52.90909090909091,56.45454545454545,280.54545454545456,-31.818181818181817,302.0400000000838,0.0,14.0,30.0,1930,1,1.0,True
1931,-2.2572152727272727,12.446770909090908,0.11072622727272727,278.54545454545456,6433.727272727273,0.7843768545454545,79.0909090909091,56.45454545454545,275.09090909090907,-53.27272727272727,295.9200000000419,0.0,14.0,30.0,1931,1,1.0,True
1932,-2.2182490909090906,12.551635454545455,0.1547383090909091,280.90909090909093,6494.636363636364,1.3399403,89.27272727272727,56.09090909090909,291.54545454545456,17.636363636363637,296.63999999987425,0.0,14.0,30.0,1932,1,1.0,True
1933,-2.220859,12.721919090909092,0.24345855454545456,287.54545454545456,6655.272727272727,1.647558,88.81818181818181,56.0,234.0909090909091,252.63636363636363,308.52000000004193,0.0,14.0,30.0,1933,1,1.0,True
1934,-2.219536454545455,12.937504545454544,0.27308350000000003,289.90909090909093,6717.818181818182,1.579553090909091,92.27272727272727,56.0,246.63636363636363,299.0,316.44000000008384,0.0,14.0,30.0,1934,1,1.0,True
1935,-2.219768333333333,13.242375000000001,0.29758406666666665,288.5,6681.166666666667,1.5397316666666665,96.33333333333333,56.0,299.0,295.6666666666667,305.27999999995814,0.0,14.0,30.0,1935,1,1.0,True
1936,-2.218520454545455,13.53041,0.29621111818181817,288.6363636363636,6680.181818181818,1.545959181818182,93.45454545454545,56.0,299.0,293.27272727272725,306.0,0.0,14.0,30.0,1936,1,1.0,True
1937,-2.2127642499999998,13.808049166666668,0.2961305583333333,286.9166666666667,6638.5,1.5607826666666667,94.66666666666667,56.0,299.0,293.0,304.9200000000419,0.0,14.0,34.0,1937,1,1.0,True
1938,-2.209466,14.091145000000001,0.29779675,286.0,6616.0,1.573312,96.5,56.0,299.0,296.0,155.15999999991618,0.0,14.0,34.0,1938,1,1.0,True
1939,-2.2095925454545453,14.35979727272727,0.2974100090909091,287.45454545454544,6647.090909090909,1.5804126363636364,96.63636363636364,56.0,299.0,295.09090909090907,304.20000000000005,0.0,14.0,34.0,1939,1,1.0,True
1940,-2.218469333333333,14.660513333333334,0.2982222,286.8333333333333,6630.0,1.5789223333333335,95.66666666666667,56.0,299.0,297.0,304.56000000012574,0.0,14.0,34.0,1940,1,1.0,True
1941,-2.2205489,14.927599,0.29792442,285.6,6606.5,1.5825860999999999,94.7,56.0,299.0,296.3,306.71999999983234,0.0,14.0,34.0,1941,1,1.0,True
1942,-2.2289113636363638,15.202841818181817,0.2988023090909091,288.45454545454544,6675.545454545455,1.5849065454545455,93.0909090909091,56.0,299.0,298.1818181818182,307.0800000001677,0.0,14.0,34.0,1942,1,1.0,True
1943,-2.2348092727272726,15.488758181818183,0.2991117545454545,286.6363636363636,6635.545454545455,1.585008818181818,90.18181818181819,56.0,299.0,298.8181818181818,304.2,0.0,14.0,34.0,1943,1,1.0,True
1944,-2.238710909090909,15.78278,0.2989183727272727,288.1818181818182,6668.636363636364,1.5855032727272727,88.63636363636364,56.0,299.0,298.6363636363636,307.8,0.0,14.0,34.0,1944,1,1.0,True
1945,-2.242636,16.03678181818182,0.29930513636363637,287.8181818181818,6664.636363636364,1.5899274545454545,90.63636363636364,56.0,299.0,299.0,152.63999999987428,0.0,14.0,34.0,1945,1,1.0,True
1946,-2.2464400909090907,16.370278181818183,0.2984155636363636,288.6363636363636,6676.272727272727,1.5942562727272729,96.0,56.0,299.0,297.90909090909093,311.4,0.0,14.0,34.0,1946,1,1.0,True
1947,-2.2545035454545452,16.63430181818182,0.29872499999999996,287.0,6639.909090909091,1.5945204545454545,94.72727272727273,56.0,298.27272727272725,299.0,307.0799999999581,0.0,14.0,34.0,1947,1,1.0,True
1948,-2.2610759999999996,16.907983636363635,0.13184275636363638,263.27272727272725,6085.909090909091,1.5964482727272726,95.27272727272727,56.90909090909091,131.1818181818182,132.8181818181818,281.1600000001257,0.0,14.0,34.0,1948,1,1.0,True
1949,-2.2635275454545454,17.006755454545456,0.09912378,262.1818181818182,6039.818181818182,1.5952850909090908,96.27272727272727,57.0,99.0,100.0,282.6,0.0,14.0,34.0,1949,1,1.0,True
1950,-2.2651855454545453,17.070746363636363,0.02703375818181818,236.1818181818182,5429.090909090909,1.5943849090909092,96.45454545454545,57.0,27.0,27.272727272727273,249.1200000000419,0.0,14.0,34.0,1950,1,1.0,True
1951,-2.265275,17.07501,0.0,228.0,5233.0,1.5943320000000003,97.0,57.0,0.0,0.0,241.5599999999162,0.0,14.0,34.0,1951,1,1.0,True
1952,-2.265275,17.07722,0.0,228.0,5233.0,1.5953796,97.0,57.0,0.0,0.0,243.72000000004192,0.0,14.0,34.0,1952,1,1.0,True
1953,-2.265275,17.08032818181818,0.0,228.0,5233.0,1.596078,97.0,57.0,0.0,0.0,120.60000000000001,0.0,14.0,34.0,1953,1,1.0,True
1954,-2.265275,17.08151,0.0,228.0,5233.0,1.596078,97.0,57.0,0.0,0.0,243.72000000004192,0.0,14.0,34.0,1954,1,1.0,True
1955,-2.265275,17.08099,0.0,227.1,5215.7,1.596078,97.4,57.0,0.0,0.0,243.3599999999162,0.0,14.0,34.0,1955,1,1.0,True
1956,-2.265275,17.080426666666668,0.0,227.83333333333334,5226.5,1.596078,97.16666666666667,57.0,0.0,0.0,240.84000000008382,0.0,14.0,34.0,1956,1,1.0,True
1957,-2.265278818181818,17.081179090909092,0.004757012727272727,234.0,5378.909090909091,1.5962571818181817,97.0,57.0,6.818181818181818,2.727272727272727,248.03999999987428,0.0,15.0,86.0,1957,1,1.0,True
1958,-2.2687120909090908,17.125809999999998,0.1015216309090909,271.45454545454544,6266.363636363636,1.7379677272727272,92.45454545454545,56.27272727272727,207.54545454545453,-4.363636363636363,289.8,0.0,15.0,86.0,1958,1,1.0,True
1959,-2.3239336666666666,17.19629,0.122593,277.3333333333333,6401.333333333333,2.2715945,71.83333333333333,56.666666666666664,279.6666666666667,-34.5,294.12000000004195,0.0,15.0,90.0,1959,1,1.0,True
1960,-2.384694181818182,17.22349181818182,0.06860929545454546,267.8181818181818,6180.545454545455,2.678805909090909,72.81818181818181,57.0,157.8181818181818,-20.272727272727273,289.0799999999581,0.0,15.0,90.0,1960,1,1.0,True
1961,-2.427019272727273,17.24488090909091,0.04687399181818182,267.09090909090907,6162.0,2.9176009999999994,86.63636363636364,57.0,100.0,-5.909090909090909,143.2799999999581,0.0,15.0,90.0,1961,1,1.0,True
1962,-2.4711181818181815,17.25187909090909,0.052288478181818185,267.90909090909093,6180.0,0.2401082727272727,90.54545454545455,57.0,100.0,5.0,281.52000000004193,0.0,15.0,90.0,1962,1,1.0,True
1963,-2.508271666666667,17.254184166666665,0.00779944,247.41666666666666,5688.916666666667,-3.061043416666667,89.41666666666667,57.0,14.833333333333334,0.9166666666666666,266.4,0.0,15.0,90.0,1963,1,1.0,True
1964,-2.52011,17.2644,0.0,228.0,5233.0,-3.0486654545454543,92.45454545454545,57.0,0.0,0.0,241.56000000012574,0.0,15.0,90.0,1964,1,1.0,True
1965,-2.52011,17.26912727272727,0.0,226.9090909090909,5209.545454545455,-3.047079090909091,91.45454545454545,57.0,0.0,0.0,243.3599999999162,0.0,15.0,90.0,1965,1,1.0,True
1966,-2.52011,17.273145454545457,0.0,228.0,5230.818181818182,-3.04581,90.0,57.0,0.0,0.0,243.3599999999162,0.0,15.0,90.0,1966,1,1.0,True
1967,-2.52011,17.271333333333335,0.0,227.66666666666666,5224.833333333333,-3.04581,89.33333333333333,57.0,0.0,0.0,240.84000000008382,0.0,15.0,90.0,1967,1,1.0,True
1968,-2.5209595454545455,17.270284545454547,0.010132827272727272,232.27272727272728,5333.454545454545,-3.0466462727272727,89.0909090909091,56.90909090909091,8.0,12.181818181818182,257.7599999999162,0.0,15.0,90.0,1968,1,1.0,True
1969,-2.5661602727272728,17.26104090909091,0.18293233636363634,285.72727272727275,6605.454545454545,-3.077085181818182,90.54545454545455,56.0,150.72727272727272,214.72727272727272,153.0,0.0,17.0,326.0,1969,1,1.0,True
1970,-2.8483135,17.25707,0.29503155,286.0,6619.5,3.120254,90.5,56.0,290.5,299.0,306.36000000012575,0.0,17.0,330.0,1970,1,1.0,True
1971,-3.081439272727273,17.25960363636364,0.27296747272727273,279.6363636363636,6466.545454545455,3.111843545454545,93.63636363636364,56.0,255.0909090909091,290.8181818181818,298.4399999998743,0.0,17.0,160.0,1971,1,1.0,True
1972,-3.262984833333333,17.294021666666666,0.12897438666666666,279.0,6449.5,2.7734895,90.66666666666667,56.0,-22.333333333333332,280.6666666666667,296.64000000008383,0.0,17.0,160.0,1972,1,1.0,True
1973,-3.3286395,17.36390833333333,0.08270951,275.75,6374.666666666667,2.253598166666667,62.333333333333336,56.25,-58.0,223.75,296.64000000008383,0.0,17.0,160.0,1973,1,1.0,True
1974,-3.3609633636363636,17.415412727272727,0.04815026272727272,267.3636363636364,6165.545454545455,1.8781383636363636,71.9090909090909,57.0,-4.636363636363637,101.36363636363636,283.6799999999581,0.0,17.0,156.0,1974,1,1.0,True
1975,-3.3702496666666666,17.450565,0.05466698666666667,268.1666666666667,6188.166666666667,1.7112155,85.5,56.833333333333336,9.666666666666666,100.0,288.0,0.0,17.0,156.0,1975,1,1.0,True
1976,-3.3750365,17.521704,0.064026311,267.6,6177.0,1.5658156,95.3,56.6,32.7,95.6,282.6,0.0,17.0,156.0,1976,1,1.0,True
1977,-3.370629909090909,17.562722727272728,0.017403709090909093,246.63636363636363,5679.363636363636,1.4972917272727273,97.54545454545455,57.0,9.090909090909092,25.454545454545453,125.63999999987428,0.0,17.0,156.0,1977,1,1.0,True
1978,-3.369364,17.567154545454546,0.0,228.0,5233.0,1.494424,98.45454545454545,57.0,0.0,0.0,245.52000000004193,0.0,17.0,156.0,1978,1,1.0,True
1979,-3.369364,17.564792727272728,0.0,228.0,5233.0,1.494424,99.0,57.0,0.0,0.0,243.72000000004192,0.0,17.0,156.0,1979,1,1.0,True
1980,-3.3693639999999996,17.566396666666666,0.0,228.0,5233.0,1.4944239999999998,99.33333333333333,57.0,0.0,0.0,242.27999999995808,0.0,17.0,156.0,1980,1,1.0,True
1981,-3.369364,17.565573636363638,0.0,228.0,5233.0,1.494424,100.0,57.0,0.0,0.0,243.0,0.0,17.0,156.0,1981,1,1.0,True
1982,-3.369364,17.56303181818182,0.0,228.0,5233.0,1.494424,100.0,57.0,0.0,0.0,241.56000000012574,0.0,17.0,156.0,1982,1,1.0,True
1983,-3.3693639999999996,17.566816666666664,0.0,228.0,5233.0,1.4944239999999998,100.0,57.0,0.0,0.0,241.5599999999162,0.0,17.0,156.0,1983,1,1.0,True
1984,-3.369214090909091,17.57698818181818,0.010210172727272728,230.8181818181818,5300.363636363636,1.495822818181818,100.0,57.0,12.636363636363637,7.818181818181818,254.8799999999581,0.0,9.0,150.0,1984,1,1.0,True
1985,-3.369583181818182,17.624253636363637,0.18842413636363634,273.72727272727275,6324.181818181818,1.5374066363636365,100.0,56.45454545454545,221.36363636363637,155.8181818181818,146.5200000000419,0.0,9.0,150.0,1985,1,1.0,True
1986,-3.3684408181818184,17.821950909090912,0.2051317,272.1818181818182,6280.909090909091,1.5129210909090909,97.18181818181819,56.54545454545455,139.1818181818182,271.1818181818182,304.20000000000005,0.0,9.0,312.0,1986,1,1.0,True
1987,-3.3421504545454543,17.938881818181816,0.08129465454545454,276.3636363636364,6387.818181818182,1.0533725454545455,95.9090909090909,56.36363636363637,-59.0,221.54545454545453,294.12000000004195,0.0,9.0,312.0,1987,1,1.0,True
1988,-3.3117946363636364,17.95460272727273,0.03708923454545454,269.1818181818182,6211.363636363636,0.7100758727272727,99.0909090909091,57.0,-28.0,102.54545454545455,284.40000000000003,0.0,9.0,312.0,1988,1,1.0,True
1989,-3.2847975,17.973845833333332,0.0380045425,268.0,6187.833333333333,0.4886916333333333,100.0,57.0,-23.916666666666668,100.0,286.55999999991616,0.0,9.0,308.0,1989,1,1.0,True
1990,-3.251454363636364,17.98903,0.0436253,266.8181818181818,6154.636363636364,0.30387905454545455,100.0,57.0,-12.545454545454545,100.0,288.7200000000419,0.0,9.0,308.0,1990,1,1.0,True
1991,-3.202849,18.00444,0.04495313833333333,265.5,6124.833333333333,0.10395905833333334,100.0,57.0,0.0,90.33333333333333,281.52000000004193,0.0,9.0,308.0,1991,1,1.0,True
1992,-3.1775492,18.011452,0.008338312,242.0,5567.0,0.007211708,100.0,57.0,0.0,16.8,245.52000000004193,0.0,9.0,308.0,1992,1,1.0,True
1993,-3.176988,18.0151,0.0,228.0,5233.0,0.00202106,100.0,57.0,0.0,0.0,121.6799999999581,0.0,9.0,308.0,1993,1,1.0,True
1994,-3.176988,18.0177,0.0,228.0,5233.0,0.00202106,100.0,57.0,0.0,0.0,242.63999999987428,0.0,9.0,308.0,1994,1,1.0,True
1995,-3.176988,18.01462727272727,0.0,228.0,5233.0,0.0032903901818181814,99.63636363636364,57.0,0.0,0.0,241.56000000012574,0.0,9.0,308.0,1995,1,1.0,True
1996,-3.176988,18.011416666666666,0.0,227.5,5220.5,0.0049299416666666665,99.0,57.0,0.0,0.0,241.20000000000002,0.0,9.0,308.0,1996,1,1.0,True
1997,-3.176988,18.0138,0.0,228.0,5233.0,0.0037824242,99.0,57.0,0.0,0.0,243.72000000004192,0.0,9.0,308.0,1997,1,1.0,True
1998,-3.176988,18.01354,0.0,227.8,5228.0,0.0029835817,99.2,57.0,0.0,0.0,243.3599999999162,0.0,9.0,308.0,1998,1,1.0,True
1999,-3.176988,18.012972727272725,0.0,227.1818181818182,5219.636363636364,0.0048336304545454544,99.27272727272727,57.0,0.0,0.0,240.84000000008382,0.0,9.0,308.0,1999,1,1.0,True
2000,-3.1762155,18.013586666666665,0.0065231675,230.75,5295.833333333333,0.003955016166666666,99.0,57.0,7.166666666666667,5.916666666666667,253.43999999987426,0.0,11.0,304.0,2000,1,1.0,True
2001,-3.1311714545454548,18.012903636363635,0.17132982272727273,276.27272727272725,6380.272727272727,0.016266347727272725,99.0,56.45454545454545,184.72727272727272,158.27272727272728,147.24000000008382,0.0,11.0,304.0,2001,1,1.0,True
2002,-2.8535688181818184,18.02041909090909,0.2968299272727272,288.09090909090907,6667.0,0.061289094545454545,98.0,56.0,298.54545454545456,295.1818181818182,309.6,0.0,11.0,300.0,2002,1,1.0,True
2003,-2.6060411818181817,18.032657272727274,0.2386628727272727,281.0,6501.909090909091,0.08254550545454545,99.81818181818181,56.36363636363637,272.90909090909093,204.0909090909091,302.0399999998743,0.0,11.0,102.0,2003,1,1.0,True
2004,-2.4157828333333335,18.069995000000002,0.12004048333333334,280.0,6467.666666666667,0.39828521666666666,98.83333333333333,56.166666666666664,278.8333333333333,-38.833333333333336,293.04000000008386,0.0,11.0,102.0,2004,1,1.0,True
2005,-2.357225,18.133106666666666,0.06384905583333333,271.0833333333333,6261.083333333333,0.8936061916666667,96.83333333333333,56.25,174.16666666666666,-46.166666666666664,293.04000000008386,0.0,11.0,106.0,2005,1,1.0,True
2006,-2.334930909090909,18.172944545454545,0.03952575545454545,267.3636363636364,6165.545454545455,1.1675998181818181,98.9090909090909,56.81818181818182,100.0,-20.272727272727273,284.0399999998743,0.0,11.0,106.0,2006,1,1.0,True
2007,-2.330829833333333,18.216558333333335,0.047363873333333334,267.5,6171.0,1.3675306666666665,98.5,56.5,100.0,-4.666666666666667,287.64000000008383,0.0,11.0,106.0,2007,1,1.0,True
2008,-2.3324287,18.223792999999997,0.053220541999999996,267.6,6175.9,1.5185593000000002,88.1,56.5,100.0,6.7,281.8799999999581,0.0,11.0,106.0,2008,1,1.0,True
2009,-2.325488,18.261303333333334,0.06480625166666666,267.1666666666667,6174.916666666667,1.6648150833333333,80.91666666666667,56.583333333333336,100.0,30.166666666666668,142.5599999999162,0.0,11.0,106.0,2009,1,1.0,True
2010,-2.3300010909090907,18.287992727272727,0.07251544727272728,267.6363636363636,6174.0,1.7730696363636362,73.9090909090909,56.45454545454545,100.0,45.45454545454545,289.0800000001676,0.0,11.0,106.0,2010,1,1.0,True
2011,-2.3458214545454545,18.374263636363636,0.006613409090909092,230.9090909090909,5302.727272727273,1.8321470909090911,90.0909090909091,57.0,9.090909090909092,4.181818181818182,250.55999999991622,0.0,11.0,106.0,2011,1,1.0,True
2012,-2.347073,18.407466666666668,0.0,228.0,5233.0,1.835598,95.16666666666667,57.0,0.0,0.0,242.27999999995808,0.0,11.0,106.0,2012,1,1.0,True
2013,-2.347073,18.408136363636366,0.0,228.0,5233.0,1.835598,96.0,57.0,0.0,0.0,240.1200000000419,0.0,11.0,106.0,2013,1,1.0,True
2014,-2.347073,18.4079,0.0,228.0,5233.0,1.8355980000000003,96.0,57.0,0.0,0.0,245.8799999999581,0.0,11.0,106.0,2014,1,1.0,True
2015,-2.3467973333333334,18.408271666666668,0.007374016666666667,235.33333333333334,5405.333333333333,1.834515,95.83333333333333,56.833333333333336,3.3333333333333335,11.333333333333334,246.24000000008382,0.0,14.0,54.0,2015,1,1.0,True
2016,-2.34990825,18.441163333333332,0.09543680833333335,277.1666666666667,6394.833333333333,1.7855425,96.33333333333333,56.0,54.166666666666664,136.25,301.3200000000419,0.0,14.0,54.0,2016,1,1.0,True
2017,-2.3628556363636366,18.653923636363633,0.2590445090909091,289.8181818181818,6717.0,1.5973653636363636,96.45454545454545,56.0,219.36363636363637,299.0,156.23999999987427,0.0,14.0,54.0,2017,1,1.0,True
2018,-2.357658090909091,18.903952727272728,0.29443206363636365,285.6363636363636,6609.818181818182,1.540042,99.45454545454545,56.0,291.90909090909093,296.72727272727275,308.52000000004193,0.0,14.0,54.0,2018,1,1.0,True
2019,-2.349002272727273,19.169376363636363,0.2949735,286.3636363636364,6625.090909090909,1.5461780000000003,100.0,56.0,299.0,290.3636363636364,303.4799999999581,0.0,14.0,54.0,2019,1,1.0,True
2020,-2.338886181818182,19.488914545454545,0.29458676363636366,285.45454545454544,6602.454545454545,1.563919181818182,100.0,56.0,299.0,289.45454545454544,304.56000000012574,0.0,14.0,54.0,2020,1,1.0,True
2021,-2.338202090909091,19.738942727272725,0.29632714545454547,286.54545454545456,6627.545454545455,1.5765173636363636,100.0,56.0,299.0,293.27272727272725,302.4,0.0,14.0,54.0,2021,1,1.0,True
2022,-2.3394322727272727,20.027642727272728,0.2980288545454545,288.3636363636364,6673.727272727273,1.5845740909090908,100.0,56.0,299.0,296.54545454545456,305.63999999987425,0.0,14.0,58.0,2022,1,1.0,True
2023,-2.3405963636363634,20.32058545454545,0.29791284545454544,286.0,6615.818181818182,1.591424818181818,100.0,56.0,299.0,296.27272727272725,302.76000000012573,0.0,14.0,58.0,2023,1,1.0,True
2024,-2.3442402727272724,20.580550909090906,0.2988797,285.6363636363636,6611.636363636364,1.595124818181818,100.0,56.0,299.0,297.90909090909093,308.8799999999581,0.0,14.0,58.0,2024,1,1.0,True
2025,-2.351140818181818,20.86318,0.2994985,286.3636363636364,6633.090909090909,1.595659,100.0,56.0,299.0,299.0,153.0,0.0,14.0,58.0,2025,1,1.0,True
2026,-2.3533213636363635,21.173035454545456,0.29818352727272723,287.72727272727275,6663.818181818182,1.5992363636363636,100.0,56.0,299.0,296.90909090909093,306.0,0.0,14.0,58.0,2026,1,1.0,True
2027,-2.3608704545454544,21.423715454545455,0.29926645454545453,286.6363636363636,6634.0,1.6003056363636363,100.0,56.0,299.0,298.90909090909093,303.8399999998743,0.0,14.0,58.0,2027,1,1.0,True
2028,-2.3660153333333334,21.66022,0.13705743666666667,265.5,6131.666666666667,1.6002088333333333,100.0,56.5,137.16666666666666,137.16666666666666,285.8400000000838,0.0,14.0,58.0,2028,1,1.0,True
2029,-2.3683115833333335,21.771204166666667,0.09954921,260.6666666666667,6016.25,1.600713,100.0,56.25,100.0,100.0,279.7200000000419,0.0,14.0,56.0,2029,1,1.0,True
2030,-2.3657500000000002,21.832113636363633,0.02730448436363636,261.8181818181818,6036.272727272727,1.6174717272727273,100.0,56.81818181818182,44.90909090909091,10.0,274.6799999999581,0.0,14.0,56.0,2030,1,1.0,True
2031,-2.3689086666666666,21.845555,0.0005672323333333332,270.6666666666667,6241.0,1.8350475,99.0,56.5,99.0,-97.66666666666667,290.52000000004193,0.0,14.0,56.0,2031,1,1.0,True
2032,-2.3756387272727273,21.842156363636363,0.000425424,269.27272727272725,6220.090909090909,2.1962302727272727,83.0,56.0,100.0,-99.0,285.47999999995807,0.0,14.0,56.0,2032,1,1.0,True
2033,-2.3636752727272725,21.811570909090907,0.000425424,270.0,6235.363636363636,2.5207115454545455,64.63636363636364,56.0,100.0,-99.0,144.0,0.0,14.0,56.0,2033,1,1.0,True
2034,-2.361806181818182,21.80222909090909,0.000425424,271.45454545454544,6270.818181818182,2.874131909090909,75.36363636363636,56.0,100.0,-99.0,291.9599999999162,0.0,14.0,56.0,2034,1,1.0,True
2035,-2.352974909090909,21.796765454545454,0.000425424,271.8181818181818,6277.727272727273,0.9111397272727273,83.0,56.0,100.0,-99.0,287.28000000016766,0.0,14.0,56.0,2035,1,1.0,True
2036,-2.3567881666666666,21.797209999999996,0.000425424,271.5,6270.5,-2.7211311666666664,85.66666666666667,56.0,100.0,-99.0,287.27999999995814,0.0,14.0,56.0,2036,1,1.0,True
2037,-2.3649091818181818,21.79705636363636,0.000425424,270.8181818181818,6252.181818181818,-2.3340162727272724,85.0,56.0,98.63636363636364,-97.63636363636364,292.3200000000419,0.0,14.0,56.0,2037,1,1.0,True
2038,-2.3610855,21.798217500000003,0.00053178025,268.5,6206.5,-2.027516,86.25,56.0,82.0,-80.75,285.1199999998324,0.0,14.0,56.0,2038,1,1.0,True
2039,-2.3652465,21.806520000000003,0.000567232,267.0,6170.5,-1.7805843333333333,97.33333333333333,56.0,58.166666666666664,-56.833333333333336,282.9600000001257,0.0,14.0,56.0,2039,1,1.0,True
2040,-2.366406,21.805355454545456,0.006071959090909091,264.0,6104.181818181818,-1.6066426363636366,99.0,56.54545454545455,50.09090909090909,-37.81818181818182,282.23999999987427,0.0,14.0,56.0,2040,1,1.0,True
2041,-2.3661852727272725,21.76151181818182,0.1850594409090909,279.09090909090907,6461.454545454545,-1.5465588181818182,99.54545454545455,56.0,182.63636363636363,187.27272727272728,149.04000000008384,0.0,14.0,56.0,2041,1,1.0,True
2042,-2.3677378181818183,21.506725454545457,0.2986089727272727,286.54545454545456,6645.545454545455,-1.5486088181818183,100.0,56.0,299.0,297.90909090909093,310.6799999999581,0.0,14.0,56.0,2042,1,1.0,True
2043,-2.3610761818181816,21.226736363636363,0.2994598272727273,289.6363636363636,6701.545454545455,-1.5477015454545453,100.0,56.0,299.0,299.0,305.27999999995814,0.0,14.0,56.0,2043,1,1.0,True
2044,-2.3564796666666665,20.955005,0.29886035,288.6666666666667,6677.5,-1.5466855,100.0,56.0,299.0,298.0,305.28000000016766,0.0,14.0,56.0,2044,1,1.0,True
2045,-2.350495,20.65600909090909,0.2990344,286.0,6617.090909090909,-1.5452650909090908,100.0,56.0,299.0,299.0,308.5199999998324,0.0,14.0,56.0,2045,1,1.0,True
2046,-2.342758272727273,20.40235636363636,0.2986476,288.3636363636364,6684.181818181818,-1.5453772727272728,100.0,56.0,298.45454545454544,298.8181818181818,311.4,0.0,14.0,56.0,2046,1,1.0,True
2047,-2.336508333333333,20.093901666666664,0.29829311666666664,289.8333333333333,6721.666666666667,-1.5457671666666668,100.0,56.0,299.0,297.1666666666667,306.36000000012575,0.0,14.0,52.0,2047,1,1.0,True
2048,-2.3269041818181817,19.800563636363634,0.2986863090909091,288.90909090909093,6690.545454545455,-1.5471473636363635,100.0,56.0,298.45454545454544,298.6363636363636,306.3599999999162,0.0,14.0,52.0,2048,1,1.0,True
2049,-2.324792181818182,19.537136363636364,0.2982996,287.45454545454544,6655.818181818182,-1.544850090909091,100.0,56.0,299.0,297.1818181818182,149.4,0.0,14.0,52.0,2049,1,1.0,True
2050,-2.3186941818181817,19.253707272727272,0.2991117272727273,287.0,6646.181818181818,-1.5436184545454545,100.0,56.0,299.0,299.0,311.4,0.0,14.0,52.0,2050,1,1.0,True
2051,-2.315570909090909,18.97856909090909,0.2977967818181818,286.09090909090907,6632.181818181818,-1.5413964545454546,100.0,56.0,299.0,296.27272727272725,304.20000000000005,0.0,14.0,52.0,2051,1,1.0,True
2052,-2.3070133333333334,18.671608333333335,0.2987894166666667,288.1666666666667,6668.833333333333,-1.539954,98.83333333333333,56.0,298.6666666666667,299.0,307.8,0.0,14.0,52.0,2052,1,1.0,True
2053,-2.2943332,18.402138,0.29728624,285.6,6613.1,-1.5439926,99.6,56.0,294.8,299.0,301.6799999999581,0.0,14.0,112.0,2053,1,1.0,True
2054,-2.2841695,18.1011375,0.298222175,285.25,6603.25,-1.548707,100.0,56.0,297.25,299.0,306.7200000000419,0.0,14.0,108.0,2054,1,1.0,True
2055,-2.280494,17.82213727272727,0.29872496363636364,286.54545454545456,6629.545454545455,-1.548305,100.0,56.0,299.0,298.45454545454544,304.20000000000005,0.0,14.0,80.0,2055,1,1.0,True
2056,-2.274497727272727,17.528414545454545,0.29930513636363637,289.72727272727275,6713.272727272727,-1.5471903636363635,100.0,56.0,299.0,299.0,307.0799999999581,0.0,14.0,80.0,2056,1,1.0,True
2057,-2.2696193636363637,17.288296363636363,0.29930513636363637,289.90909090909093,6717.090909090909,-1.5464027272727272,100.0,56.0,299.0,299.0,152.28000000016763,0.0,14.0,76.0,2057,1,1.0,True
2058,-2.2725047272727275,16.96741454545455,0.29667523636363635,287.09090909090907,6646.727272727273,-1.5405969090909089,100.0,56.0,299.0,293.90909090909093,311.4,0.0,14.0,32.0,2058,1,1.0,True
2059,-2.2658852727272727,16.702014545454546,0.29806750909090907,286.54545454545456,6629.090909090909,-1.5361314545454545,100.0,56.0,298.6363636363636,297.0,308.1599999999162,0.0,14.0,32.0,2059,1,1.0,True
2060,-2.2514036666666666,16.408291666666667,0.2967332166666667,285.8333333333333,6620.333333333333,-1.5383796666666667,98.83333333333333,56.0,294.3333333333333,299.0,300.2400000000838,0.0,14.0,32.0,2060,1,1.0,True
2061,-2.2458681818181816,16.133825454545455,0.2984156,286.45454545454544,6629.363636363636,-1.542367090909091,98.0,56.0,297.90909090909093,298.1818181818182,308.8799999999581,0.0,14.0,32.0,2061,1,1.0,True
2062,-2.2408289090909093,15.846992727272728,0.2985702727272727,287.72727272727275,6667.727272727273,-1.5419876363636362,98.72727272727273,56.0,299.0,297.6363636363636,303.8399999998743,0.0,14.0,32.0,2062,1,1.0,True
2063,-2.2348018333333335,15.548453333333335,0.29857673333333334,285.6666666666667,6609.0,-1.5407035,99.66666666666667,56.0,299.0,297.5,303.48000000016765,0.0,14.0,32.0,2063,1,1.0,True
2064,-2.2306093000000002,15.280443,0.29852003,285.4,6601.0,-1.5384609999999999,100.0,56.0,298.9,297.8,306.3599999999162,0.0,14.0,32.0,2064,1,1.0,True
2065,-2.220946727272727,15.003881818181817,0.2986476,288.90909090909093,6689.909090909091,-1.5385474545454547,100.0,56.0,298.0,299.0,151.9200000000419,0.0,14.0,32.0,2065,1,1.0,True
2066,-2.2164194545454547,14.720364545454546,0.29930513636363637,288.27272727272725,6674.090909090909,-1.5384155454545456,100.0,56.0,299.0,299.0,311.0399999998743,0.0,14.0,32.0,2066,1,1.0,True
2067,-2.211310909090909,14.423469999999998,0.2989183727272727,285.0,6595.909090909091,-1.5369326363636362,100.0,56.0,299.0,298.6363636363636,307.44000000008384,0.0,14.0,32.0,2067,1,1.0,True
2068,-2.2024613333333334,14.162886666666665,0.2982931,285.1666666666667,6597.833333333333,-1.5368523333333333,100.0,56.0,297.3333333333333,298.8333333333333,300.9599999999162,0.0,14.0,32.0,2068,1,1.0,True
2069,-2.1946034545454545,13.852346363636364,0.2991504272727273,287.27272727272725,6658.363636363636,-1.5388415454545454,100.0,56.0,298.6363636363636,299.0,309.6,0.0,14.0,28.0,2069,1,1.0,True
2070,-2.1865945,13.586848,0.29877525,289.2,6698.5,-1.5402929,100.0,56.0,298.3,299.0,306.0,0.0,14.0,28.0,2070,1,1.0,True
2071,-2.177172166666667,13.281671666666668,0.29893126666666664,285.0,6605.666666666667,-1.542795,100.0,56.0,298.6666666666667,299.0,300.6,0.0,14.0,28.0,2071,1,1.0,True
2072,-2.171589545454545,13.022858181818181,0.2988023272727273,285.27272727272725,6607.454545454545,-1.5441749090909092,100.0,56.0,299.0,298.90909090909093,310.3200000000419,0.0,14.0,28.0,2072,1,1.0,True
2073,-2.1680376666666668,12.715985833333333,0.26071401666666666,279.75,6474.166666666667,-1.568029,99.83333333333333,56.0,222.25,298.5833333333333,297.36000000012575,0.0,14.0,28.0,2073,1,1.0,True
2074,-2.1944513636363636,12.54466,0.14336790909090907,280.45454545454544,6494.454545454545,-1.9021178181818181,97.0909090909091,56.0,-9.0,295.8181818181818,148.31999999983236,0.0,14.0,28.0,2074,1,1.0,True
2075,-2.2495944545454543,12.450496363636365,0.1051571090909091,278.6363636363636,6457.909090909091,-2.468921818181818,96.18181818181819,56.0,-64.45454545454545,274.72727272727275,297.36000000012575,0.0,14.0,28.0,2075,1,1.0,True
2076,-2.3500795,12.410676666666667,0.1293289,277.0,6423.333333333333,-0.8929475000000001,98.83333333333333,56.0,36.833333333333336,221.66666666666666,298.8,0.0,14.0,28.0,2076,1,1.0,True
2077,-2.4907922,12.398539,0.13388092000000001,278.8,6453.6,-1.7241184,88.1,56.0,275.9,-8.4,294.12000000004195,0.0,14.0,28.0,2077,1,1.0,True
2078,-2.5891343636363633,12.343509090909093,0.1250746727272727,278.27272727272725,6440.181818181818,-2.4181245454545457,65.81818181818181,56.0,290.6363636363636,-40.27272727272727,298.43999999987426,0.0,14.0,28.0,2078,1,1.0,True
2079,-2.6462095,12.25051,0.1454241,280.3333333333333,6493.166666666667,-1.8723306666666666,72.83333333333333,56.0,294.6666666666667,-3.6666666666666665,297.0,0.0,14.0,28.0,2079,1,1.0,True
2080,-2.6442256363636365,12.054123636363636,0.22636421818181818,285.27272727272725,6619.636363636364,-1.5126133636363635,81.63636363636364,56.0,239.1818181818182,213.0,312.12000000004195,0.0,14.0,6.0,2080,1,1.0,True
2081,-2.6473176363636366,11.849681818181818,0.27238738181818184,294.3636363636364,6827.272727272727,-1.5333937272727274,93.27272727272727,56.0,245.36363636363637,299.0,157.32000000004192,0.0,14.0,6.0,2081,1,1.0,True
2082,-2.6407155454545457,11.540583636363637,0.2981449,290.1818181818182,6725.909090909091,-1.5759746363636362,99.45454545454545,56.0,296.8181818181818,299.0,307.0799999999581,0.0,14.0,6.0,2082,1,1.0,True
2083,-2.642935,11.301914545454546,0.2970619909090909,287.45454545454544,6663.0,-1.5736922727272726,100.0,56.0,299.0,294.6363636363636,305.27999999995814,0.0,14.0,6.0,2083,1,1.0,True
2084,-2.6423140000000003,10.997326666666666,0.29765498333333335,286.0,6630.666666666667,-1.5635816666666666,100.0,56.0,299.0,295.8333333333333,304.56000000012574,0.0,14.0,6.0,2084,1,1.0,True
2085,-2.6393606363636364,10.715058181818181,0.2981061818181818,285.8181818181818,6620.636363636364,-1.5584145454545455,100.0,56.0,299.0,296.72727272727275,310.6799999999581,0.0,14.0,10.0,2085,1,1.0,True
2086,-2.637414272727273,10.427516363636364,0.29818352727272723,289.6363636363636,6712.818181818182,-1.5532847272727273,100.0,56.0,299.0,296.90909090909093,305.27999999995814,0.0,14.0,10.0,2086,1,1.0,True
2087,-2.6338465,10.162884499999999,0.29829311666666664,289.1666666666667,6705.833333333333,-1.5504206666666667,100.0,56.0,299.0,297.1666666666667,304.55999999991616,0.0,14.0,10.0,2087,1,1.0,True
2088,-2.627663090909091,9.856931272727273,0.2993438090909091,287.1818181818182,6657.0,-1.5477467272727272,100.0,56.0,299.0,299.0,306.7200000000419,0.0,14.0,10.0,2088,1,1.0,True
2089,-2.6208854545454545,9.581191636363636,0.2994985,284.8181818181818,6601.363636363636,-1.547578,100.0,56.0,299.0,299.0,151.56000000012574,0.0,14.0,10.0,2089,1,1.0,True
2090,-2.6169433636363637,9.294621363636363,0.29849296363636363,284.6363636363636,6589.636363636364,-1.5462128181818182,100.0,56.0,299.0,297.6363636363636,306.7199999998324,0.0,14.0,10.0,2090,1,1.0,True
2091,-2.6087902727272727,9.029455727272726,0.2691000545454545,281.3636363636364,6516.363636363636,-1.5608617272727272,100.0,56.0,239.0,298.72727272727275,305.28000000016766,0.0,14.0,278.0,2091,1,1.0,True
2092,-2.6363828333333332,8.806941,0.1688224,279.3333333333333,6479.666666666667,-1.8117973333333335,95.0,56.0,37.833333333333336,299.0,297.71999999983234,0.0,14.0,278.0,2092,1,1.0,True
2093,-2.705124636363636,8.683459727272727,0.15125754545454545,278.27272727272725,6447.272727272727,-2.3830647272727274,96.45454545454545,56.0,3.0,299.0,297.7200000000419,0.0,14.0,278.0,2093,1,1.0,True
2094,-2.8153877272727272,8.617840454545455,0.17631892727272727,280.8181818181818,6510.545454545455,-2.8290269090909095,99.72727272727273,56.0,52.81818181818182,299.0,298.8,0.0,14.0,278.0,2094,1,1.0,True
2095,-2.9899253333333333,8.573985333333333,0.12564188333333334,280.0,6483.666666666667,-3.0296276666666664,97.5,56.0,174.16666666666666,76.5,300.2400000000838,0.0,14.0,278.0,2095,1,1.0,True
2096,-3.0805909090909087,8.565433454545454,0.07541607,279.8181818181818,6476.636363636364,-2.650550909090909,83.0,56.0,248.45454545454547,-98.18181818181819,298.0799999999581,0.0,14.0,278.0,2096,1,1.0,True
2097,-3.1313159166666664,8.50981025,0.10632052083333333,278.8333333333333,6452.25,-1.9955653333333334,85.91666666666667,56.0,261.3333333333333,-48.666666666666664,295.55999999991616,0.0,14.0,278.0,2097,1,1.0,True
2098,-3.148892454545454,8.403296818181817,0.20319794545454545,289.3636363636364,6719.818181818182,-1.5946687272727273,94.27272727272727,56.0,295.72727272727275,110.27272727272727,153.36000000012572,0.0,14.0,278.0,2098,1,1.0,True
2099,-3.1324539166666665,8.1527715,0.2596150166666667,284.75,6600.5,-1.5045250833333332,99.08333333333333,56.0,236.91666666666666,282.0,308.52000000004193,0.0,14.0,278.0,2099,1,1.0,True
2100,-3.1256178181818184,7.876151999999999,0.2884374818181818,287.0,6649.727272727273,-1.5849330000000001,100.0,56.0,277.27272727272725,299.0,308.8799999999581,0.0,14.0,278.0,2100,1,1.0,True
2101,-3.1296120000000003,7.5893599,0.2971161,285.6,6619.7,-1.593272,100.0,56.0,299.0,294.7,306.7200000000419,0.0,14.0,278.0,2101,1,1.0,True
2102,-3.1353366363636366,7.339108818181819,0.29617244545454546,287.45454545454544,6666.818181818182,-1.5831436363636364,100.0,56.0,299.0,293.1818181818182,308.8799999999581,0.0,14.0,278.0,2102,1,1.0,True
2103,-3.1345526666666665,7.036526333333334,0.29687501666666666,284.8333333333333,6600.333333333333,-1.5725286666666667,100.0,56.0,299.0,294.1666666666667,300.9599999999162,0.0,14.0,278.0,2103,1,1.0,True
2104,-3.1349909090909094,6.75191090909091,0.2969846181818182,288.54545454545456,6683.272727272727,-1.563936909090909,100.0,56.0,299.0,294.6363636363636,309.6,0.0,14.0,278.0,2104,1,1.0,True
2105,-3.131092181818182,6.491231272727274,0.29891836363636365,289.8181818181818,6713.818181818182,-1.5595985454545456,100.0,56.0,299.0,298.09090909090907,149.04000000008384,0.0,14.0,278.0,2105,1,1.0,True
2106,-3.1249901818181822,6.205537818181818,0.29849296363636363,287.1818181818182,6663.727272727273,-1.5586985454545457,100.0,56.0,299.0,297.6363636363636,308.1599999999162,0.0,14.0,278.0,2106,1,1.0,True
2107,-3.1235916666666665,5.922860333333333,0.29832859166666664,287.5833333333333,6663.333333333333,-1.55419475,99.5,56.0,299.0,297.25,304.9200000000419,0.0,14.0,282.0,2107,1,1.0,True
2108,-3.1215650000000004,5.621612,0.29815131666666667,285.5,6622.666666666667,-1.5493626666666664,100.0,56.0,299.0,296.8333333333333,305.27999999995814,0.0,14.0,282.0,2108,1,1.0,True
2109,-3.1155196363636364,5.355837272727272,0.2989183909090909,284.0,6586.181818181818,-1.5465306363636364,100.0,56.0,299.0,298.6363636363636,304.56000000012574,0.0,14.0,282.0,2109,1,1.0,True
2110,-3.1048457500000004,5.05214225,0.29843495,289.25,6712.5,-1.5487585,100.0,55.5,297.5,299.0,306.3599999999162,0.0,14.0,282.0,2110,1,1.0,True
2111,-3.100890090909091,4.768942818181818,0.2983769363636364,289.3636363636364,6714.727272727273,-1.5485591818181819,100.0,56.0,299.0,297.3636363636364,303.8400000000838,0.0,14.0,282.0,2111,1,1.0,True
2112,-3.089841090909091,4.474875272727273,0.2978741272727273,287.90909090909093,6676.636363636364,-1.5483766363636364,100.0,56.0,296.1818181818182,299.0,303.8399999998743,0.0,14.0,282.0,2112,1,1.0,True
2113,-3.087816545454545,4.207506090909091,0.29795149090909095,284.8181818181818,6606.636363636364,-1.550275181818182,100.0,56.0,298.6363636363636,296.72727272727275,304.20000000000005,0.0,14.0,282.0,2113,1,1.0,True
2114,-3.0809625,3.9152625,0.29907305,285.5,6630.0,-1.5465835,99.5,55.5,299.0,298.5,154.8,0.0,14.0,282.0,2114,1,1.0,True
2115,-3.0746789166666666,3.6693847500000003,0.29871850833333335,289.1666666666667,6707.583333333333,-1.5477114166666668,99.91666666666667,55.5,298.5,299.0,304.2,0.0,14.0,282.0,2115,1,1.0,True
2116,-3.0671103636363637,3.359674454545455,0.29872499999999996,286.0,6634.727272727273,-1.5476875454545456,98.72727272727273,55.90909090909091,298.27272727272725,299.0,309.9600000001258,0.0,14.0,282.0,2116,1,1.0,True
2117,-3.0594735454545456,3.095448272727273,0.2989183909090909,284.27272727272725,6587.909090909091,-1.5489869090909094,97.72727272727273,56.0,298.6363636363636,299.0,307.4399999998743,0.0,14.0,282.0,2117,1,1.0,True
2118,-3.0549962500000003,2.7940194999999997,0.29939215,286.5,6649.75,-1.5471487499999999,99.0,55.5,299.0,299.0,301.6799999999581,0.0,14.0,282.0,2118,1,1.0,True
2119,-3.0483800000000003,2.527715181818182,0.29942115454545454,288.8181818181818,6697.272727272727,-1.547102090909091,99.0,55.45454545454545,299.0,299.0,310.3200000000419,0.0,14.0,282.0,2119,1,1.0,True
2120,-3.0412154545454544,2.230041181818182,0.29926645454545453,290.6363636363636,6739.181818181818,-1.5472003636363636,98.36363636363636,56.0,299.0,298.90909090909093,303.47999999995807,0.0,14.0,282.0,2120,1,1.0,True
2121,-3.0359503333333335,1.9341606666666669,0.28716115000000003,284.5,6596.666666666667,-1.5386507500000002,97.41666666666667,56.0,299.0,275.0,306.7200000000419,0.0,14.0,270.0,2121,1,1.0,True
2122,-3.0158045454545457,1.7056428181818182,0.19492156363636362,280.45454545454544,6504.090909090909,-1.3827382727272726,95.9090909090909,56.0,299.0,90.18181818181819,147.96000000012575,0.0,14.0,270.0,2122,1,1.0,True
2123,-2.951085909090909,1.5631463636363636,0.12635089545454545,280.90909090909093,6514.636363636364,-0.932499090909091,71.27272727272727,56.0,286.27272727272725,-34.09090909090909,300.6,0.0,14.0,274.0,2123,1,1.0,True
2124,-2.8855915454545453,1.500041272727273,0.0985823118181818,279.45454545454544,6482.454545454545,-0.36192358181818185,53.09090909090909,56.0,268.45454545454544,-71.72727272727273,295.20000000000005,0.0,14.0,274.0,2124,1,1.0,True
2125,-2.742068818181818,1.513282909090909,0.2208337,288.09090909090907,6679.909090909091,0.09478679090909091,77.45454545454545,55.18181818181818,226.36363636363637,215.1818181818182,306.0,0.0,14.0,350.0,2125,1,1.0,True
2126,-2.5327319999999998,1.5296934999999998,0.262805675,287.25,6670.75,0.043270215,96.75,55.75,226.25,299.0,309.6,0.0,14.0,354.0,2126,1,1.0,True
2127,-2.247079909090909,1.524820909090909,0.2602434727272727,284.54545454545456,6599.272727272727,0.0014828509090909076,99.54545454545455,56.0,287.3636363636364,232.63636363636363,304.20000000000005,0.0,14.0,238.0,2127,1,1.0,True
2128,-2.0770251666666666,1.528855,0.11149657333333333,278.75,6457.833333333333,0.26018974,85.33333333333333,56.0,274.6666666666667,-51.5,300.6,0.0,14.0,238.0,2128,1,1.0,True
2129,-2.0162681666666664,1.5769939166666667,0.11227646666666667,279.6666666666667,6478.5,0.8901839333333332,45.166666666666664,56.0,276.4166666666667,-51.5,297.71999999983234,0.0,14.0,242.0,2129,1,1.0,True
2130,-1.9760825,1.6555075,0.17080775,285.5,6620.5,1.353622,62.5,56.0,296.5,44.5,149.04000000008384,0.0,14.0,242.0,2130,1,1.0,True
2131,-1.9753839166666667,1.8658752500000002,0.2576296833333333,292.0833333333333,6776.416666666667,1.62582575,63.666666666666664,55.5,260.6666666666667,254.5,311.4,0.0,14.0,16.0,2131,1,1.0,True
2132,-1.9809006363636363,2.1603161818181817,0.27660294545454545,294.1818181818182,6819.818181818182,1.5706657272727271,77.27272727272727,55.45454545454545,254.0909090909091,299.0,311.7599999999162,0.0,14.0,16.0,2132,1,1.0,True
2133,-1.974138909090909,2.4634003636363637,0.29655919999999997,285.0,6609.909090909091,1.5403501818181817,89.0,56.0,297.90909090909093,294.6363636363636,304.20000000000005,0.0,14.0,16.0,2133,1,1.0,True
2134,-1.9673265000000002,2.729969,0.295456925,286.0,6635.25,1.5507695000000001,92.25,55.5,299.0,291.25,303.48000000016765,0.0,14.0,16.0,2134,1,1.0,True
2135,-1.964290181818182,3.028915090909091,0.29624979090909087,287.54545454545456,6678.727272727273,1.5636196363636363,95.27272727272727,55.45454545454545,299.0,292.90909090909093,307.4399999998743,0.0,14.0,16.0,2135,1,1.0,True
2136,-1.966663181818182,3.2329120000000002,0.10798032727272727,254.63636363636363,5887.272727272727,1.5736964545454546,93.36363636363636,56.63636363636363,108.72727272727273,106.9090909090909,259.2,0.0,14.0,16.0,2136,1,1.0,True
2137,-1.9628210000000001,3.2924109090909095,0.0,235.9090909090909,5434.545454545455,1.5764469999999997,95.54545454545455,57.0,0.0,0.0,123.84000000008382,0.0,14.0,16.0,2137,1,1.0,True
2138,-1.962821,3.29182,0.0,229.5,5293.5,1.576447,96.5,57.0,0.0,0.0,252.0,0.0,14.0,16.0,2138,1,1.0,True
2139,-1.962821,3.29182,0.0,221.0,5085.5,1.576447,97.0,57.0,0.0,0.0,235.0799999999581,0.0,14.0,16.0,2139,1,1.0,True
2140,-1.962821,3.29182,0.0,221.0,5085.5,1.576447,97.0,57.0,0.0,0.0,235.8,0.0,14.0,16.0,2140,1,1.0,True
2141,-1.962821,3.29182,0.0,220.4,5067.2,1.576447,97.0,57.0,0.0,0.0,234.72000000004192,0.0,14.0,16.0,2141,1,1.0,True
2142,-1.9610165000000002,3.2623902499999997,0.0,222.5,5125.75,1.576447,74.5,57.0,0.0,0.0,235.0799999999581,0.0,14.0,16.0,2142,1,1.0,True
2143,-1.9608877272727272,3.2863008181818185,0.0,221.36363636363637,5098.0,1.5764469999999997,90.27272727272727,57.0,0.0,0.0,238.32000000004192,0.0,14.0,16.0,2143,1,1.0,True
2144,-1.963015,3.2906739090909087,0.0,221.36363636363637,5099.909090909091,1.5764469999999997,96.63636363636364,57.0,0.0,0.0,234.72000000004192,0.0,14.0,16.0,2144,1,1.0,True
2145,-1.963015,3.291147,0.0,222.0,5108.5,1.576447,97.0,57.0,0.0,0.0,234.35999999991617,0.0,14.0,16.0,2145,1,1.0,True
2146,-1.963015,3.291147,0.0,221.5,5092.5,1.576447,97.0,57.0,0.0,0.0,119.15999999991618,0.0,14.0,16.0,2146,1,1.0,True
2147,-1.963015,3.291147,0.0,221.0,5085.5,1.576447,97.0,57.0,0.0,0.0,234.72000000004192,0.0,14.0,16.0,2147,1,1.0,True
2148,-1.963015,3.291147,0.0,221.0,5085.5,1.576447,96.5,57.0,0.0,0.0,236.52000000004193,0.0,14.0,16.0,2148,1,1.0,True
2149,-1.9628349999999999,3.2810653636363636,0.0,220.0909090909091,5059.636363636364,1.5764469999999997,70.27272727272727,57.0,0.0,0.0,239.4,0.0,14.0,16.0,2149,1,1.0,True
2150,-1.962795,3.2914999999999996,0.0,221.5,5091.0,1.576447,93.25,57.0,0.0,0.0,235.0799999999581,0.0,14.0,16.0,2150,1,1.0,True
2151,-1.9616225,3.2914429,0.0,221.8,5107.3,1.576447,80.3,57.0,0.0,0.0,234.0,0.0,14.0,16.0,2151,1,1.0,True
2152,-1.96112,3.290852,0.0,221.5,5096.0,1.576447,92.2,57.0,0.0,0.0,236.16000000012573,0.0,14.0,16.0,2152,1,1.0,True
2153,-1.9628895833333333,3.225070666666667,0.0,222.0,5105.0,1.576447,80.58333333333333,57.0,0.0,0.0,237.60000000000002,0.0,14.0,16.0,2153,1,1.0,True
2154,-1.961925,3.2232885454545452,0.0,220.63636363636363,5079.272727272727,1.5764469999999997,87.27272727272727,57.0,0.0,0.0,116.63999999987428,0.0,14.0,16.0,2154,1,1.0,True
2155,-1.961925,3.2872839999999997,0.0,221.0,5086.416666666667,1.576447,94.5,57.0,0.0,0.0,235.0799999999581,0.0,14.0,16.0,2155,1,1.0,True
2156,-1.961925,3.290179454545455,0.0,220.63636363636363,5076.636363636364,1.5764469999999997,96.9090909090909,57.0,0.0,0.0,239.0400000000838,0.0,14.0,16.0,2156,1,1.0,True
2157,-1.9619250000000001,3.291834,0.0,219.3,5045.4,1.576447,96.4,57.0,0.0,0.0,234.72000000004192,0.0,14.0,16.0,2157,1,1.0,True
2158,-1.9619250000000001,3.291834,0.0,221.6,5097.8,1.576447,97.0,57.0,0.0,0.0,234.35999999991617,0.0,14.0,16.0,2158,1,1.0,True
2159,-1.9619250000000001,3.291834,0.0,221.0,5089.7,1.576447,97.0,57.0,0.0,0.0,236.52000000004193,0.0,14.0,16.0,2159,1,1.0,True
2160,-1.9619250000000001,3.291834,0.0,221.5,5088.5,1.576447,97.0,57.0,0.0,0.0,239.0400000000838,0.0,14.0,16.0,2160,1,1.0,True
2161,-1.9619250000000001,3.291834,0.0,222.0,5110.0,1.576447,96.5,57.0,0.0,0.0,117.35999999991618,0.0,14.0,16.0,2161,1,1.0,True
2162,-1.9619250000000001,3.291184,0.0,223.0,5133.0,1.576447,97.0,57.0,0.0,0.0,238.32000000004192,0.0,14.0,16.0,2162,1,1.0,True
2163,-1.961925,3.2917158181818182,0.0,221.54545454545453,5100.454545454545,1.5764469999999997,97.0,57.0,0.0,0.0,237.23999999987427,0.0,14.0,16.0,2163,1,1.0,True
2164,-1.9619250000000001,3.291834,0.0,221.6,5108.2,1.576447,97.0,57.0,0.0,0.0,237.60000000000002,0.0,14.0,16.0,2164,1,1.0,True
2165,-1.9619250000000001,3.291834,0.0,221.8,5100.9,1.576447,97.0,57.0,0.0,0.0,235.44000000008384,0.0,14.0,16.0,2165,1,1.0,True
2166,-1.9619250000000001,3.291834,0.0,221.2,5089.7,1.576447,97.0,57.0,0.0,0.0,234.35999999991617,0.0,14.0,16.0,2166,1,1.0,True
2167,-1.9619250000000001,3.291834,0.0,221.0,5089.4,1.576447,97.0,57.0,0.0,0.0,236.5200000000419,0.0,14.0,16.0,2167,1,1.0,True
2168,-1.9619250000000001,3.291834,0.0,221.8,5105.2,1.576447,97.0,57.0,0.0,0.0,236.8799999999581,0.0,14.0,16.0,2168,1,1.0,True
2169,-1.9619250000000001,3.291834,0.0,222.0,5110.0,1.576447,97.0,57.0,0.0,0.0,235.44000000008384,0.0,14.0,16.0,2169,1,1.0,True
2170,-1.9619250000000001,3.291834,0.0,222.0,5110.0,1.576447,97.0,57.0,0.0,0.0,120.24000000008382,0.0,14.0,16.0,2170,1,1.0,True
2171,-1.9619250000000001,3.291834,0.0,222.5,5113.0,1.576447,97.0,57.0,0.0,0.0,235.43999999987426,0.0,14.0,16.0,2171,1,1.0,True
2172,-1.9619250000000001,3.291834,0.0,222.1,5112.7,1.576447,97.0,57.0,0.0,0.0,240.4799999999581,0.0,14.0,16.0,2172,1,1.0,True
2173,-1.9627911,3.2913369,0.0,225.0,5183.0,1.5763213,92.0,57.0,0.0,0.0,239.76000000012573,0.0,14.0,16.0,2173,1,1.0,True
2174,-1.9648119999999998,3.290177,0.0,221.7,5098.2,1.576028,89.9,57.0,0.0,0.0,235.8,0.0,14.0,16.0,2174,1,1.0,True
2175,-1.9881667272727273,3.294836818181818,0.0,221.36363636363637,5098.0,1.576028,83.36363636363636,57.0,0.0,0.0,235.8,0.0,14.0,16.0,2175,1,1.0,True
2176,-2.093263,3.315806,0.0,221.0,5085.5,-0.3117311,16.0,57.0,0.0,0.0,234.0,0.0,14.0,16.0,2176,1,1.0,True
2177,-2.093263,3.315806,0.0,222.0,5108.5,2.2801765,2.0,57.0,0.0,0.0,118.8,0.0,14.0,16.0,2177,1,1.0,True
2178,-2.093263,3.315806,0.0,221.0,5090.5,1.6251269999999998,2.5,57.0,0.0,0.0,235.0799999999581,0.0,14.0,16.0,2178,1,1.0,True
2179,-2.0237513333333332,3.289452666666667,0.0,225.91666666666666,5198.416666666667,1.5562509166666667,34.0,57.0,0.0,0.0,240.84000000008382,0.0,14.0,16.0,2179,1,1.0,True
2180,-1.962435,3.2885580000000005,0.0,221.5,5096.6,1.575873,92.1,57.0,0.0,0.0,234.35999999991617,0.0,14.0,16.0,2180,1,1.0,True
2181,-1.962435,3.2885580000000005,0.0,221.2,5087.9,1.575873,96.5,57.0,0.0,0.0,238.32000000004192,0.0,14.0,16.0,2181,1,1.0,True
2182,-1.96281775,3.281736,0.0,222.25,5119.5,1.5758730000000003,88.25,57.0,0.0,0.0,236.8799999999581,0.0,14.0,16.0,2182,1,1.0,True
2183,-1.9639659999999999,3.2805100000000005,0.0,222.4,5121.0,1.575873,84.5,57.0,0.0,0.0,240.1200000000419,0.0,14.0,16.0,2183,1,1.0,True
2184,-1.9639659999999999,3.2898699999999996,0.0,223.5,5134.5,1.575873,95.7,57.0,0.0,0.0,238.32000000004192,0.0,14.0,16.0,2184,1,1.0,True
2185,-1.9639659999999999,3.2898699999999996,0.0,223.3,5129.6,1.575873,97.0,57.0,0.0,0.0,236.51999999983235,0.0,14.0,16.0,2185,1,1.0,True
2186,-1.9639659999999999,3.2898699999999996,0.0,222.5,5110.0,1.575873,97.0,57.0,0.0,0.0,117.36000000012574,0.0,14.0,16.0,2186,1,1.0,True
2187,-1.9639659999999999,3.2898699999999996,0.0,221.7,5099.6,1.575873,97.0,57.0,0.0,0.0,235.4399999998743,0.0,14.0,16.0,2187,1,1.0,True
2188,-1.9639659999999999,3.2898699999999996,0.0,222.9,5131.9,1.575873,97.0,57.0,0.0,0.0,240.48000000016765,0.0,14.0,16.0,2188,1,1.0,True
2189,-1.9639659999999999,3.2898699999999996,0.0,221.3,5090.8,1.575873,97.0,57.0,0.0,0.0,236.8799999999581,0.0,14.0,16.0,2189,1,1.0,True
2190,-1.9639090000000001,3.2898274545454544,0.0,222.9090909090909,5125.454545454545,1.575873,86.63636363636364,57.0,0.0,0.0,236.8799999999581,0.0,14.0,16.0,2190,1,1.0,True
2191,-1.9606027000000001,3.2955107999999997,0.0,223.9,5152.5,1.575873,75.0,57.0,0.0,0.0,237.9599999999162,0.0,14.0,16.0,2191,1,1.0,True
2192,-1.9654286666666667,3.2850006666666665,0.0,222.33333333333334,5116.5,1.5758730000000003,75.16666666666667,57.0,0.0,0.0,236.16000000012573,0.0,14.0,16.0,2192,1,1.0,True
2193,-1.965869,3.288722,0.0,223.8,5154.2,1.575873,93.0,57.0,0.0,0.0,117.7200000000419,0.0,14.0,16.0,2193,1,1.0,True
2194,-1.965869,3.288722,0.0,223.0,5134.5,1.575873,96.5,57.0,0.0,0.0,239.03999999987428,0.0,14.0,16.0,2194,1,1.0,True
2195,-1.965869,3.288722,0.0,222.5,5119.5,1.575873,97.0,57.0,0.0,0.0,235.44000000008384,0.0,14.0,16.0,2195,1,1.0,True
2196,-1.965869,3.288722,0.0,222.0,5101.6,1.575873,97.0,57.0,0.0,0.0,235.8,0.0,14.0,16.0,2196,1,1.0,True
2197,-1.965869,3.288722,0.0,222.0,5100.4,1.575873,97.0,57.0,0.0,0.0,233.63999999987428,0.0,14.0,16.0,2197,1,1.0,True
2198,-1.965869,3.289431090909091,0.0,223.0909090909091,5122.909090909091,1.575873,97.0,57.0,0.0,0.0,240.84000000008382,0.0,14.0,16.0,2198,1,1.0,True
2199,-1.965869,3.289903818181818,0.0,223.27272727272728,5132.0,1.575873,97.0,57.0,0.0,0.0,235.8,0.0,14.0,16.0,2199,1,1.0,True
2200,-1.965869,3.2896674545454543,0.0,222.54545454545453,5123.818181818182,1.575873,97.0,57.0,0.0,0.0,235.0799999999581,0.0,14.0,16.0,2200,1,1.0,True
2201,-1.965869,3.290967454545455,0.0,223.36363636363637,5130.272727272727,1.575873,96.9090909090909,57.0,0.0,0.0,240.12000000004193,0.0,14.0,16.0,2201,1,1.0,True
2202,-1.965869,3.2900219999999996,0.0,221.5,5097.5,1.575873,96.5,57.0,0.0,0.0,118.07999999995809,0.0,14.0,16.0,2202,1,1.0,True
2203,-2.0324495454545453,3.272433,0.0,229.9090909090909,5295.636363636364,1.5749207272727275,34.36363636363637,57.0,0.0,0.0,236.8799999999581,0.0,14.0,16.0,2203,1,1.0,True
2204,-1.972381181818182,3.2997330000000002,0.05754825454545454,243.54545454545453,5619.272727272727,1.575916,81.0909090909091,56.63636363636363,57.45454545454545,57.45454545454545,259.9200000000419,0.0,14.0,16.0,2204,1,1.0,True
2205,-1.9684073333333334,3.465885833333333,0.2734058166666667,287.3333333333333,6648.0,1.5769469999999999,95.16666666666667,56.0,273.0,273.5,304.20000000000005,0.0,14.0,16.0,2205,1,1.0,True
2206,-1.9732380909090907,3.7598303636363637,0.29868629090909093,287.90909090909093,6665.909090909091,1.5783518181818181,97.0909090909091,56.0,299.0,297.90909090909093,307.8,0.0,14.0,16.0,2206,1,1.0,True
2207,-1.973553,4.024293636363637,0.2982222,285.72727272727275,6611.727272727273,1.5827503636363638,98.9090909090909,56.0,299.0,297.0,309.6,0.0,14.0,16.0,2207,1,1.0,True
2208,-1.9775805000000002,4.337453,0.298364,283.6666666666667,6574.833333333333,1.5866991666666665,100.0,56.0,299.0,297.3333333333333,303.8400000000838,0.0,14.0,16.0,2208,1,1.0,True
2209,-1.9835671666666668,4.6075135000000005,0.29843495,286.9166666666667,6652.833333333333,1.5887874999999998,99.91666666666667,56.0,298.75,297.75,304.55999999991616,0.0,14.0,16.0,2209,1,1.0,True
2210,-1.9939787272727274,4.864461636363637,0.29849296363636363,289.8181818181818,6729.818181818182,1.5865177272727273,99.0,55.45454545454545,297.6363636363636,299.0,152.64000000008383,0.0,14.0,16.0,2210,1,1.0,True
2211,-1.9961366363636364,5.128305,0.29814486363636367,285.1818181818182,6604.818181818182,1.5860020909090908,99.0,56.0,299.0,296.72727272727275,305.63999999987425,0.0,14.0,16.0,2211,1,1.0,True
2212,-2.000239666666667,5.409598666666667,0.29712320833333333,283.75,6569.333333333333,1.5884570833333334,99.0,56.0,299.0,294.8333333333333,306.36000000012575,0.0,14.0,16.0,2212,1,1.0,True
2213,-2.00578,5.707018727272728,0.2974874,284.90909090909093,6602.909090909091,1.5900922727272728,99.0,56.0,299.0,295.45454545454544,305.63999999987425,0.0,14.0,16.0,2213,1,1.0,True
2214,-2.011317,5.999440454545454,0.29721665454545454,288.3636363636364,6685.363636363636,1.5913402727272725,98.72727272727273,55.45454545454545,297.90909090909093,295.72727272727275,303.12000000004195,0.0,14.0,16.0,2214,1,1.0,True
2215,-2.0201849999999997,6.286141545454546,0.29860899999999996,288.3636363636364,6689.727272727273,1.5898906363636363,98.72727272727273,55.45454545454545,297.90909090909093,299.0,303.8400000000838,0.0,14.0,12.0,2215,1,1.0,True
2216,-2.0240984545454546,6.563963727272728,0.29868633636363634,285.3636363636364,6616.454545454545,1.5885735454545455,99.0,56.0,298.09090909090907,299.0,303.8399999998743,0.0,14.0,12.0,2216,1,1.0,True
2217,-2.029267090909091,6.856827818181818,0.2981448727272727,285.45454545454544,6617.181818181818,1.5832609090909089,99.0,55.45454545454545,297.1818181818182,298.6363636363636,306.7200000000419,0.0,14.0,12.0,2217,1,1.0,True
2218,-2.0327052727272727,7.099849636363637,0.2973714,286.90909090909093,6655.545454545455,1.583472363636364,98.45454545454545,55.45454545454545,299.0,295.0,151.56000000012574,0.0,14.0,12.0,2218,1,1.0,True
2219,-2.0416725833333333,7.3988565,0.29893129166666665,288.9166666666667,6704.0,1.5875149166666667,98.0,55.916666666666664,299.0,298.6666666666667,309.9599999999162,0.0,14.0,12.0,2219,1,1.0,True
2220,-2.045783636363636,7.703224,0.2986089909090909,284.0,6579.727272727273,1.589277,98.9090909090909,56.0,299.0,297.90909090909093,310.3200000000419,0.0,14.0,12.0,2220,1,1.0,True
2221,-2.0495585000000003,7.983816,0.29864763333333333,284.3333333333333,6589.166666666667,1.5926233333333333,99.0,56.0,299.0,298.0,303.8399999998743,0.0,14.0,12.0,2221,1,1.0,True
2222,-2.0631736363636364,8.282863818181818,0.22655759090909092,285.45454545454544,6616.909090909091,1.6664812727272726,98.72727272727273,56.0,299.0,153.63636363636363,297.36000000012575,0.0,14.0,12.0,2222,1,1.0,True
2223,-2.0976269090909088,8.450289454545453,0.1382241290909091,279.8181818181818,6487.272727272727,1.995162181818182,96.9090909090909,56.0,290.6363636363636,-14.545454545454545,296.63999999987425,0.0,14.0,12.0,2223,1,1.0,True
2224,-2.1564941666666666,8.5318895,0.06785512333333334,278.1666666666667,6442.5,2.6166561666666666,89.0,56.0,241.66666666666666,-105.5,295.56000000012574,0.0,14.0,12.0,2224,1,1.0,True
2225,-2.1958498181818182,8.522184000000001,0.08257092545454546,276.72727272727275,6411.181818181818,-0.8387854545454545,68.18181818181819,56.0,227.54545454545453,-62.63636363636363,296.2799999999581,0.0,14.0,12.0,2225,1,1.0,True
2226,-2.2952316363636367,8.499642363636365,0.13516876363636365,277.27272727272725,6431.363636363636,-2.991774727272727,66.18181818181819,56.0,29.545454545454547,240.8181818181818,148.67999999995808,0.0,14.0,12.0,2226,1,1.0,True
2227,-2.4241419090909093,8.519189454545455,0.13632906363636363,279.3636363636364,6477.0,2.7968628181818183,95.36363636363636,56.0,-26.545454545454547,299.0,298.8,0.0,14.0,12.0,2227,1,1.0,True
2228,-2.5300760909090907,8.622506545454545,0.15025199090909092,279.72727272727275,6485.727272727273,2.208520818181818,97.0,56.0,0.9090909090909091,299.0,298.44000000008384,0.0,14.0,12.0,2228,1,1.0,True
2229,-2.5831503333333337,8.7444795,0.18725748333333334,284.5,6600.5,1.7688476666666666,97.33333333333333,55.5,74.66666666666667,299.0,299.1599999999162,0.0,14.0,12.0,2229,1,1.0,True
2230,-2.587993545454545,8.956225545454545,0.25413282727272724,291.0,6748.636363636364,1.5209168181818185,95.0,55.72727272727273,260.27272727272725,248.0,313.20000000000005,0.0,14.0,8.0,2230,1,1.0,True
2231,-2.5899306363636363,9.193752818181819,0.2771831181818182,291.3636363636364,6763.909090909091,1.5807544545454546,97.18181818181819,55.18181818181818,299.0,254.9090909090909,313.56000000012574,0.0,14.0,8.0,2231,1,1.0,True
2232,-2.598901666666667,9.497643,0.29836405,286.3333333333333,6649.0,1.6160063333333332,98.66666666666667,55.5,298.6666666666667,297.6666666666667,300.23999999987427,0.0,14.0,8.0,2232,1,1.0,True
2233,-2.6121914545454548,9.751287545454545,0.297294,284.45454545454544,6593.090909090909,1.612416909090909,98.45454545454545,56.0,295.3636363636364,299.0,307.8,0.0,14.0,8.0,2233,1,1.0,True
2234,-2.6222003636363636,10.061581363636364,0.2984542363636364,285.3636363636364,6616.181818181818,1.6066643636363636,99.54545454545455,55.45454545454545,297.54545454545456,299.0,152.2799999999581,0.0,14.0,8.0,2234,1,1.0,True
2235,-2.6309780000000003,10.34879181818182,0.2986089727272727,287.0,6654.909090909091,1.6040803636363636,99.54545454545455,55.0,297.90909090909093,299.0,304.56000000012574,0.0,14.0,8.0,2235,1,1.0,True
2236,-2.6341992727272725,10.622693636363636,0.2989957181818182,287.54545454545456,6670.545454545455,1.6058581818181816,99.0,55.54545454545455,299.0,298.27272727272725,303.12000000004195,0.0,14.0,4.0,2236,1,1.0,True
2237,-2.6396659999999996,10.894664999999998,0.29878944999999996,285.6666666666667,6634.166666666667,1.6085384999999999,99.33333333333333,55.5,298.6666666666667,298.6666666666667,303.8399999998743,0.0,14.0,4.0,2237,1,1.0,True
2238,-2.6486057,11.199935,0.29856255,283.4,6573.0,1.6077328000000002,100.0,55.3,297.8,299.0,305.27999999995814,0.0,14.0,4.0,2238,1,1.0,True
2239,-2.6560681818181817,11.485801818181818,0.29891835454545457,285.27272727272725,6616.181818181818,1.6064133636363636,100.0,55.27272727272727,298.45454545454544,299.0,304.56000000012574,0.0,14.0,4.0,2239,1,1.0,True
2240,-2.663368363636364,11.73435909090909,0.2988023181818182,287.54545454545456,6676.181818181818,1.6061108181818182,100.0,55.09090909090909,298.0,299.0,303.4799999999581,0.0,14.0,4.0,2240,1,1.0,True
2241,-2.672188909090909,12.021389090909093,0.2580002727272727,280.90909090909093,6510.909090909091,1.5755583636363637,98.54545454545455,56.0,216.45454545454547,299.0,303.47999999995807,0.0,14.0,30.0,2241,1,1.0,True
2242,-2.645292181818182,12.204870909090909,0.15303661818181818,279.09090909090907,6471.090909090909,1.3133629090909091,91.63636363636364,56.0,6.636363636363637,299.0,146.16000000012573,0.0,14.0,30.0,2242,1,1.0,True
2243,-2.5708258333333336,12.303571666666668,0.11521899166666666,280.0,6493.583333333333,0.7253013083333334,55.833333333333336,56.0,-56.333333333333336,287.0,302.40000000000003,0.0,14.0,30.0,2243,1,1.0,True
2244,-2.4240307999999997,12.334035,0.14009211,279.1,6476.8,0.2855172,43.4,55.5,97.3,183.4,298.4399999998743,0.0,14.0,30.0,2244,1,1.0,True
2245,-2.299659833333333,12.396228333333333,0.1242947,278.1666666666667,6454.0,0.45676561666666665,49.333333333333336,56.0,282.8333333333333,-34.166666666666664,297.36000000012575,0.0,14.0,30.0,2245,1,1.0,True
2246,-2.255998090909091,12.450701818181818,0.1247265818181818,279.54545454545456,6473.636363636364,0.904401,72.63636363636364,56.0,278.45454545454544,-28.818181818181817,296.27999999995814,0.0,14.0,30.0,2246,1,1.0,True
2247,-2.2246102999999997,12.56151,0.16468164999999998,282.3,6547.4,1.4065674,90.7,55.8,293.1,36.4,298.43999999987426,0.0,14.0,30.0,2247,1,1.0,True
2248,-2.2247745,12.743789999999999,0.24149901666666665,289.1666666666667,6715.5,1.636554,95.33333333333333,55.0,237.66666666666666,244.66666666666666,303.12000000004195,0.0,14.0,30.0,2248,1,1.0,True
2249,-2.2250313636363637,13.012296363636363,0.28897887272727274,292.0,6780.272727272727,1.5446256363636364,98.45454545454545,55.0,278.6363636363636,298.72727272727275,311.4,0.0,14.0,30.0,2249,1,1.0,True
2250,-2.2223815454545455,13.286996363636364,0.2964044727272727,286.90909090909093,6661.727272727273,1.5342674545454544,95.9090909090909,55.0,299.0,293.27272727272725,151.56000000012574,0.0,14.0,30.0,2250,1,1.0,True
2251,-2.221350272727273,13.56132,0.2953989363636364,286.6363636363636,6657.090909090909,1.5430486363636362,93.0909090909091,55.0,299.0,291.3636363636364,307.4399999998743,0.0,14.0,30.0,2251,1,1.0,True
2252,-2.214125,13.839856363636363,0.29694593636363636,285.54545454545456,6630.363636363636,1.5603571818181818,94.54545454545455,55.0,299.0,294.6363636363636,310.6799999999581,0.0,14.0,34.0,2252,1,1.0,True
2253,-2.2106898333333334,14.136528333333333,0.2968750666666667,289.1666666666667,6713.333333333333,1.5717131666666668,96.83333333333333,55.0,299.0,294.1666666666667,305.28000000016766,0.0,14.0,34.0,2253,1,1.0,True
2254,-2.2113854545454545,14.435101818181819,0.297062,287.8181818181818,6687.0,1.578179909090909,96.18181818181819,55.27272727272727,299.0,294.45454545454544,305.6399999998743,0.0,14.0,34.0,2254,1,1.0,True
2255,-2.217471454545455,14.690014545454545,0.2976034181818182,285.8181818181818,6639.0,1.577711909090909,96.0,55.45454545454545,299.0,295.72727272727275,303.47999999995807,0.0,14.0,34.0,2255,1,1.0,True
2256,-2.2224916666666665,14.98053,0.29708776666666664,284.3333333333333,6603.333333333333,1.5802345000000002,95.16666666666667,55.333333333333336,299.0,294.6666666666667,307.44000000008384,0.0,14.0,34.0,2256,1,1.0,True
2257,-2.227322090909091,15.255550909090909,0.2984155636363636,286.90909090909093,6664.0,1.586127090909091,93.0,55.0,298.72727272727275,297.72727272727275,305.27999999995814,0.0,14.0,34.0,2257,1,1.0,True
2258,-2.231122090909091,15.557676363636363,0.29872499999999996,289.27272727272725,6724.363636363636,1.589750181818182,90.0909090909091,55.0,297.6363636363636,299.0,149.04000000008384,0.0,14.0,34.0,2258,1,1.0,True
2259,-2.2360142727272727,15.80735909090909,0.29795149090909095,288.54545454545456,6694.090909090909,1.5916172727272728,91.54545454545455,55.0,298.54545454545456,296.8181818181818,307.4399999998743,0.0,14.0,34.0,2259,1,1.0,True
2260,-2.2432119090909093,16.109482727272727,0.2989570181818182,286.3636363636364,6639.727272727273,1.5902532727272727,93.18181818181819,55.54545454545455,298.90909090909093,298.45454545454544,308.52000000004193,0.0,14.0,34.0,2260,1,1.0,True
2261,-2.2492515,16.383326666666665,0.29886035,285.6666666666667,6631.833333333333,1.5917768333333333,94.66666666666667,55.0,299.0,298.0,304.56000000012574,0.0,14.0,34.0,2261,1,1.0,True
2262,-2.2557684,16.697026,0.29796695,278.6,6468.9,1.5960693000000001,96.0,55.3,296.8,298.7,304.9199999998324,0.0,14.0,34.0,2262,1,1.0,True
2263,-2.261153909090909,16.915102727272725,0.15775494909090912,263.3636363636364,6101.272727272727,1.5965981818181818,96.18181818181819,56.0,156.63636363636363,158.9090909090909,281.8800000001677,0.0,14.0,34.0,2263,1,1.0,True
2264,-2.262673833333333,17.045434999999998,0.08246134666666666,256.1666666666667,5931.333333333333,1.5981963333333333,97.66666666666667,56.166666666666664,82.16666666666667,83.33333333333333,267.47999999995807,0.0,14.0,34.0,2264,1,1.0,True
2265,-2.262315,17.07959181818182,0.0,227.0,5233.0,1.598818,98.63636363636364,57.0,0.0,0.0,245.15999999991618,0.0,14.0,34.0,2265,1,1.0,True
2266,-2.262315,17.07841,0.0,227.0,5233.0,1.598818,99.0,57.0,0.0,0.0,120.96000000012573,0.0,14.0,34.0,2266,1,1.0,True
2267,-2.262315,17.078055454545453,0.0,227.0,5233.0,1.598818,98.54545454545455,57.0,0.0,0.0,241.5599999999162,0.0,14.0,34.0,2267,1,1.0,True
2268,-2.262315,17.080489999999998,0.0,227.0,5231.0,1.598818,98.0,57.0,0.0,0.0,242.27999999995808,0.0,14.0,34.0,2268,1,1.0,True
2269,-2.262315,17.08057666666667,0.0,227.0,5238.333333333333,1.5988180000000003,98.83333333333333,56.666666666666664,0.0,0.0,242.64000000008383,0.0,2.0,34.0,2269,1,1.0,True
2270,-2.2630085,17.14716,0.1548543,270.5,6276.5,1.5983345,99.0,55.25,154.75,155.0,291.9599999999162,0.0,2.0,78.0,2270,1,1.0,True
2271,-2.2671859090909092,17.39467,0.29887969090909094,289.1818181818182,6711.727272727273,1.598213090909091,98.81818181818181,55.0,298.8181818181818,298.72727272727275,302.76000000012573,0.0,2.0,82.0,2271,1,1.0,True
2272,-2.2772335,17.658983333333335,0.2986476,286.8333333333333,6655.166666666667,1.5954608333333333,98.0,55.166666666666664,298.1666666666667,298.8333333333333,303.1199999998324,0.0,2.0,110.0,2272,1,1.0,True
2273,-2.2871855454545456,17.951708181818184,0.2986862818181818,286.0,6646.272727272727,1.5894386363636364,98.0909090909091,55.36363636363637,299.0,298.09090909090907,304.20000000000005,0.0,2.0,114.0,2273,1,1.0,True
2274,-2.290627363636364,18.197615454545453,0.29884100909090905,286.54545454545456,6661.363636363636,1.5951884545454547,99.54545454545455,55.0,298.45454545454544,299.0,151.56000000012574,0.0,2.0,114.0,2274,1,1.0,True
2275,-2.295600818181818,18.517595454545454,0.29903437272727273,288.09090909090907,6683.272727272727,1.5956812727272727,100.0,55.0,299.0,299.0,307.8,0.0,2.0,54.0,2275,1,1.0,True
2276,-2.3043476666666667,18.792681666666667,0.29829310833333333,288.5,6700.333333333333,1.5963395,99.58333333333333,55.0,297.0833333333333,299.0,304.20000000000005,0.0,2.0,54.0,2276,1,1.0,True
2277,-2.310918090909091,19.077219090909093,0.2990344181818182,285.90909090909093,6630.727272727273,1.5944534545454545,98.27272727272727,55.54545454545455,298.90909090909093,299.0,304.20000000000005,0.0,2.0,54.0,2277,1,1.0,True
2278,-2.3106646363636365,19.329125454545455,0.2977968181818182,283.45454545454544,6582.727272727273,1.5975396363636363,98.9090909090909,55.0,299.0,296.0,306.0,0.0,2.0,54.0,2278,1,1.0,True
2279,-2.3160905,19.631115,0.298754025,285.0,6620.25,1.60204625,100.0,55.0,299.0,298.25,304.20000000000005,0.0,2.0,54.0,2279,1,1.0,True
2280,-2.324772272727273,19.902467272727275,0.2987636454545454,286.72727272727275,6656.454545454545,1.6014110000000001,100.0,55.0,298.27272727272725,299.0,304.2,0.0,2.0,54.0,2280,1,1.0,True
2281,-2.331455090909091,20.211280909090906,0.2986089272727273,289.3636363636364,6718.454545454545,1.6001800000000002,99.36363636363636,55.0,298.09090909090907,298.8181818181818,303.12000000004195,0.0,2.0,58.0,2281,1,1.0,True
2282,-2.336213416666667,20.4838,0.2987540083333333,285.3333333333333,6625.166666666667,1.6012873333333333,99.58333333333333,55.0,299.0,298.1666666666667,307.0799999999581,0.0,2.0,58.0,2282,1,1.0,True
2283,-2.342621,20.754505,0.2992858,285.5,6629.0,1.6025079999999998,100.0,55.0,299.0,299.0,150.83999999987427,0.0,2.0,58.0,2283,1,1.0,True
2284,-2.3482344166666667,21.03487,0.2990731,286.8333333333333,6660.416666666667,1.6032679166666668,100.0,55.0,299.0,299.0,304.20000000000005,0.0,2.0,58.0,2284,1,1.0,True
2285,-2.3569692727272726,21.339154545454548,0.29884100909090905,288.90909090909093,6708.0,1.6024617272727275,100.0,55.0,298.45454545454544,299.0,307.44000000008384,0.0,2.0,58.0,2285,1,1.0,True
2286,-2.3622754,21.605379,0.21590269,272.2,6308.7,1.6029982,100.0,55.8,216.1,215.6,294.12000000004195,0.0,2.0,58.0,2286,1,1.0,True
2287,-2.3660505,21.7325575,0.0999746325,261.75,6069.75,1.60311975,100.0,56.0,100.25,100.25,277.55999999991616,0.0,2.0,58.0,2287,1,1.0,True
2288,-2.3663118181818183,21.82284818181818,0.057548266363636365,253.45454545454547,5867.636363636364,1.60269,100.0,56.18181818181818,57.81818181818182,57.27272727272727,271.0799999999581,0.0,2.0,58.0,2288,1,1.0,True
2289,-2.365954,21.844707272727273,0.0,227.0,5233.0,1.6026270000000002,100.0,57.0,0.0,0.0,242.64000000008383,0.0,2.0,58.0,2289,1,1.0,True
2290,-2.365954,21.843663333333335,0.0,227.0,5233.0,1.602627,100.0,57.0,0.0,0.0,238.32000000004192,0.0,2.0,58.0,2290,1,1.0,True
2291,-2.365954,21.84648,0.0,227.0,5233.0,1.602627,100.0,57.0,0.0,0.0,122.4,0.0,2.0,58.0,2291,1,1.0,True
2292,-2.365954,21.84399818181818,0.0,227.0,5233.0,1.6026270000000002,100.0,57.0,0.0,0.0,240.4799999999581,0.0,2.0,58.0,2292,1,1.0,True
2293,-2.365954,21.845770909090906,0.0,227.0,5233.0,1.6026270000000002,100.0,57.0,0.0,0.0,242.64000000008383,0.0,2.0,58.0,2293,1,1.0,True
2294,-2.365954,21.84674,0.0,230.3,5313.7,1.602627,100.0,56.7,0.0,0.0,242.63999999987428,0.0,1.0,58.0,2294,1,1.0,True
2295,-2.36595875,21.8454275,0.000106355,254.25,5880.0,1.63401525,100.0,56.0,24.75,-24.5,271.0799999999581,0.0,1.0,56.0,2295,1,1.0,True
2296,-2.3705738,21.860395,0.00042542279999999995,270.5,6269.6,1.8764469000000001,97.8,56.0,99.7,-98.7,289.8,0.0,1.0,56.0,2296,1,1.0,True
2297,-2.3772083636363637,21.851107272727273,0.000425424,270.0,6254.363636363636,2.212632727272727,82.45454545454545,56.0,100.0,-99.0,289.8,0.0,1.0,56.0,2297,1,1.0,True
2298,-2.366799916666667,21.833367499999998,0.000425424,269.5833333333333,6235.583333333333,2.545395416666667,65.5,56.0,100.0,-99.0,285.8400000000838,0.0,1.0,56.0,2298,1,1.0,True
2299,-2.3584644999999997,21.81469,0.00042542399999999993,270.0,6251.5,2.880513,64.0,56.0,100.0,-99.0,146.15999999991618,0.0,1.0,56.0,2299,1,1.0,True
2300,-2.3533049090909093,21.810713636363637,0.000425424,270.8181818181818,6276.0,-2.4987880909090907,82.45454545454545,56.0,100.0,-99.0,286.2,0.0,1.0,56.0,2300,1,1.0,True
2301,-2.3588641666666668,21.811578333333333,0.000425424,270.5,6270.5,-2.6878509999999998,85.33333333333333,56.0,100.0,-99.0,291.6,0.0,1.0,56.0,2301,1,1.0,True
2302,-2.3597389090909093,21.809072727272728,0.000425424,271.45454545454544,6289.545454545455,-2.3594192727272727,86.72727272727273,56.0,99.45454545454545,-98.45454545454545,286.56000000012574,0.0,1.0,56.0,2302,1,1.0,True
2303,-2.3579715,21.81102,0.000425424,267.0,6188.75,-2.013274,89.25,56.0,80.0,-79.0,284.7599999999162,0.0,1.0,56.0,2303,1,1.0,True
2304,-2.364453272727273,21.819145454545456,0.00042542472727272727,265.6363636363636,6160.909090909091,-1.7706994545454544,97.36363636363636,56.0,57.45454545454545,-56.45454545454545,288.0,0.0,1.0,56.0,2304,1,1.0,True
2305,-2.364986272727273,21.817242727272728,0.00038674836363636366,264.1818181818182,6126.181818181818,-1.5880859090909092,99.63636363636364,56.0,38.0,-37.63636363636363,280.44000000008384,0.0,1.0,56.0,2305,1,1.0,True
2306,-2.3617529999999998,21.77204083333333,0.14918199166666668,278.75,6472.333333333333,-1.5478856666666667,99.5,55.416666666666664,145.91666666666666,152.0,301.6799999999581,0.0,1.0,56.0,2306,1,1.0,True
2307,-2.3585205,21.506234999999997,0.29737135,286.5,6659.5,-1.5556125,100.0,55.0,297.5,296.5,154.4400000000838,0.0,1.0,56.0,2307,1,1.0,True
2308,-2.3558686666666664,21.23662416666667,0.2982222,288.8333333333333,6709.75,-1.5560541666666667,100.0,55.0,298.75,297.25,304.9199999998324,0.0,1.0,56.0,2308,1,1.0,True
2309,-2.35274,20.958346666666667,0.2982931,287.5,6675.5,-1.552106,100.0,55.0,299.0,297.1666666666667,307.8,0.0,1.0,56.0,2309,1,1.0,True
2310,-2.3483719090909094,20.685592727272727,0.29899573636363636,284.45454545454544,6604.454545454545,-1.5492686363636365,100.0,55.0,299.0,298.8181818181818,308.16000000012576,0.0,1.0,56.0,2310,1,1.0,True
2311,-2.3448747500000002,20.3846825,0.29864765,287.5,6680.0,-1.5455135,100.0,55.0,299.0,298.0,305.27999999995814,0.0,1.0,56.0,2311,1,1.0,True
2312,-2.3413018181818184,20.090646363636363,0.29829957272727275,291.72727272727275,6775.363636363636,-1.5426971818181818,100.0,55.0,299.0,297.1818181818182,310.6799999999581,0.0,1.0,52.0,2312,1,1.0,True
2313,-2.3317242727272727,19.827834545454547,0.2979128181818182,289.90909090909093,6738.818181818182,-1.541480818181818,100.0,55.0,296.6363636363636,298.6363636363636,304.20000000000005,0.0,1.0,52.0,2313,1,1.0,True
2314,-2.324835833333333,19.53519916666667,0.2982222,285.5,6627.25,-1.5435320833333332,100.0,55.0,298.0833333333333,298.0,308.52000000004193,0.0,1.0,52.0,2314,1,1.0,True
2315,-2.316656,19.26124,0.2980095,286.0,6643.0,-1.5429755,100.0,55.0,297.0,299.0,150.84000000008382,0.0,1.0,52.0,2315,1,1.0,True
2316,-2.3143641666666666,18.963525,0.29786769166666666,287.4166666666667,6680.583333333333,-1.5412188333333334,100.0,55.0,298.75,296.5,308.5199999998324,0.0,1.0,52.0,2316,1,1.0,True
2317,-2.306906,18.693743333333334,0.299144,288.8333333333333,6707.166666666667,-1.5406483333333334,100.0,55.0,299.0,299.0,306.0,0.0,1.0,52.0,2317,1,1.0,True
2318,-2.2944397,18.396690999999997,0.26350763,275.6,6391.7,-1.5516702,100.0,55.3,240.9,285.5,298.0800000001676,1.0,1.0,104.0,2318,1,1.0,True
2319,-2.2916155,18.26814,0.04583942500000001,230.5,5317.75,-1.608039,100.0,56.75,28.0,63.5,240.4799999999581,1.0,1.0,104.0,2319,1,1.0,True
2320,-2.290993,18.26147,0.0,223.7,5155.7,-1.618972,100.0,57.0,0.0,0.0,237.9599999999162,1.0,1.0,104.0,2320,1,1.0,True
2321,-2.2930340909090905,18.25646818181818,0.012027900000000001,243.72727272727272,5642.727272727273,-1.6357427272727272,99.72727272727273,56.27272727272727,-2.6363636363636362,26.727272727272727,266.76000000012573,1.0,1.0,104.0,2321,1,1.0,True
2322,-2.32547125,18.18704166666667,0.11667256083333333,279.8333333333333,6488.416666666667,-1.9840003333333334,94.66666666666667,55.5,-50.5,283.9166666666667,293.4,0.0,1.0,104.0,2322,1,1.0,True
2323,-2.380960909090909,18.12348,0.09951055272727273,278.90909090909093,6477.0,-2.543489818181818,93.9090909090909,55.0,-67.9090909090909,267.09090909090907,153.3599999999162,0.0,1.0,100.0,2323,1,1.0,True
2324,-2.4927070833333334,18.102799166666667,0.18853372499999999,284.5,6604.5,-0.4593985,90.41666666666667,55.0,95.25,282.0833333333333,300.6,0.0,1.0,302.0,2324,1,1.0,True
2325,-2.7003815454545452,18.10789,0.2600113818181818,291.45454545454544,6769.363636363636,0.8512303636363636,77.0909090909091,55.0,293.6363636363636,226.63636363636363,308.8799999999581,0.0,1.0,306.0,2325,1,1.0,True
2326,-2.9627393636363637,18.092677272727272,0.2939679727272727,283.27272727272725,6581.727272727273,-3.078157545454545,83.54545454545455,55.0,295.72727272727275,291.90909090909093,303.12000000004195,0.0,1.0,306.0,2326,1,1.0,True
2327,-3.206863727272727,18.082042727272725,0.1721420090909091,281.6363636363636,6533.363636363636,1.379547909090909,88.45454545454545,55.0,67.72727272727273,276.6363636363636,296.2799999999581,0.0,1.0,120.0,2327,1,1.0,True
2328,-3.324314909090909,18.11428454545455,0.08984181818181819,279.0,6475.272727272727,2.595010090909091,79.63636363636364,55.54545454545455,-88.54545454545455,267.90909090909093,296.27999999995814,0.0,1.0,120.0,2328,1,1.0,True
2329,-3.3679745,18.190177,0.11890601,281.6,6544.9,2.0066707999999998,63.5,55.0,-47.7,285.3,300.6,0.0,1.0,116.0,2329,1,1.0,True
2330,-3.376926166666667,18.345153333333332,0.22951625,291.5833333333333,6786.25,1.5808200833333332,68.91666666666667,55.0,199.83333333333334,258.4166666666667,306.7200000000419,0.0,1.0,70.0,2330,1,1.0,True
2331,-3.386662,18.624055000000002,0.28567225,294.0,6842.5,1.6200415,92.0,55.0,299.0,272.0,158.76000000012573,0.0,1.0,70.0,2331,1,1.0,True
2332,-3.397391916666667,18.861477500000003,0.2979031833333333,287.0,6668.0,1.6350681666666667,96.66666666666667,55.0,297.3333333333333,298.0833333333333,304.20000000000005,0.0,1.0,70.0,2332,1,1.0,True
2333,-3.4079738181818184,19.16072,0.2986089818181818,286.27272727272725,6647.909090909091,1.631083,98.9090909090909,55.0,297.90909090909093,299.0,307.4399999998743,0.0,1.0,70.0,2333,1,1.0,True
2334,-3.4142953333333335,19.4109375,0.29811585,287.4166666666667,6676.0,1.6292859166666667,99.25,55.0,296.75,299.0,310.6799999999581,0.0,1.0,70.0,2334,1,1.0,True
2335,-3.42849825,19.71923,0.297584075,287.75,6693.0,1.6244387500000002,99.75,55.0,295.75,299.0,300.6,0.0,1.0,70.0,2335,1,1.0,True
2336,-3.4410266363636364,19.968999999999998,0.24295579090909092,280.0,6508.0,1.6158924545454547,99.72727272727273,55.18181818181818,240.8181818181818,244.63636363636363,297.0,1.0,1.0,74.0,2336,1,1.0,True
2337,-3.448033272727273,20.20098727272727,0.1809985636363636,273.0,6339.909090909091,1.607742090909091,100.0,55.36363636363637,181.45454545454547,180.45454545454547,297.0,1.0,1.0,74.0,2337,1,1.0,True
2338,-3.456750916666667,20.47299166666667,0.2984703583333333,285.5833333333333,6639.0,1.60953225,100.0,55.0,298.5833333333333,298.5,303.8400000000838,0.0,1.0,74.0,2338,1,1.0,True
2339,-3.4637195,20.74537,0.2992858,287.0,6671.5,1.6093700000000002,100.0,55.0,299.0,299.0,154.8,0.0,1.0,74.0,2339,1,1.0,True
2340,-3.4687751666666666,20.969869166666665,0.1744947583333333,260.4166666666667,6037.583333333333,1.6144605833333332,100.0,55.416666666666664,174.41666666666666,174.41666666666666,277.9200000000419,1.0,1.0,74.0,2340,1,1.0,True
2341,-3.47072,21.04074818181818,0.0,222.0909090909091,5127.727272727273,1.6215289999999998,100.0,56.90909090909091,0.0,0.0,238.32000000004192,1.0,1.0,74.0,2341,1,1.0,True
2342,-3.471170818181818,21.05157,0.054067527272727275,238.1818181818182,5511.727272727273,1.6209279090909092,100.0,56.45454545454545,52.90909090909091,55.36363636363637,252.3599999999162,1.0,1.0,74.0,2342,1,1.0,True
2343,-3.4760395,21.19367,0.2712078,286.0,6639.5,1.613619,100.0,55.0,268.0,274.5,304.55999999991616,0.0,1.0,74.0,2343,1,1.0,True
2344,-3.484041166666667,21.47126,0.27035696666666664,281.5,6533.333333333333,1.6061155000000003,100.0,55.166666666666664,269.6666666666667,270.6666666666667,302.76000000012573,0.0,1.0,74.0,2344,1,1.0,True
2345,-3.4894326363636363,21.664256363636365,0.11037818818181817,262.3636363636364,6082.0,1.604997909090909,100.0,56.0,110.54545454545455,110.54545454545455,280.0799999999581,0.0,1.0,74.0,2345,1,1.0,True
2346,-3.4895199090909093,21.765843636363638,0.09931715727272726,262.3636363636364,6082.0,1.6048360909090909,100.0,56.0,100.0,99.45454545454545,138.24000000008382,0.0,1.0,74.0,2346,1,1.0,True
2347,-3.4912935454545457,21.814575454545455,0.014812489090909091,231.9090909090909,5352.454545454545,1.6054692727272728,100.0,56.0,15.0,14.909090909090908,255.9599999999162,0.0,1.0,74.0,2347,1,1.0,True
2348,-3.491407,21.81638,0.0,227.0,5233.0,1.6055079999999997,100.0,56.916666666666664,0.0,0.0,240.4799999999581,0.0,1.0,74.0,2348,1,1.0,True
2349,-3.4914070000000006,21.815493636363637,0.0,227.0,5233.0,1.6055080000000002,100.0,56.63636363636363,0.0,0.0,244.8,0.0,1.0,74.0,2349,1,1.0,True
2350,-3.4935342727272727,21.82093,0.0,227.0,5233.0,1.6040802727272727,100.0,56.81818181818182,0.0,0.0,240.4799999999581,0.0,1.0,74.0,2350,1,1.0,True
2351,-3.4940070000000003,21.820575454545455,0.0,227.0,5233.0,1.603763,100.0,57.0,0.0,0.0,240.48000000016765,0.0,1.0,74.0,2351,1,1.0,True
2352,-3.4940070000000003,21.81892090909091,0.0,227.0,5233.0,1.603763,100.0,57.0,0.0,0.0,242.63999999987428,0.0,1.0,74.0,2352,1,1.0,True
2353,-3.4940070000000003,21.823293636363637,0.0,227.0,5233.0,1.603763,100.0,57.0,0.0,0.0,242.64000000008383,0.0,1.0,74.0,2353,1,1.0,True
2354,-3.4940070000000003,21.823057272727272,0.0,227.0,5233.0,1.603763,100.0,57.0,0.0,0.0,120.23999999987427,0.0,1.0,74.0,2354,1,1.0,True
2355,-3.494007,21.823529999999998,0.0,227.0,5233.0,1.603763,100.0,57.0,0.0,0.0,245.16000000012573,0.0,1.0,74.0,2355,1,1.0,True
2356,-3.4940070000000003,21.824357272727273,0.0,227.0,5233.0,1.603763,100.0,57.0,0.0,0.0,241.2,0.0,1.0,74.0,2356,1,1.0,True
2357,-3.4940070000000003,21.823057272727272,0.0,227.0,5233.0,1.603763,100.0,57.0,0.0,0.0,241.9200000000419,0.0,1.0,74.0,2357,1,1.0,True
2358,-3.4940070000000003,21.82140272727273,0.0,227.0,5233.0,1.603763,100.0,57.0,0.0,0.0,240.4799999999581,0.0,1.0,74.0,2358,1,1.0,True
2359,-3.494007,21.82093,0.0,227.0,5233.0,1.603763,100.0,57.0,0.0,0.0,240.1200000000419,0.0,1.0,74.0,2359,1,1.0,True
2360,-3.494007,21.82184,0.0,227.0,5233.0,1.603763,100.0,57.0,0.0,0.0,242.63999999987428,0.0,1.0,74.0,2360,1,1.0,True
2361,-3.4940070000000003,21.82152090909091,0.0,227.0,5233.0,1.603763,100.0,57.0,0.0,0.0,240.84000000008382,0.0,1.0,74.0,2361,1,1.0,True
2362,-3.494007,21.823096666666668,0.0,228.75,5274.25,1.603763,100.0,56.916666666666664,0.0,0.0,244.8,0.0,5.0,72.0,2362,1,1.0,True
2363,-3.4940075,21.824845,0.00021271199999999997,256.0,5923.0,1.6058125,100.0,56.0,15.0,-14.5,135.3599999999162,0.0,5.0,72.0,2363,1,1.0,True
2364,-3.499477,21.827339166666665,0.00042542199999999995,270.3333333333333,6266.0,1.82119225,97.5,56.0,93.66666666666667,-92.66666666666667,286.20000000000005,0.0,5.0,72.0,2364,1,1.0,True
2365,-3.5211801818181816,21.842128181818182,0.000425424,270.90909090909093,6279.454545454545,2.1711915454545454,88.0,56.0,100.0,-99.0,289.0799999999581,0.0,5.0,72.0,2365,1,1.0,True
2366,-3.5337810909090908,21.860250909090908,0.000425424,271.45454545454544,6289.272727272727,2.4807802727272725,76.0,55.45454545454545,100.0,-99.0,291.6,0.0,5.0,72.0,2366,1,1.0,True
2367,-3.4986645454545453,21.82508,0.000425424,268.3636363636364,6221.636363636364,2.8332017272727272,75.81818181818181,56.0,100.0,-99.0,283.3200000000419,0.0,5.0,72.0,2367,1,1.0,True
2368,-3.479861727272727,21.805395454545454,0.000425424,269.3636363636364,6252.727272727273,-1.3560946363636364,79.81818181818181,55.81818181818182,100.0,-99.0,291.9600000001258,0.0,5.0,72.0,2368,1,1.0,True
2369,-3.483312833333333,21.806690833333334,0.000425424,269.4166666666667,6252.416666666667,-2.7494601666666667,74.25,55.666666666666664,100.0,-99.0,286.9199999998324,0.0,5.0,72.0,2369,1,1.0,True
2370,-3.4886577500000002,21.806161666666668,0.000425424,270.3333333333333,6266.75,-2.3824014166666667,77.08333333333333,56.0,99.33333333333333,-98.33333333333333,286.9200000000419,0.0,5.0,72.0,2370,1,1.0,True
2371,-3.490984,21.80705,0.00042542399999999993,268.5,6223.5,-2.0616624999999997,87.5,56.0,85.0,-84.0,145.0799999999581,0.0,5.0,72.0,2371,1,1.0,True
2372,-3.489731727272727,21.808179090909093,0.0004254229090909091,267.09090909090907,6185.727272727273,-1.7991064545454547,92.27272727272727,56.0,58.72727272727273,-58.27272727272727,286.20000000000005,0.0,5.0,72.0,2372,1,1.0,True
2373,-3.4915683636363637,21.807028181818183,0.0004254229090909091,265.6363636363636,6162.181818181818,-1.6201229090909093,96.54545454545455,56.0,44.90909090909091,-44.27272727272727,280.44000000008384,0.0,5.0,72.0,2373,1,1.0,True
2374,-3.490679,21.773988181818183,0.14151150436363638,273.09090909090907,6342.363636363636,-1.548256181818182,97.72727272727273,55.72727272727273,144.45454545454547,137.8181818181818,292.32000000004194,0.0,5.0,72.0,2374,1,1.0,True
2375,-3.48934925,21.5694725,0.29311715,288.5,6707.75,-1.551525,97.5,55.0,290.5,295.25,309.23999999987427,0.0,5.0,72.0,2375,1,1.0,True
2376,-3.488224727272727,21.26801818181818,0.2980675,287.6363636363636,6689.0,-1.5520887272727273,96.63636363636364,55.0,298.45454545454544,297.3636363636364,302.76000000012573,0.0,5.0,72.0,2376,1,1.0,True
2377,-3.4837781818181814,21.022723636363637,0.2972553090909091,286.6363636363636,6662.090909090909,-1.5481812727272726,98.72727272727273,55.0,298.45454545454544,295.72727272727275,306.35999999991617,0.0,5.0,72.0,2377,1,1.0,True
2378,-3.4771022499999997,20.70600333333333,0.29871850833333335,285.25,6623.416666666667,-1.5478515,100.0,55.0,299.0,298.5,300.6,0.0,5.0,72.0,2378,1,1.0,True
2379,-3.471477,20.431684999999998,0.2992858,289.5,6728.0,-1.5460049999999999,100.0,55.0,299.0,299.0,157.67999999995808,0.0,5.0,72.0,2379,1,1.0,True
2380,-3.4620645833333334,20.15363,0.2981158583333333,289.5,6738.0,-1.5464477499999998,99.58333333333333,55.0,297.25,299.0,301.3200000000419,0.0,5.0,68.0,2380,1,1.0,True
2381,-3.4535743636363634,19.872753636363637,0.2988796727272727,287.72727272727275,6697.272727272727,-1.5487009999999999,99.36363636363636,55.0,298.1818181818182,299.0,310.3200000000419,0.0,5.0,68.0,2381,1,1.0,True
2382,-3.4488885000000002,19.586759,0.2992858,284.3,6604.5,-1.5474822,100.0,55.0,299.0,299.0,303.47999999995807,0.0,5.0,68.0,2382,1,1.0,True
2383,-3.4445449999999997,19.2847275,0.29843492499999996,285.25,6625.25,-1.5465125000000002,100.0,55.0,299.0,297.25,302.76000000012573,0.0,5.0,68.0,2383,1,1.0,True
2384,-3.4424176363636363,19.019229090909093,0.2981061818181818,289.0,6710.272727272727,-1.542505,100.0,55.0,299.0,296.72727272727275,306.3599999999162,0.0,5.0,68.0,2384,1,1.0,True
2385,-3.438433454545454,18.73807181818182,0.2984155636363636,288.90909090909093,6719.545454545455,-1.539670181818182,100.0,55.0,298.72727272727275,297.72727272727275,306.7200000000419,0.0,5.0,68.0,2385,1,1.0,True
2386,-3.424560916666666,18.452088333333332,0.2981158583333333,285.25,6625.5,-1.5432315,100.0,55.0,296.75,299.0,302.7599999999162,0.0,5.0,68.0,2386,1,1.0,True
2387,-3.4169935000000002,18.147585,0.2990731,283.5,6585.0,-1.5460775,100.0,55.0,299.0,299.0,154.0799999999581,0.0,5.0,144.0,2387,1,1.0,True
2388,-3.412589636363636,17.90994363636364,0.2992277909090909,284.1818181818182,6608.454545454545,-1.5455426363636362,99.45454545454545,55.0,299.0,299.0,303.12000000004195,0.0,5.0,140.0,2388,1,1.0,True
2389,-3.4055132727272723,17.59056818181818,0.29895704545454543,289.72727272727275,6740.181818181818,-1.5454867272727275,100.0,55.0,299.0,298.6363636363636,306.7200000000419,0.0,5.0,40.0,2389,1,1.0,True
2390,-3.397312166666667,17.3253875,0.29832855,285.5,6635.75,-1.5448911666666667,100.0,55.0,298.0,298.25,309.6,0.0,5.0,36.0,2390,1,1.0,True
2391,-3.387616,17.028200000000002,0.298434925,285.5,6629.5,-1.54831775,99.75,55.0,297.5,299.0,306.7200000000419,0.0,5.0,192.0,2391,1,1.0,True
2392,-3.382729909090909,16.728153636363636,0.2987636454545454,287.90909090909093,6688.727272727273,-1.5486964545454547,99.72727272727273,55.0,299.0,298.27272727272725,304.20000000000005,0.0,5.0,192.0,2392,1,1.0,True
2393,-3.3772903333333333,16.46615,0.29893126666666664,287.5,6692.166666666667,-1.5467742500000001,100.0,55.083333333333336,299.0,298.6666666666667,303.4799999999581,0.0,5.0,192.0,2393,1,1.0,True
2394,-3.3685224999999996,16.246374166666666,0.12461379166666665,247.75,5739.416666666667,-1.5266940833333333,98.41666666666667,56.0,124.58333333333333,124.58333333333333,257.0400000000838,0.0,5.0,192.0,2394,1,1.0,True
2395,-3.3670099999999996,16.20302,0.0,234.0,5409.0,-1.512482,99.0,56.0,0.0,0.0,123.4799999999581,0.0,5.0,192.0,2395,1,1.0,True
2396,-3.36701,16.20420181818182,0.0,229.54545454545453,5296.727272727273,-1.512482,99.9090909090909,56.0,0.0,0.0,244.43999999987426,0.0,5.0,192.0,2396,1,1.0,True
2397,-3.3670099999999996,16.20432,0.0,220.5,5090.7,-1.512482,100.0,56.5,0.0,0.0,236.52000000004193,0.0,5.0,192.0,2397,1,1.0,True
2398,-3.3670099999999996,16.20432,0.0,218.7,5048.8,-1.512482,100.0,56.9,0.0,0.0,236.16000000012573,0.0,5.0,192.0,2398,1,1.0,True
2399,-3.36701,16.205265454545454,0.0,222.1818181818182,5126.454545454545,-1.512482,100.0,57.0,0.0,0.0,233.63999999987428,0.0,5.0,192.0,2399,1,1.0,True
2400,-3.3670099999999996,16.20562,0.0,220.8,5093.3,-1.512482,100.0,56.5,0.0,0.0,238.32000000004192,0.0,5.0,192.0,2400,1,1.0,True
2401,-3.36701,16.203374545454547,0.0,222.1818181818182,5125.363636363636,-1.512482,100.0,57.0,0.0,0.0,236.8799999999581,0.0,5.0,192.0,2401,1,1.0,True
2402,-3.3670099999999996,16.20432,0.0,223.4,5153.0,-1.512482,100.0,57.0,0.0,0.0,117.0,0.0,5.0,192.0,2402,1,1.0,True
2403,-3.3670099999999996,16.20432,0.0,221.0,5105.0,-1.512482,100.0,57.0,0.0,0.0,234.72000000004192,0.0,5.0,192.0,2403,1,1.0,True
2404,-3.36701,16.20367,0.0,221.41666666666666,5111.166666666667,-1.512482,100.0,57.0,0.0,0.0,238.32000000004192,0.0,5.0,192.0,2404,1,1.0,True
2405,-3.36701,16.203374545454547,0.0,220.63636363636363,5091.909090909091,-1.512482,99.63636363636364,57.0,0.0,0.0,236.15999999991618,0.0,5.0,192.0,2405,1,1.0,True
2406,-3.36701,16.203847272727273,0.0,219.45454545454547,5067.0,-1.512482,99.54545454545455,57.0,0.0,0.0,234.36000000012575,0.0,5.0,192.0,2406,1,1.0,True
2407,-3.36701,16.202665454545453,0.0,221.63636363636363,5118.818181818182,-1.512482,99.0,57.0,0.0,0.0,237.23999999987427,0.0,5.0,192.0,2407,1,1.0,True
2408,-3.3670099999999996,16.20302,0.0,222.3,5127.4,-1.512482,98.4,57.0,0.0,0.0,233.27999999995808,0.0,5.0,192.0,2408,1,1.0,True
2409,-3.3670099999999996,16.20432,0.0,220.5,5085.5,-1.512482,99.6,57.0,0.0,0.0,235.8,0.0,5.0,192.0,2409,1,1.0,True
2410,-3.3708975454545453,16.202600909090908,0.0,221.1818181818182,5099.727272727273,-1.5120060000000002,91.18181818181819,57.0,0.0,0.0,235.08000000016764,0.0,5.0,192.0,2410,1,1.0,True
2411,-3.3949548181818185,16.200091818181818,0.0,221.72727272727272,5108.181818181818,-1.5085155454545456,43.0,57.0,0.0,0.0,121.31999999983236,0.0,5.0,192.0,2411,1,1.0,True
2412,-3.3771729999999995,16.20151909090909,0.0,220.9090909090909,5094.454545454545,-1.510039,97.36363636363636,57.0,0.0,0.0,234.72000000004192,0.0,5.0,192.0,2412,1,1.0,True
2413,-3.3771729999999995,16.20151909090909,0.0,220.45454545454547,5085.272727272727,-1.510039,99.9090909090909,57.0,0.0,0.0,235.44000000008384,0.0,5.0,192.0,2413,1,1.0,True
2414,-3.375001,16.200642000000002,0.0,219.8,5073.8,-1.5103182,82.6,57.0,0.0,0.0,235.0799999999581,0.0,5.0,192.0,2414,1,1.0,True
2415,-3.374458,16.20249090909091,0.0,221.27272727272728,5113.090909090909,-1.5103879999999998,97.36363636363636,57.0,0.0,0.0,238.32000000004192,0.0,5.0,192.0,2415,1,1.0,True
2416,-3.3744579999999997,16.2032,0.0,222.7,5134.1,-1.510388,100.0,57.0,0.0,0.0,236.15999999991618,0.0,5.0,192.0,2416,1,1.0,True
2417,-3.3744579999999997,16.2032,0.0,221.4,5101.5,-1.510388,100.0,57.0,0.0,0.0,234.36000000012575,0.0,5.0,192.0,2417,1,1.0,True
2418,-3.374458,16.201781818181818,0.0,222.0,5121.181818181818,-1.5103879999999998,100.0,57.0,0.0,0.0,116.63999999987428,0.0,5.0,192.0,2418,1,1.0,True
2419,-3.3744579999999997,16.2019,0.0,222.0,5119.5,-1.510388,100.0,57.0,0.0,0.0,235.4400000000838,0.0,5.0,192.0,2419,1,1.0,True
2420,-3.374458,16.199536363636366,0.0,221.0,5098.545454545455,-1.5103879999999998,100.0,57.0,0.0,0.0,235.0799999999581,0.0,5.0,192.0,2420,1,1.0,True
2421,-3.374458,16.199063636363636,0.0,220.27272727272728,5081.0,-1.5103879999999998,100.0,57.0,0.0,0.0,236.52000000004193,0.0,5.0,192.0,2421,1,1.0,True
2422,-3.3744579999999997,16.2006,0.0,220.2,5078.0,-1.510388,100.0,57.0,0.0,0.0,238.32000000004192,0.0,5.0,192.0,2422,1,1.0,True
2423,-3.3744579999999997,16.20112,0.0,222.8,5142.4,-1.510388,100.0,57.0,0.0,0.0,237.23999999987427,0.0,5.0,192.0,2423,1,1.0,True
2424,-3.374458,16.202963636363634,0.0,222.9090909090909,5142.727272727273,-1.5103879999999998,100.0,57.0,0.0,0.0,237.60000000000002,0.0,5.0,192.0,2424,1,1.0,True
2425,-3.3744579999999997,16.2019,0.0,221.3,5103.5,-1.510388,100.0,57.0,0.0,0.0,234.0,0.0,5.0,192.0,2425,1,1.0,True
2426,-3.3744579999999997,16.2019,0.0,220.5,5085.5,-1.510388,100.0,57.0,0.0,0.0,234.0,0.0,5.0,192.0,2426,1,1.0,True
2427,-3.3744579999999997,16.2019,0.0,221.0,5097.5,-1.510388,100.0,57.0,0.0,0.0,116.2799999999581,0.0,5.0,192.0,2427,1,1.0,True
2428,-3.3744579999999997,16.2019,0.0,220.6,5092.3,-1.510388,100.0,57.0,0.0,0.0,237.6,0.0,5.0,192.0,2428,1,1.0,True
2429,-3.3744579999999997,16.2019,0.0,221.3,5103.8,-1.510388,100.0,57.0,0.0,0.0,234.0,0.0,5.0,192.0,2429,1,1.0,True
2430,-3.374458,16.200836363636363,0.0,220.1818181818182,5074.818181818182,-1.5103879999999998,100.0,57.0,0.0,0.0,236.52000000004193,0.0,5.0,192.0,2430,1,1.0,True
2431,-3.374458,16.198945454545456,0.0,222.36363636363637,5130.636363636364,-1.5103879999999998,100.0,57.0,0.0,0.0,239.76000000012573,0.0,5.0,192.0,2431,1,1.0,True
2432,-3.3744579999999997,16.200210000000002,0.0,223.4,5153.0,-1.510388,100.0,57.0,0.0,0.0,235.0799999999581,0.0,5.0,192.0,2432,1,1.0,True
2433,-3.374458,16.200718181818186,0.0,222.9090909090909,5143.454545454545,-1.5103879999999998,100.0,57.0,0.0,0.0,236.8799999999581,0.0,5.0,192.0,2433,1,1.0,True
2434,-3.3744579999999997,16.2019,0.0,222.5,5134.5,-1.510388,100.0,57.0,0.0,0.0,117.35999999991618,0.0,5.0,192.0,2434,1,1.0,True
2435,-3.3744579999999997,16.2019,0.0,222.5,5134.5,-1.510388,100.0,57.0,0.0,0.0,238.32000000004192,0.0,5.0,192.0,2435,1,1.0,True
2436,-3.3744579999999997,16.2019,0.0,221.0,5100.4,-1.510388,100.0,57.0,0.0,0.0,233.27999999995808,0.0,5.0,192.0,2436,1,1.0,True
2437,-3.3741463636363638,16.201092727272727,0.0,222.0909090909091,5126.454545454545,-1.5102610909090908,84.36363636363636,57.0,0.0,0.0,242.28000000016766,0.0,5.0,192.0,2437,1,1.0,True
2438,-3.3747511,16.199527,0.0,221.7,5109.9,-1.510039,75.8,57.0,0.0,0.0,235.8,0.0,5.0,192.0,2438,1,1.0,True
2439,-3.377158181818182,16.19917,0.0,223.45454545454547,5154.363636363636,-1.510039,88.36363636363636,57.0,0.0,0.0,238.6799999999581,0.0,5.0,192.0,2439,1,1.0,True
2440,-3.3774397272727272,16.197875454545454,0.0,223.0909090909091,5146.636363636364,-1.510039,99.72727272727273,57.0,0.0,0.0,234.72000000004192,0.0,5.0,192.0,2440,1,1.0,True
2441,-3.3755170000000003,16.196174545454543,0.0,223.27272727272728,5150.363636363636,-1.510039,93.0909090909091,57.0,0.0,0.0,237.60000000000002,0.0,5.0,192.0,2441,1,1.0,True
2442,-3.375517,16.20076,0.0,223.4,5151.8,-1.510039,97.8,57.0,0.0,0.0,117.0,0.0,5.0,192.0,2442,1,1.0,True
2443,-3.375517,16.20076,0.0,222.0,5120.0,-1.510039,100.0,57.0,0.0,0.0,237.60000000000002,0.0,5.0,192.0,2443,1,1.0,True
2444,-3.375517,16.199454999999997,0.0,222.5,5131.5,-1.510039,100.0,57.0,0.0,0.0,235.43999999987426,0.0,5.0,192.0,2444,1,1.0,True
2445,-3.375517,16.199885,0.0,221.66666666666666,5109.666666666667,-1.510039,100.0,57.0,0.0,0.0,239.76000000012573,0.0,5.0,192.0,2445,1,1.0,True
2446,-3.3734011818181817,16.200244545454545,0.0,221.0909090909091,5106.0,-1.5101341818181817,87.72727272727273,56.72727272727273,0.0,0.0,236.8799999999581,0.0,5.0,192.0,2446,1,1.0,True
2447,-3.3734309999999996,16.20061,0.0,224.0,5176.545454545455,-1.5103879999999998,79.36363636363636,56.72727272727273,0.0,0.0,237.23999999987427,0.0,5.0,192.0,2447,1,1.0,True
2448,-3.3755579999999994,16.20061,0.0,222.7,5133.6,-1.510388,98.3,57.0,0.0,0.0,235.44000000008384,0.0,5.0,192.0,2448,1,1.0,True
2449,-3.372477454545454,16.203459090909092,0.0,224.0,5161.363636363636,-1.5103879999999998,96.27272727272727,57.0,0.0,0.0,235.4400000000838,0.0,5.0,192.0,2449,1,1.0,True
2450,-3.341672,16.23195,0.0,221.6,5114.8,-0.45760425000000005,34.2,57.0,0.0,0.0,238.6799999999581,0.0,5.0,192.0,2450,1,1.0,True
2451,-3.341672,16.23195,0.0,222.5,5134.5,-0.67806175,2.0,57.0,0.0,0.0,116.63999999987428,0.0,5.0,192.0,2451,1,1.0,True
2452,-3.341672,16.23195,0.0,222.5,5131.5,-1.7130214,13.3,57.0,0.0,0.0,239.0400000000838,0.0,5.0,192.0,2452,1,1.0,True
2453,-3.341672,16.23195,0.0,221.5,5110.0,-1.4520707,21.6,57.0,0.0,0.0,234.35999999991617,0.0,5.0,192.0,2453,1,1.0,True
2454,-3.341672,16.23195,0.0,220.7,5095.3,-1.4647651,16.2,57.0,0.0,0.0,235.44000000008384,0.0,5.0,192.0,2454,1,1.0,True
2455,-3.366297,16.2084825,0.0,222.75,5134.75,-1.50204325,61.0,57.0,0.0,0.0,236.8799999999581,0.0,5.0,192.0,2455,1,1.0,True
2456,-3.375372,16.2016,0.0,222.45454545454547,5132.272727272727,-1.510072,95.45454545454545,57.0,0.0,0.0,237.60000000000002,0.0,5.0,192.0,2456,1,1.0,True
2457,-3.3754779999999998,16.201416363636362,0.0,221.54545454545453,5108.090909090909,-1.510072,94.72727272727273,57.0,0.0,0.0,235.0799999999581,0.0,5.0,192.0,2457,1,1.0,True
2458,-3.375955,16.20053,0.0,223.0,5144.6,-1.510072,84.4,57.0,0.0,0.0,116.64000000008382,0.0,5.0,192.0,2458,1,1.0,True
2459,-3.375955,16.20157,0.0,222.0,5120.5,-1.510072,98.5,57.0,0.0,0.0,233.64000000008383,0.0,5.0,192.0,2459,1,1.0,True
2460,-3.375955,16.20157,0.0,220.4,5086.0,-1.510072,100.0,57.0,0.0,0.0,239.75999999991618,0.0,5.0,192.0,2460,1,1.0,True
2461,-3.3768222727272725,16.20028272727273,0.019646854545454548,236.27272727272728,5465.909090909091,-1.5102967272727275,100.0,56.63636363636363,18.545454545454547,20.727272727272727,244.44000000008384,0.0,5.0,192.0,2461,1,1.0,True
2462,-3.3727811666666665,16.065313333333332,0.24866032500000002,283.1666666666667,6574.333333333333,-1.5274746666666665,100.0,55.166666666666664,243.0,254.16666666666666,302.4,0.0,5.0,192.0,2462,1,1.0,True
2463,-3.3652064999999998,15.814562500000001,0.2980095,286.5,6649.5,-1.5408427500000001,99.5,55.0,296.75,299.0,302.0399999998743,0.0,5.0,192.0,2463,1,1.0,True
2464,-3.3558025454545457,15.514565454545455,0.2989183909090909,285.54545454545456,6629.909090909091,-1.5440541818181819,100.0,55.0,298.6363636363636,299.0,306.0,0.0,5.0,192.0,2464,1,1.0,True
2465,-3.351739181818182,15.266917272727273,0.29880233636363634,287.3636363636364,6676.454545454545,-1.5433753636363634,100.0,55.0,298.27272727272725,298.54545454545456,303.12000000004195,0.0,5.0,192.0,2465,1,1.0,True
2466,-3.3473456363636362,14.942889090909091,0.29829957272727275,288.1818181818182,6695.909090909091,-1.5409383636363636,100.0,55.0,299.0,297.1818181818182,306.0,0.0,5.0,192.0,2466,1,1.0,True
2467,-3.3352360000000005,14.67728,0.29822224999999997,286.0,6652.0,-1.543913,100.0,55.0,297.0,299.0,151.20000000000002,0.0,5.0,192.0,2467,1,1.0,True
2468,-3.325122909090909,14.387334545454546,0.29884100909090905,282.6363636363636,6567.636363636364,-1.5487278181818183,99.54545454545455,55.0,298.45454545454544,299.0,305.64000000008383,0.0,5.0,192.0,2468,1,1.0,True
2469,-3.3191178181818177,14.11917090909091,0.2994598272727273,284.09090909090907,6593.272727272727,-1.549472909090909,99.36363636363636,55.0,299.0,299.0,308.51999999983235,0.0,5.0,188.0,2469,1,1.0,True
2470,-3.312750818181818,13.838254545454545,0.2994985,286.90909090909093,6660.090909090909,-1.549501,100.0,55.0,299.0,299.0,303.48000000016765,0.0,5.0,188.0,2470,1,1.0,True
2471,-3.307748727272727,13.517344545454545,0.2988023090909091,286.27272727272725,6647.636363636364,-1.5488047272727272,100.0,55.0,299.0,298.1818181818182,303.8399999998743,0.0,5.0,188.0,2471,1,1.0,True
2472,-3.302012909090909,13.26152090909091,0.2990344,283.90909090909093,6601.636363636364,-1.5468854545454547,100.0,55.0,299.0,298.72727272727275,301.3200000000419,0.0,5.0,188.0,2472,1,1.0,True
2473,-3.2964510000000002,12.979563636363634,0.29942114545454546,284.0,6593.818181818182,-1.5465095454545454,100.0,55.0,299.0,298.90909090909093,305.64000000008383,0.0,5.0,188.0,2473,1,1.0,True
2474,-3.290538181818182,12.694671818181819,0.26117161818181817,277.54545454545456,6443.272727272727,-1.509453181818182,99.9090909090909,55.0,299.0,223.0909090909091,296.27999999995814,0.0,5.0,188.0,2474,1,1.0,True
2475,-3.2509472727272724,12.515588181818181,0.12843936363636363,278.09090909090907,6457.636363636364,-1.0989511818181816,98.45454545454545,55.0,293.0,-36.72727272727273,144.72000000004192,0.0,5.0,188.0,2475,1,1.0,True
2476,-3.188556363636364,12.441058181818182,0.108019,278.8181818181818,6482.454545454545,-0.5637065,96.0909090909091,55.0,275.72727272727275,-59.63636363636363,297.3599999999162,0.0,5.0,188.0,2476,1,1.0,True
2477,-3.06439,12.410498181818182,0.16618607272727273,278.8181818181818,6485.727272727273,-0.006945436363636368,97.72727272727273,55.0,250.63636363636363,81.63636363636364,298.44000000008384,0.0,5.0,188.0,2477,1,1.0,True
2478,-2.9218675,12.401253333333335,0.15428713333333333,279.3333333333333,6498.666666666667,-0.10562335,93.0,55.0,27.5,281.0,294.8399999998743,0.0,5.0,188.0,2478,1,1.0,True
2479,-2.7981267272727273,12.35630818181818,0.1345886909090909,279.27272727272725,6491.818181818182,-0.6513204454545455,86.54545454545455,55.0,-29.181818181818183,298.1818181818182,298.0799999999581,0.0,5.0,188.0,2479,1,1.0,True
2480,-2.740031636363636,12.262826363636362,0.15384876363636363,276.90909090909093,6431.636363636364,-1.1541818454545456,82.36363636363636,55.0,9.181818181818182,298.1818181818182,300.9600000001258,0.0,5.0,188.0,2480,1,1.0,True
2481,-2.7167558333333335,12.07617,0.23930101666666667,284.5,6621.333333333333,-1.598431,93.5,55.0,206.66666666666666,271.6666666666667,300.9599999999162,0.0,5.0,6.0,2481,1,1.0,True
2482,-2.709493909090909,11.831657272727274,0.2745145,289.09090909090907,6719.636363636364,-1.553075818181818,97.36363636363636,55.0,299.0,249.72727272727272,312.8400000000838,0.0,5.0,6.0,2482,1,1.0,True
2483,-2.69867,11.58901,0.29715864999999997,285.0,6636.5,-1.513406,99.0,55.0,298.0,296.0,148.67999999995808,0.0,5.0,6.0,2483,1,1.0,True
2484,-2.687416916666667,11.318848333333333,0.29783224999999997,286.3333333333333,6661.833333333333,-1.5163201666666666,99.0,55.0,296.0833333333333,299.0,309.2400000000838,0.0,5.0,6.0,2484,1,1.0,True
2485,-2.6779155,11.019542999999999,0.2980095,287.5,6690.4,-1.5217577,100.0,55.0,296.5,299.0,303.8399999998743,0.0,5.0,6.0,2485,1,1.0,True
2486,-2.667486363636364,10.726992727272727,0.2982608727272727,285.1818181818182,6637.818181818182,-1.5247952727272727,100.0,55.0,297.09090909090907,299.0,303.8400000000838,0.0,5.0,6.0,2486,1,1.0,True
2487,-2.657701181818182,10.454410909090909,0.2984155636363636,284.72727272727275,6620.909090909091,-1.528547181818182,100.0,55.0,297.45454545454544,299.0,307.4399999998743,0.0,5.0,10.0,2487,1,1.0,True
2488,-2.6486959090909092,10.162586181818181,0.2988023454545454,286.54545454545456,6673.272727272727,-1.5303060909090909,100.0,55.0,298.3636363636364,299.0,306.7200000000419,0.0,5.0,10.0,2488,1,1.0,True
2489,-2.637255545454545,9.869100181818181,0.29806750909090907,290.54545454545456,6765.909090909091,-1.534237,100.0,55.0,296.6363636363636,299.0,303.47999999995807,0.0,5.0,10.0,2489,1,1.0,True
2490,-2.628201363636364,9.573656545454547,0.2986089272727273,287.3636363636364,6680.181818181818,-1.537465909090909,100.0,55.0,297.90909090909093,299.0,305.28000000016766,0.0,5.0,10.0,2490,1,1.0,True
2491,-2.6201022727272725,9.335869636363638,0.2984542363636364,283.3636363636364,6589.272727272727,-1.5401242727272726,100.0,55.0,297.54545454545456,299.0,150.83999999987427,0.0,5.0,10.0,2491,1,1.0,True
2492,-2.6075270909090906,9.008983272727274,0.28240414545454545,278.0,6469.636363636364,-1.5498734545454547,100.0,55.0,265.27272727272725,299.0,302.76000000012573,0.0,5.0,10.0,2492,1,1.0,True
2493,-2.6309378333333333,8.817936833333334,0.17332479999999997,280.1666666666667,6518.0,-1.7933664166666665,94.08333333333333,55.0,46.833333333333336,299.0,301.31999999983236,0.0,5.0,278.0,2493,1,1.0,True
2494,-2.689546909090909,8.696389,0.1497492,278.90909090909093,6494.545454545455,-2.3126711818181818,93.27272727272727,55.0,0.0,299.0,296.28000000016766,0.0,5.0,278.0,2494,1,1.0,True
2495,-2.80708975,8.6247185,0.1734666,281.25,6547.0,-2.7866284999999995,99.0,55.0,47.5,299.0,299.5199999998324,0.0,5.0,278.0,2495,1,1.0,True
2496,-2.9898235454545454,8.572335181818183,0.1421302981818182,275.1818181818182,6403.272727272727,-3.070007181818182,98.9090909090909,55.0,178.72727272727272,105.36363636363636,295.2,0.0,5.0,278.0,2496,1,1.0,True
2497,-3.0677223333333337,8.557100499999999,0.07969609,277.1666666666667,6446.666666666667,-2.643939666666667,72.5,55.0,248.33333333333334,-88.66666666666667,294.48000000016765,0.0,5.0,278.0,2497,1,1.0,True
2498,-3.112282090909091,8.517191818181818,0.09842763454545454,275.90909090909093,6414.454545454545,-2.0961512727272726,68.0909090909091,55.0,256.0,-59.09090909090909,296.63999999987425,0.0,5.0,278.0,2498,1,1.0,True
2499,-3.1390702727272726,8.389425818181818,0.20470629999999998,285.72727272727275,6643.909090909091,-1.6201814545454545,83.36363636363636,55.0,290.3636363636364,118.9090909090909,155.8799999999581,0.0,5.0,278.0,2499,1,1.0,True
2500,-3.1343469090909086,8.163258636363636,0.2743598181818182,279.27272727272725,6495.363636363636,-1.482857181818182,98.45454545454545,55.0,250.45454545454547,297.90909090909093,299.16000000012576,0.0,5.0,278.0,2500,1,1.0,True
2501,-3.1260863333333333,7.8906765000000005,0.28822475,293.9166666666667,6844.666666666667,-1.5829259999999998,99.91666666666667,55.0,277.75,298.6666666666667,311.7599999999162,0.0,5.0,278.0,2501,1,1.0,True
2502,-3.129678727272727,7.639749363636364,0.2977968,284.54545454545456,6621.636363636364,-1.5931863636363637,100.0,55.0,298.8181818181818,296.3636363636364,302.40000000000003,0.0,5.0,278.0,2502,1,1.0,True
2503,-3.1332441818181818,7.321050454545454,0.29721668181818184,284.1818181818182,6611.454545454545,-1.5825603636363637,100.0,55.0,299.0,294.90909090909093,304.9200000000419,0.0,5.0,278.0,2503,1,1.0,True
2504,-3.134692,7.063224090909091,0.2969072454545455,285.8181818181818,6652.363636363636,-1.5742896363636363,99.81818181818181,55.0,299.0,294.72727272727275,308.8799999999581,0.0,5.0,278.0,2504,1,1.0,True
2505,-3.132086166666667,6.762614166666666,0.29815128333333335,284.6666666666667,6626.666666666667,-1.567343,99.0,55.0,299.0,296.8333333333333,300.24000000008385,0.0,5.0,278.0,2505,1,1.0,True
2506,-3.134971416666667,6.51130775,0.2976904083333333,284.25,6615.25,-1.55931425,99.58333333333333,55.0,299.0,295.75,308.8799999999581,0.0,5.0,278.0,2506,1,1.0,True
2507,-3.131269272727273,6.1999333636363625,0.2982222,287.90909090909093,6709.545454545455,-1.5537614545454546,100.0,55.0,299.0,297.0,152.2799999999581,0.0,5.0,278.0,2507,1,1.0,True
2508,-3.124410818181818,5.919593727272727,0.2986476,287.72727272727275,6700.545454545455,-1.5517620909090908,100.0,55.0,299.0,298.54545454545456,306.0,0.0,5.0,282.0,2508,1,1.0,True
2509,-3.1201331818181823,5.6456610000000005,0.2988023272727273,285.54545454545456,6649.454545454545,-1.550177,99.63636363636364,55.0,299.0,298.3636363636364,304.56000000012574,0.0,5.0,282.0,2509,1,1.0,True
2510,-3.1147065,5.370144833333334,0.29864765,284.3333333333333,6626.333333333333,-1.5485328333333335,99.33333333333333,55.0,299.0,298.0,303.47999999995807,0.0,5.0,282.0,2510,1,1.0,True
2511,-3.1045643636363636,5.076095909090909,0.2986089727272727,285.72727272727275,6652.272727272727,-1.5496006363636363,100.0,55.0,297.90909090909093,299.0,306.3599999999162,0.0,5.0,282.0,2511,1,1.0,True
2512,-3.101105090909091,4.783470272727272,0.29806753636363637,288.6363636363636,6725.181818181818,-1.549445909090909,100.0,55.0,298.8181818181818,296.8181818181818,308.8799999999581,0.0,5.0,282.0,2512,1,1.0,True
2513,-3.0911758333333332,4.5112295,0.2980804166666667,286.0,6659.0,-1.5496083333333335,99.83333333333333,55.0,296.6666666666667,299.0,300.24000000008385,0.0,5.0,282.0,2513,1,1.0,True
2514,-3.08959,4.215424454545455,0.2981062181818182,284.6363636363636,6630.090909090909,-1.5480516363636363,99.63636363636364,55.0,299.0,296.72727272727275,308.52000000004193,0.0,5.0,282.0,2514,1,1.0,True
2515,-3.082681,3.964951,0.2986476,284.0,6619.0,-1.5453305,100.0,55.0,298.5,298.5,147.9599999999162,0.0,5.0,282.0,2515,1,1.0,True
2516,-3.074780083333333,3.6567416666666666,0.29903764166666663,284.9166666666667,6632.916666666667,-1.5468199166666665,100.0,55.0,298.9166666666667,299.0,308.8799999999581,0.0,5.0,282.0,2516,1,1.0,True
2517,-3.068270454545455,3.4017337272727275,0.2994598272727273,287.6363636363636,6698.545454545455,-1.547504,99.63636363636364,55.0,299.0,299.0,302.76000000012573,0.0,5.0,282.0,2517,1,1.0,True
2518,-3.059552666666667,3.093628666666667,0.29886035,285.3333333333333,6639.833333333333,-1.5484233333333333,98.5,55.0,298.0,299.0,307.0799999999581,0.0,5.0,282.0,2518,1,1.0,True
2519,-3.0550682727272727,2.8110936363636365,0.29926643636363637,283.27272727272725,6600.272727272727,-1.5479347272727273,99.81818181818181,55.0,299.0,298.72727272727275,305.2799999999581,0.0,5.0,282.0,2519,1,1.0,True
2520,-3.0507813636363634,2.5228096363636365,0.29872496363636364,286.1818181818182,6664.636363636364,-1.5463592727272728,99.81818181818181,55.0,299.0,298.1818181818182,302.4,0.0,5.0,282.0,2520,1,1.0,True
2521,-3.0437431666666668,2.2566783333333333,0.2992858,288.5,6716.833333333333,-1.5452743333333334,98.83333333333333,55.0,299.0,299.0,307.0799999999581,0.0,5.0,282.0,2521,1,1.0,True
2522,-3.0353009090909095,1.9481152727272728,0.2925370090909091,285.8181818181818,6658.545454545455,-1.5491403636363636,97.72727272727273,55.0,285.72727272727275,299.0,301.3200000000419,0.0,5.0,282.0,2522,1,1.0,True
2523,-3.045684,1.7210415000000001,0.20250184999999998,280.5,6534.0,-1.696615,89.5,55.0,105.5,299.0,149.76000000012573,0.0,5.0,200.0,2523,1,1.0,True
2524,-3.094028545454545,1.5748142727272727,0.13338973636363638,280.3636363636364,6525.090909090909,-2.1692062727272727,71.81818181818181,55.0,-26.818181818181817,293.54545454545456,299.1599999999162,0.0,5.0,196.0,2524,1,1.0,True
2525,-3.172436909090909,1.5139555454545452,0.11204119090909091,279.45454545454544,6505.818181818182,-2.713006272727273,88.18181818181819,55.0,-53.36363636363637,277.54545454545456,300.9599999999162,0.0,5.0,196.0,2525,1,1.0,True
2526,-3.3225336666666667,1.4843149999999998,0.23660666666666666,289.8333333333333,6742.166666666667,2.074016,94.33333333333333,55.0,209.66666666666666,263.8333333333333,302.04000000008386,0.0,5.0,264.0,2526,1,1.0,True
2527,-3.597472181818182,1.4810120909090907,0.2835644,289.90909090909093,6753.636363636364,-1.9798273636363637,98.45454545454545,55.0,299.0,267.72727272727275,316.44000000008384,0.0,5.0,264.0,2527,1,1.0,True
2528,-3.8426701818181823,1.4736626363636363,0.2980288545454545,285.54545454545456,6654.181818181818,-3.0980702727272726,99.72727272727273,55.0,299.0,296.8181818181818,303.1199999998324,0.0,5.0,264.0,2528,1,1.0,True
2529,-4.1412673333333325,1.4645399999999997,0.28950105,282.1666666666667,6572.0,-3.098054166666667,100.0,55.0,288.1666666666667,290.5,304.56000000012574,0.0,5.0,260.0,2529,1,1.0,True
2530,-4.363180272727273,1.4559145454545452,0.15419683454545455,262.54545454545456,6091.181818181818,-3.100210636363636,100.0,55.0,153.54545454545453,154.9090909090909,277.9200000000419,0.0,5.0,260.0,2530,1,1.0,True
2531,-4.474791363636364,1.4527925454545454,0.09935583272727272,261.45454545454544,6071.181818181818,-3.1015888181818183,100.0,55.0,99.54545454545455,100.0,139.31999999983236,0.0,5.0,260.0,2531,1,1.0,True
2532,-4.533968636363636,1.451568090909091,0.012530667272727274,238.54545454545453,5530.272727272727,-3.10206,100.0,56.0,12.545454545454545,12.545454545454545,256.3200000000419,0.0,5.0,260.0,2532,1,1.0,True
2533,-4.534609,1.451543,0.0,226.0,5233.0,-3.10206,100.0,56.0,0.0,0.0,241.9200000000419,0.0,5.0,260.0,2533,1,1.0,True
2534,-4.534609,1.451543,0.0,226.0,5233.0,-3.10206,100.0,56.0,0.0,0.0,239.75999999991618,0.0,5.0,260.0,2534,1,1.0,True
2535,-4.534609,1.451543,0.0,226.0,5233.0,-3.10206,100.0,56.0,0.0,0.0,241.9200000000419,0.0,5.0,260.0,2535,1,1.0,True
2536,-4.534609,1.451543,0.0,226.0,5233.0,-3.10206,100.0,56.0,0.0,0.0,244.4400000000838,0.0,5.0,260.0,2536,1,1.0,True
2537,-4.534609,1.451543,0.0,226.0,5233.0,-3.10206,100.0,56.0,0.0,0.0,240.83999999987427,0.0,4.0,260.0,2537,1,1.0,True
2538,-4.534609,1.451543,0.0,236.5,5480.5,-3.10206,100.0,56.0,0.0,0.0,131.4,0.0,4.0,262.0,2538,1,1.0,True
2539,-4.536199,1.4378545,0.00042542399999999993,271.0,6295.0,-2.9206935,98.0,55.0,99.0,-98.0,285.8400000000838,0.0,4.0,262.0,2539,1,1.0,True
2540,-4.534123545454546,1.4369159090909092,0.000425424,269.45454545454544,6262.181818181818,-2.5655024545454546,97.45454545454545,55.0,100.0,-99.0,286.9200000000419,0.0,4.0,262.0,2540,1,1.0,True
2541,-4.531737363636363,1.4342775454545456,0.000425424,270.1818181818182,6276.0,-2.225388636363636,95.45454545454545,55.0,100.0,-99.0,285.4799999999581,0.0,4.0,262.0,2541,1,1.0,True
2542,-4.491175833333333,1.4626051666666668,0.000425424,270.0,6270.5,-1.8754463333333333,78.16666666666667,55.0,100.0,-99.0,286.20000000000005,0.0,4.0,262.0,2542,1,1.0,True
2543,-4.471789545454545,1.453003090909091,0.000425424,270.3636363636364,6289.272727272727,-1.5697513636363638,61.09090909090909,55.0,100.0,-99.0,288.3599999999162,0.0,4.0,262.0,2543,1,1.0,True
2544,-4.457545916666667,1.4410996666666664,0.000425424,268.8333333333333,6247.666666666667,-1.2237210833333332,55.083333333333336,55.0,100.0,-99.0,291.6,0.0,4.0,262.0,2544,1,1.0,True
2545,-4.419170636363637,1.4384155454545455,0.00015469963636363635,252.54545454545453,5855.363636363636,-0.9407741454545454,53.36363636363637,55.63636363636363,36.36363636363637,-36.0,262.44000000008384,0.0,4.0,262.0,2545,1,1.0,True
2546,-4.391972636363636,1.434315,0.0,236.0,5467.181818181818,-0.8739622,61.0,56.0,0.0,0.0,251.64000000008383,0.0,4.0,262.0,2546,1,1.0,True
2547,-4.390851,1.434315,0.0,249.63636363636363,5791.181818181818,-0.8739622,63.0,55.45454545454545,0.0,0.0,128.15999999991618,0.0,4.0,262.0,2547,1,1.0,True
2548,-4.3275084999999995,1.39884725,0.11876415,277.8333333333333,6465.083333333333,-0.5941682833333334,49.25,55.0,259.5833333333333,-22.0,298.44000000008384,0.0,4.0,262.0,2548,1,1.0,True
2549,-4.18753725,1.3489095833333333,0.14113443,274.1666666666667,6378.833333333333,-0.1773413083333333,33.833333333333336,55.333333333333336,250.66666666666666,31.5,300.23999999987427,0.0,4.0,262.0,2549,1,1.0,True
2550,-4.021035272727273,1.3453866363636364,0.014000316363636363,237.36363636363637,5501.818181818182,0.001196797,15.545454545454545,56.0,28.0,0.0,251.27999999995808,0.0,4.0,262.0,2550,1,1.0,True
2551,-3.985283363636363,1.3945113636363635,0.0,234.0909090909091,5418.454545454545,0.018414737818181818,24.727272727272727,56.0,0.0,0.0,254.52000000004193,0.0,4.0,262.0,2551,1,1.0,True
2552,-3.9846875454545456,1.469675,0.0,226.45454545454547,5239.0,0.020847159090909093,15.636363636363637,56.0,0.0,0.0,239.0400000000838,0.0,4.0,262.0,2552,1,1.0,True
2553,-3.9792953636363637,1.545047181818182,0.0,222.36363636363637,5144.181818181818,0.01847879,18.90909090909091,56.0,0.0,0.0,237.6,0.0,4.0,262.0,2553,1,1.0,True
2554,-3.9694228181818185,1.6011871818181818,0.0,222.36363636363637,5143.454545454545,0.013386363636363635,25.90909090909091,56.0,0.0,0.0,235.0799999999581,0.0,4.0,262.0,2554,1,1.0,True
2555,-3.9685724545454546,1.6047522727272727,0.0,222.36363636363637,5143.454545454545,0.01273436,25.0,56.0,0.0,0.0,115.2,0.0,4.0,262.0,2555,1,1.0,True
2556,-3.9707268333333334,1.6034123333333332,0.0,222.0,5134.5,0.01273436,23.583333333333332,56.0,0.0,0.0,237.9599999999162,0.0,4.0,262.0,2556,1,1.0,True
2557,-4.034504454545455,1.473751,0.0,225.63636363636363,5215.363636363636,1.4562885781818182,19.818181818181817,56.0,0.0,0.0,241.56000000012574,0.0,4.0,262.0,2557,1,1.0,True
2558,-3.9129799999999997,1.4205996666666667,0.0,223.83333333333334,5175.666666666667,1.6408603333333334,25.166666666666668,56.0,0.0,0.0,239.7599999999162,0.0,4.0,262.0,2558,1,1.0,True
2559,-4.1091071999999995,1.4193479999999998,0.0,221.7,5124.1,-0.32001326999999996,6.7,56.0,0.0,0.0,240.12000000004193,0.0,4.0,262.0,2559,1,1.0,True
2560,-4.109367,1.419088,0.0,222.6,5148.7,-0.285888074,1.0,56.0,0.0,0.0,239.4,0.0,4.0,262.0,2560,1,1.0,True
2561,-4.109367,1.419088,0.0,222.8,5154.2,0.20133793399999997,2.4,56.0,0.0,0.0,235.0799999999581,0.0,4.0,262.0,2561,1,1.0,True
2562,-4.156321416666667,1.38537425,0.013010883333333334,231.41666666666666,5359.166666666667,0.18031771666666666,12.333333333333334,55.916666666666664,11.333333333333334,14.666666666666666,251.64000000008383,0.0,4.0,262.0,2562,1,1.0,True
2563,-4.137592181818182,1.3937748181818181,0.22133652727272726,280.8181818181818,6521.636363636364,0.1316594090909091,86.0909090909091,55.0,200.36363636363637,242.0,149.75999999991618,0.0,4.0,262.0,2563,1,1.0,True
2564,-3.8968589999999996,1.4190720833333332,0.2880120666666666,283.4166666666667,6597.75,0.08029454833333334,96.58333333333333,55.0,276.6666666666667,298.8333333333333,310.6799999999581,0.0,4.0,266.0,2564,1,1.0,True
2565,-3.6046020909090912,1.4378800909090907,0.29601774545454546,284.54545454545456,6627.636363636364,0.05409644181818182,96.0909090909091,55.0,292.90909090909093,299.0,302.4,0.0,4.0,266.0,2565,1,1.0,True
2566,-3.356494090909091,1.4507557272727274,0.24918243636363638,279.90909090909093,6513.636363636364,0.07484764909090909,96.27272727272727,55.0,285.54545454545456,212.54545454545453,296.28000000016766,0.0,4.0,198.0,2566,1,1.0,True
2567,-3.172370090909091,1.4942156363636363,0.10403551454545455,279.6363636363636,6505.363636363636,0.42817679090909094,84.45454545454545,55.0,271.0,-62.72727272727273,298.0799999999581,0.0,4.0,198.0,2567,1,1.0,True
2568,-3.1046662727272722,1.5740856363636366,0.12809130909090907,277.45454545454544,6456.272727272727,1.0334926454545454,80.81818181818181,55.0,288.09090909090907,-31.454545454545453,298.0799999999581,0.0,4.0,202.0,2568,1,1.0,True
2569,-3.0802368333333336,1.6777650000000002,0.20746509999999999,284.5,6624.833333333333,1.4874248333333335,76.5,55.0,299.0,115.16666666666667,303.12000000004195,0.0,4.0,202.0,2569,1,1.0,True
2570,-3.094364,1.896884909090909,0.2598953909090909,291.90909090909093,6798.363636363636,1.6178919999999999,85.54545454545455,55.0,246.1818181818182,272.8181818181818,307.4399999998743,0.0,4.0,280.0,2570,1,1.0,True
2571,-3.0811909090909095,2.174530909090909,0.2897524090909091,293.0,6832.727272727273,1.5594514545454545,94.0909090909091,55.0,280.3636363636364,299.0,155.5200000000419,0.0,4.0,280.0,2571,1,1.0,True
2572,-3.075154272727273,2.493642,0.2956697,283.6363636363636,6607.090909090909,1.557125181818182,95.0,55.0,299.0,292.0,309.2400000000838,0.0,4.0,280.0,2572,1,1.0,True
2573,-3.0729404545454546,2.7295772727272727,0.29621111818181817,285.8181818181818,6655.636363636364,1.5664702727272728,95.36363636363636,55.0,299.0,293.27272727272725,303.12000000004195,0.0,4.0,280.0,2573,1,1.0,True
2574,-3.0731408181818183,3.0173315454545455,0.2969846,284.72727272727275,6637.090909090909,1.5755415454545456,97.0909090909091,55.0,299.0,294.27272727272725,307.4399999998743,0.0,4.0,280.0,2574,1,1.0,True
2575,-3.07610925,3.29182125,0.298009525,286.25,6669.0,1.5814182499999998,97.25,55.0,299.0,296.5,305.64000000008383,0.0,4.0,280.0,2575,1,1.0,True
2576,-3.0792909,3.5917605000000004,0.29796699,287.6,6700.8,1.5852431,97.7,55.0,299.0,296.4,306.3599999999162,0.0,4.0,280.0,2576,1,1.0,True
2577,-3.082993363636364,3.8723093636363632,0.2983769,287.3636363636364,6700.0,1.5892396363636365,97.9090909090909,55.0,299.0,297.3636363636364,304.9200000000419,0.0,4.0,280.0,2577,1,1.0,True
2578,-3.0887041666666666,4.156081916666667,0.29903764166666663,286.8333333333333,6676.583333333333,1.5920698333333334,97.66666666666667,55.0,299.0,298.9166666666667,302.4,0.0,4.0,280.0,2578,1,1.0,True
2579,-3.091463545454545,4.447733636363637,0.2984155636363636,284.8181818181818,6629.181818181818,1.5939278181818182,99.0,55.0,299.0,297.45454545454544,151.20000000000002,0.0,4.0,280.0,2579,1,1.0,True
2580,-3.0988172727272727,4.718885363636364,0.2986476,286.54545454545456,6671.545454545455,1.5960156363636364,99.45454545454545,55.0,298.54545454545456,298.45454545454544,306.3599999999162,0.0,4.0,280.0,2580,1,1.0,True
2581,-3.1034954545454543,4.987099909090909,0.29872499999999996,285.8181818181818,6658.454545454545,1.5966112727272728,99.27272727272727,55.0,298.90909090909093,298.27272727272725,306.36000000012575,0.0,4.0,280.0,2581,1,1.0,True
2582,-3.1068342727272724,5.2690719090909095,0.29857028181818185,285.90909090909093,6655.727272727273,1.5994279999999998,98.0,55.0,299.0,297.54545454545456,303.47999999995807,0.0,4.0,280.0,2582,1,1.0,True
2583,-3.11651575,5.56541175,0.298860325,286.5,6678.25,1.5989769999999999,97.5,55.0,298.25,299.0,309.2400000000838,0.0,4.0,280.0,2583,1,1.0,True
2584,-3.1225056363636368,5.837950545454546,0.2986476,286.09090909090907,6673.818181818182,1.598018,98.0,55.0,298.72727272727275,298.27272727272725,303.4799999999581,0.0,4.0,280.0,2584,1,1.0,True
2585,-3.1299496666666666,6.1352009999999995,0.29878944999999996,285.5,6648.5,1.5984836666666666,98.0,55.0,298.6666666666667,298.6666666666667,307.0799999999581,0.0,4.0,276.0,2585,1,1.0,True
2586,-3.1378380833333335,6.412102833333333,0.2987540083333333,285.5,6647.416666666667,1.5974914166666665,98.08333333333333,55.0,298.1666666666667,299.0,301.6799999999581,0.0,4.0,276.0,2586,1,1.0,True
2587,-3.1446795,6.7303645,0.2994985,285.5,6647.0,1.597382,98.5,55.0,299.0,299.0,151.20000000000002,0.0,4.0,276.0,2587,1,1.0,True
2588,-3.148157272727272,6.975676818181818,0.2990731,284.90909090909093,6636.818181818182,1.597684,98.0,54.54545454545455,299.0,299.0,306.36000000012575,0.0,4.0,276.0,2588,1,1.0,True
2589,-3.156892727272727,7.264395363636364,0.2990731,288.1818181818182,6709.181818181818,1.597696,98.9090909090909,54.90909090909091,299.0,299.0,307.43999999987426,0.0,4.0,276.0,2589,1,1.0,True
2590,-3.1642563636363636,7.535298272727274,0.29930513636363637,288.72727272727275,6728.363636363636,1.5965156363636366,99.54545454545455,54.72727272727273,299.0,299.0,304.9200000000419,0.0,4.0,276.0,2590,1,1.0,True
2591,-3.17166325,7.82800925,0.29843492499999996,286.5,6680.0,1.59668425,99.0,54.75,297.5,299.0,307.0799999999581,0.0,4.0,276.0,2591,1,1.0,True
2592,-3.1778353636363637,8.095707272727273,0.28499541818181817,286.1818181818182,6663.454545454545,1.5851455454545453,99.0,55.0,270.6363636363636,299.0,305.64000000008383,0.0,4.0,276.0,2592,1,1.0,True
2593,-3.1723823636363635,8.333525363636364,0.20095483636363634,281.09090909090907,6551.636363636364,1.4294399090909091,98.27272727272727,55.0,102.18181818181819,299.0,294.47999999995807,0.0,4.0,276.0,2593,1,1.0,True
2594,-3.122533333333333,8.473540999999999,0.1144390275,278.0,6469.916666666667,0.9342823916666667,95.25,55.0,-47.666666666666664,276.25,300.6,0.0,4.0,276.0,2594,1,1.0,True
2595,-3.0636054545454545,8.522520636363636,0.08036645727272727,277.6363636363636,6459.0,0.3737911181818182,82.54545454545455,55.0,-88.18181818181819,248.54545454545453,148.67999999995808,0.0,4.0,276.0,2595,1,1.0,True
2596,-2.952584333333333,8.5428195,0.1515927275,279.3333333333333,6505.666666666667,0.055799876666666665,89.08333333333333,55.0,141.08333333333334,161.58333333333334,297.0,0.0,4.0,276.0,2596,1,1.0,True
2597,-2.7817145,8.579849200000002,0.15089787999999998,279.0,6492.2,0.38959807,91.8,55.0,298.9,2.7,294.8400000000838,0.0,4.0,276.0,2597,1,1.0,True
2598,-2.6862429090909092,8.659513181818182,0.15129621818181818,279.8181818181818,6516.181818181818,0.9359127454545454,78.72727272727273,55.0,299.0,3.1818181818181817,299.1599999999162,0.0,4.0,276.0,2598,1,1.0,True
2599,-2.6481285454545453,8.797115818181819,0.1821975,283.27272727272725,6598.0,1.4138256363636363,84.0,54.72727272727273,299.0,64.81818181818181,297.0,0.0,4.0,276.0,2599,1,1.0,True
2600,-2.650499272727273,9.027085999999999,0.24686191818181816,290.90909090909093,6786.909090909091,1.6087385454545455,95.27272727272727,54.54545454545455,245.1818181818182,248.8181818181818,312.12000000004195,0.0,4.0,8.0,2600,1,1.0,True
2601,-2.652798166666667,9.281975333333333,0.2898555333333333,290.5,6779.666666666667,1.5642889999999998,98.16666666666667,54.166666666666664,280.3333333333333,298.8333333333333,307.0799999999581,0.0,4.0,8.0,2601,1,1.0,True
2602,-2.6531878181818183,9.587198818181818,0.2982221909090909,285.54545454545456,6653.636363636364,1.5553933636363637,98.36363636363636,55.0,299.0,297.09090909090907,305.64000000008383,0.0,4.0,8.0,2602,1,1.0,True
2603,-2.652715,9.8159575,0.2967332,285.5,6653.0,1.560904,98.0,54.5,299.0,294.0,150.83999999987427,0.0,4.0,8.0,2603,1,1.0,True
2604,-2.652193,10.131401833333333,0.2971231916666667,286.0,6664.0,1.5701291666666668,98.91666666666667,54.5,299.0,294.4166666666667,307.8,0.0,4.0,8.0,2604,1,1.0,True
2605,-2.6531596,10.42141,0.29749897000000003,285.5,6654.5,1.5777696,99.5,54.5,299.0,295.3,305.64000000008383,0.0,4.0,8.0,2605,1,1.0,True
2606,-2.6472418333333336,10.710320000000001,0.29680415,285.3333333333333,6644.333333333333,1.5902614999999998,99.0,54.833333333333336,299.0,294.1666666666667,299.52000000004193,0.0,4.0,4.0,2606,1,1.0,True
2607,-2.649985090909091,10.979208181818182,0.2987249727272727,285.0,6642.272727272727,1.5974313636363637,99.81818181818181,54.45454545454545,299.0,297.90909090909093,308.1599999999162,0.0,4.0,4.0,2607,1,1.0,True
2608,-2.6574225454545455,11.274213636363637,0.2991891181818182,285.1818181818182,6641.727272727273,1.5983533636363638,100.0,55.0,299.0,299.0,301.6799999999581,0.0,4.0,4.0,2608,1,1.0,True
2609,-2.662076272727273,11.558221818181819,0.2990731,285.6363636363636,6656.818181818182,1.5996468181818182,99.45454545454545,54.45454545454545,299.0,299.0,302.04000000008386,0.0,4.0,4.0,2609,1,1.0,True
2610,-2.66989175,11.833200833333335,0.298434925,285.8333333333333,6667.0,1.60021025,99.91666666666667,54.5,298.5,298.0833333333333,305.27999999995814,0.0,4.0,4.0,2610,1,1.0,True
2611,-2.6805125,12.08959,0.2316434,274.0,6383.0,1.6723615000000003,99.0,55.0,299.0,163.5,151.20000000000002,0.0,4.0,190.0,2611,1,1.0,True
2612,-2.73191,12.255873636363638,0.13737326363636362,280.8181818181818,6536.363636363636,2.0968092727272727,97.0,55.0,299.0,-24.818181818181817,294.1200000000419,0.0,4.0,190.0,2612,1,1.0,True
2613,-2.8207054545454544,12.329080909090909,0.14240099090909092,279.1818181818182,6496.727272727273,2.694941454545454,90.81818181818181,55.0,299.0,-14.090909090909092,297.7200000000419,0.0,4.0,190.0,2613,1,1.0,True
2614,-2.952798,12.338306666666666,0.18959726666666665,278.6666666666667,6484.0,1.01867,85.83333333333333,55.0,258.0,121.0,297.0,0.0,4.0,190.0,2614,1,1.0,True
2615,-3.110522,12.349022499999998,0.14219795,277.75,6463.5,1.3891954999999998,91.75,55.0,6.5,278.0,301.3200000000419,0.0,4.0,190.0,2615,1,1.0,True
2616,-3.2088550999999996,12.406784,0.11282246,278.7,6496.3,2.4213060000000004,95.3,55.0,-56.1,281.5,298.0799999999581,0.0,4.0,190.0,2616,1,1.0,True
2617,-3.2426342727272726,12.505983636363636,0.1379533909090909,278.27272727272725,6479.818181818182,1.8755542727272727,74.54545454545455,54.90909090909091,-8.363636363636363,283.90909090909093,297.0,0.0,4.0,190.0,2617,1,1.0,True
2618,-3.23422375,12.709783333333334,0.22916172499999998,287.0833333333333,6690.583333333333,1.5854229999999998,51.666666666666664,54.5,199.91666666666666,258.1666666666667,308.52000000004193,0.0,4.0,190.0,2618,1,1.0,True
2619,-3.2209496363636365,12.96748909090909,0.27795660000000005,292.1818181818182,6813.909090909091,1.6254355454545455,44.90909090909091,54.0,299.0,256.8181818181818,152.2799999999581,0.0,4.0,190.0,2619,1,1.0,True
2620,-3.2155121666666666,13.192065833333332,0.28631039166666666,293.0833333333333,6844.75,1.65920575,54.666666666666664,54.0,299.0,272.9166666666667,315.0,0.0,4.0,190.0,2620,1,1.0,True
2621,-3.24090925,13.453185,0.2971231916666667,285.4166666666667,6652.583333333333,1.6564018333333335,68.58333333333333,54.583333333333336,299.0,295.5,304.9200000000419,0.0,4.0,190.0,2621,1,1.0,True
2622,-3.2724670909090907,13.729225454545455,0.2961337727272727,284.6363636363636,6638.272727272727,1.6342593636363638,88.18181818181819,54.54545454545455,297.09090909090907,295.0,304.20000000000005,0.0,4.0,190.0,2622,1,1.0,True
2623,-3.2891177500000004,14.02621,0.297584075,286.75,6687.25,1.63021075,97.25,54.25,295.75,299.0,307.0799999999581,0.0,4.0,194.0,2623,1,1.0,True
2624,-3.300040636363636,14.305781818181817,0.2442320727272727,279.09090909090907,6498.909090909091,1.6258123636363635,97.36363636363636,54.63636363636363,243.54545454545453,244.63636363636363,285.8399999998743,0.0,4.0,194.0,2624,1,1.0,True
2625,-3.319039727272727,14.415188181818182,0.0,234.9090909090909,5440.454545454545,1.6332747272727273,88.9090909090909,56.0,0.0,0.0,247.68000000016764,0.0,4.0,194.0,2625,1,1.0,True
2626,-3.323767,14.42092,0.0,233.25,5402.666666666667,1.638606,91.16666666666667,56.0,0.0,0.0,247.6799999999581,0.0,4.0,194.0,2626,1,1.0,True
2627,-3.323767,14.418969999999998,0.0,219.5,5085.5,1.638606,92.0,56.0,0.0,0.0,116.2799999999581,0.0,4.0,194.0,2627,1,1.0,True
2628,-3.323767,14.41832,0.0,219.5,5085.5,1.638606,92.0,56.0,0.0,0.0,237.6,0.0,4.0,194.0,2628,1,1.0,True
2629,-3.321427,14.42079,0.0,219.9,5090.7,1.6423761,92.3,56.0,0.0,0.0,233.2799999999581,0.0,4.0,194.0,2629,1,1.0,True
2630,-3.308403363636364,14.429133636363638,0.0,219.27272727272728,5079.727272727273,1.6536481818181819,97.54545454545455,56.0,0.0,0.0,236.5200000000419,0.0,4.0,194.0,2630,1,1.0,True
2631,-3.30566875,14.432375,0.0,219.5,5082.75,1.656233,90.25,56.0,0.0,0.0,237.24000000008382,0.0,4.0,194.0,2631,1,1.0,True
2632,-3.307794,14.437100000000001,0.0,220.6,5098.9,1.6555325,81.8,56.0,0.0,0.0,232.91999999983238,0.0,4.0,194.0,2632,1,1.0,True
2633,-3.308574,14.435275454545454,0.0,220.36363636363637,5094.818181818182,1.655009,97.9090909090909,56.0,0.0,0.0,236.16000000012573,0.0,4.0,194.0,2633,1,1.0,True
2634,-3.3081406666666666,14.434579999999999,0.0,220.0,5085.5,1.6551544166666667,99.58333333333333,56.0,0.0,0.0,231.8399999998743,0.0,4.0,194.0,2634,1,1.0,True
2635,-3.3033739999999994,14.427430000000001,0.0,220.0,5085.5,1.656754,99.5,56.0,0.0,0.0,116.28000000016765,0.0,4.0,194.0,2635,1,1.0,True
2636,-3.303374,14.431442727272726,0.0,219.63636363636363,5077.0,1.656754,99.45454545454545,56.0,0.0,0.0,235.43999999987426,0.0,4.0,194.0,2636,1,1.0,True
2637,-3.303374,14.428637272727274,0.0,219.63636363636363,5076.636363636364,1.656754,100.0,56.0,0.0,0.0,235.8,0.0,4.0,194.0,2637,1,1.0,True
2638,-3.3033739999999994,14.42698,0.0,219.5,5072.1,1.656754,100.0,56.0,0.0,0.0,233.64000000008383,0.0,4.0,194.0,2638,1,1.0,True
2639,-3.303374,14.42685,0.0,220.5,5101.0,1.656754,99.5,56.0,0.0,0.0,237.9599999999162,0.0,4.0,194.0,2639,1,1.0,True
2640,-3.303374,14.427086363636363,0.0,220.63636363636363,5098.818181818182,1.656754,100.0,56.0,0.0,0.0,232.9200000000419,0.0,4.0,194.0,2640,1,1.0,True
2641,-3.303374,14.424900000000001,0.0,220.0,5085.5,1.656754,100.0,56.0,0.0,0.0,233.27999999995808,0.0,4.0,194.0,2641,1,1.0,True
2642,-3.303374,14.426416666666668,0.0,221.16666666666666,5112.583333333333,1.656754,100.0,56.0,0.0,0.0,238.32000000004192,0.0,4.0,194.0,2642,1,1.0,True
2643,-3.3033739999999994,14.426849999999998,0.0,222.0,5134.5,1.656754,100.0,56.0,0.0,0.0,117.7200000000419,0.0,4.0,194.0,2643,1,1.0,True
2644,-3.303374,14.426495454545455,0.0,220.0909090909091,5089.0,1.656754,100.0,56.0,0.0,0.0,234.0,0.0,4.0,194.0,2644,1,1.0,True
2645,-3.303374,14.42708090909091,0.0,220.27272727272728,5091.727272727273,1.656754,100.0,56.0,0.0,0.0,236.15999999991618,0.0,4.0,194.0,2645,1,1.0,True
2646,-3.304792181818182,14.427344545454543,0.0,220.45454545454547,5099.090909090909,1.656278090909091,100.0,56.0,0.0,0.0,234.36000000012572,0.0,4.0,194.0,2646,1,1.0,True
2647,-3.308574,14.434297272727271,0.0,220.63636363636363,5106.545454545455,1.655009,100.0,56.0,0.0,0.0,237.23999999987427,0.0,4.0,194.0,2647,1,1.0,True
2648,-3.304674,14.425776666666666,0.0,221.41666666666666,5115.75,1.6563177500000001,100.0,56.0,0.0,0.0,237.60000000000002,0.0,4.0,194.0,2648,1,1.0,True
2649,-3.303374,14.42483909090909,0.0,219.63636363636363,5076.545454545455,1.656754,100.0,56.0,0.0,0.0,231.1200000000419,0.0,4.0,194.0,2649,1,1.0,True
2650,-3.303374,14.425173636363636,0.0,220.9090909090909,5104.818181818182,1.656754,100.0,56.0,0.0,0.0,237.24000000008382,0.0,4.0,194.0,2650,1,1.0,True
2651,-3.3033739999999994,14.425735,0.0,220.0,5091.0,1.656754,99.5,56.0,0.0,0.0,114.4799999999581,0.0,4.0,194.0,2651,1,1.0,True
2652,-3.303374,14.431035833333333,0.0,220.41666666666666,5096.0,1.656754,99.0,56.0,0.0,0.0,238.6799999999581,0.0,4.0,194.0,2652,1,1.0,True
2653,-3.303374,14.428362727272726,0.0,219.72727272727272,5081.909090909091,1.656754,99.0,56.0,0.0,0.0,234.35999999991617,0.0,4.0,194.0,2653,1,1.0,True
2654,-3.303374,14.425526363636363,0.0,219.63636363636363,5076.545454545455,1.656754,99.81818181818181,56.0,0.0,0.0,233.28000000016763,0.0,4.0,194.0,2654,1,1.0,True
2655,-3.303374,14.425289999999999,0.0,219.5,5082.0,1.656754,100.0,56.0,0.0,0.0,235.8,0.0,4.0,194.0,2655,1,1.0,True
2656,-3.303374,14.426235454545456,0.0,220.36363636363637,5103.454545454545,1.656754,100.0,56.0,0.0,0.0,235.0799999999581,0.0,4.0,194.0,2656,1,1.0,True
2657,-3.318679166666666,14.424411666666666,0.0,220.33333333333334,5097.833333333333,1.6562886666666667,83.33333333333333,56.0,0.0,0.0,232.9200000000419,0.0,4.0,194.0,2657,1,1.0,True
2658,-3.345405,14.428532500000001,0.0,220.83333333333334,5111.333333333333,1.6545552499999998,44.583333333333336,56.0,0.0,0.0,237.23999999987427,0.0,4.0,194.0,2658,1,1.0,True
2659,-3.307605,14.433869999999999,0.0,220.0,5087.0,1.6549790000000002,94.0,56.0,0.0,0.0,116.2799999999581,0.0,4.0,194.0,2659,1,1.0,True
2660,-3.3352914166666667,14.386435,0.0,220.41666666666666,5095.75,1.65541275,82.66666666666667,56.0,0.0,0.0,239.4,0.0,4.0,194.0,2660,1,1.0,True
2661,-3.304648,14.427108333333331,0.0,219.75,5079.083333333333,1.65602,87.41666666666667,56.0,0.0,0.0,235.8,0.0,4.0,194.0,2661,1,1.0,True
2662,-3.3327001818181823,14.327300909090907,0.0,219.8181818181818,5080.909090909091,1.953804090909091,55.81818181818182,56.0,0.0,0.0,231.48000000016765,0.0,4.0,194.0,2662,1,1.0,True
2663,-3.3389340000000005,14.30529,0.0,219.2,5074.6,2.0573548,23.4,56.0,0.0,0.0,237.60000000000002,0.0,4.0,194.0,2663,1,1.0,True
2664,-3.3389340000000005,14.30529,0.0,222.3,5141.8,1.6288166,44.3,56.0,0.0,0.0,233.63999999987428,0.0,4.0,194.0,2664,1,1.0,True
2665,-3.316942545454545,14.379835454545455,0.0,223.63636363636363,5178.454545454545,1.6740195454545452,56.81818181818182,56.0,0.0,0.0,234.0,0.0,4.0,194.0,2665,1,1.0,True
2666,-3.3043759999999995,14.428071818181818,0.0,220.36363636363637,5094.454545454545,1.6562489999999999,94.27272727272727,56.0,0.0,0.0,235.0799999999581,0.0,4.0,194.0,2666,1,1.0,True
2667,-3.3517558181818186,14.429117272727273,0.0,226.36363636363637,5230.272727272727,1.6530117272727274,45.0,56.0,0.0,0.0,121.32000000004192,0.0,4.0,194.0,2667,1,1.0,True
2668,-3.3038390000000004,14.426820909090909,0.0,219.63636363636363,5079.272727272727,1.6565580000000002,77.18181818181819,56.0,0.0,0.0,234.72000000004192,0.0,4.0,194.0,2668,1,1.0,True
2669,-3.3038390000000004,14.425693636363635,0.0,219.63636363636363,5077.636363636364,1.6565580000000002,97.36363636363636,56.0,0.0,0.0,235.8,0.0,4.0,194.0,2669,1,1.0,True
2670,-3.3038390000000004,14.424252727272727,0.0,219.63636363636363,5076.545454545455,1.6565580000000002,99.81818181818181,56.0,0.0,0.0,233.27999999995808,0.0,4.0,194.0,2670,1,1.0,True
2671,-3.3038390000000004,14.426734545454547,0.0,219.36363636363637,5074.909090909091,1.6565580000000002,100.0,56.0,0.0,0.0,237.60000000000002,0.0,4.0,194.0,2671,1,1.0,True
2672,-3.3038390000000004,14.428152727272726,0.0,221.1818181818182,5108.909090909091,1.6565580000000002,99.81818181818181,56.0,0.0,0.0,235.44000000008384,0.0,4.0,194.0,2672,1,1.0,True
2673,-3.303839,14.430713333333335,0.0,220.0,5088.5,1.6565579999999998,99.66666666666667,56.0,0.0,0.0,231.1200000000419,0.0,4.0,194.0,2673,1,1.0,True
2674,-3.3038390000000004,14.425434545454545,0.0,220.36363636363637,5095.0,1.6565580000000002,100.0,56.0,0.0,0.0,237.23999999987427,0.0,4.0,194.0,2674,1,1.0,True
2675,-3.3038390000000004,14.426852727272728,0.0,220.36363636363637,5094.454545454545,1.6565580000000002,100.0,56.0,0.0,0.0,117.36000000012574,0.0,4.0,194.0,2675,1,1.0,True
2676,-3.3038390000000004,14.426111818181818,0.0,220.54545454545453,5098.818181818182,1.6565580000000002,100.0,56.0,0.0,0.0,235.0799999999581,0.0,4.0,194.0,2676,1,1.0,True
2677,-3.303839,14.428695,0.0,220.2,5091.6,1.656558,100.0,56.0,0.0,0.0,234.0,0.0,4.0,194.0,2677,1,1.0,True
2678,-3.303839,14.42816,0.0,219.2,5066.1,1.656558,100.0,56.0,0.0,0.0,233.63999999987428,0.0,4.0,194.0,2678,1,1.0,True
2679,-3.3038390000000004,14.431223636363637,0.0,219.0909090909091,5072.727272727273,1.6565580000000002,99.18181818181819,56.0,0.0,0.0,235.44000000008384,0.0,4.0,194.0,2679,1,1.0,True
2680,-3.303839,14.42947,0.0,220.6,5099.9,1.656558,99.0,56.0,0.0,0.0,235.0799999999581,0.0,4.0,194.0,2680,1,1.0,True
2681,-3.303839,14.429210000000001,0.0,220.8,5105.5,1.656558,99.0,56.0,0.0,0.0,232.9200000000419,0.0,4.0,194.0,2681,1,1.0,True
2682,-3.303839,14.425873333333334,0.0,220.0,5085.5,1.6565579999999998,99.08333333333333,56.0,0.0,0.0,237.24000000008382,0.0,4.0,194.0,2682,1,1.0,True
2683,-3.303839,14.42414,0.0,220.0,5085.5,1.656558,100.0,56.0,0.0,0.0,114.11999999983236,0.0,4.0,194.0,2683,1,1.0,True
2684,-3.303839,14.42739,0.0,220.83333333333334,5105.916666666667,1.6565579999999998,100.0,56.0,0.0,0.0,237.96000000012572,0.0,4.0,194.0,2684,1,1.0,True
2685,-3.303839,14.424270000000002,0.0,221.0,5111.5,1.656558,100.0,56.0,0.0,0.0,234.35999999991617,0.0,4.0,194.0,2685,1,1.0,True
2686,-3.3038390000000004,14.428158181818183,0.0,220.27272727272728,5095.272727272727,1.6565580000000002,100.0,56.0,0.0,0.0,237.60000000000002,0.0,4.0,194.0,2686,1,1.0,True
2687,-3.3038992,14.427938000000001,0.0,220.2,5091.6,1.656558,94.0,56.0,0.0,0.0,236.16000000012573,0.0,4.0,194.0,2687,1,1.0,True
2688,-3.30480025,14.434266666666668,0.03793363583333333,252.5,5859.75,1.6550624166666665,84.66666666666667,55.25,35.416666666666664,40.583333333333336,260.63999999987425,0.0,4.0,194.0,2688,1,1.0,True
2689,-3.3109247272727274,14.544764545454546,0.2356461909090909,281.27272727272725,6540.909090909091,1.6352644545454544,96.9090909090909,55.0,226.54545454545453,244.8181818181818,300.9600000001258,0.0,4.0,194.0,2689,1,1.0,True
2690,-3.3293810833333333,14.852465833333333,0.29634325833333336,284.6666666666667,6633.5,1.6112315,98.5,55.0,293.5833333333333,298.9166666666667,307.4399999998743,0.0,4.0,194.0,2690,1,1.0,True
2691,-3.3335985,15.118025,0.2984349,286.0,6668.0,1.6091715,96.0,55.0,299.0,298.0,151.9200000000419,0.0,4.0,194.0,2691,1,1.0,True
2692,-3.342816181818182,15.414117272727275,0.2982222,284.54545454545456,6625.727272727273,1.6028264545454547,93.45454545454545,55.0,298.45454545454544,298.09090909090907,300.9599999999162,0.0,4.0,194.0,2692,1,1.0,True
2693,-3.3508932727272724,15.675864545454544,0.2984542363636364,284.54545454545456,6629.0,1.6014977272727273,92.18181818181819,55.0,298.27272727272725,298.27272727272725,308.52000000004193,0.0,4.0,194.0,2693,1,1.0,True
2694,-3.366738727272727,15.961123636363636,0.2988023454545454,285.6363636363636,6659.818181818182,1.592826909090909,84.63636363636364,54.72727272727273,298.3636363636364,299.0,304.9200000000419,0.0,4.0,194.0,2694,1,1.0,True
2695,-3.37360975,16.2637325,0.299179425,285.5,6660.5,1.5912102499999998,86.25,54.75,298.75,299.0,304.55999999991616,0.0,4.0,194.0,2695,1,1.0,True
2696,-3.3776327000000004,16.544868,0.29877525,285.1,6644.0,1.5968909999999998,89.3,55.0,298.3,299.0,302.0400000000838,0.0,4.0,194.0,2696,1,1.0,True
2697,-3.376576181818182,16.82873818181818,0.29180214545454547,283.54545454545456,6606.818181818182,1.6020276363636363,93.45454545454545,55.0,293.54545454545456,289.45454545454544,299.1599999999162,0.0,4.0,194.0,2697,1,1.0,True
2698,-3.3880205,17.070826666666665,0.18771834166666668,270.1666666666667,6285.0,1.7067594166666666,94.41666666666667,55.0,274.1666666666667,101.58333333333333,298.0800000001677,0.0,4.0,176.0,2698,1,1.0,True
2699,-3.4432955,17.197245000000002,0.105717865,278.5,6480.0,2.21605,62.5,55.0,277.0,-65.5,145.0799999999581,0.0,4.0,176.0,2699,1,1.0,True
2700,-3.497627833333333,17.216033333333332,0.10834126083333334,276.5833333333333,6434.583333333333,2.7086745000000003,63.5,55.0,267.25,-50.083333333333336,296.63999999987425,0.0,4.0,172.0,2700,1,1.0,True
2701,-3.646731,17.220214,0.19335522,282.1,6573.6,-2.4540968,64.4,55.0,238.4,147.9,302.76000000012573,0.0,4.0,182.0,2701,1,1.0,True
2702,-3.8552645454545456,17.222684545454545,0.26090090909090907,291.54545454545456,6804.363636363636,-1.3933317272727275,78.18181818181819,54.18181818181818,223.1818181818182,298.09090909090907,308.1599999999162,0.0,4.0,182.0,2702,1,1.0,True
2703,-4.1422402499999995,17.238425,0.296520475,285.75,6654.75,3.12356025,95.75,54.75,297.0,295.25,306.0,0.0,4.0,182.0,2703,1,1.0,True
2704,-4.407509181818181,17.23836090909091,0.2973327,286.54545454545456,6687.727272727273,3.1297030909090906,98.45454545454545,54.27272727272727,299.0,294.90909090909093,308.16000000012576,0.0,4.0,186.0,2704,1,1.0,True
2705,-4.7021381818181816,17.238276363636363,0.29632712727272725,284.54545454545456,6637.636363636364,3.1363692727272725,99.63636363636364,54.09090909090909,298.09090909090907,293.8181818181818,301.6799999999581,0.0,4.0,186.0,2705,1,1.0,True
2706,-4.92574175,17.242415833333332,0.17701184666666667,261.4166666666667,6079.666666666667,-0.52115475,100.0,55.0,178.75,174.91666666666666,277.55999999991616,0.0,4.0,186.0,2706,1,1.0,True
2707,-5.030628,17.242304999999998,0.09848565499999999,261.0,6073.0,-3.134502,100.0,55.0,100.0,97.5,139.32000000004192,0.0,4.0,186.0,2707,1,1.0,True
2708,-5.09826275,17.241759166666665,0.05757404916666666,241.75,5607.75,-3.13270675,100.0,55.416666666666664,58.333333333333336,57.166666666666664,261.7200000000419,0.0,4.0,186.0,2708,1,1.0,True
2709,-5.109614,17.24167,0.0,226.0,5233.0,-3.132452,100.0,56.0,0.0,0.0,239.4,0.0,4.0,186.0,2709,1,1.0,True
2710,-5.109614,17.24167,0.0,226.0,5233.0,-3.132452,100.0,56.0,0.0,0.0,242.63999999987428,0.0,4.0,186.0,2710,1,1.0,True
2711,-5.109614,17.24167,0.0,226.0,5233.0,-3.132452,100.0,56.0,0.0,0.0,238.68000000016764,0.0,4.0,186.0,2711,1,1.0,True
2712,-5.108904909090909,17.24167,0.0,226.0,5233.0,-3.1324520000000002,100.0,56.0,0.0,0.0,241.91999999983236,0.0,4.0,186.0,2712,1,1.0,True
2713,-5.1078806666666665,17.24167,0.0,226.0,5233.0,-3.1324519999999993,100.0,56.0,0.0,0.0,239.76000000012573,0.0,4.0,186.0,2713,1,1.0,True
2714,-5.1084321818181815,17.24167,0.0,226.0,5233.0,-3.1324520000000002,100.0,56.0,0.0,0.0,241.5599999999162,0.0,2.0,186.0,2714,1,1.0,True
2715,-5.107014,17.24167,0.0,236.5,5480.5,-3.132452,100.0,55.5,0.0,0.0,129.6,0.0,2.0,184.0,2715,1,1.0,True
2716,-5.1043435,17.24512,-0.0006026825000000001,269.0,6257.0,2.45958225,100.0,55.0,-91.16666666666667,89.75,289.44000000008384,0.0,2.0,184.0,2716,1,1.0,True
2717,-5.103728727272728,17.25121181818182,-0.000425424,269.90909090909093,6279.454545454545,2.6463344545454546,98.9090909090909,55.0,-100.0,99.0,285.12000000004195,0.0,2.0,184.0,2717,1,1.0,True
2718,-5.092656,17.27623909090909,-0.000425424,269.90909090909093,6276.181818181818,2.3143543636363635,79.0,55.0,-100.0,99.0,284.7599999999162,0.0,2.0,184.0,2718,1,1.0,True
2719,-5.099331272727273,17.25810909090909,-0.000425424,271.54545454545456,6312.727272727273,1.9506087272727273,75.81818181818181,55.0,-100.0,99.0,288.0,0.0,2.0,184.0,2719,1,1.0,True
2720,-5.0943819999999995,17.227376363636363,-0.000425424,268.8181818181818,6250.909090909091,1.5887565454545454,85.0909090909091,55.0,-100.0,99.0,288.3599999999162,0.0,2.0,184.0,2720,1,1.0,True
2721,-5.094021272727273,17.21022,-0.000425424,269.09090909090907,6262.545454545455,1.2403755454545455,96.27272727272727,55.0,-100.0,99.0,286.20000000000005,0.0,2.0,184.0,2721,1,1.0,True
2722,-5.092786083333333,17.216355,-0.000425424,269.3333333333333,6271.166666666667,0.8967084916666667,98.16666666666667,55.0,-99.83333333333333,98.83333333333333,288.7200000000419,0.0,2.0,184.0,2722,1,1.0,True
2723,-5.096103,17.218301818181818,-0.000425424,266.54545454545456,6199.818181818182,0.5579904272727273,92.81818181818181,55.0,-86.54545454545455,86.0909090909091,142.20000000000002,0.0,2.0,184.0,2723,1,1.0,True
2724,-5.093359454545455,17.218329999999998,-0.0006574749090909091,265.3636363636364,6180.0,0.2996573272727273,92.0,55.0,-61.45454545454545,60.45454545454545,284.4,0.0,2.0,184.0,2724,1,1.0,True
2725,-5.103481,17.229008,-0.00042542359999999996,264.7,6151.4,0.094502644,97.3,55.0,-41.3,40.3,283.3200000000419,0.0,2.0,184.0,2725,1,1.0,True
2726,-5.077719666666667,17.23385,0.08678648916666666,268.8333333333333,6258.666666666667,0.026735046666666665,99.83333333333333,54.666666666666664,84.33333333333333,89.33333333333333,285.12000000004195,0.0,2.0,184.0,2726,1,1.0,True
2727,-4.868564,17.238345,0.2793972,283.5,6612.75,0.0393828575,99.25,54.0,282.0,276.75,307.8,0.0,2.0,184.0,2727,1,1.0,True
2728,-4.593086363636363,17.24418818181818,0.2987636454545454,287.54545454545456,6708.727272727273,0.04355588727272727,98.27272727272727,54.18181818181818,299.0,298.45454545454544,305.2799999999581,0.0,2.0,184.0,2728,1,1.0,True
2729,-4.301399090909091,17.253156363636364,0.29818352727272723,286.90909090909093,6692.818181818182,0.042483,97.36363636363636,54.45454545454545,297.27272727272725,299.0,304.20000000000005,0.0,2.0,180.0,2729,1,1.0,True
2730,-4.034565583333333,17.265235,0.29779675,281.8333333333333,6573.916666666667,0.0390019475,97.66666666666667,54.5,296.0,299.0,302.7599999999162,0.0,2.0,180.0,2730,1,1.0,True
2731,-3.729634,17.27297,0.29907305,283.0,6592.0,0.034454405,98.5,54.5,298.5,299.0,147.6,0.0,2.0,180.0,2731,1,1.0,True
2732,-3.440733,17.280204545454545,0.2986476,285.3636363636364,6662.0,0.03457922,98.54545454545455,54.0,298.54545454545456,299.0,307.8,0.0,2.0,316.0,2732,1,1.0,True
2733,-3.169101181818182,17.288348181818183,0.2982608727272727,288.45454545454544,6738.363636363636,0.03213917454545454,98.0,54.0,297.6363636363636,299.0,304.2,0.0,2.0,328.0,2733,1,1.0,True
2734,-2.912446727272727,17.296047272727275,0.29857025454545455,285.8181818181818,6674.0,0.03152659,98.27272727272727,54.54545454545455,298.09090909090907,298.72727272727275,304.20000000000005,0.0,2.0,324.0,2734,1,1.0,True
2735,-2.61379725,17.3028875,0.26950605,283.0,6603.5,0.040167375,99.0,54.0,292.0,247.5,300.2400000000838,0.0,2.0,46.0,2735,1,1.0,True
2736,-2.4262884545454546,17.337062727272727,0.11819048727272728,276.90909090909093,6452.727272727273,0.3918541427272728,97.54545454545455,54.72727272727273,270.45454545454544,-33.45454545454545,298.0799999999581,0.0,2.0,46.0,2736,1,1.0,True
2737,-2.362078818181818,17.403744545454543,0.11532857818181817,279.1818181818182,6509.727272727273,0.9370935272727273,96.9090909090909,54.90909090909091,282.8181818181818,-52.0,295.56000000012574,0.0,2.0,50.0,2737,1,1.0,True
2738,-2.32789025,17.537206666666666,0.20115465,283.0833333333333,6605.916666666667,1.4241374999999998,82.75,54.0,299.0,103.16666666666667,308.8799999999581,0.0,2.0,50.0,2738,1,1.0,True
2739,-2.32889,17.744629999999997,0.2633761272727273,291.45454545454544,6800.0,1.611827090909091,73.36363636363636,54.0,260.8181818181818,265.8181818181818,154.8,0.0,2.0,110.0,2739,1,1.0,True
2740,-2.329930818181818,18.04559181818182,0.28758664545454543,293.45454545454544,6854.090909090909,1.5650256363636366,95.0,54.0,275.90909090909093,299.0,309.9599999999162,0.0,2.0,114.0,2740,1,1.0,True
2741,-2.3239755454545454,18.319206363636365,0.29628847272727277,286.0,6676.272727272727,1.5545313636363636,99.27272727272727,54.0,298.6363636363636,293.72727272727275,303.8400000000838,0.0,2.0,54.0,2741,1,1.0,True
2742,-2.3227591666666667,18.618205,0.29694593333333336,288.0,6721.333333333333,1.5667415,100.0,54.0,299.0,294.6666666666667,306.7200000000419,0.0,2.0,54.0,2742,1,1.0,True
2743,-2.3224565,18.881705,0.2982222,286.0,6672.5,1.57413925,100.0,54.25,299.0,297.0,305.27999999995814,0.0,2.0,54.0,2743,1,1.0,True
2744,-2.3216710909090907,19.17593181818182,0.2976034181818182,284.90909090909093,6640.0,1.5815691818181818,99.45454545454545,54.27272727272727,299.0,295.72727272727275,302.40000000000003,0.0,2.0,54.0,2744,1,1.0,True
2745,-2.320744818181818,19.41919818181818,0.29694596363636366,286.09090909090907,6674.545454545455,1.587956,100.0,54.0,299.0,294.3636363636364,306.0,0.0,2.0,54.0,2745,1,1.0,True
2746,-2.325099818181818,19.74564818181818,0.2987636727272727,285.8181818181818,6669.909090909091,1.5953404545454546,100.0,54.09090909090909,299.0,297.72727272727275,301.3200000000419,0.0,2.0,54.0,2746,1,1.0,True
2747,-2.329191454545455,20.01358272727273,0.29868632727272726,285.45454545454544,6655.545454545455,1.5978462727272726,100.0,54.45454545454545,299.0,298.09090909090907,150.4799999999581,0.0,2.0,54.0,2747,1,1.0,True
2748,-2.3351542727272725,20.318032727272726,0.29887969090909094,285.09090909090907,6655.181818181818,1.5990108181818181,100.0,54.0,299.0,298.54545454545456,305.27999999995814,0.0,2.0,58.0,2748,1,1.0,True
2749,-2.339621,20.55662,0.29926645454545453,283.6363636363636,6626.818181818182,1.6007719090909092,100.0,54.0,299.0,298.90909090909093,308.1599999999162,0.0,2.0,58.0,2749,1,1.0,True
2750,-2.3472441666666666,20.864438333333332,0.2992858,285.3333333333333,6662.333333333333,1.6008045,100.0,54.0,299.0,299.0,299.52000000004193,0.0,2.0,58.0,2750,1,1.0,True
2751,-2.35191125,21.1580475,0.2989667,285.0,6659.0,1.6025615,100.0,54.0,299.0,298.5,308.52000000004193,0.0,2.0,58.0,2751,1,1.0,True
2752,-2.358701090909091,21.431885454545455,0.2991117545454545,284.72727272727275,6636.0,1.602910909090909,100.0,54.18181818181818,298.8181818181818,299.0,302.04000000008386,0.0,2.0,58.0,2752,1,1.0,True
2753,-2.3629106363636363,21.650362727272725,0.1728768190909091,263.90909090909093,6142.727272727273,1.6023064545454544,100.0,55.0,172.54545454545453,172.9090909090909,280.4399999998743,0.0,2.0,58.0,2753,1,1.0,True
2754,-2.3651763333333333,21.76103833333333,0.09231700250000001,260.4166666666667,6060.666666666667,1.6040853333333331,100.0,55.0,92.75,92.75,276.8400000000838,0.0,2.0,58.0,2754,1,1.0,True
2755,-2.3664995,21.835469999999997,0.00638136,238.0,5529.5,1.604037,100.0,55.5,6.5,6.5,119.52000000004192,0.0,2.0,58.0,2755,1,1.0,True
2756,-2.366504,21.839273636363636,0.0,226.0,5233.0,1.6040370000000002,100.0,56.0,0.0,0.0,241.5599999999162,0.0,2.0,58.0,2756,1,1.0,True
2757,-2.366394480263158,21.82771470295056,0.00016139991228070175,226.06798245614036,5234.116228070176,1.5972465657894739,99.83552631578948,56.01535087719298,0.16666666666666666,0.15570175438596492,0.0,0.0,,,2757,1,1.0,True
2758,-2.3662849605263157,21.81615576953748,0.0003227998245614035,226.1359649122807,5235.232456140351,1.5904561315789476,99.67105263157895,56.030701754385966,0.3333333333333333,0.31140350877192985,0.0,0.0,,,2758,1,1.0,True
2759,-2.3661754407894735,21.8045968361244,0.0004841997368421053,226.20394736842104,5236.348684210527,1.583665697368421,99.50657894736842,56.046052631578945,0.5,0.4671052631578948,0.0,0.0,,,2759,1,1.0,True
2760,-2.3660659210526314,21.793037902711323,0.000645599649122807,226.2719298245614,5237.464912280701,1.5768752631578948,99.34210526315789,56.06140350877193,0.6666666666666666,0.6228070175438597,0.0,0.0,,,2760,1,1.0,True
2761,-2.365956401315789,21.781478969298245,0.0008069995614035087,226.33991228070175,5238.581140350877,1.5700848289473686,99.17763157894737,56.07675438596491,0.8333333333333333,0.7785087719298246,0.0,0.0,,,2761,1,1.0,True
2762,-2.3658468815789475,21.769920035885168,0.0009683994736842106,226.4078947368421,5239.6973684210525,1.5632943947368423,99.01315789473684,56.0921052631579,1.0,0.9342105263157896,0.0,0.0,,,2762,1,1.0,True
2763,-2.3657373618421054,21.75836110247209,0.0011297993859649123,226.47587719298247,5240.813596491228,1.556503960526316,98.84868421052632,56.10745614035088,1.1666666666666665,1.0899122807017545,0.0,0.0,,,2763,1,1.0,True
2764,-2.3656278421052632,21.74680216905901,0.001291199298245614,226.5438596491228,5241.929824561404,1.5497135263157897,98.6842105263158,56.12280701754386,1.3333333333333333,1.2456140350877194,0.0,0.0,,,2764,1,1.0,True
2765,-2.365518322368421,21.73524323564593,0.0014525992105263157,226.61184210526315,5243.046052631579,1.5429230921052632,98.51973684210526,56.13815789473684,1.5,1.4013157894736843,0.0,0.0,,,2765,1,1.0,True
2766,-2.365408802631579,21.723684302232854,0.0016139991228070175,226.6798245614035,5244.162280701755,1.536132657894737,98.35526315789474,56.15350877192982,1.6666666666666665,1.5570175438596492,0.0,0.0,,,2766,1,1.0,True
2767,-2.365299282894737,21.712125368819777,0.0017753990350877192,226.74780701754386,5245.278508771929,1.5293422236842107,98.1907894736842,56.16885964912281,1.8333333333333333,1.712719298245614,0.0,0.0,,,2767,1,1.0,True
2768,-2.3651897631578946,21.7005664354067,0.0019367989473684211,226.81578947368422,5246.394736842105,1.5225517894736844,98.02631578947368,56.18421052631579,2.0,1.8684210526315792,0.0,0.0,,,2768,1,1.0,True
2769,-2.3650802434210525,21.68900750199362,0.0020981988596491226,226.88377192982455,5247.5109649122805,1.5157613552631581,97.86184210526316,56.199561403508774,2.1666666666666665,2.024122807017544,0.0,0.0,,,2769,1,1.0,True
2770,-2.3649707236842104,21.67744856858054,0.0022595987719298246,226.9517543859649,5248.627192982456,1.5089709210526316,97.69736842105263,56.21491228070175,2.333333333333333,2.179824561403509,0.0,0.0,,,2770,1,1.0,True
2771,-2.364861203947368,21.665889635167463,0.002420998684210526,227.01973684210526,5249.743421052632,1.5021804868421054,97.53289473684211,56.23026315789474,2.5,2.335526315789474,0.0,0.0,,,2771,1,1.0,True
2772,-2.364751684210526,21.654330701754386,0.002582398596491228,227.08771929824562,5250.859649122807,1.495390052631579,97.36842105263158,56.24561403508772,2.6666666666666665,2.491228070175439,0.0,0.0,,,2772,1,1.0,True
2773,-2.3646421644736844,21.64277176834131,0.00274379850877193,227.15570175438597,5251.975877192983,1.4885996184210528,97.20394736842105,56.2609649122807,2.833333333333333,2.6469298245614037,0.0,0.0,,,2773,1,1.0,True
2774,-2.364532644736842,21.631212834928228,0.0029051984210526315,227.22368421052633,5253.0921052631575,1.4818091842105265,97.03947368421052,56.276315789473685,3.0,2.8026315789473686,0.0,0.0,,,2774,1,1.0,True
2775,-2.364423125,21.61965390151515,0.0030665983333333334,227.29166666666666,5254.208333333333,1.4750187500000003,96.875,56.291666666666664,3.1666666666666665,2.9583333333333335,0.0,0.0,,,2775,1,1.0,True
2776,-2.364313605263158,21.608094968102073,0.003227998245614035,227.359649122807,5255.324561403509,1.4682283157894738,96.71052631578948,56.30701754385965,3.333333333333333,3.1140350877192984,0.0,0.0,,,2776,1,1.0,True
2777,-2.364204085526316,21.596536034688995,0.003389398157894737,227.42763157894737,5256.440789473684,1.4614378815789475,96.54605263157895,56.32236842105263,3.5,3.2697368421052633,0.0,0.0,,,2777,1,1.0,True
2778,-2.3640945657894736,21.584977101275918,0.0035507980701754384,227.49561403508773,5257.55701754386,1.4546474473684212,96.38157894736842,56.33771929824562,3.6666666666666665,3.425438596491228,0.0,0.0,,,2778,1,1.0,True
2779,-2.3639850460526315,21.57341816786284,0.0037121979824561403,227.56359649122808,5258.673245614035,1.447857013157895,96.21710526315789,56.353070175438596,3.833333333333333,3.581140350877193,0.0,0.0,,,2779,1,1.0,True
2780,-2.3638755263157893,21.56185923444976,0.0038735978947368422,227.6315789473684,5259.789473684211,1.4410665789473687,96.05263157894737,56.36842105263158,4.0,3.7368421052631584,0.0,0.0,,,2780,1,1.0,True
2781,-2.363766006578947,21.550300301036682,0.004034997807017544,227.69956140350877,5260.9057017543855,1.4342761447368422,95.88815789473684,56.38377192982456,4.166666666666666,3.8925438596491233,0.0,0.0,,,2781,1,1.0,True
2782,-2.363656486842105,21.538741367623604,0.004196397719298245,227.76754385964912,5262.021929824561,1.427485710526316,95.72368421052632,56.39912280701754,4.333333333333333,4.048245614035088,0.0,0.0,,,2782,1,1.0,True
2783,-2.363546967105263,21.527182434210527,0.004357797631578947,227.83552631578948,5263.138157894737,1.4206952763157896,95.5592105263158,56.41447368421053,4.5,4.203947368421053,0.0,0.0,,,2783,1,1.0,True
2784,-2.363437447368421,21.51562350079745,0.004519197543859649,227.90350877192984,5264.254385964912,1.4139048421052633,95.39473684210526,56.42982456140351,4.666666666666666,4.359649122807018,0.0,0.0,,,2784,1,1.0,True
2785,-2.363327927631579,21.50406456738437,0.004680597456140351,227.97149122807016,5265.370614035088,1.407114407894737,95.23026315789474,56.44517543859649,4.833333333333333,4.515350877192983,0.0,0.0,,,2785,1,1.0,True
2786,-2.363218407894737,21.49250563397129,0.004841997368421052,228.03947368421052,5266.486842105263,1.4003239736842106,95.0657894736842,56.46052631578947,5.0,4.671052631578948,0.0,0.0,,,2786,1,1.0,True
2787,-2.3631088881578948,21.480946700558214,0.005003397280701754,228.10745614035088,5267.603070175439,1.3935335394736843,94.90131578947368,56.47587719298246,5.166666666666666,4.826754385964913,0.0,0.0,,,2787,1,1.0,True
2788,-2.3629993684210526,21.469387767145136,0.005164797192982456,228.17543859649123,5268.7192982456145,1.386743105263158,94.73684210526315,56.49122807017544,5.333333333333333,4.982456140350878,0.0,0.0,,,2788,1,1.0,True
2789,-2.3628898486842105,21.45782883373206,0.005326197105263158,228.2434210526316,5269.835526315789,1.3799526710526318,94.57236842105263,56.50657894736842,5.5,5.1381578947368425,0.0,0.0,,,2789,1,1.0,True
2790,-2.3627803289473683,21.446269900318978,0.00548759701754386,228.31140350877192,5270.951754385965,1.3731622368421055,94.40789473684211,56.521929824561404,5.666666666666666,5.293859649122807,0.0,0.0,,,2790,1,1.0,True
2791,-2.362670809210526,21.4347109669059,0.005648996929824561,228.37938596491227,5272.06798245614,1.3663718026315792,94.24342105263158,56.53728070175438,5.833333333333333,5.449561403508772,0.0,0.0,,,2791,1,1.0,True
2792,-2.362561289473684,21.423152033492823,0.005810396842105263,228.44736842105263,5273.184210526316,1.3595813684210527,94.07894736842105,56.55263157894737,6.0,5.605263157894737,0.0,0.0,,,2792,1,1.0,True
2793,-2.362451769736842,21.411593100079745,0.005971796754385965,228.515350877193,5274.300438596491,1.3527909342105264,93.91447368421052,56.56798245614035,6.166666666666666,5.760964912280702,0.0,0.0,,,2793,1,1.0,True
2794,-2.3623422499999998,21.400034166666668,0.006133196666666667,228.58333333333334,5275.416666666667,1.3460005000000002,93.75,56.583333333333336,6.333333333333333,5.916666666666667,0.0,0.0,,,2794,1,1.0,True
2795,-2.362232730263158,21.388475233253587,0.006294596578947368,228.65131578947367,5276.5328947368425,1.3392100657894739,93.58552631578948,56.598684210526315,6.5,6.072368421052632,0.0,0.0,,,2795,1,1.0,True
2796,-2.362123210526316,21.37691629984051,0.00645599649122807,228.71929824561403,5277.649122807017,1.3324196315789476,93.42105263157895,56.6140350877193,6.666666666666666,6.228070175438597,0.0,0.0,,,2796,1,1.0,True
2797,-2.3620136907894738,21.365357366427432,0.006617396403508772,228.78728070175438,5278.765350877193,1.325629197368421,93.25657894736842,56.62938596491228,6.833333333333333,6.383771929824562,0.0,0.0,,,2797,1,1.0,True
2798,-2.3619041710526316,21.353798433014354,0.006778796315789474,228.85526315789474,5279.881578947368,1.3188387631578948,93.09210526315789,56.64473684210526,7.0,6.5394736842105265,0.0,0.0,,,2798,1,1.0,True
2799,-2.3617946513157895,21.342239499601277,0.006940196228070176,228.9232456140351,5280.997807017544,1.3120483289473686,92.92763157894737,56.66008771929825,7.166666666666666,6.6951754385964914,0.0,0.0,,,2799,1,1.0,True
2800,-2.3616851315789473,21.330680566188196,0.007101596140350877,228.99122807017545,5282.1140350877195,1.3052578947368423,92.76315789473684,56.675438596491226,7.333333333333333,6.850877192982456,0.0,0.0,,,2800,1,1.0,True
2801,-2.361575611842105,21.31912163277512,0.007262996052631579,229.05921052631578,5283.230263157895,1.298467460526316,92.59868421052632,56.69078947368421,7.5,7.006578947368421,0.0,0.0,,,2801,1,1.0,True
2802,-2.361466092105263,21.30756269936204,0.007424395964912281,229.12719298245614,5284.346491228071,1.2916770263157897,92.4342105263158,56.70614035087719,7.666666666666666,7.162280701754386,0.0,0.0,,,2802,1,1.0,True
2803,-2.361356572368421,21.296003765948964,0.0075857958771929825,229.1951754385965,5285.462719298245,1.2848865921052632,92.26973684210526,56.72149122807018,7.833333333333333,7.317982456140351,0.0,0.0,,,2803,1,1.0,True
2804,-2.3612470526315787,21.284444832535886,0.0077471957894736845,229.26315789473685,5286.578947368421,1.278096157894737,92.10526315789474,56.73684210526316,8.0,7.473684210526317,0.0,0.0,,,2804,1,1.0,True
2805,-2.3611375328947366,21.272885899122805,0.007908595701754386,229.3311403508772,5287.695175438596,1.2713057236842107,91.9407894736842,56.75219298245614,8.166666666666666,7.629385964912282,0.0,0.0,,,2805,1,1.0,True
2806,-2.3610280131578945,21.261326965709728,0.008069995614035088,229.39912280701753,5288.811403508772,1.2645152894736844,91.77631578947368,56.76754385964912,8.333333333333332,7.785087719298247,0.0,0.0,,,2806,1,1.0,True
2807,-2.3609184934210528,21.24976803229665,0.008231395526315789,229.4671052631579,5289.9276315789475,1.2577248552631581,91.61184210526315,56.7828947368421,8.5,7.9407894736842115,0.0,0.0,,,2807,1,1.0,True
2808,-2.3608089736842106,21.238209098883573,0.00839279543859649,229.53508771929825,5291.043859649123,1.2509344210526316,91.44736842105263,56.79824561403509,8.666666666666666,8.096491228070176,0.0,0.0,,,2808,1,1.0,True
2809,-2.3606994539473685,21.226650165470495,0.008554195350877192,229.6030701754386,5292.160087719299,1.2441439868421054,91.28289473684211,56.81359649122807,8.833333333333332,8.25219298245614,0.0,0.0,,,2809,1,1.0,True
2810,-2.3605899342105263,21.215091232057414,0.008715595263157894,229.67105263157896,5293.276315789473,1.237353552631579,91.11842105263158,56.828947368421055,9.0,8.407894736842106,0.0,0.0,,,2810,1,1.0,True
2811,-2.360480414473684,21.203532298644337,0.008876995175438596,229.7390350877193,5294.392543859649,1.2305631184210528,90.95394736842105,56.844298245614034,9.166666666666666,8.56359649122807,0.0,0.0,,,2811,1,1.0,True
2812,-2.360370894736842,21.19197336523126,0.009038395087719298,229.80701754385964,5295.508771929824,1.2237726842105265,90.78947368421052,56.85964912280702,9.333333333333332,8.719298245614036,0.0,0.0,,,2812,1,1.0,True
2813,-2.360261375,21.180414431818182,0.009199795,229.875,5296.625,1.2169822500000003,90.625,56.875,9.5,8.875,0.0,0.0,,,2813,1,1.0,True
2814,-2.3601518552631577,21.168855498405104,0.009361194912280702,229.94298245614036,5297.741228070176,1.2101918157894738,90.46052631578948,56.89035087719298,9.666666666666666,9.030701754385966,0.0,0.0,,,2814,1,1.0,True
2815,-2.3600423355263156,21.157296564992023,0.009522594824561404,230.0109649122807,5298.857456140351,1.2034013815789475,90.29605263157895,56.905701754385966,9.833333333333332,9.18640350877193,0.0,0.0,,,2815,1,1.0,True
2816,-2.3599328157894734,21.145737631578946,0.009683994736842104,230.07894736842104,5299.973684210527,1.1966109473684212,90.13157894736842,56.921052631578945,10.0,9.342105263157896,0.0,0.0,,,2816,1,1.0,True
2817,-2.3598232960526313,21.13417869816587,0.009845394649122806,230.1469298245614,5301.089912280701,1.189820513157895,89.96710526315789,56.93640350877193,10.166666666666666,9.49780701754386,0.0,0.0,,,2817,1,1.0,True
2818,-2.3597137763157896,21.12261976475279,0.010006794561403508,230.21491228070175,5302.206140350877,1.1830300789473687,89.80263157894737,56.95175438596491,10.333333333333332,9.653508771929825,0.0,0.0,,,2818,1,1.0,True
2819,-2.3596042565789475,21.111060831339714,0.01016819447368421,230.2828947368421,5303.3223684210525,1.1762396447368422,89.63815789473684,56.9671052631579,10.5,9.80921052631579,0.0,0.0,,,2819,1,1.0,True
2820,-2.3594947368421053,21.099501897926636,0.010329594385964912,230.35087719298247,5304.438596491228,1.169449210526316,89.47368421052632,56.98245614035088,10.666666666666666,9.964912280701755,0.0,0.0,,,2820,1,1.0,True
2821,-2.359385217105263,21.087942964513555,0.010490994298245614,230.4188596491228,5305.554824561404,1.1626587763157896,89.3092105263158,56.99780701754386,10.833333333333332,10.120614035087721,0.0,0.0,,,2821,1,1.0,True
2822,-2.359275697368421,21.076384031100478,0.010652394210526316,230.48684210526315,5306.671052631579,1.1558683421052633,89.14473684210526,57.01315789473684,11.0,10.276315789473685,0.0,0.0,,,2822,1,1.0,True
2823,-2.359166177631579,21.0648250976874,0.010813794122807018,230.5548245614035,5307.787280701755,1.149077907894737,88.98026315789474,57.02850877192982,11.166666666666666,10.43201754385965,0.0,0.0,,,2823,1,1.0,True
2824,-2.3590566578947367,21.053266164274323,0.01097519403508772,230.62280701754386,5308.903508771929,1.1422874736842108,88.8157894736842,57.04385964912281,11.333333333333332,10.587719298245615,0.0,0.0,,,2824,1,1.0,True
2825,-2.3589471381578946,21.041707230861245,0.01113659394736842,230.69078947368422,5310.019736842105,1.1354970394736843,88.65131578947368,57.05921052631579,11.5,10.74342105263158,0.0,0.0,,,2825,1,1.0,True
2826,-2.3588376184210524,21.030148297448164,0.011297993859649122,230.75877192982455,5311.1359649122805,1.128706605263158,88.48684210526315,57.074561403508774,11.666666666666666,10.899122807017545,0.0,0.0,,,2826,1,1.0,True
2827,-2.3587280986842103,21.018589364035087,0.011459393771929824,230.8267543859649,5312.252192982456,1.1219161710526317,88.32236842105263,57.08991228070175,11.833333333333332,11.05482456140351,0.0,0.0,,,2827,1,1.0,True
2828,-2.358618578947368,21.00703043062201,0.011620793684210526,230.89473684210526,5313.368421052632,1.1151257368421055,88.15789473684211,57.10526315789474,12.0,11.210526315789474,0.0,0.0,,,2828,1,1.0,True
2829,-2.3585090592105264,20.995471497208932,0.011782193596491228,230.96271929824562,5314.484649122807,1.1083353026315792,87.99342105263158,57.12061403508772,12.166666666666666,11.36622807017544,0.0,0.0,,,2829,1,1.0,True
2830,-2.3583995394736843,20.983912563795855,0.01194359350877193,231.03070175438597,5315.600877192983,1.1015448684210527,87.82894736842105,57.1359649122807,12.333333333333332,11.521929824561404,0.0,0.0,,,2830,1,1.0,True
2831,-2.358290019736842,20.972353630382774,0.012104993421052632,231.09868421052633,5316.7171052631575,1.0947544342105264,87.66447368421052,57.151315789473685,12.5,11.67763157894737,0.0,0.0,,,2831,1,1.0,True
2832,-2.3581805,20.960794696969696,0.012266393333333334,231.16666666666666,5317.833333333333,1.0879640000000002,87.5,57.166666666666664,12.666666666666666,11.833333333333334,0.0,0.0,,,2832,1,1.0,True
2833,-2.358070980263158,20.94923576355662,0.012427793245614036,231.234649122807,5318.949561403509,1.0811735657894739,87.33552631578948,57.18201754385965,12.833333333333332,11.9890350877193,0.0,0.0,,,2833,1,1.0,True
2834,-2.3579614605263157,20.93767683014354,0.012589193157894736,231.30263157894737,5320.065789473684,1.0743831315789476,87.17105263157895,57.19736842105263,13.0,12.144736842105264,0.0,0.0,,,2834,1,1.0,True
2835,-2.3578519407894736,20.926117896730464,0.012750593070175438,231.37061403508773,5321.18201754386,1.067592697368421,87.00657894736842,57.21271929824562,13.166666666666666,12.30043859649123,0.0,0.0,,,2835,1,1.0,True
2836,-2.3577424210526314,20.914558963317383,0.01291199298245614,231.43859649122808,5322.298245614035,1.0608022631578948,86.84210526315789,57.228070175438596,13.333333333333332,12.456140350877194,0.0,0.0,,,2836,1,1.0,True
2837,-2.3576329013157893,20.903000029904305,0.013073392894736842,231.5065789473684,5323.414473684211,1.0540118289473686,86.67763157894737,57.24342105263158,13.5,12.61184210526316,0.0,0.0,,,2837,1,1.0,True
2838,-2.357523381578947,20.891441096491228,0.013234792807017544,231.57456140350877,5324.5307017543855,1.0472213947368423,86.51315789473684,57.25877192982456,13.666666666666666,12.767543859649123,0.0,0.0,,,2838,1,1.0,True
2839,-2.357413861842105,20.87988216307815,0.013396192719298245,231.64254385964912,5325.646929824561,1.040430960526316,86.34868421052632,57.27412280701754,13.833333333333332,12.923245614035089,0.0,0.0,,,2839,1,1.0,True
2840,-2.3573043421052633,20.868323229665073,0.013557592631578947,231.71052631578948,5326.763157894737,1.0336405263157897,86.1842105263158,57.28947368421053,14.0,13.078947368421053,0.0,0.0,,,2840,1,1.0,True
2841,-2.357194822368421,20.856764296251992,0.01371899254385965,231.77850877192984,5327.879385964912,1.0268500921052632,86.01973684210526,57.30482456140351,14.166666666666666,13.234649122807019,0.0,0.0,,,2841,1,1.0,True
2842,-2.357085302631579,20.845205362838914,0.013880392456140351,231.84649122807016,5328.995614035088,1.020059657894737,85.85526315789474,57.32017543859649,14.333333333333332,13.390350877192983,0.0,0.0,,,2842,1,1.0,True
2843,-2.356975782894737,20.833646429425837,0.014041792368421051,231.91447368421052,5330.111842105263,1.0132692236842107,85.6907894736842,57.33552631578947,14.5,13.546052631578949,0.0,0.0,,,2843,1,1.0,True
2844,-2.3568662631578947,20.82208749601276,0.014203192280701753,231.98245614035088,5331.228070175439,1.0064787894736844,85.52631578947368,57.35087719298246,14.666666666666666,13.701754385964913,0.0,0.0,,,2844,1,1.0,True
2845,-2.3567567434210526,20.810528562599682,0.014364592192982455,232.05043859649123,5332.3442982456145,0.999688355263158,85.36184210526315,57.36622807017544,14.833333333333332,13.857456140350878,0.0,0.0,,,2845,1,1.0,True
2846,-2.3566472236842104,20.7989696291866,0.014525992105263157,232.1184210526316,5333.460526315789,0.9928979210526317,85.19736842105263,57.38157894736842,15.0,14.013157894736842,0.0,0.0,,,2846,1,1.0,True
2847,-2.3565377039473683,20.787410695773524,0.01468739201754386,232.18640350877192,5334.576754385965,0.9861074868421055,85.03289473684211,57.396929824561404,15.166666666666666,14.168859649122808,0.0,0.0,,,2847,1,1.0,True
2848,-2.356428184210526,20.775851762360446,0.014848791929824561,232.25438596491227,5335.69298245614,0.9793170526315791,84.86842105263158,57.41228070175438,15.333333333333332,14.324561403508772,0.0,0.0,,,2848,1,1.0,True
2849,-2.356318664473684,20.76429282894737,0.015010191842105263,232.32236842105263,5336.809210526316,0.9725266184210528,84.70394736842105,57.42763157894737,15.5,14.480263157894738,0.0,0.0,,,2849,1,1.0,True
2850,-2.356209144736842,20.75273389553429,0.015171591754385965,232.390350877193,5337.925438596491,0.9657361842105264,84.53947368421052,57.44298245614035,15.666666666666666,14.635964912280702,0.0,0.0,,,2850,1,1.0,True
2851,-2.356099625,20.74117496212121,0.015332991666666667,232.45833333333334,5339.041666666667,0.9589457500000002,84.375,57.458333333333336,15.833333333333332,14.791666666666668,0.0,0.0,,,2851,1,1.0,True
2852,-2.355990105263158,20.729616028708133,0.015494391578947369,232.52631578947367,5340.1578947368425,0.9521553157894739,84.21052631578948,57.473684210526315,16.0,14.947368421052634,0.0,0.0,,,2852,1,1.0,True
2853,-2.355880585526316,20.718057095295055,0.01565579149122807,232.59429824561403,5341.274122807017,0.9453648815789475,84.04605263157895,57.4890350877193,16.166666666666664,15.103070175438598,0.0,0.0,,,2853,1,1.0,True
2854,-2.3557710657894737,20.706498161881978,0.015817191403508773,232.66228070175438,5342.390350877193,0.9385744473684212,83.88157894736842,57.50438596491228,16.333333333333332,15.258771929824563,0.0,0.0,,,2854,1,1.0,True
2855,-2.3556615460526316,20.6949392284689,0.015978591315789475,232.73026315789474,5343.506578947368,0.9317840131578949,83.71710526315789,57.51973684210526,16.5,15.414473684210527,0.0,0.0,,,2855,1,1.0,True
2856,-2.3555520263157894,20.68338029505582,0.016139991228070177,232.7982456140351,5344.622807017544,0.9249935789473686,83.55263157894737,57.53508771929825,16.666666666666664,15.570175438596493,0.0,0.0,,,2856,1,1.0,True
2857,-2.3554425065789473,20.671821361642742,0.016301391140350875,232.86622807017545,5345.7390350877195,0.9182031447368423,83.38815789473684,57.550438596491226,16.833333333333332,15.725877192982457,0.0,0.0,,,2857,1,1.0,True
2858,-2.355332986842105,20.660262428229665,0.016462791052631577,232.93421052631578,5346.855263157895,0.911412710526316,83.22368421052632,57.56578947368421,17.0,15.881578947368423,0.0,0.0,,,2858,1,1.0,True
2859,-2.355223467105263,20.648703494816587,0.01662419096491228,233.00219298245614,5347.971491228071,0.9046222763157896,83.0592105263158,57.58114035087719,17.166666666666664,16.037280701754387,0.0,0.0,,,2859,1,1.0,True
2860,-2.355113947368421,20.63714456140351,0.01678559087719298,233.0701754385965,5349.087719298245,0.8978318421052633,82.89473684210526,57.59649122807018,17.333333333333332,16.192982456140353,0.0,0.0,,,2860,1,1.0,True
2861,-2.3550044276315787,20.62558562799043,0.016946990789473683,233.13815789473685,5350.203947368421,0.891041407894737,82.73026315789474,57.61184210526316,17.5,16.34868421052632,0.0,0.0,,,2861,1,1.0,True
2862,-2.354894907894737,20.61402669457735,0.017108390701754385,233.2061403508772,5351.320175438596,0.8842509736842107,82.5657894736842,57.62719298245614,17.666666666666664,16.50438596491228,0.0,0.0,,,2862,1,1.0,True
2863,-2.354785388157895,20.602467761164274,0.017269790614035087,233.27412280701753,5352.436403508772,0.8774605394736844,82.40131578947368,57.64254385964912,17.833333333333332,16.660087719298247,0.0,0.0,,,2863,1,1.0,True
2864,-2.3546758684210527,20.590908827751196,0.01743119052631579,233.3421052631579,5353.5526315789475,0.870670105263158,82.23684210526315,57.6578947368421,18.0,16.815789473684212,0.0,0.0,,,2864,1,1.0,True
2865,-2.3545663486842106,20.57934989433812,0.01759259043859649,233.41008771929825,5354.668859649123,0.8638796710526317,82.07236842105263,57.67324561403509,18.166666666666664,16.971491228070178,0.0,0.0,,,2865,1,1.0,True
2866,-2.3544568289473684,20.56779096092504,0.017753990350877193,233.4780701754386,5355.785087719299,0.8570892368421055,81.90789473684211,57.68859649122807,18.333333333333332,17.12719298245614,0.0,0.0,,,2866,1,1.0,True
2867,-2.3543473092105263,20.55623202751196,0.017915390263157895,233.54605263157896,5356.901315789473,0.8502988026315791,81.74342105263158,57.703947368421055,18.5,17.282894736842106,0.0,0.0,,,2867,1,1.0,True
2868,-2.354237789473684,20.544673094098883,0.018076790175438597,233.6140350877193,5358.017543859649,0.8435083684210528,81.57894736842105,57.719298245614034,18.666666666666664,17.438596491228072,0.0,0.0,,,2868,1,1.0,True
2869,-2.354128269736842,20.533114160685805,0.0182381900877193,233.68201754385964,5359.133771929824,0.8367179342105265,81.41447368421052,57.73464912280702,18.833333333333332,17.594298245614038,0.0,0.0,,,2869,1,1.0,True
2870,-2.35401875,20.521555227272728,0.01839959,233.75,5360.25,0.8299275000000002,81.25,57.75,19.0,17.75,0.0,0.0,,,2870,1,1.0,True
2871,-2.3539092302631577,20.50999629385965,0.018560989912280702,233.81798245614036,5361.366228070176,0.8231370657894739,81.08552631578947,57.76535087719298,19.166666666666664,17.905701754385966,0.0,0.0,,,2871,1,1.0,True
2872,-2.3537997105263155,20.49843736044657,0.018722389824561404,233.8859649122807,5362.482456140351,0.8163466315789475,80.92105263157895,57.780701754385966,19.333333333333332,18.06140350877193,0.0,0.0,,,2872,1,1.0,True
2873,-2.353690190789474,20.486878427033492,0.018883789736842106,233.95394736842104,5363.598684210527,0.8095561973684212,80.75657894736842,57.796052631578945,19.5,18.217105263157897,0.0,0.0,,,2873,1,1.0,True
2874,-2.3535806710526317,20.475319493620415,0.019045189649122808,234.0219298245614,5364.714912280701,0.8027657631578949,80.59210526315789,57.81140350877193,19.666666666666664,18.37280701754386,0.0,0.0,,,2874,1,1.0,True
2875,-2.3534711513157895,20.463760560207337,0.019206589561403507,234.08991228070175,5365.831140350877,0.7959753289473686,80.42763157894737,57.82675438596491,19.833333333333332,18.528508771929825,0.0,0.0,,,2875,1,1.0,True
2876,-2.3533616315789474,20.45220162679426,0.01936798947368421,234.1578947368421,5366.9473684210525,0.7891848947368423,80.26315789473684,57.8421052631579,20.0,18.68421052631579,0.0,0.0,,,2876,1,1.0,True
2877,-2.3532521118421053,20.44064269338118,0.01952938938596491,234.22587719298247,5368.063596491228,0.782394460526316,80.09868421052632,57.85745614035088,20.166666666666664,18.839912280701757,0.0,0.0,,,2877,1,1.0,True
2878,-2.353142592105263,20.4290837599681,0.019690789298245612,234.2938596491228,5369.179824561404,0.7756040263157896,79.9342105263158,57.872807017543856,20.333333333333332,18.99561403508772,0.0,0.0,,,2878,1,1.0,True
2879,-2.353033072368421,20.417524826555024,0.019852189210526314,234.36184210526315,5370.296052631579,0.7688135921052633,79.76973684210526,57.88815789473684,20.5,19.151315789473685,0.0,0.0,,,2879,1,1.0,True
2880,-2.352923552631579,20.405965893141946,0.020013589122807016,234.4298245614035,5371.412280701755,0.762023157894737,79.60526315789474,57.90350877192982,20.666666666666664,19.30701754385965,0.0,0.0,,,2880,1,1.0,True
2881,-2.3528140328947367,20.39440695972887,0.020174989035087718,234.49780701754386,5372.528508771929,0.7552327236842107,79.4407894736842,57.91885964912281,20.833333333333332,19.462719298245617,0.0,0.0,,,2881,1,1.0,True
2882,-2.3527045131578945,20.382848026315788,0.02033638894736842,234.56578947368422,5373.644736842105,0.7484422894736844,79.27631578947368,57.93421052631579,21.0,19.61842105263158,0.0,0.0,,,2882,1,1.0,True
2883,-2.3525949934210524,20.37128909290271,0.020497788859649122,234.63377192982458,5374.7609649122805,0.741651855263158,79.11184210526315,57.949561403508774,21.166666666666664,19.774122807017545,0.0,0.0,,,2883,1,1.0,True
2884,-2.3524854736842107,20.359730159489633,0.020659188771929824,234.7017543859649,5375.877192982456,0.7348614210526317,78.94736842105263,57.96491228070175,21.333333333333332,19.92982456140351,0.0,0.0,,,2884,1,1.0,True
2885,-2.3523759539473685,20.348171226076555,0.020820588684210526,234.76973684210526,5376.993421052632,0.7280709868421055,78.78289473684211,57.98026315789474,21.5,20.085526315789476,0.0,0.0,,,2885,1,1.0,True
2886,-2.3522664342105264,20.336612292663478,0.020981988596491228,234.83771929824562,5378.109649122807,0.7212805526315791,78.61842105263158,57.99561403508772,21.666666666666664,20.241228070175442,0.0,0.0,,,2886,1,1.0,True
2887,-2.3521569144736842,20.325053359250397,0.02114338850877193,234.90570175438597,5379.225877192983,0.7144901184210528,78.45394736842105,58.0109649122807,21.833333333333332,20.396929824561404,0.0,0.0,,,2887,1,1.0,True
2888,-2.352047394736842,20.31349442583732,0.021304788421052632,234.97368421052633,5380.3421052631575,0.7076996842105265,78.28947368421052,58.026315789473685,22.0,20.55263157894737,0.0,0.0,,,2888,1,1.0,True
2889,-2.351937875,20.301935492424242,0.021466188333333334,235.04166666666666,5381.458333333333,0.7009092500000002,78.125,58.041666666666664,22.166666666666664,20.708333333333336,0.0,0.0,,,2889,1,1.0,True
2890,-2.351828355263158,20.290376559011165,0.021627588245614036,235.109649122807,5382.574561403509,0.6941188157894739,77.96052631578947,58.05701754385965,22.333333333333332,20.8640350877193,0.0,0.0,,,2890,1,1.0,True
2891,-2.3517188355263157,20.278817625598087,0.021788988157894738,235.17763157894737,5383.690789473684,0.6873283815789475,77.79605263157895,58.07236842105263,22.5,21.019736842105264,0.0,0.0,,,2891,1,1.0,True
2892,-2.3516093157894735,20.267258692185006,0.02195038807017544,235.24561403508773,5384.80701754386,0.6805379473684212,77.63157894736842,58.08771929824562,22.666666666666664,21.17543859649123,0.0,0.0,,,2892,1,1.0,True
2893,-2.3514997960526314,20.25569975877193,0.02211178798245614,235.31359649122808,5385.923245614035,0.6737475131578949,77.46710526315789,58.103070175438596,22.833333333333332,21.331140350877195,0.0,0.0,,,2893,1,1.0,True
2894,-2.3513902763157892,20.24414082535885,0.02227318789473684,235.3815789473684,5387.039473684211,0.6669570789473686,77.30263157894737,58.11842105263158,23.0,21.48684210526316,0.0,0.0,,,2894,1,1.0,True
2895,-2.351280756578947,20.232581891945774,0.022434587807017542,235.44956140350877,5388.1557017543855,0.6601666447368423,77.13815789473684,58.13377192982456,23.166666666666664,21.642543859649123,0.0,0.0,,,2895,1,1.0,True
2896,-2.3511712368421054,20.221022958532696,0.022595987719298244,235.51754385964912,5389.271929824561,0.653376210526316,76.97368421052632,58.14912280701754,23.333333333333332,21.79824561403509,0.0,0.0,,,2896,1,1.0,True
2897,-2.3510617171052632,20.209464025119615,0.022757387631578946,235.58552631578948,5390.388157894737,0.6465857763157896,76.8092105263158,58.16447368421053,23.5,21.953947368421055,0.0,0.0,,,2897,1,1.0,True
2898,-2.350952197368421,20.197905091706538,0.022918787543859648,235.65350877192984,5391.504385964912,0.6397953421052633,76.64473684210526,58.17982456140351,23.666666666666664,22.10964912280702,0.0,0.0,,,2898,1,1.0,True
2899,-2.350842677631579,20.18634615829346,0.02308018745614035,235.72149122807016,5392.620614035088,0.633004907894737,76.48026315789474,58.19517543859649,23.833333333333332,22.265350877192983,0.0,0.0,,,2899,1,1.0,True
2900,-2.350733157894737,20.174787224880383,0.02324158736842105,235.78947368421052,5393.736842105263,0.6262144736842107,76.3157894736842,58.21052631578947,24.0,22.42105263157895,0.0,0.0,,,2900,1,1.0,True
2901,-2.3506236381578947,20.163228291467306,0.023402987280701754,235.85745614035088,5394.853070175439,0.6194240394736844,76.15131578947368,58.22587719298246,24.166666666666664,22.576754385964914,0.0,0.0,,,2901,1,1.0,True
2902,-2.3505141184210525,20.151669358054225,0.023564387192982456,235.92543859649123,5395.9692982456145,0.612633605263158,75.98684210526315,58.24122807017544,24.333333333333332,22.73245614035088,0.0,0.0,,,2902,1,1.0,True
2903,-2.3504045986842104,20.140110424641147,0.023725787105263157,235.9934210526316,5397.085526315789,0.6058431710526317,75.82236842105263,58.25657894736842,24.5,22.888157894736842,0.0,0.0,,,2903,1,1.0,True
2904,-2.350295078947368,20.12855149122807,0.02388718701754386,236.06140350877192,5398.201754385965,0.5990527368421055,75.65789473684211,58.271929824561404,24.666666666666664,23.04385964912281,0.0,0.0,,,2904,1,1.0,True
2905,-2.350185559210526,20.116992557814992,0.02404858692982456,236.12938596491227,5399.31798245614,0.5922623026315791,75.49342105263158,58.28728070175438,24.833333333333332,23.199561403508774,0.0,0.0,,,2905,1,1.0,True
2906,-2.350076039473684,20.105433624401915,0.024209986842105263,236.19736842105263,5400.434210526316,0.5854718684210528,75.32894736842105,58.30263157894737,25.0,23.35526315789474,0.0,0.0,,,2906,1,1.0,True
2907,-2.3499665197368422,20.093874690988837,0.024371386754385965,236.265350877193,5401.550438596491,0.5786814342105265,75.16447368421052,58.31798245614035,25.166666666666664,23.510964912280702,0.0,0.0,,,2907,1,1.0,True
2908,-2.349857,20.082315757575756,0.024532786666666667,236.33333333333334,5402.666666666667,0.5718910000000001,75.0,58.333333333333336,25.333333333333332,23.666666666666668,0.0,0.0,,,2908,1,1.0,True
2909,-2.349747480263158,20.07075682416268,0.02469418657894737,236.40131578947367,5403.7828947368425,0.5651005657894739,74.83552631578947,58.348684210526315,25.5,23.822368421052634,0.0,0.0,,,2909,1,1.0,True
2910,-2.349637960526316,20.0591978907496,0.02485558649122807,236.46929824561403,5404.899122807017,0.5583101315789475,74.67105263157895,58.3640350877193,25.666666666666664,23.9780701754386,0.0,0.0,,,2910,1,1.0,True
2911,-2.3495284407894736,20.047638957336524,0.025016986403508773,236.53728070175438,5406.015350877193,0.5515196973684212,74.50657894736842,58.37938596491228,25.833333333333332,24.13377192982456,0.0,0.0,,,2911,1,1.0,True
2912,-2.3494189210526315,20.036080023923446,0.02517838631578947,236.60526315789474,5407.131578947368,0.5447292631578949,74.34210526315789,58.39473684210526,26.0,24.289473684210527,0.0,0.0,,,2912,1,1.0,True
2913,-2.3493094013157894,20.024521090510365,0.025339786228070173,236.6732456140351,5408.247807017544,0.5379388289473686,74.17763157894737,58.41008771929825,26.166666666666664,24.445175438596493,0.0,0.0,,,2913,1,1.0,True
2914,-2.349199881578947,20.012962157097288,0.025501186140350875,236.74122807017545,5409.3640350877195,0.5311483947368423,74.01315789473684,58.425438596491226,26.333333333333332,24.60087719298246,0.0,0.0,,,2914,1,1.0,True
2915,-2.349090361842105,20.00140322368421,0.025662586052631577,236.80921052631578,5410.480263157895,0.524357960526316,73.84868421052632,58.44078947368421,26.5,24.75657894736842,0.0,0.0,,,2915,1,1.0,True
2916,-2.348980842105263,19.989844290271133,0.02582398596491228,236.87719298245614,5411.596491228071,0.5175675263157896,73.68421052631578,58.45614035087719,26.666666666666664,24.912280701754387,0.0,0.0,,,2916,1,1.0,True
2917,-2.3488713223684208,19.978285356858056,0.02598538587719298,236.9451754385965,5412.712719298245,0.5107770921052633,73.51973684210526,58.47149122807018,26.833333333333332,25.067982456140353,0.0,0.0,,,2917,1,1.0,True
2918,-2.348761802631579,19.966726423444975,0.026146785789473683,237.01315789473685,5413.828947368421,0.5039866578947371,73.35526315789474,58.48684210526316,27.0,25.22368421052632,0.0,0.0,,,2918,1,1.0,True
2919,-2.348652282894737,19.955167490031897,0.026308185701754385,237.0811403508772,5414.945175438596,0.4971962236842107,73.1907894736842,58.50219298245614,27.166666666666664,25.379385964912284,0.0,0.0,,,2919,1,1.0,True
2920,-2.348542763157895,19.94360855661882,0.026469585614035087,237.14912280701753,5416.061403508772,0.4904057894736844,73.02631578947368,58.51754385964912,27.333333333333332,25.535087719298247,0.0,0.0,,,2920,1,1.0,True
2921,-2.3484332434210526,19.932049623205742,0.02663098552631579,237.2171052631579,5417.1776315789475,0.4836153552631581,72.86184210526315,58.5328947368421,27.5,25.690789473684212,0.0,0.0,,,2921,1,1.0,True
2922,-2.3483237236842105,19.920490689792665,0.02679238543859649,237.28508771929825,5418.293859649123,0.47682492105263174,72.69736842105263,58.54824561403509,27.666666666666664,25.846491228070178,0.0,0.0,,,2922,1,1.0,True
2923,-2.3482142039473684,19.908931756379584,0.026953785350877193,237.3530701754386,5419.410087719299,0.4700344868421054,72.53289473684211,58.56359649122807,27.833333333333332,26.002192982456144,0.0,0.0,,,2923,1,1.0,True
2924,-2.348104684210526,19.897372822966506,0.027115185263157895,237.42105263157896,5420.526315789473,0.46324405263157914,72.36842105263158,58.578947368421055,28.0,26.157894736842106,0.0,0.0,,,2924,1,1.0,True
2925,-2.347995164473684,19.88581388955343,0.027276585175438597,237.4890350877193,5421.642543859649,0.4564536184210528,72.20394736842105,58.594298245614034,28.166666666666664,26.313596491228072,0.0,0.0,,,2925,1,1.0,True
2926,-2.347885644736842,19.87425495614035,0.0274379850877193,237.55701754385964,5422.758771929824,0.4496631842105265,72.03947368421052,58.60964912280702,28.333333333333332,26.469298245614038,0.0,0.0,,,2926,1,1.0,True
2927,-2.3477761249999998,19.862696022727274,0.027599385,237.625,5423.875,0.44287275000000015,71.875,58.625,28.5,26.625000000000004,0.0,0.0,,,2927,1,1.0,True
2928,-2.3476666052631576,19.851137089314193,0.027760784912280703,237.69298245614036,5424.991228070176,0.4360823157894739,71.71052631578947,58.64035087719298,28.666666666666664,26.780701754385966,0.0,0.0,,,2928,1,1.0,True
2929,-2.347557085526316,19.839578155901116,0.027922184824561404,237.7609649122807,5426.107456140351,0.42929188157894754,71.54605263157895,58.655701754385966,28.833333333333332,26.93640350877193,0.0,0.0,,,2929,1,1.0,True
2930,-2.3474475657894738,19.828019222488038,0.028083584736842103,237.82894736842104,5427.223684210527,0.4225014473684212,71.38157894736842,58.671052631578945,29.0,27.092105263157897,0.0,0.0,,,2930,1,1.0,True
2931,-2.3473380460526316,19.81646028907496,0.028244984649122805,237.8969298245614,5428.339912280701,0.4157110131578949,71.21710526315789,58.68640350877193,29.166666666666664,27.247807017543863,0.0,0.0,,,2931,1,1.0,True
2932,-2.3472285263157895,19.804901355661883,0.028406384561403507,237.96491228070175,5429.456140350877,0.4089205789473686,71.05263157894737,58.70175438596491,29.333333333333332,27.403508771929825,0.0,0.0,,,2932,1,1.0,True
2933,-2.3471190065789473,19.793342422248802,0.02856778447368421,238.0328947368421,5430.5723684210525,0.4021301447368423,70.88815789473684,58.7171052631579,29.5,27.55921052631579,0.0,0.0,,,2933,1,1.0,True
2934,-2.347009486842105,19.781783488835725,0.02872918438596491,238.10087719298247,5431.688596491228,0.39533971052631595,70.72368421052632,58.73245614035088,29.666666666666664,27.714912280701757,0.0,0.0,,,2934,1,1.0,True
2935,-2.346899967105263,19.770224555422647,0.028890584298245613,238.1688596491228,5432.804824561404,0.38854927631578967,70.55921052631578,58.747807017543856,29.833333333333332,27.870614035087723,0.0,0.0,,,2935,1,1.0,True
2936,-2.346790447368421,19.75866562200957,0.029051984210526315,238.23684210526315,5433.921052631579,0.38175884210526334,70.39473684210526,58.76315789473684,30.0,28.026315789473685,0.0,0.0,,,2936,1,1.0,True
2937,-2.3466809276315788,19.747106688596492,0.029213384122807017,238.3048245614035,5435.037280701755,0.374968407894737,70.23026315789474,58.77850877192982,30.166666666666664,28.18201754385965,0.0,0.0,,,2937,1,1.0,True
2938,-2.3465714078947366,19.73554775518341,0.02937478403508772,238.37280701754386,5436.153508771929,0.3681779736842107,70.0657894736842,58.79385964912281,30.333333333333332,28.337719298245617,0.0,0.0,,,2938,1,1.0,True
2939,-2.3464618881578945,19.723988821770334,0.02953618394736842,238.44078947368422,5437.269736842105,0.3613875394736844,69.90131578947368,58.80921052631579,30.5,28.493421052631582,0.0,0.0,,,2939,1,1.0,True
2940,-2.3463523684210528,19.712429888357256,0.029697583859649122,238.50877192982458,5438.3859649122805,0.3545971052631581,69.73684210526315,58.824561403508774,30.666666666666664,28.649122807017545,0.0,0.0,,,2940,1,1.0,True
2941,-2.3462428486842106,19.70087095494418,0.029858983771929824,238.5767543859649,5439.502192982456,0.34780667105263174,69.57236842105263,58.83991228070175,30.833333333333332,28.80482456140351,0.0,0.0,,,2941,1,1.0,True
2942,-2.3461333289473685,19.6893120215311,0.030020383684210526,238.64473684210526,5440.618421052632,0.3410162368421054,69.40789473684211,58.85526315789474,31.0,28.960526315789476,0.0,0.0,,,2942,1,1.0,True
2943,-2.3460238092105263,19.67775308811802,0.030181783596491228,238.71271929824562,5441.734649122807,0.33422580263157914,69.24342105263158,58.87061403508772,31.166666666666664,29.116228070175442,0.0,0.0,,,2943,1,1.0,True
2944,-2.345914289473684,19.666194154704943,0.03034318350877193,238.78070175438597,5442.850877192983,0.3274353684210528,69.07894736842105,58.8859649122807,31.333333333333332,29.271929824561404,0.0,0.0,,,2944,1,1.0,True
2945,-2.345804769736842,19.654635221291866,0.030504583421052632,238.84868421052633,5443.9671052631575,0.3206449342105265,68.91447368421052,58.901315789473685,31.5,29.42763157894737,0.0,0.0,,,2945,1,1.0,True
2946,-2.34569525,19.643076287878788,0.030665983333333334,238.91666666666666,5445.083333333333,0.31385450000000015,68.75,58.916666666666664,31.666666666666664,29.583333333333336,0.0,0.0,,,2946,1,1.0,True
2947,-2.3455857302631578,19.63151735446571,0.030827383245614036,238.984649122807,5446.199561403509,0.3070640657894739,68.58552631578947,58.93201754385965,31.833333333333332,29.7390350877193,0.0,0.0,,,2947,1,1.0,True
2948,-2.3454762105263156,19.61995842105263,0.030988783157894738,239.05263157894737,5447.315789473684,0.30027363157894754,68.42105263157895,58.94736842105263,32.0,29.894736842105267,0.0,0.0,,,2948,1,1.0,True
2949,-2.3453666907894735,19.608399487639552,0.031150183070175436,239.12061403508773,5448.43201754386,0.2934831973684212,68.25657894736842,58.96271929824562,32.166666666666664,30.05043859649123,0.0,0.0,,,2949,1,1.0,True
2950,-2.3452571710526313,19.596840554226475,0.03131158298245614,239.18859649122808,5449.548245614035,0.28669276315789494,68.09210526315789,58.978070175438596,32.33333333333333,30.206140350877195,0.0,0.0,,,2950,1,1.0,True
2951,-2.3451476513157896,19.585281620813397,0.031472982894736844,239.2565789473684,5450.664473684211,0.2799023289473686,67.92763157894737,58.99342105263158,32.5,30.36184210526316,0.0,0.0,,,2951,1,1.0,True
2952,-2.3450381315789475,19.57372268740032,0.031634382807017546,239.32456140350877,5451.7807017543855,0.2731118947368423,67.76315789473684,59.00877192982456,32.666666666666664,30.517543859649127,0.0,0.0,,,2952,1,1.0,True
2953,-2.3449286118421053,19.562163753987242,0.03179578271929825,239.39254385964912,5452.896929824561,0.26632146052631595,67.59868421052632,59.02412280701754,32.83333333333333,30.67324561403509,0.0,0.0,,,2953,1,1.0,True
2954,-2.344819092105263,19.55060482057416,0.03195718263157895,239.46052631578948,5454.013157894737,0.25953102631578967,67.43421052631578,59.03947368421053,33.0,30.828947368421055,0.0,0.0,,,2954,1,1.0,True
2955,-2.344709572368421,19.539045887161084,0.03211858254385965,239.52850877192984,5455.129385964912,0.25274059210526334,67.26973684210526,59.05482456140351,33.166666666666664,30.98464912280702,0.0,0.0,,,2955,1,1.0,True
2956,-2.344600052631579,19.527486953748006,0.03227998245614035,239.59649122807016,5456.245614035088,0.245950157894737,67.10526315789474,59.07017543859649,33.33333333333333,31.140350877192986,0.0,0.0,,,2956,1,1.0,True
2957,-2.3444905328947367,19.51592802033493,0.032441382368421055,239.66447368421052,5457.361842105263,0.2391597236842107,66.9407894736842,59.08552631578947,33.5,31.29605263157895,0.0,0.0,,,2957,1,1.0,True
2958,-2.3443810131578946,19.50436908692185,0.03260278228070175,239.73245614035088,5458.478070175439,0.23236928947368438,66.77631578947368,59.10087719298246,33.666666666666664,31.451754385964914,0.0,0.0,,,2958,1,1.0,True
2959,-2.3442714934210525,19.49281015350877,0.03276418219298245,239.80043859649123,5459.5942982456145,0.22557885526315807,66.61184210526315,59.11622807017544,33.83333333333333,31.60745614035088,0.0,0.0,,,2959,1,1.0,True
2960,-2.3441619736842103,19.481251220095693,0.032925582105263154,239.8684210526316,5460.710526315789,0.21878842105263174,66.44736842105263,59.13157894736842,34.0,31.763157894736846,0.0,0.0,,,2960,1,1.0,True
2961,-2.344052453947368,19.469692286682616,0.033086982017543856,239.93640350877192,5461.826754385965,0.21199798684210544,66.28289473684211,59.146929824561404,34.166666666666664,31.91885964912281,0.0,0.0,,,2961,1,1.0,True
2962,-2.3439429342105265,19.458133353269538,0.03324838192982456,240.00438596491227,5462.94298245614,0.2052075526315791,66.11842105263158,59.16228070175438,34.33333333333333,32.074561403508774,0.0,0.0,,,2962,1,1.0,True
2963,-2.3438334144736843,19.44657441985646,0.03340978184210526,240.07236842105263,5464.059210526316,0.1984171184210528,65.95394736842105,59.17763157894737,34.5,32.23026315789474,0.0,0.0,,,2963,1,1.0,True
2964,-2.343723894736842,19.43501548644338,0.03357118175438596,240.140350877193,5465.175438596491,0.19162668421052648,65.78947368421052,59.19298245614035,34.666666666666664,32.385964912280706,0.0,0.0,,,2964,1,1.0,True
2965,-2.343614375,19.423456553030302,0.033732581666666664,240.20833333333334,5466.291666666667,0.18483625000000017,65.625,59.208333333333336,34.83333333333333,32.54166666666667,0.0,0.0,,,2965,1,1.0,True
2966,-2.343504855263158,19.411897619617225,0.033893981578947366,240.27631578947367,5467.4078947368425,0.17804581578947387,65.46052631578947,59.223684210526315,35.0,32.69736842105264,0.0,0.0,,,2966,1,1.0,True
2967,-2.3433953355263157,19.400338686204147,0.03405538149122807,240.34429824561403,5468.524122807017,0.17125538157894754,65.29605263157895,59.2390350877193,35.166666666666664,32.853070175438596,0.0,0.0,,,2967,1,1.0,True
2968,-2.3432858157894736,19.38877975279107,0.03421678140350877,240.41228070175438,5469.640350877193,0.16446494736842124,65.13157894736842,59.25438596491228,35.33333333333333,33.00877192982456,0.0,0.0,,,2968,1,1.0,True
2969,-2.3431762960526314,19.37722081937799,0.03437818131578947,240.48026315789474,5470.756578947368,0.1576745131578949,64.96710526315789,59.26973684210526,35.5,33.16447368421053,0.0,0.0,,,2969,1,1.0,True
2970,-2.3430667763157893,19.36566188596491,0.034539581228070174,240.5482456140351,5471.872807017544,0.1508840789473686,64.80263157894737,59.28508771929825,35.666666666666664,33.32017543859649,0.0,0.0,,,2970,1,1.0,True
2971,-2.342957256578947,19.354102952551834,0.034700981140350876,240.61622807017545,5472.9890350877195,0.14409364473684227,64.63815789473684,59.300438596491226,35.83333333333333,33.47587719298246,0.0,0.0,,,2971,1,1.0,True
2972,-2.342847736842105,19.342544019138757,0.03486238105263158,240.68421052631578,5474.105263157895,0.13730321052631597,64.47368421052632,59.31578947368421,36.0,33.631578947368425,0.0,0.0,,,2972,1,1.0,True
2973,-2.3427382171052633,19.33098508572568,0.03502378096491228,240.75219298245614,5475.221491228071,0.13051277631578964,64.30921052631578,59.33114035087719,36.166666666666664,33.78728070175439,0.0,0.0,,,2973,1,1.0,True
2974,-2.342628697368421,19.319426152312598,0.03518518087719298,240.8201754385965,5476.337719298245,0.12372234210526334,64.14473684210526,59.34649122807018,36.33333333333333,33.942982456140356,0.0,0.0,,,2974,1,1.0,True
2975,-2.342519177631579,19.30786721889952,0.03534658078947368,240.88815789473685,5477.453947368421,0.11693190789473702,63.98026315789473,59.36184210526316,36.5,34.098684210526315,0.0,0.0,,,2975,1,1.0,True
2976,-2.342409657894737,19.296308285486443,0.035507980701754385,240.9561403508772,5478.570175438596,0.1101414736842107,63.815789473684205,59.37719298245614,36.666666666666664,34.25438596491228,0.0,0.0,,,2976,1,1.0,True
2977,-2.3423001381578947,19.284749352073366,0.03566938061403509,241.02412280701753,5479.686403508772,0.10335103947368439,63.651315789473685,59.39254385964912,36.83333333333333,34.41008771929825,0.0,0.0,,,2977,1,1.0,True
2978,-2.3421906184210526,19.27319041866029,0.03583078052631579,241.0921052631579,5480.8026315789475,0.09656060526315807,63.48684210526316,59.4078947368421,37.0,34.56578947368421,0.0,0.0,,,2978,1,1.0,True
2979,-2.3420810986842104,19.261631485247207,0.03599218043859649,241.16008771929825,5481.918859649123,0.08977017105263176,63.32236842105263,59.42324561403509,37.166666666666664,34.72149122807018,0.0,0.0,,,2979,1,1.0,True
2980,-2.3419715789473683,19.25007255183413,0.03615358035087719,241.2280701754386,5483.035087719299,0.08297973684210544,63.1578947368421,59.43859649122807,37.33333333333333,34.877192982456144,0.0,0.0,,,2980,1,1.0,True
2981,-2.341862059210526,19.238513618421052,0.036314980263157895,241.29605263157896,5484.151315789473,0.07618930263157912,62.993421052631575,59.453947368421055,37.5,35.03289473684211,0.0,0.0,,,2981,1,1.0,True
2982,-2.341752539473684,19.226954685007975,0.0364763801754386,241.3640350877193,5485.267543859649,0.0693988684210528,62.82894736842105,59.469298245614034,37.666666666666664,35.188596491228076,0.0,0.0,,,2982,1,1.0,True
2983,-2.341643019736842,19.215395751594897,0.0366377800877193,241.43201754385964,5486.383771929824,0.06260843421052649,62.66447368421052,59.48464912280702,37.83333333333333,35.34429824561404,0.0,0.0,,,2983,1,1.0,True
2984,-2.3415334999999997,19.203836818181816,0.03679918,241.5,5487.5,0.05581800000000017,62.5,59.5,38.0,35.5,0.0,0.0,,,2984,1,1.0,True
2985,-2.341423980263158,19.19227788476874,0.0369605799122807,241.56798245614036,5488.616228070176,0.04902756578947386,62.33552631578947,59.51535087719298,38.166666666666664,35.655701754385966,0.0,0.0,,,2985,1,1.0,True
2986,-2.341314460526316,19.18071895135566,0.037121979824561405,241.6359649122807,5489.732456140351,0.04223713157894755,62.171052631578945,59.530701754385966,38.33333333333333,35.81140350877193,0.0,0.0,,,2986,1,1.0,True
2987,-2.3412049407894737,19.169160017942584,0.03728337973684211,241.70394736842104,5490.848684210527,0.03544669736842123,62.00657894736842,59.546052631578945,38.5,35.9671052631579,0.0,0.0,,,2987,1,1.0,True
2988,-2.3410954210526316,19.157601084529507,0.03744477964912281,241.7719298245614,5491.964912280701,0.028656263157894914,61.84210526315789,59.56140350877193,38.666666666666664,36.12280701754386,0.0,0.0,,,2988,1,1.0,True
2989,-2.3409859013157894,19.146042151116426,0.03760617956140351,241.83991228070175,5493.081140350877,0.021865828947368597,61.67763157894736,59.57675438596491,38.83333333333333,36.27850877192983,0.0,0.0,,,2989,1,1.0,True
2990,-2.3408763815789473,19.134483217703348,0.03776757947368421,241.9078947368421,5494.1973684210525,0.015075394736842282,61.51315789473684,59.5921052631579,39.0,36.434210526315795,0.0,0.0,,,2990,1,1.0,True
2991,-2.340766861842105,19.12292428429027,0.037928979385964914,241.97587719298247,5495.313596491228,0.008284960526315967,61.348684210526315,59.60745614035088,39.166666666666664,36.58991228070176,0.0,0.0,,,2991,1,1.0,True
2992,-2.340657342105263,19.111365350877193,0.038090379298245616,242.0438596491228,5496.429824561404,0.0014945263157896509,61.18421052631579,59.622807017543856,39.33333333333333,36.74561403508772,0.0,0.0,,,2992,1,1.0,True
2993,-2.340547822368421,19.099806417464116,0.03825177921052632,242.11184210526315,5497.546052631579,-0.005295907894736665,61.01973684210526,59.63815789473684,39.5,36.901315789473685,0.0,0.0,,,2993,1,1.0,True
2994,-2.3404383026315787,19.08824748405104,0.03841317912280701,242.1798245614035,5498.662280701755,-0.01208634210526298,60.85526315789473,59.65350877192982,39.666666666666664,37.05701754385965,0.0,0.0,,,2994,1,1.0,True
2995,-2.3403287828947366,19.076688550637957,0.038574579035087715,242.24780701754386,5499.778508771929,-0.018876776315789295,60.690789473684205,59.66885964912281,39.83333333333333,37.21271929824562,0.0,0.0,,,2995,1,1.0,True
2996,-2.340219263157895,19.06512961722488,0.03873597894736842,242.31578947368422,5500.894736842105,-0.025667210526315612,60.526315789473685,59.68421052631579,40.0,37.36842105263158,0.0,0.0,,,2996,1,1.0,True
2997,-2.3401097434210527,19.053570683811802,0.03889737885964912,242.38377192982458,5502.0109649122805,-0.03245764473684193,60.36184210526316,59.699561403508774,40.166666666666664,37.52412280701755,0.0,0.0,,,2997,1,1.0,True
2998,-2.3400002236842106,19.042011750398725,0.03905877877192982,242.4517543859649,5503.127192982456,-0.039248078947368245,60.19736842105263,59.71491228070175,40.33333333333333,37.679824561403514,0.0,0.0,,,2998,1,1.0,True
2999,-2.3398907039473684,19.030452816985648,0.03922017868421052,242.51973684210526,5504.243421052632,-0.04603851315789456,60.0328947368421,59.73026315789474,40.5,37.83552631578948,0.0,0.0,,,2999,1,1.0,True
3000,-2.3397811842105263,19.018893883572566,0.039381578596491225,242.58771929824562,5505.359649122807,-0.05282894736842088,59.868421052631575,59.74561403508772,40.666666666666664,37.99122807017544,0.0,0.0,,,3000,1,1.0,True
3001,-2.339671664473684,19.00733495015949,0.03954297850877193,242.65570175438597,5506.475877192983,-0.05961938157894719,59.70394736842105,59.7609649122807,40.83333333333333,38.146929824561404,0.0,0.0,,,3001,1,1.0,True
3002,-2.339562144736842,18.99577601674641,0.03970437842105263,242.72368421052633,5507.5921052631575,-0.06640981578947351,59.53947368421052,59.776315789473685,41.0,38.30263157894737,0.0,0.0,,,3002,1,1.0,True
3003,-2.339452625,18.984217083333334,0.03986577833333333,242.79166666666666,5508.708333333333,-0.07320024999999983,59.375,59.791666666666664,41.166666666666664,38.458333333333336,0.0,0.0,,,3003,1,1.0,True
3004,-2.3393431052631577,18.972658149920257,0.04002717824561403,242.859649122807,5509.824561403509,-0.07999068421052613,59.21052631578947,59.80701754385965,41.33333333333333,38.6140350877193,0.0,0.0,,,3004,1,1.0,True
3005,-2.3392335855263156,18.961099216507176,0.040188578157894735,242.92763157894737,5510.940789473684,-0.08678111842105245,59.046052631578945,59.82236842105263,41.5,38.76973684210527,0.0,0.0,,,3005,1,1.0,True
3006,-2.3391240657894734,18.949540283094098,0.040349978070175437,242.99561403508773,5512.05701754386,-0.09357155263157876,58.88157894736842,59.83771929824562,41.666666666666664,38.92543859649123,0.0,0.0,,,3006,1,1.0,True
3007,-2.3390145460526317,18.93798134968102,0.04051137798245614,243.06359649122808,5513.173245614035,-0.10036198684210508,58.71710526315789,59.853070175438596,41.83333333333333,39.0811403508772,0.0,0.0,,,3007,1,1.0,True
3008,-2.3389050263157896,18.926422416267943,0.04067277789473684,243.1315789473684,5514.289473684211,-0.1071524210526314,58.55263157894736,59.868421052631575,42.0,39.23684210526316,0.0,0.0,,,3008,1,1.0,True
3009,-2.3387955065789474,18.914863482854866,0.04083417780701754,243.19956140350877,5515.4057017543855,-0.11394285526315771,58.38815789473684,59.88377192982456,42.166666666666664,39.39254385964912,0.0,0.0,,,3009,1,1.0,True
3010,-2.3386859868421053,18.903304549441785,0.040995577719298244,243.26754385964912,5516.521929824561,-0.12073328947368403,58.223684210526315,59.89912280701754,42.33333333333333,39.54824561403509,0.0,0.0,,,3010,1,1.0,True
3011,-2.338576467105263,18.891745616028707,0.041156977631578946,243.33552631578948,5517.638157894737,-0.12752372368421036,58.05921052631579,59.91447368421053,42.5,39.703947368421055,0.0,0.0,,,3011,1,1.0,True
3012,-2.338466947368421,18.88018668261563,0.04131837754385965,243.40350877192984,5518.754385964912,-0.13431415789473666,57.89473684210526,59.92982456140351,42.666666666666664,39.85964912280702,0.0,0.0,,,3012,1,1.0,True
3013,-2.338357427631579,18.868627749202552,0.04147977745614035,243.47149122807016,5519.870614035088,-0.14110459210526297,57.73026315789473,59.94517543859649,42.83333333333333,40.015350877192986,0.0,0.0,,,3013,1,1.0,True
3014,-2.3382479078947367,18.857068815789475,0.04164117736842105,243.53947368421052,5520.986842105263,-0.1478950263157893,57.565789473684205,59.96052631578947,43.0,40.17105263157895,0.0,0.0,,,3014,1,1.0,True
3015,-2.3381383881578945,18.845509882376394,0.041802577280701754,243.60745614035088,5522.103070175439,-0.1546854605263156,57.40131578947368,59.97587719298246,43.166666666666664,40.32675438596492,0.0,0.0,,,3015,1,1.0,True
3016,-2.3380288684210524,18.833950948963317,0.041963977192982456,243.67543859649123,5523.2192982456145,-0.16147589473684193,57.23684210526316,59.99122807017544,43.33333333333333,40.482456140350884,0.0,0.0,,,3016,1,1.0,True
3017,-2.3379193486842103,18.82239201555024,0.04212537710526316,243.7434210526316,5524.335526315789,-0.16826632894736823,57.07236842105263,60.00657894736842,43.5,40.63815789473684,0.0,0.0,,,3017,1,1.0,True
3018,-2.3378098289473686,18.81083308213716,0.04228677701754386,243.81140350877192,5525.451754385965,-0.17505676315789456,56.9078947368421,60.021929824561404,43.666666666666664,40.79385964912281,0.0,0.0,,,3018,1,1.0,True
3019,-2.3377003092105264,18.799274148724084,0.04244817692982456,243.87938596491227,5526.56798245614,-0.18184719736842087,56.743421052631575,60.03728070175438,43.83333333333333,40.949561403508774,0.0,0.0,,,3019,1,1.0,True
3020,-2.3375907894736843,18.787715215311003,0.042609576842105264,243.94736842105263,5527.684210526316,-0.1886376315789472,56.57894736842105,60.05263157894737,44.0,41.10526315789474,0.0,0.0,,,3020,1,1.0,True
3021,-2.337481269736842,18.776156281897926,0.042770976754385966,244.015350877193,5528.800438596491,-0.1954280657894735,56.41447368421052,60.06798245614035,44.166666666666664,41.260964912280706,0.0,0.0,,,3021,1,1.0,True
3022,-2.33737175,18.76459734848485,0.04293237666666667,244.08333333333334,5529.916666666667,-0.20221849999999983,56.25,60.083333333333336,44.33333333333333,41.41666666666667,0.0,0.0,,,3022,1,1.0,True
3023,-2.337262230263158,18.75303841507177,0.04309377657894737,244.1513157894737,5531.0328947368425,-0.20900893421052613,56.08552631578947,60.098684210526315,44.5,41.57236842105264,0.0,0.0,,,3023,1,1.0,True
3024,-2.3371527105263157,18.741479481658693,0.04325517649122807,244.21929824561403,5532.149122807017,-0.21579936842105246,55.921052631578945,60.1140350877193,44.666666666666664,41.7280701754386,0.0,0.0,,,3024,1,1.0,True
3025,-2.3370431907894735,18.729920548245612,0.04341657640350877,244.28728070175438,5533.265350877193,-0.22258980263157876,55.75657894736842,60.12938596491228,44.83333333333333,41.88377192982456,0.0,0.0,,,3025,1,1.0,True
3026,-2.3369336710526314,18.718361614832535,0.043577976315789475,244.35526315789474,5534.381578947368,-0.2293802368421051,55.59210526315789,60.14473684210526,45.0,42.03947368421053,0.0,0.0,,,3026,1,1.0,True
3027,-2.3368241513157892,18.706802681419457,0.04373937622807018,244.4232456140351,5535.497807017544,-0.2361706710526314,55.42763157894736,60.16008771929825,45.166666666666664,42.19517543859649,0.0,0.0,,,3027,1,1.0,True
3028,-2.336714631578947,18.69524374800638,0.04390077614035088,244.49122807017545,5536.6140350877195,-0.24296110526315773,55.263157894736835,60.175438596491226,45.33333333333333,42.35087719298246,0.0,0.0,,,3028,1,1.0,True
3029,-2.3366051118421054,18.683684814593303,0.04406217605263158,244.55921052631578,5537.730263157895,-0.24975153947368403,55.098684210526315,60.19078947368421,45.5,42.506578947368425,0.0,0.0,,,3029,1,1.0,True
3030,-2.3364955921052633,18.67212588118022,0.04422357596491228,244.62719298245614,5538.846491228071,-0.25654197368421033,54.93421052631579,60.20614035087719,45.666666666666664,42.66228070175439,0.0,0.0,,,3030,1,1.0,True
3031,-2.336386072368421,18.660566947767144,0.04438497587719298,244.6951754385965,5539.962719298245,-0.26333240789473666,54.76973684210526,60.22149122807018,45.83333333333333,42.817982456140356,0.0,0.0,,,3031,1,1.0,True
3032,-2.336276552631579,18.649008014354067,0.04454637578947368,244.76315789473685,5541.078947368421,-0.270122842105263,54.60526315789473,60.23684210526316,46.0,42.97368421052632,0.0,0.0,,,3032,1,1.0,True
3033,-2.336167032894737,18.63744908094099,0.04470777570175438,244.8311403508772,5542.195175438596,-0.27691327631578927,54.440789473684205,60.25219298245614,46.166666666666664,43.12938596491228,0.0,0.0,,,3033,1,1.0,True
3034,-2.3360575131578947,18.62589014752791,0.044869175614035084,244.89912280701753,5543.311403508772,-0.2837037105263156,54.27631578947368,60.26754385964912,46.33333333333333,43.28508771929825,0.0,0.0,,,3034,1,1.0,True
3035,-2.3359479934210525,18.614331214114834,0.045030575526315786,244.9671052631579,5544.4276315789475,-0.29049414473684193,54.11184210526316,60.2828947368421,46.5,43.44078947368421,0.0,0.0,,,3035,1,1.0,True
3036,-2.3358384736842104,18.602772280701753,0.04519197543859649,245.03508771929825,5545.543859649123,-0.29728457894736826,53.94736842105263,60.29824561403509,46.666666666666664,43.59649122807018,0.0,0.0,,,3036,1,1.0,True
3037,-2.3357289539473682,18.591213347288676,0.04535337535087719,245.1030701754386,5546.660087719299,-0.30407501315789454,53.7828947368421,60.31359649122807,46.83333333333333,43.752192982456144,0.0,0.0,,,3037,1,1.0,True
3038,-2.335619434210526,18.5796544138756,0.04551477526315789,245.17105263157896,5547.776315789473,-0.31086544736842087,53.618421052631575,60.328947368421055,47.0,43.90789473684211,0.0,0.0,,,3038,1,1.0,True
3039,-2.335509914473684,18.56809548046252,0.045676175175438594,245.2390350877193,5548.892543859649,-0.3176558815789472,53.45394736842105,60.344298245614034,47.166666666666664,44.063596491228076,0.0,0.0,,,3039,1,1.0,True
3040,-2.3354003947368422,18.556536547049443,0.045837575087719296,245.30701754385964,5550.008771929824,-0.3244463157894735,53.28947368421052,60.35964912280702,47.33333333333333,44.21929824561404,0.0,0.0,,,3040,1,1.0,True
3041,-2.335290875,18.544977613636362,0.045998975,245.375,5551.125,-0.3312367499999998,53.125,60.375,47.5,44.375,0.0,0.0,,,3041,1,1.0,True
3042,-2.335181355263158,18.533418680223285,0.0461603749122807,245.44298245614036,5552.241228070176,-0.33802718421052613,52.96052631578947,60.39035087719298,47.666666666666664,44.530701754385966,0.0,0.0,,,3042,1,1.0,True
3043,-2.335071835526316,18.521859746810208,0.0463217748245614,245.5109649122807,5553.357456140351,-0.34481761842105246,52.796052631578945,60.405701754385966,47.83333333333333,44.68640350877193,0.0,0.0,,,3043,1,1.0,True
3044,-2.3349623157894737,18.51030081339713,0.0464831747368421,245.57894736842104,5554.473684210527,-0.3516080526315788,52.63157894736842,60.421052631578945,48.0,44.8421052631579,0.0,0.0,,,3044,1,1.0,True
3045,-2.3348527960526315,18.498741879984053,0.046644574649122805,245.6469298245614,5555.589912280701,-0.35839848684210507,52.46710526315789,60.43640350877193,48.166666666666664,44.99780701754386,0.0,0.0,,,3045,1,1.0,True
3046,-2.3347432763157894,18.48718294657097,0.04680597456140351,245.71491228070175,5556.706140350877,-0.3651889210526314,52.30263157894736,60.45175438596491,48.33333333333333,45.15350877192983,0.0,0.0,,,3046,1,1.0,True
3047,-2.3346337565789472,18.475624013157894,0.04696737447368421,245.7828947368421,5557.8223684210525,-0.37197935526315773,52.138157894736835,60.4671052631579,48.5,45.309210526315795,0.0,0.0,,,3047,1,1.0,True
3048,-2.334524236842105,18.464065079744817,0.04712877438596491,245.85087719298247,5558.938596491228,-0.378769789473684,51.973684210526315,60.48245614035088,48.666666666666664,45.46491228070176,0.0,0.0,,,3048,1,1.0,True
3049,-2.334414717105263,18.45250614633174,0.04729017429824561,245.9188596491228,5560.054824561404,-0.38556022368421033,51.80921052631579,60.497807017543856,48.83333333333333,45.620614035087726,0.0,0.0,,,3049,1,1.0,True
3050,-2.334305197368421,18.440947212918662,0.047451574210526315,245.98684210526315,5561.171052631579,-0.39235065789473667,51.64473684210526,60.51315789473684,49.0,45.776315789473685,0.0,0.0,,,3050,1,1.0,True
3051,-2.334195677631579,18.42938827950558,0.04761297412280702,246.0548245614035,5562.287280701755,-0.399141092105263,51.48026315789473,60.52850877192982,49.166666666666664,45.93201754385965,0.0,0.0,,,3051,1,1.0,True
3052,-2.334086157894737,18.417829346092503,0.04777437403508772,246.12280701754386,5563.403508771929,-0.40593152631578927,51.315789473684205,60.54385964912281,49.33333333333333,46.08771929824562,0.0,0.0,,,3052,1,1.0,True
3053,-2.333976638157895,18.406270412679426,0.04793577394736842,246.19078947368422,5564.519736842105,-0.4127219605263156,51.15131578947368,60.55921052631579,49.5,46.24342105263158,0.0,0.0,,,3053,1,1.0,True
3054,-2.3338671184210527,18.39471147926635,0.04809717385964912,246.25877192982458,5565.6359649122805,-0.41951239473684193,50.98684210526316,60.574561403508774,49.666666666666664,46.39912280701755,0.0,0.0,,,3054,1,1.0,True
3055,-2.3337575986842105,18.38315254585327,0.048258573771929825,246.3267543859649,5566.752192982456,-0.42630282894736826,50.82236842105263,60.58991228070175,49.83333333333333,46.554824561403514,0.0,0.0,,,3055,1,1.0,True
3056,-2.3336480789473684,18.37159361244019,0.04841997368421053,246.39473684210526,5567.868421052632,-0.43309326315789454,50.6578947368421,60.60526315789474,50.0,46.71052631578948,0.0,0.0,,,3056,1,1.0,True
3057,-2.333538559210526,18.360034679027113,0.04858137359649123,246.46271929824562,5568.984649122807,-0.43988369736842087,50.493421052631575,60.62061403508772,50.166666666666664,46.866228070175445,0.0,0.0,,,3057,1,1.0,True
3058,-2.333429039473684,18.348475745614035,0.04874277350877193,246.53070175438597,5570.100877192983,-0.4466741315789472,50.32894736842105,60.6359649122807,50.33333333333333,47.021929824561404,0.0,0.0,,,3058,1,1.0,True
3059,-2.333319519736842,18.336916812200958,0.04890417342105263,246.59868421052633,5571.2171052631575,-0.45346456578947353,50.16447368421052,60.651315789473685,50.5,47.17763157894737,0.0,0.0,,,3059,1,1.0,True
3060,-2.33321,18.32535787878788,0.049065573333333334,246.66666666666666,5572.333333333333,-0.4602549999999998,50.0,60.666666666666664,50.666666666666664,47.333333333333336,0.0,0.0,,,3060,1,1.0,True
3061,-2.3331004802631576,18.3137989453748,0.049226973245614036,246.734649122807,5573.449561403509,-0.46704543421052613,49.83552631578947,60.68201754385965,50.83333333333333,47.4890350877193,0.0,0.0,,,3061,1,1.0,True
3062,-2.332990960526316,18.30224001196172,0.04938837315789474,246.80263157894737,5574.565789473684,-0.47383586842105246,49.671052631578945,60.69736842105263,51.0,47.64473684210527,0.0,0.0,,,3062,1,1.0,True
3063,-2.332881440789474,18.290681078548644,0.04954977307017544,246.87061403508773,5575.68201754386,-0.48062630263157874,49.50657894736842,60.71271929824562,51.166666666666664,47.80043859649123,0.0,0.0,,,3063,1,1.0,True
3064,-2.3327719210526316,18.279122145135567,0.04971117298245614,246.93859649122808,5576.798245614035,-0.48741673684210507,49.34210526315789,60.728070175438596,51.33333333333333,47.9561403508772,0.0,0.0,,,3064,1,1.0,True
3065,-2.3326624013157895,18.26756321172249,0.049872572894736844,247.0065789473684,5577.914473684211,-0.4942071710526314,49.17763157894736,60.743421052631575,51.5,48.111842105263165,0.0,0.0,,,3065,1,1.0,True
3066,-2.3325528815789474,18.25600427830941,0.050033972807017546,247.07456140350877,5579.0307017543855,-0.5009976052631577,49.013157894736835,60.75877192982456,51.666666666666664,48.26754385964912,0.0,0.0,,,3066,1,1.0,True
3067,-2.332443361842105,18.24444534489633,0.05019537271929824,247.14254385964912,5580.146929824561,-0.507788039473684,48.848684210526315,60.77412280701754,51.83333333333333,48.42324561403509,0.0,0.0,,,3067,1,1.0,True
3068,-2.332333842105263,18.232886411483253,0.05035677263157894,247.21052631578948,5581.263157894737,-0.5145784736842104,48.68421052631579,60.78947368421053,52.0,48.578947368421055,0.0,0.0,,,3068,1,1.0,True
3069,-2.332224322368421,18.221327478070176,0.050518172543859645,247.27850877192984,5582.379385964912,-0.5213689078947367,48.51973684210526,60.80482456140351,52.166666666666664,48.73464912280702,0.0,0.0,,,3069,1,1.0,True
3070,-2.3321148026315788,18.2097685446571,0.05067957245614035,247.34649122807016,5583.495614035088,-0.5281593421052629,48.35526315789473,60.82017543859649,52.33333333333333,48.890350877192986,0.0,0.0,,,3070,1,1.0,True
3071,-2.3320052828947366,18.198209611244017,0.05084097236842105,247.41447368421052,5584.611842105263,-0.5349497763157893,48.190789473684205,60.83552631578947,52.5,49.04605263157895,0.0,0.0,,,3071,1,1.0,True
3072,-2.3318957631578945,18.18665067783094,0.05100237228070175,247.48245614035088,5585.728070175439,-0.5417402105263156,48.02631578947368,60.85087719298246,52.666666666666664,49.20175438596492,0.0,0.0,,,3072,1,1.0,True
3073,-2.3317862434210523,18.175091744417863,0.05116377219298245,247.55043859649123,5586.844298245614,-0.5485306447368419,47.86184210526316,60.86622807017544,52.83333333333333,49.357456140350884,0.0,0.0,,,3073,1,1.0,True
3074,-2.3316767236842106,18.163532811004785,0.051325172105263155,247.6184210526316,5587.960526315789,-0.5553210789473683,47.69736842105263,60.88157894736842,53.0,49.51315789473684,0.0,0.0,,,3074,1,1.0,True
3075,-2.3315672039473685,18.151973877591708,0.05148657201754386,247.68640350877192,5589.076754385965,-0.5621115131578945,47.5328947368421,60.896929824561404,53.166666666666664,49.66885964912281,0.0,0.0,,,3075,1,1.0,True
3076,-2.3314576842105263,18.14041494417863,0.05164797192982456,247.75438596491227,5590.19298245614,-0.5689019473684209,47.368421052631575,60.91228070175438,53.33333333333333,49.824561403508774,0.0,0.0,,,3076,1,1.0,True
3077,-2.331348164473684,18.12885601076555,0.05180937184210526,247.82236842105263,5591.309210526316,-0.5756923815789472,47.20394736842105,60.92763157894737,53.5,49.98026315789474,0.0,0.0,,,3077,1,1.0,True
3078,-2.331238644736842,18.11729707735247,0.05197077175438596,247.890350877193,5592.425438596491,-0.5824828157894735,47.03947368421052,60.94298245614035,53.666666666666664,50.135964912280706,0.0,0.0,,,3078,1,1.0,True
3079,-2.331129125,18.105738143939394,0.052132171666666664,247.95833333333334,5593.541666666667,-0.5892732499999999,46.87499999999999,60.958333333333336,53.83333333333333,50.29166666666667,0.0,0.0,,,3079,1,1.0,True
3080,-2.3310196052631578,18.094179210526317,0.052293571578947366,248.0263157894737,5594.6578947368425,-0.5960636842105261,46.71052631578947,60.973684210526315,54.0,50.44736842105264,0.0,0.0,,,3080,1,1.0,True
3081,-2.3309100855263156,18.08262027711324,0.05245497149122807,248.09429824561403,5595.774122807017,-0.6028541184210524,46.546052631578945,60.9890350877193,54.166666666666664,50.6030701754386,0.0,0.0,,,3081,1,1.0,True
3082,-2.3308005657894735,18.07106134370016,0.05261637140350877,248.16228070175438,5596.890350877193,-0.6096445526315788,46.38157894736842,61.00438596491228,54.33333333333333,50.75877192982457,0.0,0.0,,,3082,1,1.0,True
3083,-2.3306910460526313,18.05950241028708,0.05277777131578947,248.23026315789474,5598.006578947368,-0.6164349868421051,46.21710526315789,61.01973684210526,54.5,50.91447368421053,0.0,0.0,,,3083,1,1.0,True
3084,-2.330581526315789,18.047943476874003,0.052939171228070174,248.2982456140351,5599.122807017544,-0.6232254210526313,46.05263157894736,61.03508771929825,54.666666666666664,51.07017543859649,0.0,0.0,,,3084,1,1.0,True
3085,-2.3304720065789475,18.036384543460926,0.053100571140350876,248.36622807017545,5600.2390350877195,-0.6300158552631577,45.888157894736835,61.050438596491226,54.83333333333333,51.22587719298246,0.0,0.0,,,3085,1,1.0,True
3086,-2.3303624868421053,18.02482561004785,0.05326197105263158,248.43421052631578,5601.355263157895,-0.636806289473684,45.723684210526315,61.06578947368421,55.0,51.381578947368425,0.0,0.0,,,3086,1,1.0,True
3087,-2.330252967105263,18.013266676634768,0.05342337096491228,248.50219298245614,5602.471491228071,-0.6435967236842104,45.55921052631579,61.08114035087719,55.166666666666664,51.53728070175439,0.0,0.0,,,3087,1,1.0,True
3088,-2.330143447368421,18.00170774322169,0.05358477087719298,248.5701754385965,5603.587719298245,-0.6503871578947367,45.39473684210526,61.09649122807018,55.33333333333333,51.692982456140356,0.0,0.0,,,3088,1,1.0,True
3089,-2.330033927631579,17.990148809808613,0.053746170789473684,248.63815789473685,5604.703947368421,-0.6571775921052629,45.23026315789473,61.11184210526316,55.5,51.84868421052632,0.0,0.0,,,3089,1,1.0,True
3090,-2.3299244078947368,17.978589876395535,0.053907570701754386,248.7061403508772,5605.820175438596,-0.6639680263157893,45.065789473684205,61.12719298245614,55.666666666666664,52.00438596491229,0.0,0.0,,,3090,1,1.0,True
3091,-2.3298148881578946,17.967030942982458,0.05406897061403509,248.77412280701753,5606.936403508772,-0.6707584605263156,44.90131578947368,61.14254385964912,55.83333333333333,52.16008771929825,0.0,0.0,,,3091,1,1.0,True
3092,-2.3297053684210525,17.955472009569377,0.05423037052631579,248.8421052631579,5608.0526315789475,-0.6775488947368419,44.73684210526315,61.1578947368421,56.0,52.31578947368421,0.0,0.0,,,3092,1,1.0,True
3093,-2.3295958486842103,17.9439130761563,0.05439177043859649,248.91008771929825,5609.168859649123,-0.6843393289473683,44.57236842105263,61.17324561403509,56.166666666666664,52.47149122807018,0.0,0.0,,,3093,1,1.0,True
3094,-2.329486328947368,17.932354142743222,0.05455317035087719,248.9780701754386,5610.285087719299,-0.6911297631578945,44.4078947368421,61.18859649122807,56.33333333333333,52.627192982456144,0.0,0.0,,,3094,1,1.0,True
3095,-2.329376809210526,17.920795209330144,0.054714570263157895,249.04605263157896,5611.401315789473,-0.6979201973684208,44.243421052631575,61.203947368421055,56.5,52.78289473684211,0.0,0.0,,,3095,1,1.0,True
3096,-2.3292672894736843,17.909236275917067,0.0548759701754386,249.1140350877193,5612.517543859649,-0.7047106315789472,44.07894736842105,61.219298245614034,56.666666666666664,52.938596491228076,0.0,0.0,,,3096,1,1.0,True
3097,-2.329157769736842,17.897677342503986,0.0550373700877193,249.18201754385964,5613.633771929824,-0.7115010657894735,43.91447368421052,61.23464912280702,56.83333333333333,53.09429824561404,0.0,0.0,,,3097,1,1.0,True
3098,-2.32904825,17.88611840909091,0.05519877,249.25,5614.75,-0.7182914999999999,43.74999999999999,61.25,57.0,53.25000000000001,0.0,0.0,,,3098,1,1.0,True
3099,-2.328938730263158,17.87455947567783,0.0553601699122807,249.31798245614036,5615.866228070176,-0.7250819342105261,43.58552631578947,61.26535087719298,57.166666666666664,53.405701754385966,0.0,0.0,,,3099,1,1.0,True
3100,-2.3288292105263158,17.863000542264754,0.055521569824561405,249.3859649122807,5616.982456140351,-0.7318723684210524,43.421052631578945,61.280701754385966,57.33333333333333,53.56140350877193,0.0,0.0,,,3100,1,1.0,True
3101,-2.3287196907894736,17.851441608851676,0.05568296973684211,249.45394736842104,5618.098684210527,-0.7386628026315788,43.25657894736842,61.296052631578945,57.5,53.7171052631579,0.0,0.0,,,3101,1,1.0,True
3102,-2.3286101710526315,17.839882675438595,0.05584436964912281,249.5219298245614,5619.214912280701,-0.7454532368421051,43.09210526315789,61.31140350877193,57.666666666666664,53.87280701754386,0.0,0.0,,,3102,1,1.0,True
3103,-2.3285006513157893,17.828323742025518,0.05600576956140351,249.58991228070175,5620.331140350877,-0.7522436710526313,42.92763157894736,61.32675438596491,57.83333333333333,54.02850877192983,0.0,0.0,,,3103,1,1.0,True
3104,-2.328391131578947,17.81676480861244,0.056167169473684206,249.6578947368421,5621.4473684210525,-0.7590341052631577,42.763157894736835,61.3421052631579,58.0,54.184210526315795,0.0,0.0,,,3104,1,1.0,True
3105,-2.328281611842105,17.805205875199363,0.05632856938596491,249.72587719298247,5622.563596491228,-0.765824539473684,42.598684210526315,61.35745614035088,58.166666666666664,54.33991228070176,0.0,0.0,,,3105,1,1.0,True
3106,-2.328172092105263,17.793646941786285,0.05648996929824561,249.7938596491228,5623.679824561404,-0.7726149736842104,42.43421052631579,61.372807017543856,58.33333333333333,54.495614035087726,0.0,0.0,,,3106,1,1.0,True
3107,-2.328062572368421,17.782088008373204,0.05665136921052631,249.86184210526315,5624.796052631579,-0.7794054078947367,42.26973684210526,61.38815789473684,58.5,54.651315789473685,0.0,0.0,,,3107,1,1.0,True
3108,-2.327953052631579,17.770529074960127,0.056812769122807014,249.9298245614035,5625.912280701755,-0.7861958421052629,42.10526315789473,61.40350877192982,58.666666666666664,54.80701754385965,0.0,0.0,,,3108,1,1.0,True
3109,-2.327843532894737,17.75897014154705,0.056974169035087716,249.99780701754386,5627.028508771929,-0.7929862763157893,41.940789473684205,61.41885964912281,58.83333333333333,54.96271929824562,0.0,0.0,,,3109,1,1.0,True
3110,-2.3277340131578947,17.747411208133972,0.05713556894736842,250.06578947368422,5628.144736842105,-0.7997767105263156,41.77631578947368,61.43421052631579,59.0,55.11842105263158,0.0,0.0,,,3110,1,1.0,True
3111,-2.3276244934210526,17.735852274720894,0.05729696885964912,250.13377192982458,5629.2609649122805,-0.8065671447368419,41.61184210526315,61.449561403508774,59.166666666666664,55.27412280701755,0.0,0.0,,,3111,1,1.0,True
3112,-2.3275149736842105,17.724293341307813,0.05745836877192982,250.2017543859649,5630.377192982456,-0.8133575789473683,41.44736842105263,61.46491228070175,59.33333333333333,55.429824561403514,0.0,0.0,,,3112,1,1.0,True
3113,-2.3274054539473683,17.712734407894736,0.05761976868421052,250.26973684210526,5631.493421052632,-0.8201480131578945,41.2828947368421,61.48026315789474,59.5,55.58552631578948,0.0,0.0,,,3113,1,1.0,True
3114,-2.327295934210526,17.70117547448166,0.057781168596491225,250.33771929824562,5632.609649122807,-0.8269384473684208,41.118421052631575,61.49561403508772,59.666666666666664,55.741228070175445,0.0,0.0,,,3114,1,1.0,True
3115,-2.327186414473684,17.68961654106858,0.05794256850877193,250.40570175438597,5633.725877192983,-0.8337288815789472,40.95394736842105,61.5109649122807,59.83333333333333,55.89692982456141,0.0,0.0,,,3115,1,1.0,True
3116,-2.327076894736842,17.678057607655504,0.05810396842105263,250.47368421052633,5634.8421052631575,-0.8405193157894735,40.78947368421052,61.526315789473685,60.0,56.05263157894737,0.0,0.0,,,3116,1,1.0,True
3117,-2.3269673749999997,17.666498674242423,0.05826536833333333,250.54166666666666,5635.958333333333,-0.8473097499999999,40.62499999999999,61.541666666666664,60.166666666666664,56.208333333333336,0.0,0.0,,,3117,1,1.0,True
3118,-2.326857855263158,17.654939740829345,0.05842676824561403,250.609649122807,5637.074561403509,-0.8541001842105261,40.46052631578947,61.55701754385965,60.33333333333333,56.3640350877193,0.0,0.0,,,3118,1,1.0,True
3119,-2.326748335526316,17.643380807416268,0.058588168157894735,250.67763157894737,5638.190789473684,-0.8608906184210524,40.296052631578945,61.57236842105263,60.5,56.51973684210527,0.0,0.0,,,3119,1,1.0,True
3120,-2.3266388157894737,17.63182187400319,0.05874956807017544,250.74561403508773,5639.30701754386,-0.8676810526315788,40.13157894736842,61.58771929824562,60.666666666666664,56.67543859649123,0.0,0.0,,,3120,1,1.0,True
3121,-2.3265292960526316,17.620262940590113,0.05891096798245614,250.81359649122808,5640.423245614035,-0.8744714868421051,39.96710526315789,61.603070175438596,60.83333333333333,56.8311403508772,0.0,0.0,,,3121,1,1.0,True
3122,-2.3264197763157894,17.608704007177035,0.05907236789473684,250.8815789473684,5641.539473684211,-0.8812619210526313,39.80263157894736,61.618421052631575,61.0,56.986842105263165,0.0,0.0,,,3122,1,1.0,True
3123,-2.3263102565789473,17.597145073763954,0.05923376780701754,250.94956140350877,5642.6557017543855,-0.8880523552631577,39.638157894736835,61.63377192982456,61.166666666666664,57.14254385964913,0.0,0.0,,,3123,1,1.0,True
3124,-2.326200736842105,17.585586140350877,0.059395167719298245,251.01754385964912,5643.771929824561,-0.894842789473684,39.473684210526315,61.64912280701754,61.33333333333333,57.29824561403509,0.0,0.0,,,3124,1,1.0,True
3125,-2.326091217105263,17.5740272069378,0.05955656763157895,251.08552631578948,5644.888157894737,-0.9016332236842103,39.30921052631579,61.66447368421053,61.5,57.453947368421055,0.0,0.0,,,3125,1,1.0,True
3126,-2.325981697368421,17.562468273524722,0.05971796754385965,251.15350877192984,5646.004385964912,-0.9084236578947367,39.14473684210526,61.67982456140351,61.666666666666664,57.60964912280702,0.0,0.0,,,3126,1,1.0,True
3127,-2.3258721776315787,17.550909340111644,0.05987936745614035,251.22149122807016,5647.120614035088,-0.9152140921052629,38.98026315789473,61.69517543859649,61.83333333333333,57.765350877192986,0.0,0.0,,,3127,1,1.0,True
3128,-2.3257626578947366,17.539350406698563,0.06004076736842105,251.28947368421052,5648.236842105263,-0.9220045263157893,38.815789473684205,61.71052631578947,62.0,57.92105263157895,0.0,0.0,,,3128,1,1.0,True
3129,-2.325653138157895,17.527791473285486,0.060202167280701754,251.35745614035088,5649.353070175439,-0.9287949605263156,38.65131578947368,61.72587719298246,62.166666666666664,58.07675438596492,0.0,0.0,,,3129,1,1.0,True
3130,-2.3255436184210527,17.51623253987241,0.060363567192982456,251.42543859649123,5650.469298245614,-0.9355853947368419,38.48684210526315,61.74122807017544,62.33333333333333,58.232456140350884,0.0,0.0,,,3130,1,1.0,True
3131,-2.3254340986842106,17.50467360645933,0.06052496710526316,251.4934210526316,5651.585526315789,-0.9423758289473683,38.32236842105263,61.75657894736842,62.5,58.38815789473685,0.0,0.0,,,3131,1,1.0,True
3132,-2.3253245789473684,17.493114673046254,0.06068636701754386,251.56140350877192,5652.701754385965,-0.9491662631578945,38.1578947368421,61.771929824561404,62.666666666666664,58.54385964912281,0.0,0.0,,,3132,1,1.0,True
3133,-2.3252150592105263,17.481555739633173,0.06084776692982456,251.62938596491227,5653.81798245614,-0.9559566973684208,37.993421052631575,61.78728070175438,62.83333333333333,58.699561403508774,0.0,0.0,,,3133,1,1.0,True
3134,-2.325105539473684,17.469996806220095,0.061009166842105264,251.69736842105263,5654.934210526316,-0.9627471315789472,37.82894736842105,61.80263157894737,63.0,58.85526315789474,0.0,0.0,,,3134,1,1.0,True
3135,-2.324996019736842,17.458437872807018,0.061170566754385966,251.765350877193,5656.050438596491,-0.9695375657894735,37.66447368421052,61.81798245614035,63.166666666666664,59.010964912280706,0.0,0.0,,,3135,1,1.0,True
3136,-2.3248865,17.44687893939394,0.06133196666666667,251.83333333333334,5657.166666666667,-0.9763279999999999,37.49999999999999,61.833333333333336,63.33333333333333,59.16666666666667,0.0,0.0,,,3136,1,1.0,True
3137,-2.3247769802631577,17.435320005980863,0.06149336657894737,251.9013157894737,5658.2828947368425,-0.9831184342105261,37.33552631578947,61.848684210526315,63.5,59.32236842105264,0.0,0.0,,,3137,1,1.0,True
3138,-2.3246674605263156,17.423761072567782,0.06165476649122807,251.96929824561403,5659.399122807017,-0.9899088684210524,37.171052631578945,61.864035087719294,63.666666666666664,59.4780701754386,0.0,0.0,,,3138,1,1.0,True
3139,-2.3245579407894734,17.412202139154704,0.061816166403508774,252.03728070175438,5660.515350877193,-0.9966993026315788,37.00657894736842,61.87938596491228,63.83333333333333,59.63377192982457,0.0,0.0,,,3139,1,1.0,True
3140,-2.3244484210526317,17.400643205741627,0.061977566315789476,252.10526315789474,5661.631578947368,-1.0034897368421052,36.84210526315789,61.89473684210526,64.0,59.789473684210535,0.0,0.0,,,3140,1,1.0,True
3141,-2.3243389013157896,17.38908427232855,0.06213896622807017,252.1732456140351,5662.747807017544,-1.0102801710526315,36.67763157894736,61.91008771929825,64.16666666666666,59.94517543859649,0.0,0.0,,,3141,1,1.0,True
3142,-2.3242293815789474,17.377525338915472,0.06230036614035087,252.24122807017545,5663.8640350877195,-1.0170706052631577,36.513157894736835,61.925438596491226,64.33333333333333,60.10087719298246,0.0,0.0,,,3142,1,1.0,True
3143,-2.3241198618421053,17.36596640550239,0.062461766052631575,252.30921052631578,5664.980263157895,-1.023861039473684,36.34868421052631,61.94078947368421,64.5,60.256578947368425,0.0,0.0,,,3143,1,1.0,True
3144,-2.324010342105263,17.354407472089314,0.06262316596491228,252.37719298245614,5666.096491228071,-1.0306514736842103,36.18421052631579,61.95614035087719,64.66666666666666,60.41228070175439,0.0,0.0,,,3144,1,1.0,True
3145,-2.323900822368421,17.342848538676236,0.06278456587719299,252.4451754385965,5667.212719298245,-1.0374419078947366,36.01973684210526,61.97149122807018,64.83333333333333,60.567982456140356,0.0,0.0,,,3145,1,1.0,True
3146,-2.323791302631579,17.33128960526316,0.06294596578947369,252.51315789473685,5668.328947368421,-1.044232342105263,35.85526315789473,61.98684210526316,65.0,60.72368421052632,0.0,0.0,,,3146,1,1.0,True
3147,-2.3236817828947367,17.31973067185008,0.06310736570175439,252.5811403508772,5669.445175438596,-1.0510227763157893,35.690789473684205,62.00219298245614,65.16666666666666,60.87938596491229,0.0,0.0,,,3147,1,1.0,True
3148,-2.3235722631578946,17.308171738437,0.06326876561403509,252.64912280701753,5670.561403508772,-1.0578132105263156,35.52631578947368,62.01754385964912,65.33333333333333,61.035087719298254,0.0,0.0,,,3148,1,1.0,True
3149,-2.3234627434210524,17.296612805023923,0.0634301655263158,252.7171052631579,5671.6776315789475,-1.0646036447368419,35.36184210526315,62.0328947368421,65.5,61.19078947368421,0.0,0.0,,,3149,1,1.0,True
3150,-2.3233532236842103,17.285053871610845,0.0635915654385965,252.78508771929825,5672.793859649123,-1.0713940789473682,35.19736842105263,62.04824561403509,65.66666666666666,61.34649122807018,0.0,0.0,,,3150,1,1.0,True
3151,-2.3232437039473686,17.273494938197768,0.0637529653508772,252.8530701754386,5673.910087719299,-1.0781845131578947,35.0328947368421,62.06359649122807,65.83333333333333,61.502192982456144,0.0,0.0,,,3151,1,1.0,True
3152,-2.3231341842105264,17.26193600478469,0.0639143652631579,252.92105263157896,5675.026315789473,-1.084974947368421,34.868421052631575,62.078947368421055,66.0,61.65789473684211,0.0,0.0,,,3152,1,1.0,True
3153,-2.3230246644736843,17.25037707137161,0.0640757651754386,252.9890350877193,5676.142543859649,-1.0917653815789472,34.70394736842105,62.094298245614034,66.16666666666666,61.813596491228076,0.0,0.0,,,3153,1,1.0,True
3154,-2.322915144736842,17.238818137958532,0.0642371650877193,253.05701754385964,5677.258771929824,-1.0985558157894735,34.53947368421052,62.10964912280702,66.33333333333333,61.96929824561404,0.0,0.0,,,3154,1,1.0,True
3155,-2.322805625,17.227259204545454,0.064398565,253.125,5678.375,-1.1053462499999998,34.37499999999999,62.125,66.5,62.12500000000001,0.0,0.0,,,3155,1,1.0,True
3156,-2.322696105263158,17.215700271132377,0.0645599649122807,253.19298245614036,5679.491228070176,-1.112136684210526,34.210526315789465,62.14035087719298,66.66666666666666,62.28070175438597,0.0,0.0,,,3156,1,1.0,True
3157,-2.3225865855263157,17.2041413377193,0.06472136482456141,253.2609649122807,5680.607456140351,-1.1189271184210525,34.046052631578945,62.155701754385966,66.83333333333333,62.43640350877193,0.0,0.0,,,3157,1,1.0,True
3158,-2.3224770657894735,17.19258240430622,0.06488276473684211,253.32894736842104,5681.723684210527,-1.1257175526315788,33.88157894736842,62.171052631578945,67.0,62.5921052631579,0.0,0.0,,,3158,1,1.0,True
3159,-2.3223675460526314,17.18102347089314,0.0650441646491228,253.3969298245614,5682.839912280701,-1.132507986842105,33.71710526315789,62.18640350877193,67.16666666666666,62.74780701754386,0.0,0.0,,,3159,1,1.0,True
3160,-2.3222580263157893,17.169464537480064,0.0652055645614035,253.46491228070175,5683.956140350877,-1.1392984210526313,33.55263157894736,62.20175438596491,67.33333333333333,62.90350877192983,0.0,0.0,,,3160,1,1.0,True
3161,-2.322148506578947,17.157905604066986,0.0653669644736842,253.5328947368421,5685.0723684210525,-1.1460888552631576,33.388157894736835,62.2171052631579,67.5,63.059210526315795,0.0,0.0,,,3161,1,1.0,True
3162,-2.3220389868421054,17.14634667065391,0.0655283643859649,253.60087719298247,5686.188596491228,-1.1528792894736841,33.22368421052631,62.23245614035088,67.66666666666666,63.21491228070176,0.0,0.0,,,3162,1,1.0,True
3163,-2.3219294671052633,17.13478773724083,0.0656897642982456,253.66885964912282,5687.304824561404,-1.1596697236842104,33.05921052631579,62.247807017543856,67.83333333333333,63.370614035087726,0.0,0.0,,,3163,1,1.0,True
3164,-2.321819947368421,17.12322880382775,0.06585116421052631,253.73684210526315,5688.421052631579,-1.1664601578947367,32.89473684210526,62.26315789473684,68.0,63.52631578947369,0.0,0.0,,,3164,1,1.0,True
3165,-2.321710427631579,17.111669870414673,0.06601256412280701,253.8048245614035,5689.537280701755,-1.173250592105263,32.73026315789473,62.27850877192982,68.16666666666666,63.68201754385965,0.0,0.0,,,3165,1,1.0,True
3166,-2.321600907894737,17.100110937001595,0.06617396403508771,253.87280701754386,5690.653508771929,-1.1800410263157892,32.565789473684205,62.29385964912281,68.33333333333333,63.83771929824562,0.0,0.0,,,3166,1,1.0,True
3167,-2.3214913881578947,17.088552003588518,0.06633536394736841,253.94078947368422,5691.769736842105,-1.1868314605263155,32.40131578947368,62.30921052631579,68.5,63.99342105263158,0.0,0.0,,,3167,1,1.0,True
3168,-2.3213818684210525,17.07699307017544,0.06649676385964912,254.00877192982458,5692.8859649122805,-1.193621894736842,32.23684210526315,62.324561403508774,68.66666666666666,64.14912280701755,0.0,0.0,,,3168,1,1.0,True
3169,-2.3212723486842104,17.06543413676236,0.06665816377192982,254.0767543859649,5694.002192982456,-1.2004123289473683,32.07236842105263,62.33991228070175,68.83333333333333,64.3048245614035,0.0,0.0,,,3169,1,1.0,True
3170,-2.3211628289473683,17.053875203349282,0.06681956368421052,254.14473684210526,5695.118421052632,-1.2072027631578945,31.9078947368421,62.35526315789474,69.0,64.46052631578948,0.0,0.0,,,3170,1,1.0,True
3171,-2.321053309210526,17.042316269936205,0.06698096359649122,254.21271929824562,5696.234649122807,-1.2139931973684208,31.743421052631575,62.37061403508772,69.16666666666666,64.61622807017544,0.0,0.0,,,3171,1,1.0,True
3172,-2.320943789473684,17.030757336523127,0.06714236350877192,254.28070175438597,5697.350877192983,-1.220783631578947,31.578947368421048,62.3859649122807,69.33333333333333,64.77192982456141,0.0,0.0,,,3172,1,1.0,True
3173,-2.320834269736842,17.01919840311005,0.06730376342105263,254.34868421052633,5698.4671052631575,-1.2275740657894736,31.41447368421052,62.401315789473685,69.5,64.92763157894737,0.0,0.0,,,3173,1,1.0,True
3174,-2.32072475,17.00763946969697,0.06746516333333333,254.41666666666666,5699.583333333333,-1.2343644999999999,31.249999999999996,62.416666666666664,69.66666666666666,65.08333333333334,0.0,0.0,,,3174,1,1.0,True
3175,-2.320615230263158,16.99608053628389,0.06762656324561403,254.484649122807,5700.699561403509,-1.2411549342105261,31.08552631578947,62.43201754385965,69.83333333333333,65.2390350877193,0.0,0.0,,,3175,1,1.0,True
3176,-2.320505710526316,16.984521602870814,0.06778796315789473,254.55263157894737,5701.815789473684,-1.2479453684210524,30.92105263157894,62.44736842105263,70.0,65.39473684210527,0.0,0.0,,,3176,1,1.0,True
3177,-2.3203961907894737,16.972962669457736,0.06794936307017543,254.62061403508773,5702.93201754386,-1.2547358026315787,30.756578947368418,62.46271929824562,70.16666666666666,65.55043859649123,0.0,0.0,,,3177,1,1.0,True
3178,-2.3202866710526315,16.96140373604466,0.06811076298245614,254.68859649122808,5704.048245614035,-1.261526236842105,30.59210526315789,62.478070175438596,70.33333333333333,65.70614035087719,0.0,0.0,,,3178,1,1.0,True
3179,-2.3201771513157894,16.949844802631578,0.06827216289473684,254.7565789473684,5705.164473684211,-1.2683166710526315,30.427631578947363,62.493421052631575,70.5,65.86184210526316,0.0,0.0,,,3179,1,1.0,True
3180,-2.3200676315789472,16.9382858692185,0.06843356280701754,254.82456140350877,5706.2807017543855,-1.2751071052631577,30.263157894736835,62.50877192982456,70.66666666666666,66.01754385964912,0.0,0.0,,,3180,1,1.0,True
3181,-2.319958111842105,16.926726935805423,0.06859496271929824,254.89254385964912,5707.396929824561,-1.281897539473684,30.09868421052631,62.52412280701754,70.83333333333333,66.1732456140351,0.0,0.0,,,3181,1,1.0,True
3182,-2.319848592105263,16.915168002392345,0.06875636263157894,254.96052631578948,5708.513157894737,-1.2886879736842103,29.934210526315784,62.53947368421053,71.0,66.32894736842105,0.0,0.0,,,3182,1,1.0,True
3183,-2.319739072368421,16.903609068979268,0.06891776254385965,255.02850877192984,5709.629385964912,-1.2954784078947366,29.769736842105257,62.55482456140351,71.16666666666666,66.48464912280703,0.0,0.0,,,3183,1,1.0,True
3184,-2.3196295526315787,16.892050135566187,0.06907916245614035,255.09649122807016,5710.745614035088,-1.302268842105263,29.605263157894733,62.57017543859649,71.33333333333333,66.64035087719299,0.0,0.0,,,3184,1,1.0,True
3185,-2.319520032894737,16.88049120215311,0.06924056236842105,255.16447368421052,5711.861842105263,-1.3090592763157893,29.440789473684205,62.58552631578947,71.5,66.79605263157896,0.0,0.0,,,3185,1,1.0,True
3186,-2.319410513157895,16.868932268740032,0.06940196228070175,255.23245614035088,5712.978070175439,-1.3158497105263156,29.276315789473678,62.60087719298246,71.66666666666666,66.95175438596492,0.0,0.0,,,3186,1,1.0,True
3187,-2.3193009934210527,16.857373335326955,0.06956336219298245,255.30043859649123,5714.094298245614,-1.3226401447368419,29.111842105263154,62.61622807017544,71.83333333333333,67.10745614035088,0.0,0.0,,,3187,1,1.0,True
3188,-2.3191914736842105,16.845814401913877,0.06972476210526315,255.3684210526316,5715.210526315789,-1.3294305789473682,28.947368421052627,62.63157894736842,72.0,67.26315789473685,0.0,0.0,,,3188,1,1.0,True
3189,-2.3190819539473684,16.834255468500796,0.06988616201754386,255.43640350877192,5716.326754385965,-1.3362210131578944,28.7828947368421,62.646929824561404,72.16666666666666,67.41885964912281,0.0,0.0,,,3189,1,1.0,True
3190,-2.3189724342105262,16.82269653508772,0.07004756192982456,255.50438596491227,5717.44298245614,-1.343011447368421,28.618421052631575,62.66228070175438,72.33333333333333,67.57456140350878,0.0,0.0,,,3190,1,1.0,True
3191,-2.318862914473684,16.81113760167464,0.07020896184210526,255.57236842105263,5718.559210526316,-1.3498018815789472,28.453947368421048,62.67763157894737,72.5,67.73026315789474,0.0,0.0,,,3191,1,1.0,True
3192,-2.318753394736842,16.799578668261564,0.07037036175438596,255.640350877193,5719.675438596491,-1.3565923157894735,28.28947368421052,62.69298245614035,72.66666666666666,67.88596491228071,0.0,0.0,,,3192,1,1.0,True
3193,-2.318643875,16.788019734848486,0.07053176166666666,255.70833333333334,5720.791666666667,-1.3633827499999998,28.124999999999996,62.708333333333336,72.83333333333333,68.04166666666667,0.0,0.0,,,3193,1,1.0,True
3194,-2.3185343552631577,16.776460801435405,0.07069316157894737,255.7763157894737,5721.9078947368425,-1.370173184210526,27.96052631578947,62.723684210526315,73.0,68.19736842105263,0.0,0.0,,,3194,1,1.0,True
3195,-2.3184248355263155,16.764901868022328,0.07085456149122807,255.84429824561403,5723.024122807017,-1.3769636184210525,27.79605263157894,62.739035087719294,73.16666666666666,68.3530701754386,0.0,0.0,,,3195,1,1.0,True
3196,-2.318315315789474,16.75334293460925,0.07101596140350877,255.91228070175438,5724.140350877193,-1.3837540526315788,27.631578947368418,62.75438596491228,73.33333333333333,68.50877192982456,0.0,0.0,,,3196,1,1.0,True
3197,-2.3182057960526317,16.741784001196173,0.07117736131578947,255.98026315789474,5725.256578947368,-1.390544486842105,27.46710526315789,62.76973684210526,73.5,68.66447368421053,0.0,0.0,,,3197,1,1.0,True
3198,-2.3180962763157895,16.730225067783095,0.07133876122807017,256.04824561403507,5726.372807017544,-1.3973349210526314,27.302631578947363,62.78508771929825,73.66666666666666,68.8201754385965,0.0,0.0,,,3198,1,1.0,True
3199,-2.3179867565789474,16.718666134370014,0.07150016114035088,256.11622807017545,5727.4890350877195,-1.4041253552631576,27.138157894736835,62.800438596491226,73.83333333333333,68.97587719298247,0.0,0.0,,,3199,1,1.0,True
3200,-2.3178772368421052,16.707107200956937,0.07166156105263158,256.1842105263158,5728.605263157895,-1.4109157894736841,26.97368421052631,62.81578947368421,74.0,69.13157894736842,0.0,0.0,,,3200,1,1.0,True
3201,-2.317767717105263,16.69554826754386,0.07182296096491228,256.25219298245617,5729.721491228071,-1.4177062236842104,26.809210526315784,62.83114035087719,74.16666666666666,69.2872807017544,0.0,0.0,,,3201,1,1.0,True
3202,-2.317658197368421,16.683989334130782,0.07198436087719298,256.3201754385965,5730.837719298245,-1.4244966578947367,26.644736842105257,62.84649122807018,74.33333333333333,69.44298245614036,0.0,0.0,,,3202,1,1.0,True
3203,-2.317548677631579,16.672430400717705,0.07214576078947368,256.3881578947368,5731.953947368421,-1.431287092105263,26.480263157894733,62.86184210526316,74.5,69.59868421052632,0.0,0.0,,,3203,1,1.0,True
3204,-2.3174391578947366,16.660871467304624,0.07230716070175439,256.4561403508772,5733.070175438596,-1.4380775263157892,26.315789473684205,62.87719298245614,74.66666666666666,69.75438596491229,0.0,0.0,,,3204,1,1.0,True
3205,-2.3173296381578945,16.649312533891546,0.07246856061403509,256.52412280701753,5734.186403508772,-1.4448679605263155,26.151315789473678,62.89254385964912,74.83333333333333,69.91008771929825,0.0,0.0,,,3205,1,1.0,True
3206,-2.3172201184210524,16.63775360047847,0.07262996052631579,256.5921052631579,5735.3026315789475,-1.451658394736842,25.986842105263154,62.9078947368421,75.0,70.06578947368422,0.0,0.0,,,3206,1,1.0,True
3207,-2.3171105986842107,16.62619466706539,0.07279136043859649,256.66008771929825,5736.418859649123,-1.4584488289473683,25.822368421052627,62.92324561403509,75.16666666666666,70.22149122807018,0.0,0.0,,,3207,1,1.0,True
3208,-2.3170010789473685,16.614635733652314,0.0729527603508772,256.7280701754386,5737.535087719299,-1.4652392631578945,25.6578947368421,62.93859649122807,75.33333333333333,70.37719298245615,0.0,0.0,,,3208,1,1.0,True
3209,-2.3168915592105264,16.603076800239236,0.0731141602631579,256.79605263157896,5738.651315789473,-1.4720296973684208,25.493421052631575,62.953947368421055,75.5,70.53289473684211,0.0,0.0,,,3209,1,1.0,True
3210,-2.316782039473684,16.591517866826155,0.0732755601754386,256.8640350877193,5739.767543859649,-1.478820131578947,25.328947368421048,62.969298245614034,75.66666666666666,70.68859649122808,0.0,0.0,,,3210,1,1.0,True
3211,-2.316672519736842,16.579958933413078,0.0734369600877193,256.9320175438597,5740.883771929824,-1.4856105657894736,25.16447368421052,62.98464912280702,75.83333333333333,70.84429824561404,0.0,0.0,,,3211,1,1.0,True
3212,-2.316563,16.5684,0.07359836,257.0,5742.0,-1.492401,25.0,63.0,76.0,71.0,0.0,0.0,33.0,32.0,3212,1,1.0,True
3213,-2.3284844545454546,16.565683636363637,0.0334538,251.0,5599.090909090909,-1.5011364545454546,33.18181818181818,63.0,34.54545454545455,32.27272727272727,0.0,0.0,33.0,32.0,3213,1,1.0,True
3214,-2.3272162727272727,16.55941,0.0,241.54545454545453,5383.363636363636,-1.512605,48.27272727272727,63.0,0.0,0.0,0.0,0.0,33.0,32.0,3214,1,1.0,True
3215,-2.3252220909090906,16.55190272727273,0.049813272727272734,255.0,5695.909090909091,-1.5107246363636364,52.81818181818182,62.63636363636363,53.45454545454545,46.18181818181818,0.0,0.0,33.0,32.0,3215,1,1.0,True
3216,-2.3152006666666667,16.40328,0.26156485,287.5,6439.5,-1.4986828333333333,58.5,62.0,271.6666666666667,251.16666666666666,0.0,0.0,33.0,32.0,3216,1,1.0,True
3217,-2.2739345999999996,16.167399,0.29635034,292.3,6551.9,-1.5068548,87.8,62.0,294.4,298.0,0.0,0.0,33.0,32.0,3217,1,1.0,True
3218,-2.2653873636363637,15.92880090909091,0.2977581,292.90909090909093,6560.636363636364,-1.5134552727272728,97.54545454545455,62.0,296.1818181818182,299.0,0.0,0.0,33.0,32.0,3218,1,1.0,True
3219,-2.254163333333333,15.621265000000001,0.29815131666666667,292.6666666666667,6558.5,-1.5178741666666669,100.0,62.0,296.8333333333333,299.0,0.0,0.0,33.0,32.0,3219,1,1.0,True
3220,-2.24174,15.332620909090908,0.29795151818181814,291.0,6524.363636363636,-1.5234244545454545,100.0,62.0,296.3636363636364,299.0,0.0,0.0,33.0,32.0,3220,1,1.0,True
3221,-2.22851725,15.052435833333334,0.2971941083333333,291.1666666666667,6517.916666666667,-1.5292681666666665,100.0,62.0,294.5833333333333,299.0,0.0,0.0,33.0,32.0,3221,1,1.0,True
3222,-2.2189483636363634,14.78773,0.29775812727272727,293.54545454545456,6590.363636363636,-1.5350724545454546,100.0,62.0,295.90909090909093,299.0,0.0,0.0,33.0,32.0,3222,1,1.0,True
3223,-2.2147787272727273,14.512777272727272,0.2983768909090909,293.0,6563.272727272727,-1.5361975454545453,100.0,62.0,298.8181818181818,297.54545454545456,0.0,0.0,33.0,32.0,3223,1,1.0,True
3224,-2.205525833333333,14.206791666666668,0.29886035,293.3333333333333,6578.333333333333,-1.5358041666666666,100.0,62.0,298.6666666666667,298.8333333333333,0.0,0.0,33.0,32.0,3224,1,1.0,True
3225,-2.1987813,13.939727,0.29907305,290.6,6516.7,-1.5375627,100.0,62.0,298.8,298.7,0.0,0.0,33.0,32.0,3225,1,1.0,True
3226,-2.1905084545454545,13.649054545454545,0.29872496363636364,290.45454545454544,6513.363636363636,-1.538866,100.0,62.0,299.0,298.72727272727275,0.0,0.0,33.0,28.0,3226,1,1.0,True
3227,-2.1798925,13.367518333333331,0.29864765,292.0,6551.833333333333,-1.5412571666666668,100.0,62.0,298.0,299.0,0.0,0.0,33.0,28.0,3227,1,1.0,True
3228,-2.1734762727272727,13.063011818181819,0.29899574545454544,293.54545454545456,6581.272727272727,-1.5432467272727273,100.0,62.0,299.0,298.8181818181818,0.0,0.0,33.0,28.0,3228,1,1.0,True
3229,-2.1710022727272724,12.819497272727272,0.2979901636363636,291.1818181818182,6522.545454545455,-1.5416223636363637,100.0,62.0,297.3636363636364,298.09090909090907,0.0,0.0,33.0,28.0,3229,1,1.0,True
3230,-2.1824269999999997,12.571753333333334,0.1578796,286.44444444444446,6418.0,-1.7856457777777779,98.55555555555556,62.0,16.555555555555557,299.0,0.0,0.0,33.0,28.0,3230,1,1.0,True
3231,-2.2332262727272725,12.472869090909091,0.11173179090909091,285.45454545454544,6390.545454545455,-2.314247,96.54545454545455,62.0,-57.27272727272727,280.09090909090907,0.0,0.0,33.0,28.0,3231,1,1.0,True
3232,-2.328901636363636,12.410836363636365,0.13729594545454546,286.09090909090907,6407.727272727273,-2.9512306363636367,98.81818181818181,62.0,-16.181818181818183,290.45454545454544,0.0,0.0,33.0,28.0,3232,1,1.0,True
3233,-2.450184181818182,12.39669818181818,0.14131812727272727,284.90909090909093,6380.818181818182,0.3538268181818181,94.0909090909091,62.0,217.36363636363637,65.0,0.0,0.0,33.0,28.0,3233,1,1.0,True
3234,-2.5514799999999997,12.365236363636363,0.1322681818181818,283.45454545454544,6346.272727272727,-2.5828615454545454,68.27272727272727,62.0,296.45454545454544,-32.09090909090909,0.0,0.0,33.0,28.0,3234,1,1.0,True
3235,-2.6335378333333335,12.266671666666667,0.13911361666666666,284.0,6357.0,-1.9806738333333334,66.83333333333333,62.0,293.8333333333333,-16.0,0.0,0.0,33.0,28.0,3235,1,1.0,True
3236,-2.6452874545454543,12.11414181818182,0.21329214545454545,292.45454545454544,6555.181818181818,-1.5496716363636365,74.81818181818181,62.0,291.27272727272725,134.72727272727272,0.0,0.0,33.0,6.0,3236,1,1.0,True
3237,-2.6204723636363636,11.868870909090909,0.26588999999999996,296.27272727272725,6639.181818181818,-1.5377623636363635,72.81818181818181,62.0,233.0909090909091,298.54545454545456,0.0,0.0,33.0,6.0,3237,1,1.0,True
3238,-2.6371814545454546,11.626266363636363,0.29044855454545454,293.09090909090907,6568.545454545455,-1.568785181818182,89.0,62.0,281.45454545454544,299.0,0.0,0.0,33.0,6.0,3238,1,1.0,True
3239,-2.6410663636363636,11.339468181818182,0.2972553363636364,290.72727272727275,6511.090909090909,-1.5743095454545455,99.0,62.0,298.54545454545456,295.54545454545456,0.0,0.0,33.0,6.0,3239,1,1.0,True
3240,-2.6400961818181816,11.069429090909091,0.29729404545454546,290.90909090909093,6515.636363636364,-1.5680939999999999,100.0,62.0,299.0,294.90909090909093,0.0,0.0,33.0,6.0,3240,1,1.0,True
3241,-2.6380938181818183,10.773138181818181,0.2979514909090909,294.27272727272725,6595.090909090909,-1.561712090909091,99.45454545454545,62.0,299.0,296.3636363636364,0.0,0.0,33.0,6.0,3241,1,1.0,True
3242,-2.6361854545454544,10.510065454545453,0.29818352727272723,294.27272727272725,6600.363636363636,-1.5572599090909092,99.81818181818181,62.0,299.0,296.90909090909093,0.0,0.0,33.0,10.0,3242,1,1.0,True
3243,-2.635248333333333,10.203146666666667,0.29772585,294.5,6601.333333333333,-1.5510113333333333,99.66666666666667,62.0,299.0,295.8333333333333,0.0,0.0,33.0,10.0,3243,1,1.0,True
3244,-2.631345090909091,9.947336454545455,0.2988023545454545,294.09090909090907,6596.545454545455,-1.5465280000000001,100.0,62.0,299.0,298.27272727272725,0.0,0.0,33.0,10.0,3244,1,1.0,True
3245,-2.623489090909091,9.646783000000001,0.2992664636363636,293.3636363636364,6576.545454545455,-1.5460287272727273,100.0,62.0,299.0,299.0,0.0,0.0,33.0,10.0,3245,1,1.0,True
3246,-2.616267909090909,9.364062363636362,0.2991117272727273,290.6363636363636,6522.909090909091,-1.5473578181818182,100.0,62.0,298.54545454545456,299.0,0.0,0.0,33.0,10.0,3246,1,1.0,True
3247,-2.607248090909091,9.080211636363636,0.29470281818181815,287.1818181818182,6445.636363636364,-1.5492425454545455,100.0,62.0,290.1818181818182,299.0,0.0,0.0,33.0,10.0,3247,1,1.0,True
3248,-2.6205815,8.851314166666667,0.19158260000000002,285.3333333333333,6406.0,-1.7261503333333332,99.33333333333333,62.0,83.83333333333333,299.0,0.0,0.0,33.0,278.0,3248,1,1.0,True
3249,-2.674601181818182,8.70842690909091,0.14650052727272728,284.45454545454544,6367.272727272727,-2.2176197272727274,99.0909090909091,62.0,-6.545454545454546,299.0,0.0,0.0,33.0,278.0,3249,1,1.0,True
3250,-2.7894584545454544,8.628162363636363,0.16931876363636364,284.8181818181818,6378.181818181818,-2.7448004545454547,100.0,62.0,39.09090909090909,299.0,0.0,0.0,33.0,278.0,3250,1,1.0,True
3251,-2.9528335,8.576775,0.19895661333333334,283.1666666666667,6335.166666666667,-3.072464,99.66666666666667,62.0,179.83333333333334,218.16666666666666,0.0,0.0,33.0,278.0,3251,1,1.0,True
3252,-3.0674546363636366,8.565760272727273,0.07746584454545455,285.90909090909093,6402.181818181818,-2.7705907272727277,84.54545454545455,62.0,243.1818181818182,-88.36363636363636,0.0,0.0,33.0,278.0,3252,1,1.0,True
3253,-3.1011308181818182,8.533902818181817,0.08775336818181817,283.0,6334.363636363636,-2.2371278181818184,69.45454545454545,62.0,250.27272727272728,-74.18181818181819,0.0,0.0,33.0,278.0,3253,1,1.0,True
3254,-3.1222495454545456,8.39785990909091,0.18591028181818184,291.0,6520.272727272727,-1.6765442727272728,67.0,62.0,291.90909090909093,79.45454545454545,0.0,0.0,33.0,278.0,3254,1,1.0,True
3255,-3.101336272727273,8.169352272727274,0.2670502454545454,289.3636363636364,6492.272727272727,-1.5337177272727274,60.09090909090909,62.0,257.90909090909093,275.8181818181818,0.0,0.0,33.0,278.0,3255,1,1.0,True
3256,-3.1214731666666666,7.922083499999999,0.28595583333333335,294.0,6592.5,-1.5822293333333333,77.16666666666667,62.0,272.8333333333333,299.0,0.0,0.0,33.0,278.0,3256,1,1.0,True
3257,-3.133691666666667,7.6671648333333335,0.297406825,291.0833333333333,6528.166666666667,-1.5894165833333334,97.5,62.0,298.8333333333333,295.4166666666667,0.0,0.0,33.0,278.0,3257,1,1.0,True
3258,-3.136701909090909,7.375880181818181,0.29679120909090906,289.6363636363636,6494.727272727273,-1.5799072727272725,100.0,62.0,299.0,293.8181818181818,0.0,0.0,33.0,278.0,3258,1,1.0,True
3259,-3.1381971666666666,7.1140955,0.2968041166666667,291.6666666666667,6540.333333333333,-1.5707025000000001,100.0,62.0,299.0,294.0,0.0,0.0,33.0,278.0,3259,1,1.0,True
3260,-3.137268,6.816718636363635,0.2777245218181818,287.45454545454544,6444.272727272727,-1.5638711818181819,100.0,62.09090909090909,279.0,275.90909090909093,0.0,1.0,33.0,278.0,3260,1,1.0,True
3261,-3.136852909090909,6.639277363636364,0.03500079090909091,228.9090909090909,5091.727272727273,-1.5525764545454543,100.0,63.0,35.90909090909091,34.09090909090909,0.0,1.0,33.0,278.0,3261,1,1.0,True
3262,-3.135272545454546,6.605975727272727,0.15295926363636364,277.0,6209.818181818182,-1.5485965454545456,100.0,62.54545454545455,151.0909090909091,154.8181818181818,0.0,1.0,33.0,278.0,3262,1,1.0,True
3263,-3.131804,6.428070272727274,0.18884955454545455,242.8181818181818,5412.545454545455,-1.5494690909090911,97.81818181818181,62.90909090909091,188.1818181818182,189.36363636363637,0.0,1.0,33.0,278.0,3263,1,1.0,True
3264,-3.1327766666666665,6.296614000000001,0.21802981666666668,282.3333333333333,6325.333333333333,-1.545594666666667,97.66666666666667,62.166666666666664,216.0,220.66666666666666,0.0,1.0,33.0,278.0,3264,1,1.0,True
3265,-3.1281304545454547,6.011679818181818,0.29818350909090907,294.1818181818182,6602.818181818182,-1.550016909090909,99.81818181818181,62.0,297.8181818181818,298.45454545454544,0.0,0.0,33.0,282.0,3265,1,1.0,True
3266,-3.1215053636363637,5.760932363636364,0.29857025454545455,294.72727272727275,6609.545454545455,-1.5508534545454544,100.0,62.0,298.1818181818182,298.6363636363636,0.0,0.0,33.0,282.0,3266,1,1.0,True
3267,-3.1184035,5.461088666666666,0.2985058,292.6666666666667,6562.333333333333,-1.5488661666666665,100.0,62.0,299.0,297.8333333333333,0.0,0.0,33.0,282.0,3267,1,1.0,True
3268,-3.1088270909090907,5.184905545454545,0.29845424545454546,291.45454545454544,6535.181818181818,-1.5478543636363638,100.0,62.0,297.90909090909093,299.0,0.0,0.0,33.0,282.0,3268,1,1.0,True
3269,-3.103115090909091,4.882687181818182,0.2983769363636364,292.90909090909093,6569.545454545455,-1.5495138181818182,100.0,62.0,299.0,297.3636363636364,0.0,0.0,33.0,282.0,3269,1,1.0,True
3270,-3.0977711818181817,4.631077363636364,0.2986476,291.6363636363636,6539.636363636364,-1.5473657272727273,100.0,62.0,298.54545454545456,298.45454545454544,0.0,0.0,33.0,282.0,3270,1,1.0,True
3271,-3.0878486363636366,4.331915363636363,0.2984155636363636,290.3636363636364,6510.363636363636,-1.5500450000000001,100.0,62.0,297.8181818181818,298.6363636363636,0.0,0.0,33.0,282.0,3271,1,1.0,True
3272,-3.084845181818182,4.036834090909091,0.2986476,289.27272727272725,6491.727272727273,-1.5488562727272728,100.0,62.0,298.6363636363636,298.3636363636364,0.0,0.0,33.0,282.0,3272,1,1.0,True
3273,-3.0759079090909087,3.7537818181818183,0.2991117545454545,290.54545454545456,6516.272727272727,-1.547878909090909,100.0,62.0,298.8181818181818,299.0,0.0,0.0,33.0,282.0,3273,1,1.0,True
3274,-3.0717053636363634,3.503224545454545,0.2983382454545454,291.8181818181818,6557.363636363636,-1.5475487272727273,99.81818181818181,62.0,298.6363636363636,297.3636363636364,0.0,0.0,33.0,282.0,3274,1,1.0,True
3275,-3.0606468181818185,3.185872181818182,0.2983769090909091,292.54545454545456,6570.0,-1.5486316363636363,98.27272727272727,62.0,297.3636363636364,299.0,0.0,0.0,33.0,282.0,3275,1,1.0,True
3276,-3.0573644545454544,2.903811363636364,0.2986089727272727,292.54545454545456,6564.909090909091,-1.5482166363636365,98.72727272727273,62.0,299.0,297.90909090909093,0.0,0.0,33.0,282.0,3276,1,1.0,True
3277,-3.0521646666666666,2.6235925,0.29932125,291.1666666666667,6539.583333333333,-1.5459055,99.41666666666667,62.0,299.0,299.0,0.0,0.0,33.0,282.0,3277,1,1.0,True
3278,-3.0451373636363637,2.356395272727273,0.29930513636363637,292.09090909090907,6550.454545454545,-1.546003909090909,99.0,62.0,299.0,299.0,0.0,0.0,33.0,282.0,3278,1,1.0,True
3279,-3.038912272727273,2.076325090909091,0.29930513636363637,290.6363636363636,6519.181818181818,-1.5465735454545453,99.0,62.0,299.0,299.0,0.0,0.0,33.0,282.0,3279,1,1.0,True
3280,-3.0328609090909087,1.7808196363636364,0.2991891181818182,293.0,6567.545454545455,-1.545550181818182,98.18181818181819,62.0,299.0,299.0,0.0,0.0,33.0,286.0,3280,1,1.0,True
3281,-3.02784375,1.49963075,0.298860325,292.0,6546.75,-1.54439075,96.5,62.0,299.0,298.25,0.0,0.0,33.0,290.0,3281,1,1.0,True
3282,-3.0217200909090907,1.196467,0.2991890909090909,292.8181818181818,6562.363636363636,-1.542459909090909,93.0909090909091,62.0,299.0,298.72727272727275,0.0,0.0,33.0,22.0,3282,1,1.0,True
3283,-3.0129795,0.9302601333333333,0.2988603833333333,293.3333333333333,6574.5,-1.5431178333333333,92.0,62.0,298.5,299.0,0.0,0.0,33.0,22.0,3283,1,1.0,True
3284,-3.0008009090909087,0.623345709090909,0.2950895727272727,294.3636363636364,6601.181818181818,-1.548609,91.27272727272727,62.0,290.54545454545456,299.0,0.0,0.0,33.0,26.0,3284,1,1.0,True
3285,-2.999805818181818,0.40020945454545453,0.25455826363636364,293.09090909090907,6566.636363636364,-1.6023039090909093,90.0,62.0,209.8181818181818,299.0,0.0,0.0,33.0,26.0,3285,1,1.0,True
3286,-3.041781272727272,0.16284538181818184,0.1796836181818182,285.27272727272725,6390.636363636364,-1.896143181818182,80.36363636363636,62.0,61.90909090909091,297.6363636363636,0.0,0.0,33.0,26.0,3286,1,1.0,True
3287,-3.0915558181818183,0.07824768545454545,0.05600126545454545,275.6363636363636,6169.909090909091,-2.214425909090909,76.9090909090909,62.0,-13.181818181818182,125.45454545454545,0.0,0.0,33.0,26.0,3287,1,1.0,True
3288,-3.121858833333333,0.05190975166666667,0.038217255,272.6666666666667,6110.666666666667,-2.4543725,86.0,62.0,-22.833333333333332,100.0,0.0,0.0,33.0,26.0,3288,1,1.0,True
3289,-3.1516966363636367,0.04105864636363636,0.03623838636363636,272.90909090909093,6112.090909090909,-2.662645727272727,90.63636363636364,62.0,-26.818181818181817,100.0,0.0,0.0,33.0,26.0,3289,1,1.0,True
3290,-3.1869877,0.031213418,0.036075953,273.5,6122.0,-2.889118,89.3,62.0,-27.4,100.0,0.0,0.0,33.0,26.0,3290,1,1.0,True
3291,-3.219704833333333,0.0168691755,0.03041781333333333,265.1666666666667,5934.166666666667,1.0758981666666667,92.83333333333333,62.166666666666664,-22.166666666666668,83.33333333333333,0.0,0.0,33.0,26.0,3291,1,1.0,True
3292,-3.2329810000000005,0.004408021272727273,0.0,230.54545454545453,5151.272727272727,3.090078,96.63636363636364,63.0,0.0,0.0,0.0,0.0,33.0,26.0,3292,1,1.0,True
3293,-3.2329810000000005,0.003935294363636364,0.0,232.54545454545453,5184.0,3.090078,97.54545454545455,63.0,0.0,0.0,0.0,0.0,33.0,26.0,3293,1,1.0,True
3294,-3.232981,0.004526203,0.0,232.0,5184.0,3.090078,97.5,63.0,0.0,0.0,0.0,0.0,33.0,26.0,3294,1,1.0,True
3295,-3.232981,0.004526203,0.0,232.5,5184.0,3.090078,97.0,63.0,0.0,0.0,0.0,0.0,33.0,26.0,3295,1,1.0,True
3296,-3.232981,0.004526203,0.0,232.8,5189.2,3.090078,97.4,63.0,0.0,0.0,0.0,0.0,33.0,26.0,3296,1,1.0,True
3297,-3.232981,0.004526203,0.0,233.0,5185.6,3.090078,98.0,63.0,0.0,0.0,0.0,0.0,33.0,26.0,3297,1,1.0,True
3298,-3.232981,0.004526203,0.0,233.4,5195.0,3.090078,97.5,63.0,0.0,0.0,0.0,0.0,33.0,26.0,3298,1,1.0,True
3299,-3.232981,0.004526203,0.0,233.8,5201.2,3.090078,97.5,63.0,0.0,0.0,0.0,0.0,33.0,26.0,3299,1,1.0,True
3300,-3.232981,0.004526203,0.0,233.0,5184.0,3.090078,97.4,63.0,0.0,0.0,0.0,0.0,33.0,26.0,3300,1,1.0,True
3301,-3.2329810000000005,0.0031080217272727276,0.0,233.45454545454547,5201.727272727273,3.090078,98.0,63.0,0.0,0.0,0.0,0.0,33.0,26.0,3301,1,1.0,True
3302,-3.2329810000000005,0.0033443852727272727,0.0,233.9090909090909,5204.454545454545,3.090078,98.0,63.0,0.0,0.0,0.0,0.0,33.0,26.0,3302,1,1.0,True
3303,-3.2758015454545455,0.003876562727272727,0.15129623636363637,280.6363636363636,6283.0,3.111802909090909,97.0909090909091,62.09090909090909,171.0909090909091,131.63636363636363,0.0,0.0,2.0,222.0,3303,1,1.0,True
3304,-3.485084181818182,0.0008850042727272727,0.28449260000000004,293.8181818181818,6588.909090909091,-1.9722932727272726,97.27272727272727,62.0,296.6363636363636,272.0,0.0,0.0,2.0,222.0,3304,1,1.0,True
3305,-3.7909283636363638,-0.008302351818181819,0.2980674818181818,291.6363636363636,6536.272727272727,-3.0947925454545455,98.54545454545455,62.0,297.09090909090907,298.8181818181818,0.0,0.0,2.0,226.0,3305,1,1.0,True
3306,-4.074486545454545,-0.01682291090909091,0.2911060454545455,287.45454545454544,6444.636363636364,-3.0969818181818183,98.72727272727273,62.0,290.1818181818182,291.90909090909093,0.0,0.0,2.0,226.0,3306,1,1.0,True
3307,-4.2870385,-0.024628171666666667,0.1537198466666667,268.3333333333333,6004.833333333333,-3.0993584999999997,99.0,62.0,153.0,154.33333333333334,0.0,0.0,2.0,226.0,3307,1,1.0,True
3308,-4.3929243636363635,-0.027468494545454546,0.09243302454545455,266.72727272727275,5969.090909090909,-3.1007723636363638,98.36363636363636,62.09090909090909,92.63636363636364,93.0,0.0,0.0,2.0,224.0,3308,1,1.0,True
3309,-4.453047454545454,-0.028960596363636362,0.010674272181818182,264.1818181818182,5915.636363636364,-3.0984074545454545,98.0,62.45454545454545,36.09090909090909,-14.636363636363637,0.0,0.0,2.0,224.0,3309,1,1.0,True
3310,-4.459692727272728,-0.04300331,0.000425424,275.90909090909093,6180.0,-2.813392818181818,95.0909090909091,62.0,100.0,-99.0,0.0,0.0,2.0,224.0,3310,1,1.0,True
3311,-4.4590641818181815,-0.041275475454545456,0.000425424,276.6363636363636,6193.818181818182,-2.5181866363636365,88.0,62.0,100.0,-99.0,0.0,0.0,2.0,224.0,3311,1,1.0,True
3312,-4.456423666666667,-0.005941448666666667,0.000425424,274.5,6148.166666666667,-2.134243,87.16666666666667,62.0,100.0,-99.0,0.0,0.0,2.0,224.0,3312,1,1.0,True
3313,-4.4495641,-0.0081095937,0.00042542399999999993,275.3,6169.6,-1.7825205,83.2,62.0,100.0,-99.0,0.0,0.0,2.0,224.0,3313,1,1.0,True
3314,-4.42898275,-0.011534490500000001,0.000425424,275.5,6171.75,-1.4423139999999999,84.75,62.0,100.0,-99.0,0.0,0.0,2.0,224.0,3314,1,1.0,True
3315,-4.4152735000000005,-0.0350093,0.000425424,275.5,6171.0,-1.16131385,80.0,62.0,100.0,-99.0,0.0,0.0,2.0,224.0,3315,1,1.0,True
3316,-4.427568,-0.015612383818181818,0.000425424,274.90909090909093,6157.727272727273,-0.7657506818181818,79.0909090909091,62.0,99.0909090909091,-98.0909090909091,0.0,0.0,2.0,224.0,3316,1,1.0,True
3317,-4.448716363636364,-0.008291674545454547,0.0004254261818181818,273.09090909090907,6113.909090909091,-0.4379361909090909,85.45454545454545,62.0,79.63636363636364,-78.63636363636364,0.0,0.0,2.0,224.0,3317,1,1.0,True
3318,-4.434359,-0.01665515,0.00042542399999999993,271.5,6073.0,-0.18654685,90.0,62.0,55.5,-54.5,0.0,0.0,2.0,224.0,3318,1,1.0,True
3319,-4.435321454545455,-0.023260808181818183,0.00027072327272727273,272.27272727272725,6086.727272727273,-0.03367932,91.0,62.0,31.363636363636363,-30.727272727272727,0.0,0.0,2.0,224.0,3319,1,1.0,True
3320,-4.383252333333333,-0.025784546666666668,0.1776854333333333,283.6666666666667,6350.166666666667,0.025761531666666667,92.66666666666667,62.0,172.0,183.16666666666666,0.0,0.0,2.0,224.0,3320,1,1.0,True
3321,-4.1074091818181815,-0.023394065454545455,0.29741003636363633,294.8181818181818,6609.454545454545,0.011484673636363636,92.72727272727273,62.0,295.90909090909093,298.1818181818182,0.0,0.0,2.0,224.0,3321,1,1.0,True
3322,-3.856890636363637,-0.019136094545454545,0.2983382181818182,296.27272727272725,6652.727272727273,0.010734802727272728,92.0,62.0,299.0,297.27272727272725,0.0,0.0,2.0,220.0,3322,1,1.0,True
3323,-3.558466166666667,-0.012990908333333334,0.2985058,292.5,6567.0,0.013589184999999998,91.33333333333333,62.0,299.0,297.8333333333333,0.0,0.0,2.0,220.0,3323,1,1.0,True
3324,-3.291436818181818,-0.0059910654545454545,0.24867967181818182,283.3636363636364,6347.090909090909,0.06048686545454545,91.72727272727273,62.0,295.72727272727275,201.8181818181818,0.0,0.0,2.0,220.0,3324,1,1.0,True
3325,-3.1404437499999998,0.03679301583333334,0.0917852175,284.5,6368.916666666667,0.5570170416666667,81.0,62.0,264.5,-80.83333333333333,0.0,0.0,2.0,24.0,3325,1,1.0,True
3326,-3.0890883636363635,0.06651241818181819,0.12271548181818183,285.8181818181818,6399.272727272727,1.0304040909090908,58.90909090909091,62.0,282.72727272727275,-37.27272727272727,0.0,0.0,2.0,24.0,3326,1,1.0,True
3327,-3.0665065454545455,0.22035228545454544,0.24260768181818182,295.09090909090907,6624.0,1.480456,76.72727272727273,62.0,298.3636363636364,186.54545454545453,0.0,0.0,2.0,24.0,3327,1,1.0,True
3328,-3.067004090909091,0.48502076363636365,0.2870838636363636,297.09090909090907,6666.0,1.566480181818182,87.0909090909091,62.0,284.45454545454544,289.3636363636364,0.0,0.0,2.0,20.0,3328,1,1.0,True
3329,-3.0461615454545456,0.7958265272727272,0.29288507272727277,294.45454545454544,6605.454545454545,1.5536534545454546,90.0,62.0,289.54545454545456,296.0,0.0,0.0,2.0,20.0,3329,1,1.0,True
3330,-3.038445909090909,1.0517159818181818,0.2952829090909091,289.54545454545456,6500.909090909091,1.5602923636363635,91.81818181818181,62.0,299.0,290.90909090909093,0.0,0.0,2.0,288.0,3330,1,1.0,True
3331,-3.04457,1.3502640000000001,0.29822220000000005,289.5,6492.5,1.568708,90.16666666666667,62.0,299.0,297.5,0.0,0.0,2.0,284.0,3331,1,1.0,True
3332,-3.0453197499999995,1.6204751666666668,0.29694594166666666,291.1666666666667,6531.25,1.5690247499999999,89.16666666666667,62.0,299.0,294.5833333333333,0.0,0.0,2.0,284.0,3332,1,1.0,True
3333,-3.046940818181818,1.886654909090909,0.29679126363636366,294.0,6600.727272727273,1.5758705454545454,91.0,62.0,299.0,294.09090909090907,0.0,0.0,2.0,280.0,3333,1,1.0,True
3334,-3.0516080909090912,2.1656586363636365,0.29880233636363634,291.72727272727275,6545.818181818182,1.5800724545454548,91.0,62.0,299.0,297.90909090909093,0.0,0.0,2.0,280.0,3334,1,1.0,True
3335,-3.056411,2.4357004545454544,0.29826088181818183,289.3636363636364,6498.909090909091,1.580862818181818,91.0,62.0,299.0,297.0,0.0,0.0,2.0,280.0,3335,1,1.0,True
3336,-3.063584,2.7335936666666663,0.29829310000000003,292.6666666666667,6571.833333333333,1.5808229999999999,90.33333333333333,62.0,299.0,297.1666666666667,0.0,0.0,2.0,280.0,3336,1,1.0,True
3337,-3.0667358181818183,3.0011283636363633,0.2981061818181818,294.1818181818182,6613.090909090909,1.58748,86.81818181818181,62.0,298.1818181818182,297.54545454545456,0.0,0.0,2.0,280.0,3337,1,1.0,True
3338,-3.069124909090909,3.311394363636363,0.2981062,294.90909090909093,6622.181818181818,1.594246909090909,93.54545454545455,62.0,296.54545454545456,299.0,0.0,0.0,2.0,280.0,3338,1,1.0,True
3339,-3.0776522727272724,3.608792363636364,0.29864762727272726,293.27272727272725,6581.181818181818,1.5916908181818181,96.72727272727273,62.0,297.90909090909093,298.8181818181818,0.0,0.0,2.0,280.0,3339,1,1.0,True
3340,-3.0825246363636363,3.9059997272727274,0.2988023454545454,292.54545454545456,6567.272727272727,1.591729272727273,97.0909090909091,62.0,299.0,298.3636363636364,0.0,0.0,2.0,280.0,3340,1,1.0,True
3341,-3.0866093636363634,4.146287545454546,0.2982608727272727,292.3636363636364,6562.363636363636,1.5934114545454543,98.0,62.0,298.45454545454544,297.6363636363636,0.0,0.0,2.0,280.0,3341,1,1.0,True
3342,-3.0933933636363635,4.4788429090909085,0.29884100909090905,292.6363636363636,6576.090909090909,1.593988272727273,98.45454545454545,62.0,299.0,298.45454545454544,0.0,0.0,2.0,280.0,3342,1,1.0,True
3343,-3.0992031818181816,4.7277403636363635,0.2986862818181818,289.90909090909093,6513.909090909091,1.5960857272727274,98.45454545454545,62.0,299.0,298.45454545454544,0.0,0.0,2.0,280.0,3343,1,1.0,True
3344,-3.1045301666666667,5.023807333333333,0.29907305,292.0,6561.5,1.5971363333333333,98.16666666666667,62.0,299.0,298.6666666666667,0.0,0.0,2.0,280.0,3344,1,1.0,True
3345,-3.110505272727273,5.286998090909091,0.29922777272727275,293.72727272727275,6594.090909090909,1.5975934545454544,98.27272727272727,62.0,299.0,298.8181818181818,0.0,0.0,2.0,280.0,3345,1,1.0,True
3346,-3.1186399999999996,5.570488636363637,0.2990731,294.45454545454544,6610.636363636364,1.5966796363636364,99.0,62.0,299.0,299.0,0.0,0.0,2.0,280.0,3346,1,1.0,True
3347,-3.124083666666667,5.874419166666667,0.29864765,291.0,6535.166666666667,1.5968916666666668,99.0,62.0,299.0,298.0,0.0,0.0,2.0,280.0,3347,1,1.0,True
3348,-3.130375454545455,6.141372636363636,0.2990731,290.90909090909093,6533.181818181818,1.5979697272727271,99.0909090909091,62.0,299.0,299.0,0.0,0.0,2.0,276.0,3348,1,1.0,True
3349,-3.1382636363636363,6.430467545454545,0.29930513636363637,291.45454545454544,6552.636363636364,1.5969640909090907,100.0,62.0,299.0,299.0,0.0,0.0,2.0,276.0,3349,1,1.0,True
3350,-3.1442393636363635,6.715053090909091,0.2992664636363636,292.0,6565.818181818182,1.5968656363636364,99.0,61.54545454545455,299.0,299.0,0.0,0.0,2.0,276.0,3350,1,1.0,True
3351,-3.1502486363636364,7.005783090909091,0.29903437272727273,292.90909090909093,6577.272727272727,1.5973789090909092,99.0,61.90909090909091,299.0,298.45454545454544,0.0,0.0,2.0,276.0,3351,1,1.0,True
3352,-3.1561049090909092,7.253360545454546,0.29926643636363637,293.27272727272725,6592.545454545455,1.598008090909091,99.81818181818181,62.0,299.0,298.72727272727275,0.0,0.0,2.0,276.0,3352,1,1.0,True
3353,-3.1649413636363635,7.576013272727272,0.2986476,293.1818181818182,6583.363636363636,1.5983112727272726,99.18181818181819,62.0,298.1818181818182,298.8181818181818,0.0,0.0,2.0,276.0,3353,1,1.0,True
3354,-3.1702084545454543,7.837373454545454,0.2991117272727273,292.45454545454544,6564.272727272727,1.598027090909091,99.0,62.0,298.54545454545456,299.0,0.0,0.0,2.0,276.0,3354,1,1.0,True
3355,-3.1749256666666668,8.133987166666666,0.2837578,292.0,6559.333333333333,1.5873448333333335,99.0,62.0,268.1666666666667,299.0,0.0,0.0,2.0,276.0,3355,1,1.0,True
3356,-3.171351272727273,8.344198363636364,0.1920982909090909,286.54545454545456,6426.909090909091,1.4109938181818182,97.0,62.0,84.9090909090909,298.54545454545456,0.0,0.0,2.0,276.0,3356,1,1.0,True
3357,-3.119130727272727,8.48742909090909,0.10910192727272726,283.6363636363636,6360.909090909091,0.8989901454545456,95.54545454545455,62.0,-59.09090909090909,277.09090909090907,0.0,0.0,2.0,276.0,3357,1,1.0,True
3358,-3.0464323636363635,8.529754181818182,0.0850847890909091,284.3636363636364,6378.0,0.3195826636363637,86.45454545454545,62.0,-81.0,250.72727272727272,0.0,0.0,2.0,276.0,3358,1,1.0,True
3359,-2.9224361818181817,8.546989272727272,0.1592633109090909,286.72727272727275,6440.363636363636,0.021147876363636367,91.54545454545455,62.0,226.27272727272728,92.0,0.0,0.0,2.0,276.0,3359,1,1.0,True
3360,-2.7839143333333336,8.583474833333332,0.15180546666666667,284.5,6379.166666666667,0.4307191166666667,94.0,62.0,299.0,4.0,0.0,0.0,2.0,276.0,3360,1,1.0,True
3361,-2.6758623636363636,8.670602636363638,0.15079344545454546,285.54545454545456,6399.727272727273,0.9860911090909091,92.54545454545455,62.0,299.0,2.0,0.0,0.0,2.0,276.0,3361,1,1.0,True
3362,-2.6478887272727274,8.823997545454546,0.19820888181818183,290.6363636363636,6521.363636363636,1.4574055454545454,92.0,61.81818181818182,297.1818181818182,98.54545454545455,0.0,0.0,2.0,276.0,3362,1,1.0,True
3363,-2.650927181818182,9.031986090909092,0.2663541,298.45454545454544,6696.363636363636,1.6278505454545453,96.36363636363636,61.54545454545455,249.72727272727272,282.6363636363636,0.0,0.0,2.0,8.0,3363,1,1.0,True
3364,-2.6547227999999996,9.3025332,0.29175576,297.3,6689.3,1.5607484,97.5,61.1,285.4,298.3,0.0,0.0,2.0,8.0,3364,1,1.0,True
3365,-2.6557960909090905,9.571994818181818,0.29775812727272727,291.45454545454544,6549.909090909091,1.5532409999999999,98.54545454545455,62.0,299.0,295.90909090909093,0.0,0.0,2.0,8.0,3365,1,1.0,True
3366,-2.654914583333333,9.877259166666667,0.29715865,293.8333333333333,6601.75,1.5607279166666668,99.0,61.583333333333336,299.0,294.5,0.0,0.0,2.0,8.0,3366,1,1.0,True
3367,-2.652619,10.136923363636363,0.2969845818181818,290.3636363636364,6512.0,1.569350909090909,99.0,61.90909090909091,299.0,294.09090909090907,0.0,0.0,2.0,8.0,3367,1,1.0,True
3368,-2.652518833333333,10.442638333333333,0.29758408333333336,290.5,6522.5,1.5784556666666667,99.0,62.0,299.0,295.5,0.0,0.0,2.0,4.0,3368,1,1.0,True
3369,-2.6483161818181817,10.733761818181819,0.29752603636363634,290.3636363636364,6527.818181818182,1.5903046363636364,99.27272727272727,62.0,299.0,295.3636363636364,0.0,0.0,2.0,4.0,3369,1,1.0,True
3370,-2.6507645454545457,11.020252727272727,0.29907307272727274,291.45454545454544,6538.727272727273,1.5982286363636364,100.0,62.0,299.0,298.45454545454544,0.0,0.0,2.0,4.0,3370,1,1.0,True
3371,-2.6555215000000003,11.283568333333335,0.2992858,292.8333333333333,6575.333333333333,1.600153,100.0,61.5,299.0,299.0,0.0,0.0,2.0,4.0,3371,1,1.0,True
3372,-2.664019090909091,11.590259090909091,0.2991117727272727,292.8181818181818,6576.0,1.5995020000000002,100.0,62.0,299.0,299.0,0.0,0.0,2.0,4.0,3372,1,1.0,True
3373,-2.668582909090909,11.858873636363636,0.29903437272727273,291.90909090909093,6554.545454545455,1.5993541818181818,100.0,61.45454545454545,299.0,298.45454545454544,0.0,0.0,2.0,4.0,3373,1,1.0,True
3374,-2.668633454545455,12.108232727272728,0.2227674909090909,284.8181818181818,6400.272727272727,1.5263532727272726,98.0909090909091,61.45454545454545,146.1818181818182,299.0,0.0,0.0,2.0,30.0,3374,1,1.0,True
3375,-2.6310716363636364,12.236674545454546,0.14031256363636363,287.72727272727275,6466.090909090909,1.1054601454545454,95.0,62.0,-14.545454545454545,295.0,0.0,0.0,2.0,30.0,3375,1,1.0,True
3376,-2.553543,12.32282,0.12727268333333333,285.6666666666667,6412.666666666667,0.5077247666666667,98.5,62.0,-35.166666666666664,289.6666666666667,0.0,0.0,2.0,30.0,3376,1,1.0,True
3377,-2.4088748181818183,12.354147272727273,0.17995435454545453,285.0,6400.272727272727,0.07195250672727273,93.81818181818181,62.0,171.0,189.0909090909091,0.0,0.0,2.0,30.0,3377,1,1.0,True
3378,-2.294389,12.384014545454544,0.1118864781818182,284.27272727272725,6383.181818181818,0.31838249454545453,92.36363636363636,62.0,282.09090909090907,-58.18181818181818,0.0,0.0,2.0,30.0,3378,1,1.0,True
3379,-2.2264063333333333,12.454533333333332,0.10990119333333333,285.0,6405.5,0.9179847333333333,82.83333333333333,62.0,275.0,-55.5,0.0,0.0,2.0,30.0,3379,1,1.0,True
3380,-2.200670272727273,12.545939090909089,0.1651418909090909,287.72727272727275,6456.909090909091,1.434404909090909,75.54545454545455,62.0,288.3636363636364,41.72727272727273,0.0,0.0,2.0,30.0,3380,1,1.0,True
3381,-2.220151,12.761355454545454,0.24550832727272728,292.27272727272725,6564.181818181818,1.6863998181818183,78.27272727272727,62.0,205.45454545454547,285.3636363636364,0.0,0.0,2.0,30.0,3381,1,1.0,True
3382,-2.2145899166666667,12.96929,0.27283860833333334,298.0,6705.583333333333,1.5838025833333333,89.0,61.083333333333336,246.33333333333334,299.0,0.0,0.0,2.0,30.0,3382,1,1.0,True
3383,-2.2184103636363637,13.275526363636363,0.2974100454545454,291.45454545454544,6543.727272727273,1.543992090909091,94.54545454545455,61.90909090909091,297.1818181818182,297.1818181818182,0.0,0.0,2.0,30.0,3383,1,1.0,True
3384,-2.217795833333333,13.548143333333334,0.29616596666666667,291.1666666666667,6542.5,1.5469413333333335,93.66666666666667,61.5,299.0,293.0,0.0,0.0,2.0,30.0,3384,1,1.0,True
3385,-2.2136402727272726,13.859168181818182,0.29675254545454544,292.72727272727275,6576.545454545455,1.5618266363636364,94.0909090909091,61.45454545454545,299.0,293.72727272727275,0.0,0.0,2.0,34.0,3385,1,1.0,True
3386,-2.21047825,14.115686666666667,0.29765498333333335,294.1666666666667,6615.666666666667,1.5722130833333334,95.75,61.416666666666664,299.0,295.8333333333333,0.0,0.0,2.0,34.0,3386,1,1.0,True
3387,-2.210360666666667,14.421278333333333,0.29737136666666664,291.0,6533.333333333333,1.5806011666666666,96.0,62.0,299.0,295.3333333333333,0.0,0.0,2.0,34.0,3387,1,1.0,True
3388,-2.217723,14.689529166666667,0.29907305,290.4166666666667,6523.666666666667,1.582120083333333,95.41666666666667,61.5,299.0,298.5,0.0,0.0,2.0,34.0,3388,1,1.0,True
3389,-2.221776363636364,14.970697272727273,0.2984155636363636,290.90909090909093,6539.636363636364,1.582474181818182,94.45454545454545,61.45454545454545,299.0,297.45454545454544,0.0,0.0,2.0,34.0,3389,1,1.0,True
3390,-2.227041818181818,15.245052727272729,0.29880233636363634,293.45454545454544,6605.454545454545,1.5861379999999998,93.54545454545455,61.54545454545455,299.0,297.90909090909093,0.0,0.0,2.0,34.0,3390,1,1.0,True
3391,-2.2323081818181816,15.523518181818183,0.29818353636363637,293.8181818181818,6597.636363636364,1.5876081818181818,90.0909090909091,61.90909090909091,297.90909090909093,297.90909090909093,0.0,0.0,2.0,34.0,3391,1,1.0,True
3392,-2.2388168333333334,15.827829999999999,0.2985058,292.6666666666667,6576.666666666667,1.5894361666666665,90.16666666666667,62.0,298.1666666666667,298.5,0.0,0.0,2.0,34.0,3392,1,1.0,True
3393,-2.2406172727272726,16.09731181818182,0.2977194545454545,291.8181818181818,6564.545454545455,1.5920020909090908,92.45454545454545,61.45454545454545,298.8181818181818,296.0,0.0,0.0,2.0,34.0,3393,1,1.0,True
3394,-2.2479816363636362,16.386835454545455,0.29849292727272725,292.72727272727275,6583.090909090909,1.594082272727273,95.72727272727273,61.27272727272727,298.45454545454544,298.1818181818182,0.0,0.0,2.0,34.0,3394,1,1.0,True
3395,-2.2558018333333334,16.678451666666664,0.29836403333333333,293.3333333333333,6593.666666666667,1.5952505,95.83333333333333,61.0,297.3333333333333,299.0,0.0,0.0,2.0,34.0,3395,1,1.0,True
3396,-2.263773,17.001941818181816,0.2982222090909091,292.09090909090907,6575.090909090909,1.5943446363636362,95.54545454545455,61.09090909090909,297.0,299.0,0.0,0.0,2.0,78.0,3396,1,1.0,True
3397,-2.2694624545454545,17.243423636363637,0.29930513636363637,291.90909090909093,6562.0,1.592649909090909,95.54545454545455,61.45454545454545,299.0,299.0,0.0,0.0,2.0,78.0,3397,1,1.0,True
3398,-2.277516090909091,17.566978181818182,0.2986476,291.0,6540.727272727273,1.593524909090909,96.45454545454545,61.54545454545455,298.0,299.0,0.0,0.0,2.0,82.0,3398,1,1.0,True
3399,-2.2846841666666666,17.81192916666667,0.2987540083333333,290.75,6530.416666666667,1.5900070833333333,96.41666666666667,61.916666666666664,298.9166666666667,298.3333333333333,0.0,0.0,2.0,110.0,3399,1,1.0,True
3400,-2.28961,18.115448333333333,0.2989312833333333,294.3333333333333,6615.333333333333,1.5925653333333332,98.16666666666667,61.166666666666664,299.0,298.6666666666667,0.0,0.0,2.0,114.0,3400,1,1.0,True
3401,-2.2955464545454545,18.39119181818182,0.2991891181818182,291.45454545454544,6547.545454545455,1.5935965454545453,99.27272727272727,61.27272727272727,299.0,299.0,0.0,0.0,2.0,54.0,3401,1,1.0,True
3402,-2.302121545454545,18.67603909090909,0.2986476272727273,290.3636363636364,6530.090909090909,1.5948114545454546,99.27272727272727,61.27272727272727,297.72727272727275,299.0,0.0,0.0,2.0,54.0,3402,1,1.0,True
3403,-2.307794,18.971603333333334,0.2985058666666667,293.6666666666667,6597.333333333333,1.5954926666666667,99.66666666666667,61.0,297.6666666666667,299.0,0.0,0.0,2.0,54.0,3403,1,1.0,True
3404,-2.3128526363636364,19.24041181818182,0.29895707272727273,295.72727272727275,6640.818181818182,1.594751,100.0,61.09090909090909,299.0,298.72727272727275,0.0,0.0,2.0,54.0,3404,1,1.0,True
3405,-2.3148673636363637,19.51108090909091,0.29802883636363636,291.3636363636364,6552.090909090909,1.5986675454545456,100.0,61.45454545454545,299.0,296.54545454545456,0.0,0.0,2.0,54.0,3405,1,1.0,True
3406,-2.3207342727272726,19.800602727272725,0.2994985,288.09090909090907,6481.454545454545,1.6028068181818182,100.0,61.54545454545455,299.0,299.0,0.0,0.0,2.0,54.0,3406,1,1.0,True
3407,-2.3259891818181817,20.098100909090906,0.29903437272727273,289.90909090909093,6514.0,1.6033877272727273,99.63636363636364,61.54545454545455,298.45454545454544,299.0,0.0,0.0,2.0,58.0,3407,1,1.0,True
3408,-2.3335195,20.364225,0.2990021666666667,291.6666666666667,6559.166666666667,1.6027343333333333,99.83333333333333,61.0,298.6666666666667,299.0,0.0,0.0,2.0,58.0,3408,1,1.0,True
3409,-2.341267090909091,20.661865454545453,0.29899573636363636,291.8181818181818,6553.181818181818,1.6015813636363634,100.0,61.27272727272727,298.8181818181818,299.0,0.0,0.0,2.0,58.0,3409,1,1.0,True
3410,-2.3471719,20.936191,0.29937088,290.7,6532.3,1.6020779,100.0,61.5,299.0,299.0,0.0,0.0,2.0,58.0,3410,1,1.0,True
3411,-2.35436,21.24168,0.2994276,291.5,6551.166666666667,1.6025363333333333,100.0,61.333333333333336,299.0,299.0,0.0,0.0,2.0,58.0,3411,1,1.0,True
3412,-2.3608042727272727,21.49757818181818,0.2813986636363636,289.6363636363636,6519.727272727273,1.6018523636363637,100.0,61.09090909090909,281.3636363636364,281.3636363636364,0.0,0.0,2.0,58.0,3412,1,1.0,True
3413,-2.364148272727273,21.698523636363635,0.10186970545454545,266.90909090909093,5982.454545454545,1.60332,100.0,62.0,102.27272727272727,102.27272727272727,0.0,0.0,2.0,58.0,3413,1,1.0,True
3414,-2.367326818181818,21.79850181818182,0.08814011454545455,264.72727272727275,5934.727272727273,1.602544090909091,100.0,62.0,88.63636363636364,88.18181818181819,0.0,0.0,2.0,58.0,3414,1,1.0,True
3415,-2.368641909090909,21.836492727272727,0.006768109090909091,236.0,5272.0,1.6016484545454546,100.0,62.90909090909091,6.818181818181818,6.7272727272727275,0.0,0.0,2.0,58.0,3415,1,1.0,True
3416,-2.368658,21.836166666666667,0.0,232.33333333333334,5190.5,1.6016520000000003,100.0,63.0,0.0,0.0,0.0,0.0,2.0,58.0,3416,1,1.0,True
3417,-2.368658,21.837486363636366,0.0,232.0,5184.181818181818,1.601652,100.0,63.0,0.0,0.0,0.0,0.0,2.0,58.0,3417,1,1.0,True
3418,-2.368658,21.839140909090908,0.0,232.0,5184.0,1.601652,100.0,63.0,0.0,0.0,0.0,0.0,2.0,58.0,3418,1,1.0,True
3419,-2.368008,21.841800000000003,0.0,232.0,5184.166666666667,1.6019428333333334,100.0,63.0,0.0,0.0,0.0,0.0,2.0,58.0,3419,1,1.0,True
3420,-2.364758,21.835713636363636,0.0,232.1818181818182,5188.363636363636,1.6033970000000002,100.0,63.0,0.0,0.0,0.0,0.0,2.0,58.0,3420,1,1.0,True
3421,-2.364758,21.83335,0.0,233.0,5205.5,1.603397,100.0,63.0,0.0,0.0,0.0,0.0,2.0,58.0,3421,1,1.0,True
3422,-2.364758,21.838431818181817,0.0,232.0,5184.0,1.6033970000000002,100.0,63.0,0.0,0.0,0.0,0.0,2.0,58.0,3422,1,1.0,True
3423,-2.363576181818182,21.83725,0.0,232.0,5184.0,1.6033970000000002,100.0,63.0,0.0,0.0,0.0,0.0,2.0,58.0,3423,1,1.0,True
3424,-2.3656263333333336,21.83945,0.000141808,258.6666666666667,5791.5,1.618307,100.0,62.166666666666664,30.0,-29.666666666666668,0.0,0.0,6.0,56.0,3424,1,1.0,True
3425,-2.3707266363636363,21.847541818181817,0.000425424,274.90909090909093,6162.0,1.837464090909091,97.81818181818181,62.0,98.18181818181819,-97.18181818181819,0.0,0.0,6.0,56.0,3425,1,1.0,True
3426,-2.3733388,21.846199000000002,0.00042542399999999993,275.3,6171.0,2.1726079,81.6,62.0,100.0,-99.0,0.0,0.0,6.0,56.0,3426,1,1.0,True
3427,-2.359671666666667,21.807846666666666,0.000425424,275.0,6171.0,2.488272333333333,60.833333333333336,62.0,100.0,-99.0,0.0,0.0,6.0,56.0,3427,1,1.0,True
3428,-2.355392636363636,21.800195454545456,0.000425424,275.72727272727275,6182.727272727273,2.870128818181818,72.54545454545455,62.0,100.0,-99.0,0.0,0.0,6.0,56.0,3428,1,1.0,True
3429,-2.3553286363636365,21.798579090909094,0.000425424,274.6363636363636,6162.0,-0.2159340909090908,85.0909090909091,62.0,100.0,-99.0,0.0,0.0,6.0,56.0,3429,1,1.0,True
3430,-2.359991363636364,21.79860181818182,0.000425424,275.90909090909093,6189.818181818182,-2.721859181818182,83.72727272727273,62.0,100.0,-99.0,0.0,0.0,6.0,56.0,3430,1,1.0,True
3431,-2.3547950833333333,21.791552499999998,0.00042542266666666665,277.0,6224.5,-2.4035629166666665,83.16666666666667,62.0,99.66666666666667,-98.66666666666667,0.0,0.0,6.0,56.0,3431,1,1.0,True
3432,-2.3620258333333335,21.798748333333332,0.0004254233333333333,273.6666666666667,6139.166666666667,-2.0465786666666665,87.33333333333333,62.0,83.5,-82.5,0.0,0.0,6.0,56.0,3432,1,1.0,True
3433,-2.3624395454545453,21.80812,0.0007734984545454544,272.6363636363636,6108.0,-1.7778932727272727,97.54545454545455,62.0,57.81818181818182,-56.0,0.0,0.0,6.0,56.0,3433,1,1.0,True
3434,-2.36312725,21.806165833333335,0.0004608745833333333,268.4166666666667,6025.166666666667,-1.6173268333333333,99.0,62.0,41.083333333333336,-40.0,0.0,0.0,6.0,56.0,3434,1,1.0,True
3435,-2.3615530000000002,21.751965,0.17967075,285.8333333333333,6425.5,-1.5493598333333332,99.16666666666667,61.5,176.66666666666666,182.83333333333334,0.0,0.0,6.0,56.0,3435,1,1.0,True
3436,-2.36452,21.530834545454546,0.2982608727272727,293.6363636363636,6594.909090909091,-1.5542612727272727,100.0,61.45454545454545,298.6363636363636,297.8181818181818,0.0,0.0,6.0,56.0,3436,1,1.0,True
3437,-2.359480181818182,21.230238181818184,0.2984155636363636,291.8181818181818,6549.090909090909,-1.5515467272727272,100.0,61.45454545454545,299.0,298.0,0.0,0.0,6.0,56.0,3437,1,1.0,True
3438,-2.354692181818182,20.97897181818182,0.29884100909090905,291.1818181818182,6542.272727272727,-1.5493247272727273,100.0,61.54545454545455,299.0,298.45454545454544,0.0,0.0,6.0,56.0,3438,1,1.0,True
3439,-2.344949818181818,20.676853636363635,0.29775813636363635,291.1818181818182,6538.272727272727,-1.5481089090909093,100.0,61.54545454545455,297.0,298.27272727272725,0.0,0.0,6.0,56.0,3439,1,1.0,True
3440,-2.343376166666667,20.401235,0.29871853333333337,296.5,6662.5,-1.546875,100.0,61.0,298.8333333333333,298.1666666666667,0.0,0.0,6.0,56.0,3440,1,1.0,True
3441,-2.3407222500000002,20.115765,0.298328575,293.5,6599.5,-1.54455425,100.0,61.0,299.0,297.0,0.0,0.0,6.0,52.0,3441,1,1.0,True
3442,-2.3316805833333336,19.85018,0.29871855833333333,291.5833333333333,6557.0,-1.54193075,100.0,61.0,298.6666666666667,298.5,0.0,0.0,6.0,52.0,3442,1,1.0,True
3443,-2.322407181818182,19.553917272727272,0.29857026363636363,291.27272727272725,6557.636363636364,-1.545091909090909,100.0,61.0,297.72727272727275,299.0,0.0,0.0,6.0,52.0,3443,1,1.0,True
3444,-2.3169345454545454,19.248575454545456,0.2990730909090909,294.27272727272725,6611.181818181818,-1.5448200909090908,100.0,61.09090909090909,299.0,298.6363636363636,0.0,0.0,6.0,52.0,3444,1,1.0,True
3445,-2.317579818181818,18.98428090909091,0.2971393090909091,295.3636363636364,6640.636363636364,-1.5424646363636363,100.0,61.45454545454545,299.0,294.45454545454544,0.0,0.0,6.0,52.0,3445,1,1.0,True
3446,-2.3101094545454544,18.701368181818182,0.2984155636363636,291.1818181818182,6534.090909090909,-1.538340090909091,99.45454545454545,61.54545454545455,298.54545454545456,297.90909090909093,0.0,0.0,6.0,52.0,3446,1,1.0,True
3447,-2.2960692727272725,18.421691818181817,0.2972553272727273,288.45454545454544,6483.545454545455,-1.5412442727272726,100.0,61.54545454545455,294.72727272727275,299.0,0.0,0.0,6.0,52.0,3447,1,1.0,True
3448,-2.2874705,18.115425,0.29871853333333337,290.6666666666667,6539.333333333333,-1.5477584999999998,100.0,61.0,297.8333333333333,299.0,0.0,0.0,6.0,112.0,3448,1,1.0,True
3449,-2.2811683636363638,17.853666363636364,0.2994985,293.72727272727275,6604.454545454545,-1.5483070000000003,100.0,61.0,299.0,299.0,0.0,0.0,6.0,108.0,3449,1,1.0,True
3450,-2.276038727272727,17.565022727272726,0.29903437272727273,293.3636363636364,6591.909090909091,-1.5469148181818182,100.0,61.0,299.0,298.45454545454544,0.0,0.0,6.0,80.0,3450,1,1.0,True
3451,-2.2701996363636363,17.301069090909092,0.29942114545454546,291.6363636363636,6549.636363636364,-1.545987,100.0,61.0,299.0,298.90909090909093,0.0,0.0,6.0,76.0,3451,1,1.0,True
3452,-2.2658857272727277,16.978544545454543,0.29814485454545453,293.09090909090907,6595.090909090909,-1.544461181818182,100.0,61.0,299.0,296.8181818181818,0.0,0.0,6.0,32.0,3452,1,1.0,True
3453,-2.2635046363636366,16.735015454545454,0.2984542363636364,294.90909090909093,6637.272727272727,-1.5413322727272727,100.0,61.0,299.0,297.54545454545456,0.0,0.0,6.0,32.0,3453,1,1.0,True
3454,-2.2521139166666666,16.43662833333333,0.29808039999999997,293.25,6599.333333333333,-1.5405960833333332,99.08333333333333,61.0,296.75,298.9166666666667,0.0,0.0,6.0,32.0,3454,1,1.0,True
3455,-2.2480760909090907,16.14502,0.2983382181818182,288.54545454545456,6487.454545454545,-1.5410272727272727,98.0909090909091,61.0,297.6363636363636,298.6363636363636,0.0,0.0,6.0,32.0,3455,1,1.0,True
3456,-2.244149833333333,15.858056666666668,0.29836403333333333,289.0,6496.0,-1.5394536666666667,99.16666666666667,61.0,299.0,297.3333333333333,0.0,0.0,6.0,32.0,3456,1,1.0,True
3457,-2.2368274545454545,15.582555454545455,0.29895705454545457,291.72727272727275,6561.181818181818,-1.538199909090909,100.0,61.0,299.0,298.72727272727275,0.0,0.0,6.0,32.0,3457,1,1.0,True
3458,-2.2307710833333334,15.298710833333333,0.299214875,295.5833333333333,6649.5,-1.53762625,100.0,61.0,299.0,298.75,0.0,0.0,6.0,32.0,3458,1,1.0,True
3459,-2.2221455,15.003428333333334,0.29900218333333334,292.6666666666667,6576.5,-1.5381936666666667,100.0,61.0,298.8333333333333,299.0,0.0,0.0,6.0,32.0,3459,1,1.0,True
3460,-2.2143070833333334,14.737318333333333,0.2986476,291.4166666666667,6545.75,-1.5396586666666667,100.0,61.0,298.0833333333333,299.0,0.0,0.0,6.0,32.0,3460,1,1.0,True
3461,-2.210665166666667,14.432295000000002,0.2980804083333333,291.0833333333333,6545.5,-1.53906875,100.0,61.0,299.0,297.0,0.0,0.0,6.0,32.0,3461,1,1.0,True
3462,-2.202705,14.16428,0.29864765,292.0,6567.0,-1.5370575,100.0,61.0,297.5,299.0,0.0,0.0,6.0,32.0,3462,1,1.0,True
3463,-2.1950523636363637,13.868286363636365,0.2988796727272727,292.54545454545456,6585.636363636364,-1.5402942727272728,100.0,61.0,298.72727272727275,299.0,0.0,0.0,6.0,32.0,3463,1,1.0,True
3464,-2.187108333333333,13.606296666666665,0.2990021666666667,292.6666666666667,6579.166666666667,-1.540693,100.0,61.0,298.6666666666667,299.0,0.0,0.0,6.0,28.0,3464,1,1.0,True
3465,-2.1753211666666665,13.298385833333333,0.2981513,290.75,6531.583333333333,-1.54492825,100.0,61.0,297.0833333333333,299.0,0.0,0.0,6.0,28.0,3465,1,1.0,True
3466,-2.170516090909091,13.05154818181818,0.2990343818181818,291.8181818181818,6561.272727272727,-1.5461972727272728,100.0,61.0,299.0,298.6363636363636,0.0,0.0,6.0,28.0,3466,1,1.0,True
3467,-2.1684666666666668,12.756881666666667,0.27028603333333334,290.8333333333333,6532.333333333333,-1.567061833333333,99.83333333333333,61.0,241.66666666666666,298.3333333333333,0.0,0.0,6.0,28.0,3467,1,1.0,True
3468,-2.187803,12.55851090909091,0.15044538181818182,286.1818181818182,6435.090909090909,-1.8449864545454546,98.18181818181819,61.0,3.3636363636363638,297.0,0.0,0.0,6.0,28.0,3468,1,1.0,True
3469,-2.2530936666666666,12.450868333333332,0.10546970833333334,284.4166666666667,6393.0,-2.4858254166666667,95.66666666666667,61.0,-63.75,274.4166666666667,0.0,0.0,6.0,28.0,3469,1,1.0,True
3470,-2.332488,12.40844,0.1384755,286.5,6449.0,-2.982748,99.0,61.0,-13.5,290.5,0.0,0.0,6.0,28.0,3470,1,1.0,True
3471,-2.48212425,12.3956775,0.13723470833333332,284.9166666666667,6403.166666666667,-2.9850815833333333,90.0,61.416666666666664,272.0,2.4166666666666665,0.0,0.0,6.0,28.0,3471,1,1.0,True
3472,-2.580470181818182,12.344775454545454,0.12596414545454546,285.1818181818182,6413.272727272727,-2.4493504545454545,65.0909090909091,61.63636363636363,293.3636363636364,-41.09090909090909,0.0,0.0,6.0,28.0,3472,1,1.0,True
3473,-2.642688909090909,12.249661818181819,0.14491491818181818,285.90909090909093,6428.636363636364,-1.8775334545454547,71.36363636363636,61.0,294.8181818181818,-5.2727272727272725,0.0,0.0,6.0,28.0,3473,1,1.0,True
3474,-2.6295075,12.07557,0.219306075,293.75,6600.0,-1.5532637500000002,71.0,61.0,279.0,159.25,0.0,0.0,6.0,6.0,3474,1,1.0,True
3475,-2.613733272727273,11.797832727272727,0.27215538181818183,297.6363636363636,6701.727272727273,-1.555341181818182,69.0,61.0,244.8181818181818,299.0,0.0,0.0,6.0,6.0,3475,1,1.0,True
3476,-2.631248818181818,11.555938181818181,0.2917248363636364,298.54545454545456,6720.0,-1.5737464545454545,87.45454545454545,61.0,283.90909090909093,298.6363636363636,0.0,0.0,6.0,6.0,3476,1,1.0,True
3477,-2.63977225,11.291068333333333,0.296556,291.8333333333333,6563.916666666667,-1.5764094166666665,98.66666666666667,61.0,299.0,293.5833333333333,0.0,0.0,6.0,6.0,3477,1,1.0,True
3478,-2.6373225000000002,11.01669,0.2977968,290.0,6528.0,-1.5692325,100.0,61.0,299.0,296.0,0.0,0.0,6.0,6.0,3478,1,1.0,True
3479,-2.634559083333333,10.7418925,0.298364,292.3333333333333,6570.333333333333,-1.5649879166666665,100.0,61.0,299.0,297.3333333333333,0.0,0.0,6.0,6.0,3479,1,1.0,True
3480,-2.6338356363636364,10.426311818181818,0.2979514909090909,293.27272727272725,6593.0,-1.558194909090909,100.0,61.0,299.0,296.3636363636364,0.0,0.0,6.0,10.0,3480,1,1.0,True
3481,-2.6318526363636363,10.183473636363637,0.2981835272727273,296.27272727272725,6662.363636363636,-1.5534406363636364,100.0,61.0,299.0,296.90909090909093,0.0,0.0,6.0,10.0,3481,1,1.0,True
3482,-2.6257825,9.878787999999998,0.298966725,292.25,6579.0,-1.55047825,100.0,61.0,299.0,298.75,0.0,0.0,6.0,10.0,3482,1,1.0,True
3483,-2.619288272727273,9.596225818181818,0.2983769363636364,290.0,6533.636363636364,-1.5475110909090908,100.0,61.0,297.3636363636364,299.0,0.0,0.0,6.0,10.0,3483,1,1.0,True
3484,-2.612264909090909,9.300294181818181,0.2993438090909091,291.09090909090907,6551.181818181818,-1.549238090909091,100.0,61.0,299.0,299.0,0.0,0.0,6.0,10.0,3484,1,1.0,True
3485,-2.6081824166666667,9.037861666666666,0.28510500833333335,288.9166666666667,6496.166666666667,-1.5619083333333332,99.83333333333333,61.0,270.4166666666667,299.0,0.0,0.0,6.0,278.0,3485,1,1.0,True
3486,-2.634732,8.801456499999999,0.1612357,284.0,6382.5,-1.8130155,94.5,61.0,23.0,299.0,0.0,0.0,6.0,278.0,3486,1,1.0,True
3487,-2.6880986363636366,8.69697009090909,0.1474287272727273,284.27272727272725,6388.363636363636,-2.292947818181818,96.63636363636364,61.0,-4.909090909090909,299.0,0.0,0.0,6.0,278.0,3487,1,1.0,True
3488,-2.8193013636363635,8.615130636363636,0.17682169090909092,288.1818181818182,6484.090909090909,-2.843373909090909,99.9090909090909,61.0,54.18181818181818,299.0,0.0,0.0,6.0,278.0,3488,1,1.0,True
3489,-2.974717272727273,8.579175,0.19031922,281.6363636363636,6327.636363636364,-3.048332818181818,98.9090909090909,61.54545454545455,199.45454545454547,180.9090909090909,0.0,0.0,6.0,278.0,3489,1,1.0,True
3490,-3.069212909090909,8.56800409090909,0.07731113636363636,283.6363636363636,6378.545454545455,-2.6964706363636366,81.27272727272727,61.0,248.9090909090909,-94.36363636363636,0.0,0.0,6.0,278.0,3490,1,1.0,True
3491,-3.1234843333333333,8.513491,0.10110908666666667,283.8333333333333,6378.0,-2.083155,84.0,61.0,259.5,-57.0,0.0,0.0,6.0,278.0,3491,1,1.0,True
3492,-3.1418909999999998,8.397828,0.20041016666666667,290.1666666666667,6528.5,-1.60633425,91.41666666666667,61.0,293.6666666666667,106.75,0.0,0.0,6.0,278.0,3492,1,1.0,True
3493,-3.1366376666666667,8.152503416666667,0.27259041666666667,289.5,6509.5,-1.5010310833333333,99.08333333333333,61.0,253.41666666666666,291.0833333333333,0.0,0.0,6.0,278.0,3493,1,1.0,True
3494,-3.131643,7.910339499999999,0.28758665000000005,300.5,6767.5,-1.579787,99.5,61.0,275.5,299.0,0.0,0.0,6.0,278.0,3494,1,1.0,True
3495,-3.1320549166666667,7.602400833333333,0.2965914416666667,291.25,6555.166666666667,-1.58998475,100.0,61.0,298.1666666666667,294.5,0.0,0.0,6.0,278.0,3495,1,1.0,True
3496,-3.134828636363636,7.346022545454545,0.2969459545454546,288.09090909090907,6489.181818181818,-1.5815606363636363,100.0,61.0,299.0,294.45454545454544,0.0,0.0,6.0,278.0,3496,1,1.0,True
3497,-3.1343247499999998,7.074955083333333,0.22288673333333334,278.4166666666667,6266.0,-1.5692961666666667,98.91666666666667,61.25,224.25,221.08333333333334,0.0,1.0,6.0,278.0,3497,1,1.0,True
3498,-3.133151,6.993405,0.0,240.75,5397.0,-1.55265,98.75,62.0,0.0,0.0,0.0,0.0,6.0,278.0,3498,1,1.0,True
3499,-3.133922272727273,6.9709688181818175,0.11316276363636364,277.1818181818182,6225.727272727273,-1.55471,99.18181818181819,61.27272727272727,110.72727272727273,115.81818181818181,0.0,0.0,6.0,278.0,3499,1,1.0,True
3500,-3.137028166666667,6.798093833333334,0.29421611666666664,292.75,6592.0,-1.5608004166666667,100.0,61.0,293.3333333333333,294.9166666666667,0.0,0.0,6.0,278.0,3500,1,1.0,True
3501,-3.13202525,6.476826,0.2984349,292.1666666666667,6567.5,-1.5580673333333335,100.0,61.0,299.0,297.5,0.0,0.0,6.0,278.0,3501,1,1.0,True
3502,-3.1294855454545454,6.213049999999999,0.2984155636363636,293.6363636363636,6602.818181818182,-1.555659,100.0,61.0,299.0,297.45454545454544,0.0,0.0,6.0,278.0,3502,1,1.0,True
3503,-3.1210755833333335,5.93088225,0.2986476,293.5,6613.416666666667,-1.5533620833333333,100.0,61.0,298.5833333333333,298.4166666666667,0.0,0.0,6.0,282.0,3503,1,1.0,True
3504,-3.117088363636363,5.645965727272728,0.2984155636363636,289.8181818181818,6522.0,-1.553672727272727,99.0909090909091,61.0,298.90909090909093,298.09090909090907,0.0,0.0,6.0,282.0,3504,1,1.0,True
3505,-3.1123869090909086,5.365592,0.2987636454545454,291.1818181818182,6558.818181818182,-1.551077909090909,99.0,61.0,299.0,298.27272727272725,0.0,0.0,6.0,282.0,3505,1,1.0,True
3506,-3.1042454999999998,5.0673905,0.2992858,291.75,6563.75,-1.5516925,99.25,61.0,299.0,299.0,0.0,0.0,6.0,282.0,3506,1,1.0,True
3507,-3.100314181818182,4.791825272727272,0.2985316090909091,292.72727272727275,6585.272727272727,-1.5508353636363637,100.0,61.0,299.0,297.72727272727275,0.0,0.0,6.0,282.0,3507,1,1.0,True
3508,-3.0914704545454543,4.510158090909091,0.29818352727272723,293.54545454545456,6606.818181818182,-1.5500690909090908,99.36363636363636,61.0,297.27272727272725,298.6363636363636,0.0,0.0,6.0,282.0,3508,1,1.0,True
3509,-3.0859403333333333,4.228123083333333,0.2990376,290.3333333333333,6541.166666666667,-1.5518276666666668,99.0,61.0,298.5833333333333,298.8333333333333,0.0,0.0,6.0,282.0,3509,1,1.0,True
3510,-3.0810915000000003,3.924786,0.29864765,290.0,6535.5,-1.548705,99.0,61.0,299.0,298.0,0.0,0.0,6.0,282.0,3510,1,1.0,True
3511,-3.0747706666666663,3.679502,0.29910850833333336,290.4166666666667,6542.416666666667,-1.54799225,99.41666666666667,61.0,298.5833333333333,299.0,0.0,0.0,6.0,282.0,3511,1,1.0,True
3512,-3.068412,3.3795945,0.2986476,292.8333333333333,6591.833333333333,-1.5456903333333332,98.83333333333333,61.0,298.5,298.5,0.0,0.0,6.0,282.0,3512,1,1.0,True
3513,-3.061469818181818,3.100702272727273,0.29806750909090907,292.3636363636364,6574.909090909091,-1.545404818181818,98.27272727272727,61.0,296.90909090909093,299.0,0.0,0.0,6.0,282.0,3513,1,1.0,True
3514,-3.051497818181818,2.8147317272727275,0.29799014545454544,291.45454545454544,6558.545454545455,-1.5467117272727273,98.0909090909091,61.0,296.72727272727275,299.0,0.0,0.0,6.0,282.0,3514,1,1.0,True
3515,-3.041968727272727,2.540015090909091,0.2974100454545454,291.8181818181818,6572.909090909091,-1.5512826363636363,96.27272727272727,61.0,295.09090909090907,299.0,0.0,0.0,6.0,282.0,3515,1,1.0,True
3516,-3.0345289166666665,2.240202583333333,0.2987540083333333,293.1666666666667,6603.583333333333,-1.5540333333333332,96.75,61.0,298.3333333333333,298.9166666666667,0.0,0.0,6.0,282.0,3516,1,1.0,True
3517,-3.0325932499999997,1.9455623333333334,0.2988249,290.4166666666667,6543.166666666667,-1.5509864166666667,97.83333333333333,61.0,299.0,298.4166666666667,0.0,0.0,6.0,282.0,3517,1,1.0,True
3518,-3.0290589999999997,1.6771250000000002,0.2984349,290.0,6525.5,-1.548414,95.5,61.0,299.0,297.5,0.0,0.0,6.0,286.0,3518,1,1.0,True
3519,-3.0240975454545453,1.418279,0.2988023454545454,292.1818181818182,6580.090909090909,-1.5464348181818182,93.9090909090909,61.0,299.0,297.8181818181818,0.0,0.0,6.0,290.0,3519,1,1.0,True
3520,-3.017415272727273,1.110378181818182,0.29895707272727273,292.0,6573.181818181818,-1.5440753636363638,90.36363636363636,61.0,299.0,298.72727272727275,0.0,0.0,6.0,22.0,3520,1,1.0,True
3521,-3.004906,0.8133833090909092,0.29826086363636367,294.1818181818182,6625.545454545455,-1.546620909090909,88.72727272727273,61.0,297.09090909090907,299.0,0.0,0.0,6.0,22.0,3521,1,1.0,True
3522,-2.9967807499999997,0.5537811,0.286523025,294.0,6622.25,-1.5586630000000001,89.75,61.0,273.5,299.0,0.0,0.0,6.0,26.0,3522,1,1.0,True
3523,-3.0109833636363637,0.2917661818181818,0.22648027272727275,289.27272727272725,6513.272727272727,-1.7041627272727273,88.45454545454545,61.0,153.63636363636363,299.0,0.0,0.0,6.0,26.0,3523,1,1.0,True
3524,-3.063256090909091,0.12365447636363637,0.16111965454545454,286.09090909090907,6429.818181818182,-2.026931727272727,81.0909090909091,61.0,25.272727272727273,296.45454545454544,0.0,0.0,6.0,26.0,3524,1,1.0,True
3525,-3.157863272727273,0.03663716090909091,0.09893040181818182,283.3636363636364,6378.181818181818,-2.674164636363636,80.9090909090909,61.0,-69.45454545454545,267.0,0.0,0.0,6.0,26.0,3525,1,1.0,True
3526,-3.257434727272727,0.011810837272727274,0.20722013636363637,289.0,6518.0,0.3045926363636363,91.63636363636364,61.0,134.36363636363637,280.45454545454544,0.0,0.0,6.0,222.0,3526,1,1.0,True
3527,-3.5371737272727275,0.005557317363636364,0.2810891909090909,298.27272727272725,6727.727272727273,-3.118619363636364,96.9090909090909,61.0,299.0,263.0,0.0,0.0,6.0,222.0,3527,1,1.0,True
3528,-3.7703015454545454,-0.0014374573636363637,0.29679120909090906,290.45454545454544,6544.818181818182,-3.090829181818182,98.36363636363636,61.0,298.27272727272725,294.6363636363636,0.0,0.0,6.0,226.0,3528,1,1.0,True
3529,-4.0725445,-0.011889154999999998,0.2980095,291.6666666666667,6562.333333333333,-3.0920051666666666,99.33333333333333,61.0,296.5,299.0,0.0,0.0,6.0,226.0,3529,1,1.0,True
3530,-4.288424727272727,-0.021812,0.14193691909090908,271.27272727272725,6093.181818181818,-3.0953815454545452,100.0,61.27272727272727,141.27272727272728,142.72727272727272,0.0,0.0,6.0,226.0,3530,1,1.0,True
3531,-4.394137583333333,-0.026790755,0.09869837,266.0,5978.333333333333,-3.0979419166666666,99.25,62.0,98.0,100.0,0.0,0.0,6.0,226.0,3531,1,1.0,True
3532,-4.452315636363636,-0.02769472181818182,0.03589031636363636,241.45454545454547,5402.909090909091,-3.0994844545454545,99.0,62.0,35.63636363636363,36.36363636363637,0.0,0.0,6.0,226.0,3532,1,1.0,True
3533,-4.458292,-0.02696154,0.0,232.0,5184.0,-3.099611,99.0,62.0,0.0,0.0,0.0,0.0,6.0,226.0,3533,1,1.0,True
3534,-4.458292,-0.02696154,0.0,232.0,5184.0,-3.099611,98.5,62.0,0.0,0.0,0.0,0.0,6.0,226.0,3534,1,1.0,True
3535,-4.458292,-0.02956155,0.0,232.0,5188.2,-3.099611,99.0,62.0,0.0,0.0,0.0,0.0,6.0,226.0,3535,1,1.0,True
3536,-4.457110181818181,-0.029561549999999995,0.0,232.0,5184.0,-3.099611,98.36363636363636,62.0,0.0,0.0,0.0,0.0,6.0,226.0,3536,1,1.0,True
3537,-4.456992,-0.027178211666666664,0.0,232.0,5184.0,-3.099611,98.16666666666667,62.0,0.0,0.0,0.0,0.0,6.0,226.0,3537,1,1.0,True
3538,-4.456992,-0.028261550000000003,0.0,232.0,5184.0,-3.099611,98.2,62.0,0.0,0.0,0.0,0.0,6.0,226.0,3538,1,1.0,True
3539,-4.456992,-0.02967973181818182,0.0,232.0,5184.0,-3.099611,99.0,62.0,0.0,0.0,0.0,0.0,6.0,226.0,3539,1,1.0,True
3540,-4.456992,-0.028261550000000003,0.0,232.0,5184.0,-3.099611,99.0,62.0,0.0,0.0,0.0,0.0,6.0,226.0,3540,1,1.0,True
3541,-4.456992,-0.028261550000000003,0.0,232.0,5184.0,-3.099611,98.4,62.6,0.0,0.0,0.0,0.0,6.0,226.0,3541,1,1.0,True
3542,-4.459119272727272,-0.02826155,0.0,232.0,5184.545454545455,-3.099611,99.0,62.0,0.0,0.0,0.0,0.0,6.0,226.0,3542,1,1.0,True
3543,-4.458528363636364,-0.02826155,0.0,232.0,5190.090909090909,-3.099611,99.0,62.0,0.0,0.0,0.0,0.0,6.0,226.0,3543,1,1.0,True
3544,-4.4583124,-0.028262514,0.000170168,258.9,5812.8,-3.093723,98.6,62.0,28.0,-27.6,0.0,0.0,2.0,224.0,3544,1,1.0,True
3545,-4.461076818181818,-0.03752771727272727,0.0006574710909090909,276.0,6199.636363636364,-2.9072822727272727,96.36363636363636,61.72727272727273,94.54545454545455,-93.0,0.0,0.0,2.0,224.0,3545,1,1.0,True
3546,-4.460282909090909,-0.04050644727272727,0.000425424,274.45454545454544,6162.181818181818,-2.5291153636363637,88.54545454545455,61.54545454545455,100.0,-99.0,0.0,0.0,2.0,224.0,3546,1,1.0,True
3547,-4.459969818181818,-0.0033133516363636362,0.000425424,274.6363636363636,6162.545454545455,-2.217627909090909,85.63636363636364,61.54545454545455,100.0,-99.0,0.0,0.0,2.0,224.0,3547,1,1.0,True
3548,-4.453716333333333,-0.0021480566666666665,0.000425424,275.0,6174.5,-1.8347136666666668,84.66666666666667,61.5,100.0,-99.0,0.0,0.0,2.0,224.0,3548,1,1.0,True
3549,-4.430678636363637,-0.012432279636363636,0.000425424,274.6363636363636,6162.545454545455,-1.4993963636363636,84.27272727272727,61.54545454545455,100.0,-99.0,0.0,0.0,2.0,224.0,3549,1,1.0,True
3550,-4.4085725,-0.04075962,0.00042542399999999993,275.0,6171.5,-1.224235,74.0,61.5,100.0,-99.0,0.0,0.0,2.0,224.0,3550,1,1.0,True
3551,-4.415323545454545,-0.041698786363636366,0.000425424,276.27272727272725,6204.272727272727,-0.8692032000000001,55.45454545454545,61.45454545454545,100.0,-99.0,0.0,0.0,2.0,224.0,3551,1,1.0,True
3552,-4.4605666363636365,-0.043122440909090905,0.000580124,275.54545454545456,6189.363636363636,-0.5483718363636364,59.27272727272727,61.09090909090909,89.81818181818181,-88.45454545454545,0.0,0.0,2.0,224.0,3552,1,1.0,True
3553,-4.449291833333334,-0.04484750333333334,0.0004963275,272.1666666666667,6111.0,-0.29698175,53.5,61.5,65.5,-64.33333333333333,0.0,0.0,2.0,224.0,3553,1,1.0,True
3554,-4.418576181818182,-0.044328635454545455,0.00042542309090909093,271.3636363636364,6100.545454545455,-0.13092532545454547,48.09090909090909,61.81818181818182,51.0,-50.0,0.0,0.0,2.0,224.0,3554,1,1.0,True
3555,-4.415400909090909,-0.06073468272727272,0.00011602418181818182,263.1818181818182,5906.363636363636,-0.010252551999999998,37.72727272727273,62.0,13.363636363636363,-13.090909090909092,0.0,0.0,2.0,224.0,3555,1,1.0,True
3556,-4.420103666666667,-0.12800369666666667,0.0,241.5,5419.666666666667,0.01727861,17.333333333333332,62.0,0.0,0.0,0.0,0.0,2.0,224.0,3556,1,1.0,True
3557,-4.41867509090909,-0.20357803636363636,0.0,239.8181818181818,5379.363636363636,0.029330975454545452,26.636363636363637,62.09090909090909,0.0,0.0,0.0,0.0,2.0,224.0,3557,1,1.0,True
3558,-4.4136325,-0.21293869999999998,0.0,229.0,5114.5,0.03908914,31.5,62.5,0.0,0.0,0.0,0.0,2.0,224.0,3558,1,1.0,True
3559,-4.3763844999999995,-0.18664804999999998,0.13996449833333333,276.5833333333333,6218.333333333333,0.06913222333333334,28.833333333333332,61.583333333333336,166.08333333333334,113.83333333333333,0.0,0.0,2.0,224.0,3559,1,1.0,True
3560,-4.173215,-0.19396622500000002,0.27705735833333334,297.1666666666667,6692.75,0.15829238916666669,36.75,61.0,297.0,256.6666666666667,0.0,0.0,2.0,224.0,3560,1,1.0,True
3561,-3.8905139999999996,-0.13769558333333334,0.2834032833333333,295.1666666666667,6653.666666666667,0.17739946666666664,41.0,61.0,268.5,298.0,0.0,0.0,2.0,220.0,3561,1,1.0,True
3562,-3.640893909090909,-0.05642255454545455,0.28023842727272724,297.27272727272725,6690.818181818182,0.09779472363636364,36.54545454545455,61.0,261.09090909090907,299.0,0.0,0.0,2.0,220.0,3562,1,1.0,True
3563,-3.3707155454545457,-0.06558373818181819,0.2785367,295.27272727272725,6656.272727272727,0.06635910727272727,38.90909090909091,61.0,295.45454545454544,261.0,0.0,0.0,2.0,220.0,3563,1,1.0,True
3564,-3.1708428333333334,-0.048855985,0.12996704,278.3333333333333,6259.0,0.37183716666666666,35.166666666666664,61.166666666666664,250.0,9.5,0.0,0.0,2.0,24.0,3564,1,1.0,True
3565,-3.1167696363636366,-0.07606811636363636,0.02103914909090909,237.36363636363637,5307.545454545455,0.6798073090909091,17.0,62.09090909090909,42.18181818181818,0.0,0.0,0.0,2.0,24.0,3565,1,1.0,True
3566,-3.1157432727272725,-0.15039631818181817,0.0,227.9090909090909,5094.454545454545,0.692359,18.636363636363637,62.45454545454545,0.0,0.0,0.0,0.0,2.0,24.0,3566,1,1.0,True
3567,-3.1895271818181814,0.02053693090909091,0.0,233.0909090909091,5207.909090909091,0.7252092272727272,14.545454545454545,62.0,0.0,0.0,0.0,0.0,2.0,24.0,3567,1,1.0,True
3568,-3.0897031666666663,-0.029023140833333332,0.0857938225,278.5833333333333,6269.75,0.9304606,36.0,61.083333333333336,209.66666666666666,-37.666666666666664,0.0,0.0,2.0,24.0,3568,1,1.0,True
3569,-3.0699979090909086,0.008299217454545453,0.09390269090909092,265.3636363636364,5967.0,1.2889009090909092,29.363636363636363,61.27272727272727,194.36363636363637,-6.545454545454546,0.0,0.0,2.0,24.0,3569,1,1.0,True
3570,-3.062259545454545,-0.01675442818181818,0.0,228.27272727272728,5103.909090909091,1.4426873636363635,23.363636363636363,62.27272727272727,0.0,0.0,0.0,0.0,2.0,24.0,3570,1,1.0,True
3571,-3.052923363636364,-0.06442740818181818,0.0,227.9090909090909,5094.454545454545,1.4445013636363635,24.636363636363637,62.45454545454545,0.0,0.0,0.0,0.0,2.0,24.0,3571,1,1.0,True
3572,-3.0614821666666665,-0.07262669666666667,0.0,227.5,5085.5,1.4449779999999999,24.0,62.5,0.0,0.0,0.0,0.0,2.0,24.0,3572,1,1.0,True
3573,-3.123681727272727,-0.02572037090909091,0.0,228.8181818181818,5115.090909090909,1.445388,17.90909090909091,62.36363636363637,0.0,0.0,0.0,0.0,2.0,24.0,3573,1,1.0,True
3574,-3.0987995,-0.0698613,0.0,238.0,5335.0,1.4452135,13.5,62.0,0.0,0.0,0.0,0.0,2.0,24.0,3574,1,1.0,True
3575,-3.1004893333333334,-0.046023580833333334,0.0,234.75,5255.333333333333,1.4450390000000002,19.583333333333332,62.0,0.0,0.0,0.0,0.0,2.0,24.0,3575,1,1.0,True
3576,-3.140404,-0.04965091,0.0,227.0,5079.0,2.8932025,6.5,62.9,0.0,0.0,0.0,0.0,2.0,24.0,3576,1,1.0,True
3577,-3.140404,-0.04965091,0.0,227.5,5086.6,1.7809751999999999,21.8,62.4,0.0,0.0,0.0,0.0,2.0,24.0,3577,1,1.0,True
3578,-3.1378891818181818,-0.03874181990909091,0.0,232.45454545454547,5196.363636363636,1.7131656363636365,25.181818181818183,62.72727272727273,0.0,0.0,0.0,0.0,2.0,24.0,3578,1,1.0,True
3579,-3.13716975,0.13349448841666667,0.18793105833333335,278.75,6263.75,1.6819623333333336,57.083333333333336,61.25,161.33333333333334,214.33333333333334,0.0,0.0,2.0,24.0,3579,1,1.0,True
3580,-3.1420291666666667,0.4329547,0.2648264,295.6666666666667,6657.666666666667,1.5517366666666668,79.83333333333333,61.0,230.16666666666666,299.0,0.0,0.0,2.0,20.0,3580,1,1.0,True
3581,-3.1267327272727274,0.7990142000000001,0.2877026181818182,293.0,6599.0,1.4753103636363638,85.72727272727273,61.0,280.45454545454544,294.8181818181818,0.0,0.0,2.0,20.0,3581,1,1.0,True
3582,-3.104516727272727,1.1347429090909091,0.2904872,287.90909090909093,6477.0,1.4806647272727274,87.0,61.0,299.0,281.3636363636364,0.0,0.0,2.0,288.0,3582,1,1.0,True
3583,-3.084929363636364,1.5477785454545454,0.29095132727272727,291.09090909090907,6556.454545454545,1.5147579090909091,86.27272727272727,61.0,299.0,282.45454545454544,0.0,0.0,2.0,284.0,3583,1,1.0,True
3584,-3.075392454545455,1.8594327272727271,0.2929624363636364,290.90909090909093,6550.636363636364,1.5369168181818182,84.81818181818181,61.0,299.0,286.27272727272725,0.0,0.0,2.0,280.0,3584,1,1.0,True
3585,-3.0720433333333332,2.183873833333333,0.2959532833333333,291.3333333333333,6551.833333333333,1.5540976666666666,91.66666666666667,61.0,299.0,292.6666666666667,0.0,0.0,2.0,280.0,3585,1,1.0,True
3586,-3.068446909090909,2.462850181818182,0.2959403545454546,290.09090909090907,6528.090909090909,1.5645164545454546,92.45454545454545,61.0,299.0,292.3636363636364,0.0,0.0,2.0,280.0,3586,1,1.0,True
3587,-3.0674481818181816,2.751750909090909,0.2970232636363636,291.54545454545456,6566.636363636364,1.575031181818182,92.63636363636364,61.0,299.0,294.1818181818182,0.0,0.0,2.0,280.0,3587,1,1.0,True
3588,-3.064779636363636,2.9918514545454546,0.26964147272727274,287.0,6474.454545454545,1.5846879999999999,95.45454545454545,61.09090909090909,271.8181818181818,267.09090909090907,0.0,1.0,2.0,280.0,3588,1,1.0,True
3589,-3.0672863636363634,3.183091636363636,0.0,227.9090909090909,5094.454545454545,1.5993806363636365,98.0909090909091,62.09090909090909,0.0,0.0,0.0,1.0,2.0,280.0,3589,1,1.0,True
3590,-3.0644500000000003,3.1934916363636363,0.0,228.45454545454547,5105.909090909091,1.600967,99.0,62.45454545454545,0.0,0.0,0.0,1.0,2.0,280.0,3590,1,1.0,True
3591,-3.0639855454545453,3.230619363636363,0.15454494727272727,277.0,6223.818181818182,1.5999931818181816,97.54545454545455,61.54545454545455,154.36363636363637,154.8181818181818,0.0,1.0,2.0,280.0,3591,1,1.0,True
3592,-3.0696662727272725,3.4505771818181823,0.2974100272727273,289.72727272727275,6524.545454545455,1.5968777272727273,97.36363636363636,61.0,296.3636363636364,298.09090909090907,0.0,0.0,2.0,280.0,3592,1,1.0,True
3593,-3.078894,3.739993666666667,0.29864763333333333,291.0,6551.666666666667,1.5935736666666667,98.0,61.0,298.0,299.0,0.0,0.0,2.0,280.0,3593,1,1.0,True
3594,-3.0854114545454547,4.051130636363636,0.2991890909090909,294.27272727272725,6627.363636363636,1.592990818181818,97.45454545454545,61.0,299.0,299.0,0.0,0.0,2.0,280.0,3594,1,1.0,True
3595,-3.0891483636363635,4.310229909090909,0.29887969090909094,294.27272727272725,6634.636363636364,1.5945060909090911,98.72727272727273,61.0,299.0,298.8181818181818,0.0,0.0,2.0,280.0,3595,1,1.0,True
3596,-3.094770666666667,4.608564666666667,0.2990021666666667,291.5,6564.5,1.5961441666666667,99.0,61.0,299.0,298.6666666666667,0.0,0.0,2.0,280.0,3596,1,1.0,True
3597,-3.101692,4.880883545454545,0.29876366363636364,290.6363636363636,6553.454545454545,1.597328909090909,98.9090909090909,61.0,297.90909090909093,299.0,0.0,0.0,2.0,280.0,3597,1,1.0,True
3598,-3.1056210909090907,5.179339909090909,0.2986089727272727,291.90909090909093,6581.636363636364,1.5987298181818181,97.45454545454545,61.0,299.0,297.90909090909093,0.0,0.0,2.0,280.0,3598,1,1.0,True
3599,-3.112841545454545,5.423954272727273,0.29872499999999996,292.54545454545456,6585.454545454545,1.5998201818181819,97.45454545454545,61.0,297.6363636363636,299.0,0.0,0.0,2.0,280.0,3599,1,1.0,True
