t_1hz,X-coordinate,Y-coordinate,Speed,power consumption,current consuption,Heading,Position confidence,Battery value,RIGHT DRIVE SIGNALS.ActualSpeed_R,LEFT DRIVE SIGNALS.ActualSpeed_L,energy_J_step,scanner_active,Going to ID,Current segment,t_sec,session,interval_check,is_1hz_ok,node_id
0,-4.536292,1.451914,0.0,236.7,5184.0,-3.102274,100.0,66.7,0.0,0.0,255.45599999999686,0.0,5.0,260.0,0,2,1.0,True,5.0
1,-4.536292,1.451914,0.0,237.0,5184.0,-3.102274,100.0,67.0,0.0,0.0,126.32400000000052,0.0,5.0,260.0,1,2,1.0,True,5.0
2,-4.536292,1.451914,0.0,236.5,5173.0,-3.102274,100.0,67.0,0.0,0.0,249.15599999999688,0.0,5.0,260.0,2,2,1.0,True,5.0
3,-4.536292,1.451914,0.0,234.0,5135.6,-3.102274,100.0,67.0,0.0,0.0,251.7840000000084,0.0,5.0,260.0,3,2,1.0,True,5.0
4,-4.536292,1.451914,0.0,236.2,5169.6,-3.102274,100.0,67.0,0.0,0.0,249.73199999999633,0.0,5.0,260.0,4,2,1.0,True,5.0
5,-4.536764363636364,1.451914,0.0,236.45454545454547,5170.363636363636,-3.102274,100.0,67.0,0.0,0.0,252.93600000000734,0.0,5.0,260.0,5,2,1.0,True,5.0
6,-4.537591,1.451914,0.0,236.2,5184.0,-3.102274,100.0,66.2,0.0,0.0,255.45599999999686,0.0,5.0,260.0,6,2,1.0,True,5.0
7,-4.537591,1.451914,0.0,236.2,5183.0,-3.102274,100.0,66.2,0.0,0.0,251.31599999999162,0.0,5.0,260.0,7,2,1.0,True,5.0
8,-4.537591,1.451914,0.0,236.3,5178.6,-3.102274,100.0,67.0,0.0,0.0,251.1,0.0,5.0,260.0,8,2,1.0,True,5.0
9,-4.537591,1.451914,0.0,235.4,5152.7,-3.102274,100.0,66.9,0.0,0.0,249.12000000000262,0.0,5.0,260.0,9,2,1.0,True,5.0
10,-4.537591,1.451914,0.0,234.5,5144.0,-3.102274,100.0,66.0,0.0,0.0,127.22400000000053,0.0,5.0,260.0,10,2,1.0,True,5.0
11,-4.5362915,1.4519139999999997,0.0,243.33333333333334,5335.333333333333,-3.102274,100.0,66.5,0.0,0.0,256.86000000000786,0.0,6.0,262.0,11,2,1.0,True,5.0
12,-4.539264636363637,1.440302,0.00038674909090909084,274.72727272727275,6036.818181818182,-2.9525474545454546,98.36363636363636,66.0,89.81818181818181,-88.9090909090909,291.7439999999901,0.0,6.0,262.0,12,2,1.0,True,5.0
13,-4.5373470000000005,1.4363753333333333,0.000425424,276.1666666666667,6078.833333333333,-2.6501065,97.33333333333333,65.66666666666667,100.0,-99.0,292.8240000000005,0.0,6.0,262.0,13,2,1.0,True,5.0
14,-4.534001,1.4342620000000001,0.000425424,277.0,6097.75,-2.290664,96.5,65.75,100.0,-99.0,296.27999999999736,0.0,6.0,262.0,14,2,1.0,True,5.0
15,-4.519906727272727,1.4487004545454545,0.000425424,277.09090909090907,6099.636363636364,-1.9562576363636361,89.63636363636364,65.81818181818181,100.0,-99.0,294.0120000000068,0.0,6.0,262.0,15,2,1.0,True,5.0
16,-4.480496333333334,1.4627921666666666,0.000425424,278.0,6122.0,-1.6067296666666666,66.83333333333333,65.5,100.0,-99.0,297.3960000000021,0.0,6.0,262.0,16,2,1.0,True,5.0
17,-4.482759454545455,1.4379588181818181,0.000425424,277.45454545454544,6104.090909090909,-1.3124007272727274,57.72727272727273,65.63636363636364,100.0,-99.0,300.02400000000057,0.0,6.0,262.0,17,2,1.0,True,5.0
18,-4.423952000000001,1.436934,0.00042542350000000003,267.0,5868.0,-0.9508572000000001,53.0,66.0,64.5,-63.5,145.58399999999529,0.0,6.0,262.0,18,2,1.0,True,5.0
19,-4.415566666666667,1.452286,3.545191666666667e-05,246.5,5419.416666666667,-0.8403770333333332,69.75,66.0,2.4166666666666665,-2.3333333333333335,264.99600000000214,0.0,6.0,262.0,19,2,1.0,True,5.0
20,-4.422618181818182,1.457097,0.0,254.72727272727272,5591.454545454545,-0.834472,81.27272727272727,66.0,0.0,0.0,260.24400000000315,0.0,6.0,262.0,20,2,1.0,True,5.0
21,-4.4259398333333335,1.4294005,0.05509240833333332,274.5,6039.5,-0.6902833500000001,70.33333333333333,65.66666666666667,126.66666666666667,-16.666666666666668,290.951999999999,0.0,6.0,262.0,21,2,1.0,True,5.0
22,-4.434933090909091,1.3799953636363638,0.07854873999999999,276.45454545454544,6083.818181818182,-0.46114902727272733,56.81818181818182,65.54545454545455,156.36363636363637,0.45454545454545453,293.14800000000105,0.0,6.0,262.0,22,2,1.0,True,5.0
23,-4.37006275,1.3542500000000002,0.15956945333333333,286.5,6308.166666666667,-0.19651138166666668,41.416666666666664,65.0,249.75,69.33333333333333,307.15199999999896,0.0,6.0,262.0,23,2,1.0,True,5.0
24,-4.245852909090909,1.3553856363636363,0.25042006363636365,291.8181818181818,6428.636363636364,0.027105063636363638,47.27272727272727,65.0909090909091,298.90909090909093,201.36363636363637,312.69600000000213,0.0,6.0,262.0,24,2,1.0,True,5.0
25,-4.069707454545455,1.4135364545454545,0.10627865454545454,251.63636363636363,5533.727272727273,0.16158962727272727,23.272727272727273,66.0,108.36363636363636,104.36363636363636,262.7279999999985,0.0,6.0,262.0,25,2,1.0,True,5.0
26,-3.9874005454545456,1.433091,0.0,243.0909090909091,5326.636363636364,0.1970061181818182,40.36363636363637,66.0,0.0,0.0,131.6879999999932,0.0,6.0,262.0,26,2,1.0,True,5.0
27,-3.9610460000000005,1.433091,0.0,238.2,5226.8,0.1985928,93.6,66.4,0.0,0.0,255.56400000000576,0.0,6.0,262.0,27,2,1.0,True,5.0
28,-3.954276909090909,1.4334313636363636,0.03805610909090909,272.0,5983.272727272727,0.19221152727272728,98.18181818181819,65.72727272727273,28.0,48.0,268.02000000000265,0.0,6.0,266.0,28,2,1.0,True,5.0
29,-3.7970114545454545,1.448228181818182,0.2415635,292.54545454545456,6449.181818181818,0.09331038272727273,99.0,65.0,214.45454545454547,268.6363636363636,318.45599999999683,0.0,6.0,266.0,29,2,1.0,True,29.0
30,-3.523729545454546,1.4607095454545453,0.29280775454545455,293.0,6462.363636363636,0.033718727272727275,97.9090909090909,65.0,286.54545454545456,299.0,316.5839999999953,0.0,6.0,266.0,30,2,1.0,True,29.0
31,-3.264921363636364,1.4641046363636363,0.19240766363636366,283.0,6236.363636363636,-0.047524070909090915,97.36363636363636,65.0,110.72727272727273,274.09090909090907,301.0680000000037,0.0,6.0,206.0,31,2,1.0,True,29.0
32,-3.1579067272727275,1.4418014545454545,0.10268187636363636,285.3636363636364,6295.272727272727,-0.45494588181818185,98.45454545454545,65.0,-70.36363636363636,275.72727272727275,309.67200000000156,0.0,6.0,206.0,32,2,1.0,True,29.0
33,-3.080664,1.3573328181818183,0.13980976363636363,286.90909090909093,6326.909090909091,-1.1170781636363636,85.72727272727273,65.0,-12.090909090909092,291.72727272727275,305.6039999999979,0.0,6.0,210.0,33,2,1.0,True,29.0
34,-3.06533,1.2124570000000001,0.22760185000000002,297.0,6560.5,-1.494194,64.0,65.0,156.0,299.0,157.5,0.0,6.0,210.0,34,2,1.0,True,28.0
35,-3.073852333333333,0.9875058750000001,0.2636919583333333,298.0833333333333,6582.0,-1.5568836666666666,62.916666666666664,65.0,293.1666666666667,234.41666666666666,316.15199999999896,0.0,6.0,22.0,35,2,1.0,True,28.0
36,-3.039442363636364,0.7109720636363637,0.2917248363636364,295.3636363636364,6519.363636363636,-1.5141180909090908,84.72727272727273,65.0,294.6363636363636,288.1818181818182,315.10799999999585,0.0,6.0,22.0,36,2,1.0,True,34.0
37,-3.023983166666667,0.43019691666666665,0.25858688333333335,293.0,6464.5,-1.5578715,87.33333333333333,65.0,218.0,299.0,311.25600000001,0.0,6.0,26.0,37,2,1.0,True,34.0
38,-3.0551744999999997,0.204689475,0.19186622499999997,289.25,6386.5,-1.80932625,80.75,65.0,84.5,299.0,309.3480000000011,0.0,6.0,26.0,38,2,1.0,True,33.0
39,-3.121700363636364,0.07998111818181818,0.11962152000000001,286.09090909090907,6316.818181818182,-2.2561397272727275,75.54545454545455,65.0,-46.45454545454545,285.54545454545456,304.0919999999911,0.0,6.0,26.0,39,2,1.0,True,33.0
40,-3.2187071666666665,0.0327736,0.15308173666666666,286.8333333333333,6325.666666666667,-1.8320495,83.83333333333333,65.0,22.833333333333332,283.6666666666667,314.3160000000047,0.0,6.0,222.0,40,2,1.0,True,33.0
41,-3.4096385454545457,0.012493182818181818,0.27892343636363637,292.8181818181818,6469.181818181818,-0.8443576363636365,94.72727272727273,65.0,288.45454545454544,269.0,312.65999999999474,0.0,6.0,222.0,41,2,1.0,True,33.0
42,-3.6969754999999997,0.003853404,0.2965205,290.0,6405.0,-3.0896745,98.0,65.0,298.0,295.0,160.23600000000735,0.0,6.0,222.0,42,2,1.0,True,33.0
43,-3.9821005454545455,-0.008983537272727273,0.2979901636363636,293.72727272727275,6476.363636363636,-3.0901274545454545,99.0,65.0,296.45454545454544,299.0,310.8599999999948,0.0,6.0,226.0,43,2,1.0,True,6.0
44,-4.237489454545455,-0.020765543636363636,0.22079505454545456,279.90909090909093,6171.090909090909,-3.095239818181818,99.0,65.36363636363636,219.36363636363637,222.45454545454547,299.80799999999584,0.0,6.0,226.0,44,2,1.0,True,6.0
45,-4.360041166666666,-0.024991326666666664,0.09969102833333332,268.5,5915.0,-3.097801666666667,99.0,65.5,99.16666666666667,100.83333333333333,285.58800000000633,0.0,6.0,226.0,45,2,1.0,True,6.0
46,-4.44410325,-0.02718792,0.052646219999999994,258.75,5690.0,-3.099656,99.0,66.0,52.25,53.0,273.9599999999948,0.0,6.0,226.0,46,2,1.0,True,6.0
47,-4.460507,-0.030723679999999996,0.0,236.0,5184.0,-3.101004,99.0,66.0,0.0,0.0,250.41600000000471,0.0,6.0,226.0,47,2,1.0,True,6.0
48,-4.460507,-0.030723679999999996,0.0,235.4,5171.1,-3.101004,99.0,66.0,0.0,0.0,252.57599999999948,0.0,6.0,226.0,48,2,1.0,True,6.0
49,-4.460507,-0.030723679999999996,0.0,236.0,5181.8,-3.101004,99.0,66.0,0.0,0.0,252.6839999999953,0.0,6.0,226.0,49,2,1.0,True,6.0
50,-4.460507,-0.030723679999999996,0.0,236.0,5184.0,-3.101004,99.0,66.0,0.0,0.0,125.28000000001047,0.0,6.0,226.0,50,2,1.0,True,6.0
51,-4.460507,-0.030723679999999996,0.0,236.0,5184.0,-3.101004,99.0,66.0,0.0,0.0,255.23999999999216,0.0,6.0,226.0,51,2,1.0,True,6.0
52,-4.460507,-0.030723679999999996,0.0,236.0,5184.0,-3.101004,99.0,66.0,0.0,0.0,248.14800000000105,0.0,6.0,226.0,52,2,1.0,True,6.0
53,-4.460507,-0.030723679999999996,0.0,236.0,5184.0,-3.101004,99.0,66.0,0.0,0.0,255.16800000000364,0.0,6.0,226.0,53,2,1.0,True,6.0
54,-4.461570636363636,-0.03001458909090909,0.0,235.72727272727272,5177.181818181818,-3.101004,99.0,66.0,0.0,0.0,250.34400000000315,0.0,6.0,226.0,54,2,1.0,True,6.0
55,-4.463934272727273,-0.028596407272727276,0.0,235.72727272727272,5177.181818181818,-3.101004,99.0,66.0,0.0,0.0,253.8,0.0,6.0,226.0,55,2,1.0,True,6.0
56,-4.461807,-0.030723679999999996,0.0,236.0,5184.0,-3.101004,99.0,66.0,0.0,0.0,251.96399999999267,0.0,6.0,226.0,56,2,1.0,True,6.0
57,-4.461577545454546,-0.030724035454545454,3.867490909090909e-05,250.8181818181818,5514.636363636364,-3.098185090909091,98.9090909090909,65.9090909090909,7.545454545454546,-7.454545454545454,271.26000000000784,0.0,5.0,224.0,57,2,1.0,True,6.0
58,-4.461997,-0.03594315,0.00042542399999999993,279.0,6147.0,-2.9985655,97.5,65.0,91.5,-90.5,145.3679999999906,0.0,5.0,224.0,58,2,1.0,True,6.0
59,-4.461577083333333,-0.050282545000000005,0.000425424,277.75,6113.083333333333,-2.6359158333333332,90.33333333333333,65.5,100.0,-99.0,296.4600000000079,0.0,5.0,224.0,59,2,1.0,True,6.0
60,-4.461117090909091,-0.01496816309090909,0.000425424,277.09090909090907,6111.818181818182,-2.278817,85.9090909090909,65.0,100.0,-99.0,294.11999999998955,0.0,5.0,224.0,60,2,1.0,True,6.0
61,-4.454979166666667,-0.0005471955,0.000425424,277.5,6122.0,-1.9186106666666667,86.0,65.0,100.0,-99.0,297.54000000000525,0.0,5.0,224.0,61,2,1.0,True,6.0
62,-4.44292,-0.008182424499999999,0.000425424,277.0,6111.25,-1.6119095,83.25,65.0,100.0,-99.0,297.25199999999893,0.0,5.0,224.0,62,2,1.0,True,6.0
63,-4.417685363636363,-0.03237381272727273,0.000425424,276.1818181818182,6092.545454545455,-1.2837905454545455,81.54545454545455,65.0,100.0,-99.0,293.76000000000784,0.0,5.0,224.0,63,2,1.0,True,6.0
64,-4.4036135454545455,-0.04235774818181818,0.000425424,276.1818181818182,6092.0,-0.9525458454545455,57.90909090909091,65.0,100.0,-99.0,299.62799999999845,0.0,5.0,224.0,64,2,1.0,True,6.0
65,-4.450257916666666,-0.0421917775,0.0004608760833333333,275.0833333333333,6068.333333333333,-0.6154120416666666,57.5,65.0,93.83333333333333,-92.75,292.6799999999974,0.0,5.0,224.0,65,2,1.0,True,6.0
66,-4.460439500000001,-0.044533635,0.0006381365,276.0,6085.5,-0.36708495,57.0,65.0,72.5,-71.0,148.6799999999974,0.0,5.0,224.0,66,2,1.0,True,6.0
67,-4.41941625,-0.038454833333333334,0.000425423,272.5833333333333,6005.916666666667,-0.18769991666666666,49.25,65.0,54.75,-53.75,289.8,0.0,5.0,224.0,67,2,1.0,True,6.0
68,-4.415155818181818,-0.054130277272727276,0.00027072327272727273,270.0,5942.363636363636,-0.02300978,41.63636363636363,65.36363636363636,31.272727272727273,-30.636363636363637,291.8880000000063,0.0,5.0,224.0,68,2,1.0,True,6.0
69,-4.427385636363637,-0.11978224363636364,0.0,249.8181818181818,5495.909090909091,0.02242876,19.09090909090909,66.0,0.0,0.0,261.71999999998957,0.0,5.0,224.0,69,2,1.0,True,6.0
70,-4.4227915,-0.198222475,0.0,244.5,5380.75,0.0302303025,26.5,66.0,0.0,0.0,259.0920000000042,0.0,5.0,224.0,70,2,1.0,True,6.0
71,-4.419912181818183,-0.22209451818181816,0.0,235.45454545454547,5173.272727272727,0.04127801363636364,34.18181818181818,66.0,0.0,0.0,248.50799999999583,0.0,5.0,224.0,71,2,1.0,True,6.0
72,-4.418836636363636,-0.2223234909090909,0.011834518181818183,241.27272727272728,5311.545454545455,0.04501309545454546,35.09090909090909,65.9090909090909,15.181818181818182,8.545454545454545,272.26800000000367,0.0,5.0,224.0,72,2,1.0,True,6.0
73,-4.3248351666666665,-0.2190367166666667,0.2051607,294.4166666666667,6500.916666666667,0.11527221249999998,37.333333333333336,65.0,242.5,168.0,318.31200000000683,0.0,5.0,224.0,73,2,1.0,True,6.0
74,-4.071252,-0.19481505000000002,0.2929044,299.0,6604.5,0.1944706,40.5,65.0,296.5,289.5,158.00399999999792,0.0,5.0,224.0,74,2,1.0,True,6.0
75,-3.8096045833333334,-0.13434197916666665,0.28326149166666664,299.1666666666667,6610.916666666667,0.175304825,41.0,65.0,267.3333333333333,299.0,315.9720000000016,0.0,5.0,220.0,75,2,1.0,True,33.0
76,-3.5258647000000005,-0.0287273222,0.26691104,298.1,6576.1,0.105795474,34.8,65.0,234.4,299.0,317.2679999999906,0.0,5.0,220.0,76,2,1.0,True,33.0
77,-3.3196742727272723,-0.0043536087272727265,0.20358470909090912,280.72727272727275,6192.727272727273,0.07533455818181818,29.454545454545453,65.27272727272727,189.27272727272728,217.45454545454547,312.7320000000094,0.0,5.0,220.0,77,2,1.0,True,33.0
78,-3.2012775454545452,0.026622191818181817,0.0,235.36363636363637,5170.272727272727,0.1670308181818182,18.90909090909091,66.0,0.0,0.0,246.31199999999373,0.0,5.0,220.0,78,2,1.0,True,33.0
79,-3.214692636363637,0.02290517,0.0,231.9090909090909,5094.454545454545,0.17977,31.818181818181817,66.0,0.0,0.0,248.43600000000734,0.0,5.0,220.0,79,2,1.0,True,33.0
80,-3.2150778333333334,0.02374037,0.0,237.0,5208.666666666667,0.17990351666666668,34.5,66.0,0.0,0.0,247.06799999999058,0.0,5.0,220.0,80,2,1.0,True,33.0
81,-3.1868932727272723,0.03989770909090909,0.05081882727272727,269.45454545454544,5937.727272727273,0.2618004545454546,30.818181818181817,65.45454545454545,129.27272727272728,-27.818181818181817,288.7920000000042,0.0,5.0,24.0,81,2,1.0,True,33.0
82,-3.1190765,0.04206394,0.0,230.5,5055.5,0.439135,19.5,66.0,0.0,0.0,124.74000000000524,0.0,5.0,24.0,82,2,1.0,True,33.0
83,-3.1015046666666666,-0.018209834166666664,0.0,231.66666666666666,5083.75,0.4408619,31.916666666666668,66.0,0.0,0.0,247.6079999999958,0.0,5.0,24.0,83,2,1.0,True,33.0
84,-3.101819727272727,-0.02292058272727273,0.0,231.9090909090909,5093.363636363636,0.4409608,36.27272727272727,66.0,0.0,0.0,245.0879999999932,0.0,5.0,24.0,84,2,1.0,True,33.0
85,-3.083392333333333,-0.008011857333333332,0.052468965,272.6666666666667,6002.666666666667,0.58633215,35.833333333333336,65.16666666666667,161.16666666666666,-56.0,292.75199999999893,0.0,5.0,24.0,85,2,1.0,True,33.0
86,-3.044221,-0.00812996875,0.0762572675,269.0,5927.25,0.9763765000000001,24.75,65.25,204.0,-51.75,284.5800000000105,0.0,5.0,24.0,86,2,1.0,True,33.0
87,-3.0314652727272726,-0.06051101545454545,0.0,231.9090909090909,5092.818181818182,1.1385582727272727,8.363636363636363,66.0,0.0,0.0,245.9159999999916,0.0,5.0,24.0,87,2,1.0,True,33.0
88,-3.0290614999999996,-0.12380597333333333,0.0,231.0,5072.833333333333,1.1432321666666667,14.0,66.0,0.0,0.0,246.0960000000021,0.0,5.0,24.0,88,2,1.0,True,33.0
89,-3.024558818181818,-0.14875738181818182,0.0,232.0,5088.181818181818,1.145834,22.727272727272727,66.0,0.0,0.0,244.72799999999842,0.0,5.0,24.0,89,2,1.0,True,33.0
90,-3.0244685000000002,-0.14283775,0.0,228.5,5014.0,1.145834,24.0,66.0,0.0,0.0,126.82799999999843,0.0,5.0,24.0,90,2,1.0,True,33.0
91,-3.0259936363636366,-0.14989873636363635,0.0,231.36363636363637,5086.272727272727,1.145834,24.454545454545453,66.0,0.0,0.0,245.44800000000106,0.0,5.0,24.0,91,2,1.0,True,33.0
92,-3.0279080000000005,-0.15121335454545454,0.0,231.9090909090909,5094.454545454545,1.145834,23.363636363636363,66.0,0.0,0.0,245.26800000000367,0.0,5.0,24.0,92,2,1.0,True,33.0
93,-3.027435666666667,-0.15018875,0.0,231.5,5085.5,1.145834,23.666666666666668,66.0,0.0,0.0,247.64400000000316,0.0,5.0,24.0,93,2,1.0,True,33.0
94,-3.0258145000000005,-0.149301225,0.0,231.5,5085.5,1.145408,23.5,66.0,0.0,0.0,247.6079999999958,0.0,5.0,24.0,94,2,1.0,True,33.0
95,-3.0243821818181815,-0.14837974545454544,0.0,231.9090909090909,5094.454545454545,1.1458434545454546,24.727272727272727,66.0,0.0,0.0,245.26800000000367,0.0,5.0,24.0,95,2,1.0,True,33.0
96,-3.0232449999999997,-0.14332686666666666,0.0,231.5,5085.5,1.14606,24.666666666666668,66.0,0.0,0.0,249.6599999999948,0.0,5.0,24.0,96,2,1.0,True,33.0
97,-3.0235623636363638,-0.14123031818181817,0.0,232.36363636363637,5103.909090909091,1.14606,23.727272727272727,66.0,0.0,0.0,247.5720000000016,0.0,5.0,24.0,97,2,1.0,True,33.0
98,-3.023468818181818,-0.15145737272727275,0.0,230.63636363636363,5056.909090909091,1.145704090909091,24.545454545454547,66.0,0.0,0.0,124.81200000000682,0.0,5.0,24.0,98,2,1.0,True,33.0
99,-3.0232580833333333,-0.146581375,0.0,231.66666666666666,5080.416666666667,1.145277,24.083333333333332,66.0,0.0,0.0,247.6799999999974,0.0,5.0,24.0,99,2,1.0,True,33.0
100,-3.098777272727273,-0.15551416363636364,0.0,231.9090909090909,5094.454545454545,1.145277,23.0,66.0,0.0,0.0,242.8919999999911,0.0,5.0,24.0,100,2,1.0,True,33.0
101,-3.0782961818181818,-0.15564321818181817,0.0,239.8181818181818,5263.272727272727,1.1475147272727273,15.363636363636363,66.0,0.0,0.0,258.84000000000526,0.0,5.0,24.0,101,2,1.0,True,33.0
102,-3.0530885,-0.114455105,0.0,238.75,5245.75,1.14900775,27.5,66.0,0.0,0.0,253.6920000000042,0.0,5.0,24.0,102,2,1.0,True,33.0
103,-3.1381,-0.02320742,0.0,232.4,5102.8,2.2247773,11.9,66.0,0.0,0.0,244.94400000000314,0.0,5.0,24.0,103,2,1.0,True,33.0
104,-3.1381,-0.02320742,0.0,231.5,5084.0,1.2045466,6.6,66.0,0.0,0.0,247.46399999999267,0.0,5.0,24.0,104,2,1.0,True,33.0
105,-3.1381,-0.02320742,0.0,230.9,5072.0,1.4330664,5.8,66.0,0.0,0.0,247.5720000000016,0.0,5.0,24.0,105,2,1.0,True,33.0
106,-3.1381,-0.02320742,0.0,235.0,5155.5,1.420942,1.0,66.0,0.0,0.0,125.27999999999739,0.0,5.0,24.0,106,2,1.0,True,33.0
107,-3.1003208333333334,0.14627164,0.13851095833333335,287.0833333333333,6335.333333333333,1.4590515000000002,62.166666666666664,65.08333333333333,158.58333333333334,118.66666666666667,292.9319999999964,0.0,5.0,24.0,107,2,1.0,True,33.0
108,-3.0990068,0.48068374,0.28601257,300.2,6632.7,1.5349175,70.5,65.0,283.4,288.8,312.62400000000054,0.0,5.0,20.0,108,2,1.0,True,34.0
109,-3.0743906666666665,0.8696002833333334,0.2921244666666667,294.3333333333333,6506.166666666667,1.5221833333333332,82.16666666666667,65.0,292.5,291.8333333333333,322.3080000000089,0.0,5.0,20.0,109,2,1.0,True,28.0
110,-3.0672545,1.17393175,0.218987025,285.25,6301.75,1.60772625,86.0,65.0,299.0,138.25,303.0480000000011,0.0,5.0,208.0,110,2,1.0,True,28.0
111,-3.1103830833333337,1.3643262500000002,0.11447452000000001,286.9166666666667,6324.75,2.0925704166666663,69.41666666666667,65.0,286.1666666666667,-57.416666666666664,308.33999999999213,0.0,5.0,204.0,111,2,1.0,True,29.0
112,-3.178874545454545,1.4340715454545454,0.10074812727272729,286.1818181818182,6313.545454545455,2.085516636363636,62.72727272727273,65.0,274.09090909090907,-72.45454545454545,305.6759999999995,0.0,5.0,204.0,112,2,1.0,True,29.0
113,-3.3306340833333334,1.4747813333333333,0.23075708333333333,294.25,6505.916666666667,-3.07027025,85.25,65.0,269.5833333333333,192.33333333333334,317.44800000000106,0.0,5.0,264.0,113,2,1.0,True,29.0
114,-3.550726272727273,1.4726004545454545,0.28286830909090904,296.09090909090907,6546.0,-3.0798432727272727,97.54545454545455,65.0,266.1818181818182,299.0,157.57200000000157,0.0,5.0,264.0,114,2,1.0,True,29.0
115,-3.8423466666666672,1.4591325833333333,0.2967686583333334,295.25,6521.25,-3.1095004166666667,98.91666666666667,65.0,294.3333333333333,299.0,316.3680000000037,0.0,5.0,264.0,115,2,1.0,True,29.0
116,-4.127403181818182,1.4500636363636366,0.2987249818181818,293.90909090909093,6492.0,-3.114212636363636,99.9090909090909,65.0,297.8181818181818,299.0,313.8480000000011,0.0,5.0,260.0,116,2,1.0,True,5.0
117,-4.359542,1.4449260909090909,0.14379329363636364,273.45454545454544,6034.0,-3.1148029090909093,100.0,65.0,143.8181818181818,143.8181818181818,288.7919999999911,0.0,5.0,260.0,117,2,1.0,True,5.0
118,-4.465027272727273,1.4427256363636365,0.09943318363636364,268.6363636363636,5923.636363636364,-3.1147534545454545,100.0,65.0,100.0,99.72727272727273,287.24400000000315,0.0,5.0,260.0,118,2,1.0,True,5.0
119,-4.5322411,1.4427954,0.029737134,244.1,5365.8,-3.1143348,100.0,65.7,30.0,29.7,259.451999999999,0.0,5.0,260.0,119,2,1.0,True,5.0
120,-4.536691,1.441052090909091,0.0,234.9090909090909,5163.545454545455,-3.1154104545454544,100.0,66.0,0.0,0.0,250.7759999999995,0.0,5.0,260.0,120,2,1.0,True,5.0
121,-4.536691,1.4415246363636365,0.0,236.0,5179.909090909091,-3.116045,100.0,66.0,0.0,0.0,250.02000000000263,0.0,5.0,260.0,121,2,1.0,True,5.0
122,-4.536691,1.442706,0.0,236.0,5184.0,-3.116045,100.0,66.0,0.0,0.0,127.40399999999791,0.0,5.0,260.0,122,2,1.0,True,5.0
123,-4.536691,1.442706,0.0,235.0,5159.3,-3.116045,100.0,66.0,0.0,0.0,249.87599999999946,0.0,5.0,260.0,123,2,1.0,True,5.0
124,-4.536691,1.442706,0.0,236.0,5181.4,-3.116045,100.0,66.0,0.0,0.0,249.15600000000995,0.0,5.0,260.0,124,2,1.0,True,5.0
125,-4.536691,1.442706,0.0,236.0,5179.1,-3.116045,100.0,66.0,0.0,0.0,251.71199999999374,0.0,5.0,260.0,125,2,1.0,True,5.0
126,-4.536691,1.442706,0.0,236.0,5184.0,-3.116045,100.0,66.0,0.0,0.0,252.43199999999632,0.0,5.0,260.0,126,2,1.0,True,5.0
127,-4.536691,1.442706,0.0,236.0,5184.0,-3.116045,100.0,66.0,0.0,0.0,250.12799999999845,0.0,5.0,260.0,127,2,1.0,True,5.0
128,-4.536691,1.442706,0.0,236.0,5184.0,-3.116045,100.0,66.0,0.0,0.0,252.46800000000366,0.0,5.0,260.0,128,2,1.0,True,5.0
129,-4.536691,1.442706,0.0,236.0,5184.0,-3.116045,100.0,66.0,0.0,0.0,254.87999999999738,0.0,5.0,260.0,129,2,1.0,True,5.0
130,-4.536691,1.442706,0.0,236.0,5184.0,-3.116045,100.0,66.0,0.0,0.0,125.06400000000576,0.0,5.0,260.0,130,2,1.0,True,5.0
131,-4.536691,1.442706,0.0,236.0,5184.0,-3.116045,100.0,66.0,0.0,0.0,252.43199999999632,0.0,5.0,260.0,131,2,1.0,True,5.0
132,-4.536691,1.442706,0.0,236.0,5182.8,-3.116045,100.0,66.0,0.0,0.0,250.84800000000104,0.0,5.0,260.0,132,2,1.0,True,5.0
133,-4.53598190909091,1.439515909090909,0.0,235.45454545454547,5167.363636363636,-3.116045,100.0,66.0,0.0,0.0,250.5240000000005,0.0,5.0,260.0,133,2,1.0,True,5.0
134,-4.534091,1.438807,0.0,241.9,5320.3,-3.116045,100.0,66.0,0.0,0.0,258.551999999999,0.0,6.0,262.0,134,2,1.0,True,5.0
135,-4.537557666666666,1.4330421666666666,0.00031906566666666664,270.25,5960.333333333333,-2.9893816666666666,98.33333333333333,65.25,74.41666666666667,-73.66666666666667,294.94800000000106,0.0,6.0,262.0,135,2,1.0,True,5.0
136,-4.534040166666666,1.4245873333333332,0.000425424,276.1666666666667,6090.666666666667,-2.6850923333333334,97.16666666666667,65.0,100.0,-99.0,291.74400000000315,0.0,6.0,262.0,136,2,1.0,True,5.0
137,-4.530783909090909,1.4231664545454545,0.000425424,275.3636363636364,6072.909090909091,-2.325985818181818,96.27272727272727,65.0,100.0,-99.0,296.1,0.0,6.0,262.0,137,2,1.0,True,5.0
138,-4.509986,1.4491475,0.00042542399999999993,277.5,6123.5,-2.0237190000000003,82.0,65.0,100.0,-99.0,144.50399999999792,0.0,6.0,262.0,138,2,1.0,True,5.0
139,-4.466667166666666,1.4515669166666667,0.000425424,276.3333333333333,6096.083333333333,-1.6771583333333335,62.666666666666664,65.0,100.0,-99.0,296.3879999999932,0.0,6.0,262.0,139,2,1.0,True,5.0
140,-4.476085727272727,1.4343835454545455,0.000425424,276.90909090909093,6108.545454545455,-1.3674143636363636,56.27272727272727,65.0,100.0,-99.0,294.1920000000042,0.0,6.0,262.0,140,2,1.0,True,5.0
141,-4.430478909090909,1.4308023636363636,0.0003093992727272727,262.90909090909093,5794.727272727273,-1.0526830272727272,49.18181818181818,65.27272727272727,72.72727272727273,-72.0,283.751999999999,0.0,6.0,262.0,141,2,1.0,True,5.0
142,-4.412787,1.4264705,0.0,244.75,5387.5,-0.9830335,57.25,66.0,0.0,0.0,261.5400000000052,0.0,6.0,262.0,142,2,1.0,True,5.0
143,-4.41736725,1.43026575,0.005743225,251.83333333333334,5545.5,-0.9692352416666666,65.66666666666667,65.83333333333333,15.833333333333334,-4.333333333333333,274.5,0.0,6.0,262.0,143,2,1.0,True,5.0
144,-4.409773727272728,1.4263005454545452,0.04834363272727273,277.09090909090907,6115.909090909091,-0.8296299545454545,72.9090909090909,65.0,123.45454545454545,-26.818181818181817,297.3599999999948,0.0,6.0,262.0,144,2,1.0,True,5.0
145,-4.3620884166666665,1.3631268333333333,0.12518100833333334,284.5,6280.083333333333,-0.4279949916666667,60.666666666666664,65.0,254.91666666666666,-4.416666666666667,302.0039999999979,0.0,6.0,262.0,145,2,1.0,True,5.0
146,-4.1547600000000005,1.3288829999999998,0.2056925,294.5,6507.0,-0.08280559,38.0,65.0,299.0,112.0,155.05199999999897,0.0,6.0,262.0,146,2,1.0,True,5.0
147,-3.9780423636363635,1.3347745454545454,0.0,244.36363636363637,5382.363636363636,0.06845572909090909,6.181818181818182,66.0,0.0,0.0,270.90000000000003,0.0,6.0,262.0,147,2,1.0,True,5.0
148,-3.921590666666667,1.3972533333333335,0.0,245.25,5397.5,0.076502835,14.666666666666666,66.0,0.0,0.0,258.91200000000686,0.0,6.0,262.0,148,2,1.0,True,5.0
149,-3.910137166666667,1.4774200000000002,0.0,233.66666666666666,5134.666666666667,0.07704539833333333,19.666666666666668,66.0,0.0,0.0,250.7759999999995,0.0,6.0,262.0,149,2,1.0,True,5.0
150,-3.9145229090909095,1.555568,0.0,231.9090909090909,5094.454545454545,0.07991724454545455,24.545454545454547,66.0,0.0,0.0,247.2839999999953,0.0,6.0,262.0,150,2,1.0,True,5.0
151,-3.912230363636364,1.581207818181818,0.0,231.9090909090909,5094.454545454545,0.07827830272727272,25.272727272727273,66.0,0.0,0.0,245.16000000000787,0.0,6.0,262.0,151,2,1.0,True,5.0
152,-3.9114115,1.5793581666666665,0.0,231.5,5085.5,0.07798988,24.5,66.0,0.0,0.0,249.7679999999906,0.0,6.0,262.0,152,2,1.0,True,5.0
153,-3.912073,1.5796935,0.0,231.91666666666666,5094.166666666667,0.07790662583333334,25.0,66.0,0.0,0.0,247.3200000000026,0.0,6.0,262.0,153,2,1.0,True,5.0
154,-3.9097515,1.5804224999999998,0.0,231.0,5066.5,0.07699083,25.5,66.0,0.0,0.0,124.66800000000367,0.0,6.0,262.0,154,2,1.0,True,5.0
155,-3.9085514999999997,1.5808135833333334,0.0,231.75,5086.0,0.07699083,25.083333333333332,66.0,0.0,0.0,245.26800000000367,0.0,6.0,262.0,155,2,1.0,True,5.0
156,-3.914280181818182,1.5783725454545454,0.0,240.8181818181818,5294.181818181818,0.07766925727272728,23.545454545454547,66.0,0.0,0.0,255.2759999999995,0.0,6.0,262.0,156,2,1.0,True,5.0
157,-3.9321212727272727,1.5179804545454545,0.0,238.8181818181818,5254.272727272727,0.07826967909090908,20.454545454545453,66.0,0.0,0.0,253.15199999999896,0.0,6.0,262.0,157,2,1.0,True,5.0
158,-3.988786,1.349829,0.0,232.4,5105.2,0.735722546,2.8,66.0,0.0,0.0,245.1960000000021,0.0,6.0,262.0,158,2,1.0,True,5.0
159,-3.988786,1.349829,0.0,231.5,5085.5,0.2023714,0.8,66.0,0.0,0.0,248.4,0.0,6.0,262.0,159,2,1.0,True,5.0
160,-3.988786,1.349829,0.0,232.4,5105.2,0.47403665000000006,0.0,66.0,0.0,0.0,244.33199999999636,0.0,6.0,262.0,160,2,1.0,True,5.0
161,-4.091311818181818,1.301374090909091,0.008121730909090909,240.27272727272728,5282.454545454545,0.3036769181818182,22.90909090909091,65.9090909090909,7.090909090909091,9.090909090909092,261.3240000000005,0.0,6.0,262.0,161,2,1.0,True,5.0
162,-4.105020000000001,1.32504,0.17676366999999998,285.5,6310.0,0.22085485,57.5,65.0,157.5,195.5,153.2879999999932,0.0,6.0,262.0,162,2,1.0,True,5.0
163,-3.8778015833333335,1.4144185833333334,0.2729095166666667,299.1666666666667,6611.75,0.12023687916666666,91.0,65.0,247.16666666666666,298.3333333333333,322.5960000000021,0.0,6.0,266.0,163,2,1.0,True,29.0
164,-3.5933163,1.4424032,0.29205358000000003,292.3,6462.0,0.054300932,97.5,65.0,284.5,299.0,315.64800000000105,0.0,6.0,266.0,164,2,1.0,True,29.0
165,-3.3197831818181815,1.4529913636363636,0.23808274545454544,291.72727272727275,6441.545454545455,0.009851804545454547,97.0,65.0,189.9090909090909,285.6363636363636,308.01600000000474,0.0,6.0,206.0,165,2,1.0,True,29.0
166,-3.1727203636363637,1.438126909090909,0.10194705818181818,285.6363636363636,6307.454545454545,-0.36140105272727274,98.18181818181819,65.0,-65.27272727272727,269.09090909090907,304.0920000000042,0.0,6.0,206.0,166,2,1.0,True,29.0
167,-3.0974534166666667,1.3773555833333333,0.12386928166666666,285.3333333333333,6303.916666666667,-0.9765533666666667,95.08333333333333,65.0,-38.0,285.3333333333333,303.98399999999526,0.0,6.0,210.0,167,2,1.0,True,29.0
168,-3.0676122727272728,1.2482923636363636,0.20196038181818182,291.09090909090907,6434.818181818182,-1.413406,86.0,65.0,107.9090909090909,295.54545454545456,315.0720000000016,0.0,6.0,22.0,168,2,1.0,True,28.0
169,-3.0718823333333334,1.006634375,0.2710660166666667,298.75,6608.0,-1.5557289166666666,67.91666666666667,65.0,293.1666666666667,248.58333333333334,319.2839999999953,0.0,6.0,22.0,169,2,1.0,True,28.0
170,-3.0398975,0.7686153499999999,0.29162815000000003,292.0,6460.5,-1.5152225,85.0,65.0,296.5,286.5,157.7880000000063,0.0,6.0,22.0,170,2,1.0,True,34.0
171,-3.021220583333333,0.4763535666666667,0.2705342333333333,295.8333333333333,6540.083333333333,-1.5434599999999998,87.5,65.0,241.5,299.0,311.43599999999424,0.0,6.0,26.0,171,2,1.0,True,34.0
172,-3.043089,0.24400174545454545,0.20629197272727273,290.09090909090907,6416.636363636364,-1.7364832727272728,82.81818181818181,65.0,112.9090909090909,299.0,308.3039999999979,0.0,6.0,26.0,172,2,1.0,True,34.0
173,-3.1087260000000003,0.09124731166666666,0.12918710666666666,286.1666666666667,6324.5,-2.1930358333333335,75.83333333333333,65.0,-31.0,289.0,306.90000000000003,0.0,6.0,26.0,173,2,1.0,True,33.0
174,-3.185611,0.03882773,0.1199695725,288.25,6379.25,-2.7299710000000004,80.25,65.0,-32.75,272.5,309.99600000000214,0.0,6.0,222.0,174,2,1.0,True,33.0
175,-3.3566523636363637,0.015732456000000002,0.2526244909090909,297.1818181818182,6566.454545454545,0.2910191818181818,94.81818181818181,65.0,247.45454545454547,257.72727272727275,317.26800000000367,0.0,6.0,222.0,175,2,1.0,True,33.0
176,-3.624230090909091,0.006082707272727273,0.29114470000000003,298.54545454545456,6602.272727272727,-3.097082,97.63636363636364,65.0,298.54545454545456,283.54545454545456,314.24400000000315,0.0,6.0,226.0,176,2,1.0,True,33.0
177,-3.9045089090909086,-0.006906051818181818,0.29706192727272723,292.45454545454544,6465.0,-3.088703727272727,98.63636363636364,65.0,294.27272727272725,299.0,310.53599999999426,0.0,6.0,226.0,177,2,1.0,True,6.0
178,-4.166238,-0.015881725,0.23632299999999998,278.0,6138.0,-3.093728,99.0,65.0,235.5,237.0,156.45599999999686,0.0,6.0,226.0,178,2,1.0,True,6.0
179,-4.326644833333334,-0.023581372500000003,0.10564695749999999,268.0833333333333,5912.083333333333,-3.096338,99.0,65.0,105.33333333333333,106.25,283.5,0.0,6.0,226.0,179,2,1.0,True,6.0
180,-4.428984333333333,-0.025878078333333332,0.07030130916666666,266.9166666666667,5881.75,-3.098433,98.66666666666667,65.0,70.25,71.0,287.3880000000063,0.0,6.0,226.0,180,2,1.0,True,6.0
181,-4.457512090909091,-0.02690683818181818,0.0023204945454545454,239.8181818181818,5269.090909090909,-3.0988329999999995,97.18181818181819,65.81818181818181,2.3636363636363638,2.3636363636363638,248.93999999999215,0.0,6.0,226.0,181,2,1.0,True,6.0
182,-4.457563,-0.02690902,0.0,236.0,5184.0,-3.098833,97.0,66.0,0.0,0.0,249.76800000000367,0.0,6.0,226.0,182,2,1.0,True,6.0
183,-4.4575653636363635,-0.026909119999999998,0.0,250.0,5510.363636363636,-3.098397909090909,97.0,65.27272727272727,5.454545454545454,-5.454545454545454,260.6759999999995,0.0,5.0,224.0,183,2,1.0,True,6.0
184,-4.461860636363637,-0.03319056,0.0002707221818181818,270.90909090909093,5978.090909090909,-3.005341636363636,96.9090909090909,65.0,74.0,-73.36363636363636,295.30799999999584,0.0,5.0,224.0,184,2,1.0,True,6.0
185,-4.46449725,-0.043598619166666665,0.000425424,276.6666666666667,6107.666666666667,-2.701635166666667,92.0,65.0,100.0,-99.0,298.9800000000105,0.0,5.0,224.0,185,2,1.0,True,6.0
186,-4.4635985,-0.009569658,0.00042542399999999993,278.5,6151.5,-2.325698,81.0,65.0,100.0,-99.0,144.7919999999911,0.0,5.0,224.0,186,2,1.0,True,6.0
187,-4.4588672727272725,0.0018287777272727275,0.000425424,277.09090909090907,6116.818181818182,-1.9709349999999999,85.54545454545455,65.0,100.0,-99.0,296.7120000000068,0.0,5.0,224.0,187,2,1.0,True,6.0
188,-4.447248,-0.003534021181818182,0.000425424,276.72727272727275,6113.0,-1.6302499090909088,81.9090909090909,65.0,100.0,-99.0,296.7839999999953,0.0,5.0,224.0,188,2,1.0,True,6.0
189,-4.427102454545454,-0.023470466363636366,0.000425424,276.6363636363636,6113.0,-1.3060803636363636,84.54545454545455,65.0,100.0,-99.0,293.9759999999995,0.0,5.0,224.0,189,2,1.0,True,6.0
190,-4.41723425,-0.0320026225,0.000425424,277.0,6122.0,-0.9962534000000001,75.75,65.0,100.0,-99.0,294.1200000000026,0.0,5.0,224.0,190,2,1.0,True,6.0
191,-4.457120545454545,-0.03936940181818182,0.000425424,276.27272727272725,6104.090909090909,-0.6448864727272727,67.54545454545455,65.0,94.18181818181819,-93.36363636363636,293.29200000000424,0.0,5.0,224.0,191,2,1.0,True,6.0
192,-4.4687845,-0.041048140000000004,0.00042542366666666666,274.6666666666667,6064.833333333333,-0.38549453333333333,61.666666666666664,65.0,73.66666666666667,-73.5,293.93999999999215,0.0,5.0,224.0,192,2,1.0,True,6.0
193,-4.442723272727273,-0.03902147,0.0006574730909090909,272.0,6012.090909090909,-0.18380165818181818,48.54545454545455,65.0,55.18181818181818,-53.63636363636363,292.46400000000574,0.0,5.0,224.0,193,2,1.0,True,6.0
194,-4.419939,-0.04154825,0.00042542200000000006,274.0,6049.0,-0.03607979,41.0,65.0,49.0,-48.0,142.45199999999895,0.0,5.0,224.0,194,2,1.0,True,6.0
195,-4.406295083333333,-0.10173748416666667,0.04725751183333334,259.6666666666667,5720.916666666667,0.022006869166666665,24.583333333333332,65.41666666666667,56.083333333333336,38.5,276.98399999999526,0.0,5.0,224.0,195,2,1.0,True,6.0
196,-4.402166083333333,-0.11935509166666668,0.0,244.66666666666666,5382.333333333333,0.028781070000000002,27.0,65.41666666666667,0.0,0.0,258.2640000000058,0.0,5.0,224.0,196,2,1.0,True,6.0
197,-4.401517363636364,-0.11673985454545455,0.0,241.36363636363637,5309.545454545455,0.03187919272727273,25.818181818181817,65.45454545454545,0.0,0.0,258.76800000000367,0.0,5.0,224.0,197,2,1.0,True,6.0
198,-4.39914775,-0.120586525,0.0,231.5,5085.5,0.031696089999999996,26.0,66.0,0.0,0.0,246.81599999999162,0.0,5.0,224.0,198,2,1.0,True,6.0
199,-4.400678181818182,-0.13261931818181819,0.0,231.36363636363637,5091.727272727273,0.031048187272727276,29.454545454545453,66.0,0.0,0.0,245.12400000000054,0.0,5.0,224.0,199,2,1.0,True,6.0
200,-4.399067818181819,-0.12486924545454546,0.006652084545454545,245.36363636363637,5404.090909090909,0.03251637727272727,29.363636363636363,65.36363636363636,7.545454545454546,5.7272727272727275,262.7279999999985,0.0,5.0,224.0,200,2,1.0,True,6.0
201,-4.332450000000001,-0.11437393636363637,0.19921442909090906,286.09090909090907,6330.636363636364,0.05769791545454545,30.545454545454547,65.0,216.63636363636363,181.72727272727272,308.8799999999974,0.0,5.0,224.0,201,2,1.0,True,6.0
202,-4.0912245,-0.09859725500000001,0.2914154,290.0,6411.5,0.09193794,37.5,65.0,294.5,288.0,160.20000000000002,0.0,5.0,224.0,202,2,1.0,True,6.0
203,-3.807400909090909,-0.0553183909090909,0.28847612727272726,291.27272727272725,6450.0,0.07223769090909091,47.36363636363637,65.0,277.54545454545456,299.0,309.6720000000016,0.0,5.0,220.0,203,2,1.0,True,33.0
204,-3.5590903636363636,-0.03976739636363636,0.2863876909090909,292.72727272727275,6474.363636363636,0.04644069272727272,46.45454545454545,65.0,282.27272727272725,289.90909090909093,315.54000000000525,0.0,5.0,220.0,204,2,1.0,True,33.0
205,-3.299438181818182,-0.08885200181818181,0.24554700000000002,289.8181818181818,6404.363636363636,0.09516246727272727,39.54545454545455,65.0,299.0,191.9090909090909,306.6119999999937,0.0,5.0,24.0,205,2,1.0,True,33.0
206,-3.144489,-0.088131045,0.089870825,269.75,5964.0,0.4831824,29.0,65.25,205.75,-26.25,295.05600000000993,0.0,5.0,24.0,206,2,1.0,True,33.0
207,-3.1160269,-0.132683,0.0,232.7,5115.8,0.68556313,17.3,66.0,0.0,0.0,245.95199999999897,0.0,5.0,24.0,207,2,1.0,True,33.0
208,-3.1161081818181815,-0.20784663636363634,0.0,231.9090909090909,5094.454545454545,0.6902018727272727,19.727272727272727,66.0,0.0,0.0,246.05999999999477,0.0,5.0,24.0,208,2,1.0,True,33.0
209,-3.1155871666666664,-0.2482399833333333,0.0,231.66666666666666,5090.583333333333,0.6929343,27.5,66.0,0.0,0.0,246.67200000001466,0.0,5.0,24.0,209,2,1.0,True,33.0
210,-3.117169,-0.25395945000000003,0.0,228.5,5024.5,0.6967832,31.0,66.0,0.0,0.0,124.41599999999163,0.0,5.0,24.0,210,2,1.0,True,33.0
211,-3.11029875,-0.24810599999999997,0.03913900833333333,269.6666666666667,5947.666666666667,0.7258047083333333,31.416666666666668,65.08333333333333,78.33333333333333,0.0,266.8319999999833,0.0,5.0,24.0,211,2,1.0,True,33.0
212,-3.0734005833333335,-0.22357771666666668,0.07335021333333333,253.5,5585.083333333333,1.038073325,22.083333333333332,65.33333333333333,164.83333333333334,-18.083333333333332,283.10400000002414,0.0,5.0,24.0,212,2,1.0,True,33.0
213,-3.075499666666667,-0.27341741666666664,0.0,232.25,5101.916666666667,1.0897315833333334,17.833333333333332,66.0,0.0,0.0,247.1759999999864,0.0,5.0,24.0,213,2,1.0,True,33.0
214,-3.06481125,-0.30362562499999995,0.0,231.5,5085.5,1.09709775,24.25,66.0,0.0,0.0,244.83600000000735,0.0,5.0,24.0,214,2,1.0,True,33.0
215,-3.0676107272727275,-0.3105205818181818,0.0,231.9090909090909,5094.454545454545,1.0971407272727272,25.90909090909091,66.0,0.0,0.0,242.53199999998324,0.0,5.0,24.0,215,2,1.0,True,33.0
216,-3.0638778181818185,-0.30639212727272724,0.009475354545454546,250.9090909090909,5524.818181818182,1.1041839999999998,27.0,65.36363636363636,18.90909090909091,0.0,272.1960000000021,0.0,5.0,24.0,216,2,1.0,True,33.0
217,-3.0544666666666664,-0.255364325,0.12064315833333333,278.8333333333333,6161.166666666667,1.3198671666666666,24.25,65.08333333333333,213.66666666666666,27.5,280.8,0.0,5.0,24.0,217,2,1.0,True,33.0
218,-3.0564809090909093,-0.28532466363636366,0.0,230.0,5047.363636363636,1.4444114545454545,19.636363636363637,66.0,0.0,0.0,124.45199999999896,0.0,5.0,24.0,218,2,1.0,True,33.0
219,-3.0596772727272725,-0.33873916363636364,0.0,231.36363636363637,5090.636363636364,1.4520754545454546,24.363636363636363,66.0,0.0,0.0,249.5880000000063,0.0,5.0,24.0,219,2,1.0,True,33.0
220,-3.054607090909091,-0.36797765454545456,0.0,231.36363636363637,5091.727272727273,1.455270909090909,29.454545454545453,66.0,0.0,0.0,246.70799999999582,0.0,5.0,24.0,220,2,1.0,True,33.0
221,-3.108874666666667,-0.14749992666666667,0.0,239.75,5267.666666666667,1.4585045,8.666666666666666,66.0,0.0,0.0,252.93600000000734,0.0,5.0,24.0,221,2,1.0,True,33.0
222,-3.0582025,-0.076314265,0.0,240.5,5294.0,1.48538475,13.75,66.0,0.0,0.0,255.02400000001364,0.0,5.0,24.0,222,2,1.0,True,33.0
223,-3.070815,0.0965253109090909,0.0,240.9090909090909,5298.0,1.486848818181818,21.727272727272727,65.45454545454545,0.0,0.0,256.1759999999864,0.0,5.0,24.0,223,2,1.0,True,33.0
224,-3.1568827272727273,0.05935313736363635,0.0,235.1818181818182,5166.090909090909,1.5539977272727272,18.09090909090909,66.0,0.0,0.0,249.58800000000628,0.0,5.0,24.0,224,2,1.0,True,33.0
225,-3.2101219999999997,-0.006689927,0.0,230.7,5068.3,1.9128143999999998,1.9,66.0,0.0,0.0,244.76399999999268,0.0,5.0,24.0,225,2,1.0,True,33.0
226,-3.2101219999999997,-0.006689927,0.0,228.0,5008.0,1.708383,0.0,66.0,0.0,0.0,124.34400000000315,0.0,5.0,24.0,226,2,1.0,True,33.0
227,-3.154322666666667,0.14362426441666667,0.07569000000000001,262.4166666666667,5788.333333333333,1.7641113333333334,42.666666666666664,65.58333333333333,44.583333333333336,106.66666666666667,270.0719999999885,0.0,5.0,24.0,227,2,1.0,True,33.0
228,-3.137730909090909,0.40656782727272733,0.23835347272727272,296.6363636363636,6556.727272727273,1.6000022727272727,67.81818181818181,65.0,181.0,295.09090909090907,317.1960000000021,0.0,5.0,20.0,228,2,1.0,True,34.0
229,-3.119448333333333,0.7621295333333333,0.28623945,293.0,6480.833333333333,1.4842618333333333,88.0,65.0,276.6666666666667,295.6666666666667,313.5960000000021,0.0,5.0,20.0,229,2,1.0,True,34.0
230,-3.103505272727273,1.1003379636363635,0.2513868727272727,286.0,6329.181818181818,1.5350706363636364,86.9090909090909,65.0,299.0,203.36363636363637,310.8960000000021,0.0,5.0,208.0,230,2,1.0,True,28.0
231,-3.1296358181818182,1.3321297272727273,0.12035632545454544,287.09090909090907,6346.454545454545,1.9023086363636366,76.54545454545455,65.0,293.90909090909093,-53.0,305.1,0.0,5.0,204.0,231,2,1.0,True,29.0
232,-3.1873330909090907,1.4056228181818182,0.09572038727272726,287.54545454545456,6356.909090909091,2.522122181818182,64.27272727272727,65.0,277.45454545454544,-85.81818181818181,306.3240000000136,0.0,5.0,204.0,232,2,1.0,True,29.0
233,-3.3001626666666666,1.4535224166666667,0.20388446666666668,295.8333333333333,6547.416666666667,-0.5891239166666667,84.83333333333333,65.0,294.6666666666667,112.83333333333333,310.42799999998533,0.0,5.0,264.0,233,2,1.0,True,29.0
234,-3.5415495,1.4650085000000002,0.2907773,288.5,6387.5,-3.0997100000000004,96.5,65.0,283.0,298.5,160.34400000000315,0.0,5.0,264.0,234,2,1.0,True,29.0
235,-3.814973833333333,1.45739325,0.29786769166666666,293.0,6490.333333333333,-3.1139269166666668,99.33333333333333,65.0,296.25,299.0,310.64400000000313,0.0,5.0,264.0,235,2,1.0,True,29.0
236,-4.129931916666667,1.4489134166666666,0.29939214166666667,296.0,6544.75,-3.1167173333333333,99.66666666666667,65.0,298.8333333333333,299.0,311.4,0.0,5.0,260.0,236,2,1.0,True,5.0
237,-4.342082545454546,1.4434636363636364,0.16015279272727276,273.27272727272725,6029.818181818182,-3.1170306363636366,99.81818181818181,65.0,160.1818181818182,160.1818181818182,292.82399999998745,0.0,5.0,260.0,237,2,1.0,True,5.0
238,-4.46226025,1.4424285,0.09954921,268.5,5924.5,-3.11698825,100.0,65.0,100.0,99.75,286.7760000000126,0.0,5.0,260.0,238,2,1.0,True,5.0
239,-4.527402818181819,1.4414123636363636,0.02703375818181818,243.63636363636363,5359.090909090909,-3.116327636363636,100.0,65.72727272727273,27.272727272727273,27.0,259.38000000001045,0.0,5.0,260.0,239,2,1.0,True,5.0
240,-4.534113727272727,1.441276,0.0,236.0,5184.0,-3.1162539999999996,100.0,66.0,0.0,0.0,251.74800000000107,0.0,5.0,260.0,240,2,1.0,True,5.0
241,-4.533641,1.441276,0.0,235.6,5181.6,-3.116254,100.0,66.0,0.0,0.0,251.81999999998953,0.0,5.0,260.0,241,2,1.0,True,5.0
242,-4.533641,1.441276,0.0,236.0,5184.0,-3.116254,100.0,66.0,0.0,0.0,124.88400000000838,0.0,5.0,260.0,242,2,1.0,True,5.0
243,-4.533641,1.441276,0.0,236.0,5184.0,-3.116254,100.0,66.0,0.0,0.0,254.44800000000103,0.0,5.0,260.0,243,2,1.0,True,5.0
244,-4.533641,1.441276,0.0,236.0,5184.0,-3.116254,100.0,66.0,0.0,0.0,250.66799999999057,0.0,5.0,260.0,244,2,1.0,True,5.0
245,-4.533641,1.441276,0.0,241.7,5317.2,-3.116254,100.0,65.7,0.0,0.0,259.05599999999686,0.0,31.0,262.0,245,2,1.0,True,5.0
246,-4.535934090909091,1.4366510909090908,0.0003480741818181818,271.6363636363636,5998.363636363636,-3.0150206363636367,99.18181818181819,65.0,79.0909090909091,-78.27272727272727,288.54000000000525,0.0,31.0,262.0,246,2,1.0,True,5.0
247,-4.533521727272728,1.4258876363636366,0.000425424,275.09090909090907,6080.909090909091,-2.6802024545454546,97.72727272727273,65.0,100.0,-99.0,297.25199999999893,0.0,31.0,262.0,247,2,1.0,True,5.0
248,-4.530646909090909,1.4232102727272726,0.000425424,276.27272727272725,6103.363636363636,-2.361590545454545,96.63636363636364,65.0,100.0,-99.0,291.7799999999843,0.0,31.0,262.0,248,2,1.0,True,5.0
249,-4.5100095,1.4427614999999998,0.000425424,276.8333333333333,6113.833333333333,-2.01150375,81.25,65.0,100.0,-99.0,296.49600000000214,0.0,31.0,262.0,249,2,1.0,True,5.0
250,-4.4685583636363635,1.453237,0.000425424,278.45454545454544,6154.090909090909,-1.6981897272727273,64.18181818181819,65.0,100.0,-99.0,144.9,0.0,31.0,262.0,250,2,1.0,True,5.0
251,-4.4779169166666675,1.4326779166666668,0.000425424,276.4166666666667,6109.583333333333,-1.3503604166666667,59.666666666666664,65.0,100.0,-99.0,296.35199999999895,0.0,31.0,262.0,251,2,1.0,True,5.0
252,-4.435847727272727,1.4325713636363637,0.000425424,264.27272727272725,5844.909090909091,-1.0304113090909093,55.90909090909091,65.0,100.0,-99.0,291.708000000022,0.0,31.0,262.0,252,2,1.0,True,5.0
253,-4.4002569000000005,1.4308692,8.50848e-05,245.8,5414.5,-0.87067166,61.7,65.0,20.0,-19.8,264.7799999999843,0.0,31.0,262.0,253,2,1.0,True,5.0
254,-4.3972725,1.4327572499999999,0.0089339025,252.25,5557.0,-0.8504444750000001,69.5,65.0,23.0,-5.0,267.9840000000084,0.0,31.0,262.0,254,2,1.0,True,5.0
255,-4.397581818181819,1.424889,0.04996798090909091,273.1818181818182,6039.181818181818,-0.7247540181818182,72.0909090909091,65.0,120.0,-19.818181818181817,288.5039999999979,0.0,31.0,262.0,255,2,1.0,True,5.0
256,-4.406112363636364,1.392545272727273,0.07499064454545455,276.27272727272725,6103.909090909091,-0.4985731272727273,65.54545454545455,65.0,154.0,-4.181818181818182,299.3039999999979,0.0,31.0,262.0,256,2,1.0,True,5.0
257,-4.38026175,1.3506035,0.10316532916666667,280.0,6189.833333333333,-0.2333906,50.083333333333336,65.0,170.83333333333334,35.166666666666664,298.94400000000314,0.0,31.0,262.0,257,2,1.0,True,5.0
258,-4.2844255,1.341988,0.22398574999999998,296.0,6550.5,-0.014733825,52.5,64.5,287.5,160.5,156.81599999999162,0.0,31.0,262.0,258,2,1.0,True,5.0
259,-4.070834166666667,1.3710150833333332,0.16634075,272.5833333333333,6019.666666666667,0.12158406249999999,27.5,64.91666666666667,174.41666666666666,158.08333333333334,306.1800000000105,0.0,31.0,262.0,259,2,1.0,True,5.0
260,-3.9601023333333334,1.4283601666666668,0.0,243.91666666666666,5372.083333333333,0.19034748333333332,27.5,65.0,0.0,0.0,261.2159999999916,0.0,31.0,262.0,260,2,1.0,True,5.0
261,-3.9124885454545453,1.4341051818181818,0.0,241.36363636363637,5311.454545454545,0.20262997272727273,72.9090909090909,65.27272727272727,0.0,0.0,256.8960000000021,0.0,31.0,262.0,261,2,1.0,True,5.0
262,-3.9018730909090906,1.4332122727272727,0.034343318181818176,248.54545454545453,5472.636363636364,0.1969586363636364,97.18181818181819,65.72727272727273,25.636363636363637,43.09090909090909,267.1920000000042,0.0,31.0,266.0,262,2,1.0,True,5.0
263,-3.805971090909091,1.4426737272727272,0.22137517272727275,294.3636363636364,6520.636363636364,0.12460373272727274,99.0,64.81818181818181,185.8181818181818,257.27272727272725,314.1719999999885,0.0,31.0,266.0,263,2,1.0,True,29.0
264,-3.544769272727273,1.458086,0.2890562545454545,299.27272727272725,6626.0,0.044020168181818184,98.27272727272727,64.0909090909091,278.54545454545456,299.0,317.7360000000073,0.0,31.0,266.0,264,2,1.0,True,29.0
265,-3.2659638333333336,1.4653227500000001,0.2981513083333333,293.5833333333333,6501.166666666667,0.026667355833333333,97.08333333333333,64.5,297.25,299.0,313.1639999999927,0.0,31.0,346.0,265,2,1.0,True,29.0
266,-2.9582355,1.475212,0.29907305,291.5,6454.5,0.02412638,97.5,65.0,298.5,299.0,157.5,0.0,31.0,346.0,266,2,1.0,True,27.0
267,-2.7232315000000002,1.4792819166666664,0.29882489166666665,294.5833333333333,6516.75,0.02503086083333333,97.91666666666667,64.5,298.9166666666667,298.5,312.1559999999969,0.0,31.0,350.0,267,2,1.0,True,27.0
268,-2.4167724545454545,1.4843769090909091,0.23881755454545453,286.8181818181818,6353.272727272727,0.02710930818181818,99.81818181818181,64.45454545454545,239.36363636363637,237.72727272727272,310.0320000000095,0.0,31.0,354.0,268,2,1.0,True,31.0
269,-2.270311090909091,1.487564909090909,0.10593056363636365,268.72727272727275,5942.909090909091,0.02646887272727273,99.72727272727273,65.0,106.36363636363636,106.0909090909091,287.1720000000147,0.0,31.0,354.0,269,2,1.0,True,31.0
270,-2.1698662499999997,1.4856852500000002,0.07838437,260.75,5760.0,0.02788751,99.0,65.25,79.25,78.0,281.8799999999843,0.0,31.0,354.0,270,2,1.0,True,31.0
271,-2.1311969,1.4842062999999999,0.005105088000000001,235.2,5178.6,0.028960739999999995,99.5,65.5,5.1,5.1,249.44400000000314,0.0,31.0,354.0,271,2,1.0,True,31.0
272,-2.130998,1.4859886666666666,0.0,236.0,5184.0,0.02896074,99.66666666666667,66.0,0.0,0.0,248.72400000001363,0.0,31.0,354.0,272,2,1.0,True,31.0
273,-2.130998,1.485122,0.0,236.0,5184.0,0.028960739999999995,100.0,66.0,0.0,0.0,124.84799999997486,0.0,31.0,354.0,273,2,1.0,True,31.0
274,-2.130998,1.485772,0.0,236.0,5184.0,0.028960739999999995,100.0,66.0,0.0,0.0,252.07200000001467,0.0,31.0,354.0,274,2,1.0,True,31.0
275,-2.1282043636363634,1.4826288181818184,0.02494531818181818,255.54545454545453,5631.727272727273,0.017782429090909088,100.0,65.54545454545455,7.2727272727272725,42.72727272727273,264.38400000000837,0.0,5.0,230.0,275,2,1.0,True,31.0
276,-2.0776472727272726,1.4840971818181818,0.11119035454545455,285.1818181818182,6301.545454545455,-0.22687126763636362,100.0,65.0,-42.72727272727273,265.09090909090907,299.05199999999894,0.0,5.0,230.0,276,2,1.0,True,31.0
277,-1.9944209999999998,1.4359477272727272,0.10844445454545455,285.09090909090907,6310.545454545455,-0.8241288363636362,98.0909090909091,65.0,-58.36363636363637,275.27272727272725,309.0599999999948,0.0,5.0,234.0,277,2,1.0,True,31.0
278,-1.9685802499999998,1.35387025,0.13326409749999998,284.5,6296.25,-1.307372,85.75,65.0,9.0,257.75,300.4199999999895,0.0,5.0,234.0,278,2,1.0,True,32.0
279,-1.9797758333333333,1.2543810000000002,0.08458846916666667,272.1666666666667,6017.25,-1.533449,57.166666666666664,65.0,56.666666666666664,112.75,295.5960000000021,0.0,5.0,234.0,279,2,1.0,True,32.0
280,-1.9820341818181817,1.1858384545454546,0.06903471181818181,270.0,5970.090909090909,-1.5499631818181818,49.54545454545455,65.0,92.36363636363636,46.18181818181818,287.8920000000042,0.0,5.0,244.0,280,2,1.0,True,32.0
281,-1.9713133333333335,1.1299418333333333,0.03818180583333333,272.9166666666667,6034.833333333333,-1.40018475,53.833333333333336,65.0,91.66666666666667,-15.0,291.6719999999885,0.0,5.0,244.0,281,2,1.0,True,32.0
282,-1.9600469090909092,1.102953,0.00023204945454545454,272.6363636363636,6014.090909090909,-1.3130750909090911,67.72727272727273,65.0,47.45454545454545,-46.90909090909091,143.1,0.0,5.0,246.0,282,2,1.0,True,32.0
283,-1.9269079166666667,1.0759678333333333,0.000425424,277.8333333333333,6141.5,-1.0473467916666668,85.0,65.0,98.91666666666667,-97.91666666666667,296.5320000000095,0.0,5.0,246.0,283,2,1.0,True,32.0
284,-1.9271099999999999,1.052218,0.000425424,276.09090909090907,6112.909090909091,-0.7112662090909091,83.27272727272727,65.0,100.0,-99.0,293.72400000001363,0.0,5.0,246.0,284,2,1.0,True,32.0
285,-1.934127272727273,1.057671090909091,0.000425424,276.09090909090907,6113.0,-0.36294882727272726,80.72727272727273,65.0,100.0,-99.0,296.38799999998014,0.0,5.0,246.0,285,2,1.0,True,32.0
286,-1.9359607500000002,1.0677295,0.000425424,276.5,6122.0,-0.032784034999999996,70.5,65.0,100.0,-99.0,299.3039999999979,0.0,5.0,246.0,286,2,1.0,True,32.0
287,-1.9417229999999999,1.0742485454545454,0.000425424,276.09090909090907,6113.0,0.3395473090909091,69.0909090909091,65.0,100.0,-99.0,294.94800000000106,0.0,5.0,246.0,287,2,1.0,True,32.0
288,-1.9528895454545454,1.053985,0.00038674909090909084,272.3636363636364,6027.636363636364,0.6578259727272727,50.90909090909091,65.0,90.9090909090909,-90.0,279.7559999999969,0.0,5.0,246.0,288,2,1.0,True,32.0
289,-1.9686569999999999,1.036791,0.0,244.8,5400.8,0.7536785,34.8,65.0,0.0,0.0,128.3040000000241,0.0,5.0,246.0,289,2,1.0,True,32.0
290,-1.9686569999999999,1.036791,0.0,242.5,5341.5,0.7536785,32.0,65.0,0.0,0.0,263.6639999999927,0.0,5.0,246.0,290,2,1.0,True,32.0
291,-1.9686569999999999,1.036791,0.0,232.5,5113.6,0.7536785,31.6,65.9,0.0,0.0,249.8039999999979,0.0,5.0,0.0,291,2,1.0,True,32.0
292,-1.9686569999999999,1.036791,0.0,232.6,5127.2,0.7536785,31.9,66.0,0.0,0.0,247.8960000000021,0.0,5.0,0.0,292,2,1.0,True,32.0
293,-1.9686569999999999,1.036791,0.0,231.8,5106.3,0.7536785,32.0,66.0,0.0,0.0,245.77199999998848,0.0,5.0,0.0,293,2,1.0,True,32.0
294,-1.9675933636363638,1.0357273636363635,0.0,231.9090909090909,5094.454545454545,0.7536784999999999,31.727272727272727,66.0,0.0,0.0,247.03200000000942,0.0,5.0,0.0,294,2,1.0,True,32.0
295,-1.964757,1.032891,0.0,231.8,5105.2,0.7536785,35.2,66.0,0.0,0.0,244.87199999998847,0.0,5.0,0.0,295,2,1.0,True,32.0
296,-1.9644970000000002,1.0326309999999999,0.0,232.4,5105.2,0.7536785,36.1,66.0,0.0,0.0,246.8880000000063,0.0,5.0,0.0,296,2,1.0,True,32.0
297,-1.9619206363636363,1.0300546363636365,0.0,232.27272727272728,5103.909090909091,0.7536784999999999,36.81818181818182,66.0,0.0,0.0,249.19200000000419,0.0,5.0,0.0,297,2,1.0,True,32.0
298,-1.9582570000000001,1.0263909999999998,0.0,230.0,5066.5,0.7536785,42.5,66.0,0.0,0.0,124.4880000000063,0.0,5.0,0.0,298,2,1.0,True,32.0
299,-1.9569569999999998,1.025091,0.0,231.8,5096.2,0.7536785,46.4,66.0,0.0,0.0,247.06799999999058,0.0,5.0,0.0,299,2,1.0,True,32.0
300,-1.9569569999999998,1.025091,0.0,231.5,5085.5,0.7536785,48.8,66.0,0.0,0.0,242.35199999999895,0.0,5.0,0.0,300,2,1.0,True,32.0
301,-1.9561769999999998,1.024311,0.0,232.4,5105.2,0.7536785,51.4,66.0,0.0,0.0,249.3,0.0,5.0,0.0,301,2,1.0,True,32.0
302,-1.9544025454545455,1.0321600000000002,0.0,232.1818181818182,5102.363636363636,0.7536784999999999,42.90909090909091,66.0,0.0,0.0,245.84400000000315,0.0,5.0,0.0,302,2,1.0,True,32.0
303,-1.9469245454545456,1.0419803636363636,0.0,237.27272727272728,5218.909090909091,0.7808421909090909,46.36363636363637,65.81818181818181,0.0,0.0,248.00399999999792,0.0,5.0,246.0,303,2,1.0,True,32.0
304,-1.9385992727272727,1.0478833636363638,3.867490909090909e-05,265.54545454545456,5866.272727272727,0.804287609090909,73.27272727272727,65.0,8.909090909090908,-8.818181818181818,285.44400000000314,0.0,5.0,246.0,304,2,1.0,True,32.0
305,-1.9429075000000002,1.05816025,0.00017725999999999997,255.58333333333334,5639.25,1.031976625,74.33333333333333,65.58333333333333,40.833333333333336,-40.416666666666664,267.5880000000063,0.0,5.0,246.0,305,2,1.0,True,32.0
306,-1.9415900000000001,1.050034,0.0,228.5,5027.0,1.147476,86.5,66.0,0.0,0.0,124.34400000000315,0.0,5.0,246.0,306,2,1.0,True,32.0
307,-1.94159,1.0499158181818182,0.0,235.9090909090909,5193.545454545455,1.147476,90.0,65.54545454545455,0.0,0.0,247.1039999999979,0.0,5.0,0.0,307,2,1.0,True,32.0
308,-1.9406249090909091,1.0561081818181817,0.00015469963636363635,262.6363636363636,5802.090909090909,1.1715196363636364,89.63636363636364,65.0,31.636363636363637,-31.272727272727273,277.8480000000011,0.0,5.0,246.0,308,2,1.0,True,32.0
309,-1.9505885,1.0396988333333332,7.0904e-05,239.66666666666666,5283.0,1.3219633333333334,74.0,65.83333333333333,14.5,-14.333333333333334,263.33999999997906,0.0,5.0,246.0,309,2,1.0,True,32.0
310,-1.9399426363636365,1.0586187272727272,0.0,231.36363636363637,5094.454545454545,1.357891818181818,84.81818181818181,66.0,0.0,0.0,249.0840000000084,0.0,5.0,246.0,310,2,1.0,True,32.0
311,-1.9376173636363634,1.0799714545454544,0.09235568545454545,263.90909090909093,5821.727272727273,1.3745434545454545,94.72727272727273,65.27272727272727,114.0,70.72727272727273,284.65199999999896,0.0,5.0,212.0,311,2,1.0,True,32.0
312,-1.9271565454545454,1.185913,0.1691253909090909,285.27272727272725,6301.090909090909,1.4705556363636363,87.81818181818181,65.0,224.63636363636363,113.72727272727273,302.04000000000525,0.0,5.0,232.0,312,2,1.0,True,32.0
313,-1.93921275,1.3149695833333335,0.16293740833333334,284.6666666666667,6293.333333333333,1.8623980833333331,83.08333333333333,65.0,298.9166666666667,26.5,302.50799999999583,0.0,5.0,232.0,313,2,1.0,True,32.0
314,-2.0004155,1.415478,0.11677890500000002,286.0,6334.5,2.3780675,61.5,65.0,284.0,-50.0,151.8840000000084,0.0,5.0,228.0,314,2,1.0,True,31.0
315,-2.0942785833333333,1.48825525,0.12571275083333333,288.3333333333333,6383.083333333333,0.3521175833333334,62.833333333333336,64.58333333333333,288.5833333333333,-37.416666666666664,303.4079999999958,0.0,5.0,228.0,315,2,1.0,True,31.0
316,-2.2768639090909093,1.5082653636363637,0.26066887272727274,296.0,6562.545454545455,-3.038112090909091,86.18181818181819,64.0,254.8181818181818,265.8181818181818,315.32399999998745,0.0,5.0,352.0,316,2,1.0,True,31.0
317,-2.5476603333333334,1.4929379999999999,0.29049365,296.1666666666667,6565.666666666667,-3.094730333333333,96.83333333333333,64.33333333333333,281.3333333333333,299.0,317.3760000000126,0.0,5.0,348.0,317,2,1.0,True,27.0
318,-2.8540295454545452,1.482953818181818,0.2983382,292.90909090909093,6483.181818181818,-3.110396090909091,97.81818181818181,64.45454545454545,297.27272727272725,299.0,313.0920000000042,0.0,5.0,344.0,318,2,1.0,True,27.0
319,-3.1083706363636363,1.474632,0.29895705454545457,293.8181818181818,6514.636363636364,-3.1134373636363635,98.72727272727273,64.27272727272727,298.72727272727275,299.0,310.78800000000626,0.0,5.0,340.0,319,2,1.0,True,29.0
320,-3.3873565999999995,1.4698823,0.29856256,294.5,6532.6,-3.1138161,99.1,64.1,299.0,297.8,316.40399999999795,0.0,5.0,264.0,320,2,1.0,True,29.0
321,-3.67842175,1.4652399999999999,0.2986831,293.75,6508.75,-3.111961583333333,100.0,64.41666666666667,299.0,298.0833333333333,313.2,0.0,5.0,264.0,321,2,1.0,True,29.0
322,-3.9831500000000006,1.4580645,0.29907305,291.0,6443.0,-3.1113150000000003,100.0,64.5,299.0,298.5,157.31999999998953,0.0,5.0,260.0,322,2,1.0,True,5.0
323,-4.224289,1.4503529166666667,0.28652305,283.5,6279.083333333333,-3.1116985833333337,100.0,64.5,286.0833333333333,286.9166666666667,306.7199999999895,0.0,5.0,260.0,323,2,1.0,True,5.0
324,-4.404455666666666,1.4471319999999999,0.12776899166666666,268.1666666666667,5930.833333333333,-3.1126426666666664,100.0,65.0,128.0,128.33333333333334,287.6400000000052,0.0,5.0,260.0,324,2,1.0,True,5.0
325,-4.4984578181818184,1.4447940909090908,0.07239942545454546,258.54545454545456,5712.0,-3.11257,100.0,65.0,72.72727272727273,72.72727272727273,282.45599999999683,0.0,5.0,260.0,325,2,1.0,True,5.0
326,-4.535868,1.443681,0.0,232.1,5115.4,-3.112514,100.0,65.0,0.0,0.0,248.00399999999792,0.0,5.0,260.0,326,2,1.0,True,5.0
327,-4.535868,1.4441537272727272,0.0,235.0,5184.0,-3.112514,100.0,65.0,0.0,0.0,252.54000000000525,0.0,5.0,260.0,327,2,1.0,True,5.0
328,-4.535868,1.446281,0.0,235.0,5184.0,-3.112514,100.0,65.0,0.0,0.0,248.36400000001885,0.0,5.0,260.0,328,2,1.0,True,5.0
329,-4.535868,1.446281,0.0,235.0,5181.0,-3.112514,100.0,65.0,0.0,0.0,251.20799999999582,0.0,5.0,260.0,329,2,1.0,True,5.0
330,-4.535868,1.446281,0.0,234.5,5171.5,-3.112514,100.0,65.0,0.0,0.0,124.52399999998742,0.0,5.0,260.0,330,2,1.0,True,5.0
331,-4.535868,1.446281,0.0,234.5,5173.9,-3.112514,100.0,65.0,0.0,0.0,253.54800000000105,0.0,5.0,260.0,331,2,1.0,True,5.0
332,-4.535868,1.446281,0.0,234.4,5169.6,-3.112514,100.0,65.0,0.0,0.0,246.4920000000042,0.0,5.0,260.0,332,2,1.0,True,5.0
333,-4.535868,1.446281,0.0,241.0,5317.2,-3.112514,100.0,65.0,0.0,0.0,263.8800000000105,0.0,35.0,262.0,333,2,1.0,True,5.0
334,-4.53796625,1.439115,0.000319068,270.5,5974.25,-3.0282665000000004,99.25,65.0,68.5,-67.75,287.3879999999801,0.0,35.0,262.0,334,2,1.0,True,5.0
335,-4.536687545454545,1.430315,0.000425424,275.54545454545456,6099.363636363636,-2.696443818181818,97.18181818181819,65.0,100.0,-99.0,290.66400000001886,0.0,35.0,262.0,335,2,1.0,True,5.0
336,-4.533917454545454,1.4302285454545454,0.000425424,276.09090909090907,6113.0,-2.3917641818181816,97.18181818181819,65.0,100.0,-99.0,299.08799999998007,0.0,35.0,262.0,336,2,1.0,True,5.0
337,-4.5281511666666665,1.4328936666666667,0.000425424,276.3333333333333,6117.166666666667,-2.0060345833333333,93.66666666666667,65.0,100.0,-99.0,293.61600000001783,0.0,35.0,262.0,337,2,1.0,True,5.0
338,-4.5137410000000004,1.4517250000000002,0.00042542399999999993,278.0,6151.5,-1.7130219999999998,90.5,65.0,100.0,-99.0,144.9,0.0,35.0,262.0,338,2,1.0,True,5.0
339,-4.492425166666666,1.4592605,0.000425424,276.6666666666667,6121.333333333333,-1.3639624166666666,78.08333333333333,65.0,100.0,-99.0,296.2079999999958,0.0,35.0,262.0,339,2,1.0,True,5.0
340,-4.436863833333334,1.4344670833333335,0.000283616,267.4166666666667,5916.416666666667,-1.0639985166666666,58.333333333333336,65.0,66.66666666666667,-66.0,290.3759999999864,0.0,35.0,262.0,340,2,1.0,True,5.0
341,-4.389801363636364,1.4228091818181818,0.0,247.27272727272728,5457.636363636364,-0.9145288,50.18181818181818,65.0,0.0,0.0,262.40399999999795,0.0,35.0,262.0,341,2,1.0,True,5.0
342,-4.388459545454546,1.4239506363636365,0.0029392927272727273,250.0,5519.272727272727,-0.9104476363636365,54.18181818181818,65.0,7.818181818181818,-2.0,266.4,0.0,35.0,262.0,342,2,1.0,True,5.0
343,-4.3762436000000005,1.4201214,0.045690537,275.7,6101.0,-0.812059,57.8,65.0,114.4,-22.9,290.7720000000147,0.0,35.0,262.0,343,2,1.0,True,5.0
344,-4.3091226,1.3767859000000002,0.136646168,287.1,6359.1,-0.43855445,52.2,64.9,267.4,5.3,310.24800000000107,0.0,35.0,262.0,344,2,1.0,True,5.0
345,-4.127138416666667,1.3382954166666667,0.19200799999999998,286.3333333333333,6341.416666666667,-0.06177003666666667,35.75,64.08333333333333,274.0833333333333,109.41666666666667,294.3719999999885,0.0,35.0,262.0,345,2,1.0,True,5.0
346,-3.9541910000000002,1.3865349999999999,0.0,242.0,5332.0,0.06062958,11.5,65.0,0.0,0.0,133.63200000000944,0.0,35.0,262.0,346,2,1.0,True,5.0
347,-3.9051715833333334,1.4599849999999999,0.0,244.08333333333334,5384.416666666667,0.0707026125,15.416666666666666,65.0,0.0,0.0,258.6239999999874,0.0,35.0,262.0,347,2,1.0,True,5.0
348,-3.904678,1.5453122727272728,0.0,232.1818181818182,5121.909090909091,0.07164763363636363,21.727272727272727,65.0,0.0,0.0,251.64000000000524,0.0,35.0,262.0,348,2,1.0,True,5.0
349,-3.905145636363636,1.5851303636363638,0.0,231.1818181818182,5094.454545454545,0.07276584,27.0,65.27272727272727,0.0,0.0,243.4680000000168,0.0,35.0,262.0,349,2,1.0,True,5.0
350,-3.9060129999999997,1.590644,0.0,231.0,5085.5,0.07237188,25.0,65.5,0.0,0.0,246.81599999999162,0.0,35.0,262.0,350,2,1.0,True,5.0
351,-3.90918125,1.5902099166666666,0.0,231.66666666666666,5101.916666666667,0.07365666,24.666666666666668,65.41666666666667,0.0,0.0,244.40399999999792,0.0,35.0,262.0,351,2,1.0,True,5.0
352,-3.909030636363636,1.5902690909090909,0.0,231.36363636363637,5094.454545454545,0.07358845545454545,23.545454545454547,65.45454545454545,0.0,0.0,246.85199999999895,0.0,35.0,262.0,352,2,1.0,True,5.0
353,-3.9066951666666667,1.5893534166666667,0.0,232.25,5115.166666666667,0.07247941583333334,23.833333333333332,65.41666666666667,0.0,0.0,249.62399999998743,0.0,35.0,262.0,353,2,1.0,True,5.0
354,-3.9067534999999998,1.589215,0.0,229.5,5056.0,0.07217442,26.0,65.5,0.0,0.0,124.38000000001048,0.0,35.0,262.0,354,2,1.0,True,5.0
355,-3.8881010909090907,1.5726197272727271,0.0,235.1818181818182,5179.909090909091,0.07204748909090909,16.454545454545453,65.0909090909091,0.0,0.0,247.64400000000313,0.0,35.0,262.0,355,2,1.0,True,29.0
356,-3.8811191818181814,1.5860146363636363,0.08856555272727272,277.1818181818182,6138.363636363636,0.0498299890909091,27.454545454545453,64.63636363636364,61.63636363636363,115.0909090909091,274.1039999999979,0.0,35.0,266.0,356,2,1.0,True,29.0
357,-3.7586963636363637,1.5673396363636365,0.1748106,276.45454545454544,6120.818181818182,-0.058048836363636364,27.636363636363637,64.54545454545455,144.54545454545453,205.0909090909091,298.72800000001155,0.0,35.0,266.0,357,2,1.0,True,29.0
358,-3.659535454545455,1.4909269090909092,0.0,231.36363636363637,5094.454545454545,-0.1169673909090909,21.09090909090909,65.45454545454545,0.0,0.0,244.54800000000105,0.0,35.0,266.0,358,2,1.0,True,29.0
359,-3.656559090909091,1.4072541818181818,0.0,231.36363636363637,5095.0,-0.11478835454545454,20.636363636363637,65.45454545454545,0.0,0.0,244.47599999998639,0.0,35.0,266.0,359,2,1.0,True,29.0
360,-3.676636909090909,1.347165818181818,0.0,231.36363636363637,5095.545454545455,-0.10538312727272726,32.72727272727273,65.45454545454545,0.0,0.0,246.7800000000105,0.0,35.0,266.0,360,2,1.0,True,29.0
361,-3.6687840833333336,1.3321478333333332,0.0,233.83333333333334,5151.166666666667,-0.11248756666666666,46.5,65.41666666666667,0.0,0.0,247.93199999998325,0.0,35.0,266.0,361,2,1.0,True,29.0
362,-3.6507735000000006,1.3350625,0.0636009,276.5,6116.0,-0.08977598,50.5,64.5,91.0,36.0,145.36800000001676,0.0,35.0,266.0,362,2,1.0,True,29.0
363,-3.421245916666667,1.3292611666666667,0.24649775,295.3333333333333,6534.25,0.07025182166666667,31.583333333333332,64.0,289.25,203.25,315.14400000000313,0.0,35.0,266.0,363,2,1.0,True,29.0
364,-3.1737634999999997,1.29493675,0.27744735,296.3333333333333,6568.333333333333,0.16946430833333334,28.416666666666668,64.0,299.0,255.75,316.15199999999896,0.0,35.0,342.0,364,2,1.0,True,29.0
365,-2.893686363636364,1.274155090909091,0.28878550909090905,295.3636363636364,6539.727272727273,0.22019692727272727,30.181818181818183,64.0,299.0,278.09090909090907,316.5480000000011,0.0,35.0,350.0,365,2,1.0,True,28.0
366,-2.6369936,1.2673522,0.29635036000000003,294.2,6525.2,0.25268696,37.4,64.0,298.6,294.0,313.41599999999164,0.0,35.0,354.0,366,2,1.0,True,27.0
367,-2.345833727272727,1.2683377272727272,0.2979901454545455,291.45454545454544,6464.454545454545,0.2605949454545455,42.72727272727273,64.18181818181819,296.6363636363636,299.0,311.4360000000073,0.0,35.0,354.0,367,2,1.0,True,31.0
368,-2.1407973636363633,1.2559041818181818,0.16413632636363637,285.6363636363636,6336.454545454545,0.14442951818181818,42.54545454545455,64.36363636363636,37.18181818181818,291.1818181818182,306.4679999999906,0.0,35.0,234.0,368,2,1.0,True,31.0
369,-2.0922595000000004,1.1665170833333334,0.07753351916666666,282.0833333333333,6256.916666666667,-0.44459017500000003,48.75,64.5,-66.91666666666667,222.0,299.051999999999,0.0,35.0,214.0,369,2,1.0,True,32.0
370,-2.0873809999999997,1.049102,0.1416662,289.0,6407.5,-0.864723,64.5,64.0,-12.0,295.0,153.10799999999583,0.0,35.0,214.0,370,2,1.0,True,32.0
371,-2.0972139999999997,0.9350570666666668,0.10433524166666668,254.25,5620.0,-1.2417025,19.25,64.91666666666667,34.166666666666664,174.41666666666666,280.83600000000735,0.0,35.0,214.0,371,2,1.0,True,32.0
372,-2.166335,0.9918826583333332,0.0,231.25,5101.916666666667,-1.2879639999999999,11.416666666666666,65.0,0.0,0.0,247.5,0.0,35.0,214.0,372,2,1.0,True,32.0
373,-2.2253077272727273,1.0689367272727273,0.0,230.9090909090909,5094.454545454545,-1.295295,68.0,65.0,0.0,0.0,243.43200000000945,0.0,35.0,214.0,373,2,1.0,True,32.0
374,-2.232635,1.149832,0.0,231.75,5112.25,-1.295295,84.75,65.0,0.0,0.0,246.56399999999266,0.0,35.0,214.0,374,2,1.0,True,32.0
375,-2.2337457272727272,1.199344,0.06087430545454546,258.09090909090907,5705.090909090909,-1.2826295454545455,85.72727272727273,65.0,70.54545454545455,51.09090909090909,280.2239999999874,0.0,35.0,214.0,375,2,1.0,True,31.0
376,-2.2116450000000003,1.195079090909091,0.09115675636363636,269.1818181818182,5947.090909090909,-1.2534788181818182,87.27272727272727,65.0,95.81818181818181,86.72727272727273,287.7840000000084,0.0,35.0,214.0,376,2,1.0,True,31.0
377,-2.1945723333333333,1.1897455000000001,0.078029845,273.3333333333333,6052.916666666667,-1.2809428333333335,86.83333333333333,65.0,56.416666666666664,100.0,290.08800000000633,0.0,35.0,214.0,377,2,1.0,True,32.0
378,-2.193449,1.1894205,0.077852585,276.0,6114.0,-1.3472445,77.5,65.0,56.5,100.0,143.45999999999478,0.0,35.0,214.0,378,2,1.0,True,32.0
379,-2.1844496666666666,1.1887588333333332,0.07636359999999999,274.8333333333333,6075.75,-1.4125430833333334,67.08333333333333,65.0,53.5,100.0,291.0599999999948,0.0,35.0,214.0,379,2,1.0,True,32.0
380,-2.1671024545454545,1.1871373636363638,0.07781390818181819,274.09090909090907,6063.818181818182,-1.508435181818182,73.27272727272727,65.0,56.0,100.0,295.05599999999686,0.0,35.0,214.0,380,2,1.0,True,32.0
381,-2.164891909090909,1.1809269090909091,0.08160405090909091,278.45454545454544,6157.545454545455,-1.5509518181818185,80.45454545454545,65.0,80.63636363636364,82.81818181818181,293.97600000001256,0.0,35.0,214.0,381,2,1.0,True,32.0
382,-2.1566675454545456,1.1512638181818182,0.13311901272727275,282.8181818181818,6259.545454545455,-1.4441885454545456,88.63636363636364,64.81818181818181,188.27272727272728,78.0909090909091,301.35599999999687,0.0,35.0,214.0,382,2,1.0,True,32.0
383,-2.125159,1.0286928,0.25038137272727273,296.09090909090907,6565.545454545455,-1.3595073636363635,88.72727272727273,64.0,230.63636363636363,270.6363636363636,318.7079999999958,0.0,35.0,214.0,383,2,1.0,True,32.0
384,-2.096399818181818,0.8106793,0.2427624090909091,293.09090909090907,6501.454545454545,-1.5200522727272727,87.45454545454545,64.0,186.1818181818182,299.0,310.6440000000032,0.0,35.0,214.0,384,2,1.0,True,32.0
385,-2.1151265833333333,0.5788449,0.22515565,292.9166666666667,6492.333333333333,-1.75635175,79.91666666666667,64.0,150.91666666666666,299.0,312.3719999999885,0.0,35.0,218.0,385,2,1.0,True,32.0
386,-2.1753768181818183,0.38095337272727275,0.2086898272727273,291.54545454545456,6470.545454545455,-2.049169272727273,78.0909090909091,64.0,118.0909090909091,299.0,151.7039999999979,0.0,35.0,218.0,386,2,1.0,True,35.0
387,-2.2884309166666665,0.24725254166666666,0.20555069166666665,288.9166666666667,6412.916666666667,-2.36498725,82.08333333333333,64.0,111.25,299.0,312.660000000021,0.0,35.0,218.0,387,2,1.0,True,35.0
388,-2.4556417272727273,0.1366856272727273,0.21325345454545455,289.72727272727275,6427.818181818182,-2.6956593636363637,90.0,64.0,127.18181818181819,299.0,309.99600000000214,0.0,35.0,218.0,388,2,1.0,True,35.0
389,-2.611403909090909,0.07403623818181818,0.10388080363636364,277.1818181818182,6135.818181818182,-2.9202870909090906,94.9090909090909,64.81818181818181,69.18181818181819,138.36363636363637,295.63199999998324,0.0,35.0,218.0,389,2,1.0,True,35.0
390,-2.6889939999999997,0.054360897500000005,0.0778525875,274.5,6073.75,-3.0099825,96.25,65.0,56.0,100.0,291.6720000000147,0.0,35.0,218.0,390,2,1.0,True,35.0
391,-2.757613181818182,0.046350637272727264,0.031326673636363635,263.90909090909093,5832.818181818182,-3.0818736363636363,97.0,65.0,23.181818181818183,39.81818181818182,277.4879999999801,0.0,35.0,218.0,391,2,1.0,True,35.0
392,-2.7728315454545456,0.04054138636363636,0.0,235.0,5184.0,-3.098552454545455,97.72727272727273,65.0,0.0,0.0,250.63200000000944,0.0,35.0,218.0,392,2,1.0,True,35.0
393,-2.773777,0.03817775,0.0,235.0,5184.0,-3.099187,99.0,65.0,0.0,0.0,125.56799999999058,0.0,35.0,218.0,393,2,1.0,True,35.0
394,-2.773777,0.03817775,0.0,235.0,5184.0,-3.099187,99.0,65.0,0.0,0.0,248.4,0.0,35.0,218.0,394,2,1.0,True,35.0
395,-2.773777,0.03817775,0.0,235.0,5184.0,-3.099187,99.0,65.0,0.0,0.0,251.67600000001258,0.0,35.0,218.0,395,2,1.0,True,35.0
396,-2.773777,0.03817775,0.0,235.0,5184.0,-3.099187,99.0,65.0,0.0,0.0,249.37199999998847,0.0,35.0,218.0,396,2,1.0,True,35.0
397,-2.773777,0.03817775,0.0,235.0,5184.0,-3.099187,99.0,65.0,0.0,0.0,251.7120000000199,0.0,35.0,218.0,397,2,1.0,True,35.0
398,-2.773777,0.03817775,0.0,235.0,5184.0,-3.099187,99.0,65.0,0.0,0.0,254.0879999999801,0.0,35.0,218.0,398,2,1.0,True,35.0
399,-2.7757715454545457,0.03852104090909091,0.01670756,242.63636363636363,5355.272727272727,-3.0998620909090913,99.0,65.0,15.636363636363637,17.818181818181817,263.3039999999979,0.0,5.0,218.0,399,2,1.0,True,35.0
400,-2.8862307272727272,0.037126574545454545,0.2153032109090909,287.1818181818182,6364.090909090909,-3.0942155454545457,97.63636363636364,64.36363636363636,220.9090909090909,210.0909090909091,310.1400000000052,0.0,5.0,218.0,400,2,1.0,True,35.0
401,-3.151575166666667,0.01713371816666667,0.29818675,292.3333333333333,6486.0,-3.0834320833333333,96.08333333333333,64.0,297.3333333333333,299.0,309.9240000000136,0.0,5.0,222.0,401,2,1.0,True,33.0
402,-3.4557005,0.004408034,0.29737135,289.5,6417.0,-3.088286,97.5,64.0,295.0,299.0,157.14000000000524,0.0,5.0,222.0,402,2,1.0,True,33.0
403,-3.696512,-0.006321605583333333,0.29733594166666666,292.9166666666667,6498.916666666667,-3.0927830833333334,98.91666666666667,64.0,294.9166666666667,299.0,310.35599999999687,0.0,5.0,222.0,403,2,1.0,True,33.0
404,-4.011541363636364,-0.015885673545454546,0.29837692727272724,294.8181818181818,6544.363636363636,-3.0985228181818183,99.0,64.0,297.0,299.0,314.96399999999267,0.0,5.0,226.0,404,2,1.0,True,6.0
405,-4.237854727272727,-0.021770518181818185,0.21004340909090907,273.09090909090907,6041.818181818182,-3.100256,99.81818181818181,64.81818181818181,209.54545454545453,210.36363636363637,292.42799999998533,0.0,5.0,226.0,405,2,1.0,True,6.0
406,-4.36696725,-0.026765555,0.09976191,267.75,5924.5,-3.1009665,99.25,65.0,99.5,100.5,286.2360000000074,0.0,5.0,226.0,406,2,1.0,True,6.0
407,-4.442286,-0.031263381666666666,0.034778409,267.9166666666667,5924.583333333333,-3.0918007500000004,98.83333333333333,64.83333333333333,50.333333333333336,19.25,283.60799999999585,0.0,5.0,224.0,407,2,1.0,True,6.0
408,-4.456470727272727,-0.04126650181818182,0.000425424,276.45454545454544,6122.090909090909,-2.9231665454545452,97.0909090909091,64.63636363636364,97.81818181818181,-97.18181818181819,296.4240000000136,0.0,5.0,224.0,408,2,1.0,True,6.0
409,-4.457317583333333,-0.04800014558333334,0.000425424,276.25,6116.5,-2.6059000833333337,90.33333333333333,64.91666666666667,100.0,-99.0,298.9079999999958,0.0,5.0,224.0,409,2,1.0,True,6.0
410,-4.45766,-0.006373756500000001,0.00042542399999999993,278.0,6159.0,-2.229439,86.5,64.0,100.0,-99.0,144.64800000000105,0.0,5.0,224.0,410,2,1.0,True,6.0
411,-4.4521655454545455,-0.006235360909090909,0.000425424,276.3636363636364,6114.818181818182,-1.9138497272727273,86.0909090909091,64.54545454545455,100.0,-99.0,295.95599999999683,0.0,5.0,224.0,411,2,1.0,True,6.0
412,-4.425248727272727,-0.013068917363636363,0.000425424,276.09090909090907,6113.0,-1.5574808181818183,83.54545454545455,64.54545454545455,100.0,-99.0,294.3720000000147,0.0,5.0,224.0,412,2,1.0,True,6.0
413,-4.410321090909091,-0.04085901818181818,0.000425424,277.1818181818182,6139.727272727273,-1.2754312727272727,76.18181818181819,64.54545454545455,100.0,-99.0,295.5959999999759,0.0,5.0,224.0,413,2,1.0,True,6.0
414,-4.3919334999999995,-0.04443560999999999,0.000425424,276.5,6123.5,-0.9190186499999999,53.25,64.5,100.0,-99.0,293.83200000000943,0.0,5.0,224.0,414,2,1.0,True,6.0
415,-4.446805583333334,-0.043721873333333335,0.0004254233333333333,274.25,6072.833333333333,-0.562704625,58.583333333333336,64.58333333333333,89.16666666666667,-88.16666666666667,292.42800000001154,0.0,5.0,224.0,415,2,1.0,True,6.0
416,-4.451990363636363,-0.04930165818181818,0.0004254225454545454,274.09090909090907,6064.0,-0.34018325454545456,58.09090909090909,64.63636363636364,69.27272727272727,-68.81818181818181,293.4719999999885,0.0,5.0,224.0,416,2,1.0,True,6.0
417,-4.4273355,-0.04740689666666667,0.00042542283333333334,274.1666666666667,6066.833333333333,-0.1476030225,47.5,65.0,52.75,-51.75,292.5,0.0,5.0,224.0,417,2,1.0,True,6.0
418,-4.4066655,-0.051182555,0.00021271100000000003,270.0,5986.5,-0.011720445,45.0,65.0,24.5,-24.0,141.51599999999164,0.0,5.0,224.0,418,2,1.0,True,6.0
419,-4.406690454545455,-0.12373756363636365,0.0,242.8181818181818,5363.272727272727,0.022028591818181818,23.181818181818183,65.0,0.0,0.0,265.93200000000945,0.0,5.0,224.0,419,2,1.0,True,6.0
420,-4.406445181818182,-0.13879676363636365,0.0,243.9090909090909,5390.0,0.025114431818181817,32.63636363636363,65.0,0.0,0.0,258.22800000001155,0.0,5.0,224.0,420,2,1.0,True,6.0
421,-4.402287,-0.13039520000000002,0.0,241.33333333333334,5329.0,0.029122233333333334,31.5,65.0,0.0,0.0,254.3759999999864,0.0,5.0,224.0,421,2,1.0,True,6.0
422,-4.370219818181819,-0.12539111818181817,0.07518403636363637,279.0,6181.727272727273,0.043377467272727274,30.09090909090909,64.72727272727273,81.27272727272727,69.27272727272727,292.53600000000733,0.0,5.0,224.0,422,2,1.0,True,6.0
423,-4.177135818181818,-0.13025337272727272,0.2856528909090909,298.27272727272725,6623.727272727273,0.09927029636363637,34.27272727272727,64.0,298.72727272727275,272.54545454545456,314.02799999998535,0.0,5.0,224.0,423,2,1.0,True,6.0
424,-3.9172961666666666,-0.09356400333333333,0.29084818333333334,296.1666666666667,6574.833333333333,0.11100557500000001,38.333333333333336,64.0,284.3333333333333,297.0,314.6039999999979,0.0,5.0,220.0,424,2,1.0,True,6.0
425,-3.6237021818181816,-0.022324856181818183,0.2809732545454545,296.27272727272725,6577.363636363636,0.059853189090909094,46.0,64.0,262.8181818181818,298.45454545454544,311.43600000000737,0.0,5.0,220.0,425,2,1.0,True,33.0
426,-3.3899221818181817,-0.040957700909090906,0.29141543636363637,287.54545454545456,6385.0,0.031250099999999996,43.45454545454545,64.0,297.1818181818182,285.3636363636364,158.83200000000943,0.0,5.0,220.0,426,2,1.0,True,33.0
427,-3.1749736666666664,-0.06361882916666667,0.13276772083333335,286.4166666666667,6343.416666666667,0.2932228083333333,34.083333333333336,64.0,284.4166666666667,-18.666666666666668,306.9360000000073,0.0,5.0,24.0,427,2,1.0,True,33.0
428,-3.1242639090909092,-0.10141137545454545,0.008392453636363637,236.63636363636363,5223.090909090909,0.6209142363636363,19.454545454545453,64.9090909090909,24.0,-7.181818181818182,267.22799999998534,0.0,5.0,24.0,428,2,1.0,True,33.0
429,-3.1214661666666665,-0.17847749999999998,0.0,230.5,5085.5,0.6473466499999999,17.333333333333332,65.0,0.0,0.0,244.1880000000063,0.0,5.0,24.0,429,2,1.0,True,33.0
430,-3.1218350909090904,-0.23907089090909092,0.0,230.9090909090909,5094.454545454545,0.6480448,23.272727272727273,65.0,0.0,0.0,247.3920000000042,0.0,5.0,24.0,430,2,1.0,True,33.0
431,-3.1226255833333334,-0.25453359166666667,0.0,231.25,5101.916666666667,0.649719925,29.666666666666668,65.0,0.0,0.0,245.62799999998532,0.0,5.0,24.0,431,2,1.0,True,33.0
432,-3.120122666666667,-0.25586735,0.00815396,239.33333333333334,5282.5,0.6578348166666667,30.5,65.0,16.333333333333332,0.0,265.10399999999794,0.0,5.0,24.0,432,2,1.0,True,33.0
433,-3.091760333333333,-0.22798785,0.07611546416666666,276.5833333333333,6123.416666666667,0.7949977083333333,29.75,64.5,168.66666666666666,-16.5,292.17600000001255,0.0,5.0,24.0,433,2,1.0,True,33.0
434,-3.076733363636364,-0.24410444545454546,0.02552544090909091,236.36363636363637,5217.272727272727,1.0319192727272726,17.636363636363637,65.0,50.90909090909091,0.0,126.3960000000021,0.0,5.0,24.0,434,2,1.0,True,33.0
435,-3.085888090909091,-0.31906935454545454,0.0,229.72727272727272,5063.545454545455,1.0425917272727274,16.90909090909091,65.0,0.0,0.0,245.15999999999477,0.0,5.0,24.0,435,2,1.0,True,33.0
436,-3.083279181818182,-0.38966053636363635,0.0,231.0,5093.727272727273,1.043183,24.0,65.0,0.0,0.0,245.51999999998952,0.0,5.0,24.0,436,2,1.0,True,33.0
437,-3.0818485,-0.39327813333333334,0.0,230.5,5085.5,1.0436553333333334,28.666666666666668,65.0,0.0,0.0,244.15199999999896,0.0,5.0,24.0,437,2,1.0,True,33.0
438,-3.0852559090909093,-0.39969736363636366,0.0,230.9090909090909,5094.454545454545,1.0424181818181817,28.727272727272727,65.0,0.0,0.0,247.35600000002304,0.0,5.0,24.0,438,2,1.0,True,33.0
439,-3.104201909090909,-0.3175113636363636,0.0,230.9090909090909,5094.454545454545,0.5671441818181817,27.09090909090909,65.0,0.0,0.0,245.4839999999822,0.0,5.0,24.0,439,2,1.0,True,33.0
440,-3.360625,-0.13433736666666665,0.0,233.33333333333334,5150.833333333333,-1.5604408333333335,9.333333333333334,65.0,0.0,0.0,249.1920000000042,0.0,5.0,24.0,440,2,1.0,True,33.0
441,-3.4249528,-0.168063588,0.0,232.5,5124.7,0.03466081999999998,3.9,65.0,0.0,0.0,247.89600000000212,0.0,5.0,24.0,441,2,1.0,True,33.0
442,-3.267838,-0.01639218,0.0,229.0,5051.5,0.76839795,3.0,65.0,0.0,0.0,122.86799999999057,0.0,5.0,24.0,442,2,1.0,True,33.0
443,-3.267838,-0.01639218,0.0,230.4,5074.0,0.9467186200000001,1.6,65.0,0.0,0.0,244.47600000001256,0.0,5.0,24.0,443,2,1.0,True,33.0
444,-3.285038,0.012019656,0.0,235.8,5202.4,1.2383604,1.4,65.0,0.0,0.0,248.75999999999476,0.0,5.0,24.0,444,2,1.0,True,33.0
445,-3.2844873333333333,0.180950085,0.0,240.5,5313.5,1.2658703333333332,7.666666666666667,65.0,0.0,0.0,260.2079999999958,0.0,5.0,24.0,445,2,1.0,True,33.0
446,-3.239286,0.2126845909090909,0.0,240.8181818181818,5320.818181818182,1.2775163636363638,13.818181818181818,65.0,0.0,0.0,256.3920000000042,0.0,5.0,24.0,446,2,1.0,True,33.0
447,-3.2369389166666664,0.17639675833333335,0.0,242.25,5342.666666666667,1.27899775,8.583333333333334,65.0,0.0,0.0,254.55599999999686,0.0,5.0,24.0,447,2,1.0,True,33.0
448,-3.2288324999999998,0.177390865,0.0,239.66666666666666,5290.5,1.279085,10.166666666666666,65.0,0.0,0.0,251.6039999999979,0.0,5.0,24.0,448,2,1.0,True,33.0
449,-3.20499,-0.027451510000000002,0.0,230.5,5085.5,0.590438225,4.0,65.0,0.0,0.0,247.42800000001154,0.0,5.0,24.0,449,2,1.0,True,33.0
450,-3.20499,-0.027451510000000002,0.0,228.5,5033.5,0.92150175,1.5,65.0,0.0,0.0,123.08400000000839,0.0,5.0,24.0,450,2,1.0,True,33.0
451,-3.200444545454545,-0.02290605545454545,0.0,234.27272727272728,5171.909090909091,1.3647586363636364,0.0,65.0,0.0,0.0,244.72799999998534,0.0,5.0,24.0,451,2,1.0,True,33.0
452,-3.118037090909091,0.14708640818181817,0.08872023636363637,278.09090909090907,6155.181818181818,1.3785831818181817,67.45454545454545,64.63636363636364,117.63636363636364,60.0,280.22400000001363,0.0,5.0,24.0,452,2,1.0,True,33.0
453,-3.091481833333333,0.47114988333333335,0.27120781666666666,293.5,6500.833333333333,1.5063271666666667,87.16666666666667,64.0,289.5,252.66666666666666,316.83599999998114,0.0,5.0,20.0,453,2,1.0,True,34.0
454,-3.074854,0.833406290909091,0.2939292818181818,291.3636363636364,6461.727272727273,1.5208738181818182,87.54545454545455,64.0,294.45454545454544,293.27272727272725,308.9880000000063,0.0,5.0,20.0,454,2,1.0,True,28.0
455,-3.0707201666666664,1.1612008333333332,0.225900175,283.6666666666667,6292.583333333333,1.5990158333333333,86.83333333333333,64.0,299.0,152.08333333333334,308.7,0.0,5.0,208.0,455,2,1.0,True,28.0
456,-3.1131771666666666,1.2818698333333334,0.17073685000000002,286.1666666666667,6349.5,1.9224853333333334,83.66666666666667,64.0,297.8333333333333,43.5,305.13600000000736,0.0,5.0,208.0,456,2,1.0,True,28.0
457,-3.176346,1.3799677499999998,0.11170926166666667,286.1666666666667,6345.75,2.4498599999999997,61.666666666666664,64.0,281.75,-58.333333333333336,304.0199999999895,0.0,5.0,204.0,457,2,1.0,True,29.0
458,-3.3114174545454547,1.450386,0.19917578181818182,295.3636363636364,6559.181818181818,3.001327454545454,78.18181818181819,64.0,297.1818181818182,101.0909090909091,155.23200000000944,0.0,5.0,264.0,458,2,1.0,True,29.0
459,-3.5520802727272724,1.4673165454545456,0.2959790727272727,292.3636363636364,6486.272727272727,-3.116675181818182,97.36363636363636,64.0,299.0,292.27272727272725,316.5119999999937,0.0,5.0,264.0,459,2,1.0,True,29.0
460,-3.8098765,1.4609678333333331,0.29864765833333334,291.8333333333333,6479.333333333333,-3.1116158333333335,99.33333333333333,64.0,298.3333333333333,298.6666666666667,312.22800000001155,0.0,5.0,264.0,460,2,1.0,True,29.0
461,-4.1085115,1.4523941666666664,0.2985767,292.3333333333333,6490.833333333333,-3.1119625,100.0,64.0,297.8333333333333,299.0,310.5,0.0,5.0,260.0,461,2,1.0,True,5.0
462,-4.355708363636364,1.4473761818181818,0.13980975818181818,272.8181818181818,6041.818181818182,-3.112506818181818,100.0,64.81818181818181,139.8181818181818,139.72727272727272,291.6,0.0,5.0,260.0,462,2,1.0,True,5.0
463,-4.458375636363637,1.446242,0.09943318363636364,268.8181818181818,5946.545454545455,-3.112407909090909,100.0,65.0,100.0,99.72727272727273,282.85199999999895,0.0,5.0,260.0,463,2,1.0,True,5.0
464,-4.523972,1.4442596363636364,0.03619971272727273,244.8181818181818,5404.363636363636,-3.112264,100.0,65.0,36.36363636363637,36.36363636363637,259.66799999999057,0.0,5.0,260.0,464,2,1.0,True,5.0
465,-4.53338,1.4436294545454544,0.0,235.0,5179.090909090909,-3.112236,100.0,65.0,0.0,0.0,248.54400000000317,0.0,5.0,260.0,465,2,1.0,True,5.0
466,-4.53338,1.440084,0.0,235.0,5184.0,-3.112236,100.0,65.0,0.0,0.0,126.68400000000838,0.0,5.0,260.0,466,2,1.0,True,5.0
467,-4.53338,1.440084,0.0,235.0,5184.0,-3.112236,100.0,65.0,0.0,0.0,249.01199999999372,0.0,5.0,260.0,467,2,1.0,True,5.0
468,-4.53338,1.440084,0.0,235.0,5184.0,-3.112236,100.0,65.0,0.0,0.0,253.6920000000042,0.0,5.0,260.0,468,2,1.0,True,5.0
469,-4.53338,1.4410294545454545,0.0,235.0,5184.0,-3.112236,100.0,65.0,0.0,0.0,251.24400000000315,0.0,5.0,260.0,469,2,1.0,True,5.0
470,-4.53338,1.442684,0.0,235.0,5184.0,-3.112236,100.0,65.0,0.0,0.0,249.73199999998326,0.0,5.0,260.0,470,2,1.0,True,5.0
471,-4.53338,1.442684,0.0,235.0,5184.0,-3.112236,100.0,65.0,0.0,0.0,250.12800000001153,0.0,5.0,260.0,471,2,1.0,True,5.0
472,-4.53338,1.442684,0.0,235.0,5183.0,-3.112236,100.0,65.0,0.0,0.0,248.86799999999056,0.0,5.0,260.0,472,2,1.0,True,5.0
473,-4.53338,1.442684,0.0,235.0,5184.0,-3.112236,100.0,65.0,0.0,0.0,126.82800000001153,0.0,5.0,260.0,473,2,1.0,True,5.0
474,-4.53338,1.442684,0.0,235.0,5184.0,-3.112236,100.0,65.0,0.0,0.0,249.01199999999372,0.0,5.0,260.0,474,2,1.0,True,5.0
475,-4.53338,1.442684,0.0,235.0,5184.0,-3.112236,100.0,65.0,0.0,0.0,248.94000000000523,0.0,5.0,260.0,475,2,1.0,True,5.0
476,-4.53338,1.442684,0.0,243.0,5361.6,-3.112236,100.0,65.0,0.0,0.0,253.5839999999822,0.0,30.0,262.0,476,2,1.0,True,5.0
477,-4.5343651666666664,1.4400736666666667,0.000354518,271.6666666666667,6010.166666666667,-3.0487985,99.33333333333333,64.66666666666667,68.33333333333333,-67.5,284.7960000000021,0.0,30.0,262.0,477,2,1.0,True,5.0
478,-4.534292166666667,1.430135,0.000425424,275.75,6105.5,-2.7774285833333336,96.58333333333333,64.58333333333333,100.0,-99.0,293.1120000000199,0.0,30.0,262.0,478,2,1.0,True,5.0
479,-4.532334636363637,1.4287778181818183,0.000425424,276.09090909090907,6113.0,-2.419798,96.81818181818181,64.54545454545455,100.0,-99.0,298.83599999998114,0.0,30.0,262.0,479,2,1.0,True,5.0
480,-4.5292782727272725,1.4288333636363637,0.000425424,276.09090909090907,6113.0,-2.0963773636363636,95.0,64.54545454545455,100.0,-99.0,295.88400000000837,0.0,30.0,262.0,480,2,1.0,True,5.0
481,-4.5128615,1.4564674166666667,0.000425424,276.5,6122.0,-1.7111873333333334,89.41666666666667,64.5,100.0,-99.0,290.34000000000526,0.0,30.0,262.0,481,2,1.0,True,5.0
482,-4.500123,1.4617692727272726,0.000425424,277.72727272727275,6146.818181818182,-1.4313744545454545,80.18181818181819,64.0,100.0,-99.0,147.81599999999162,0.0,30.0,262.0,482,2,1.0,True,5.0
483,-4.437116272727272,1.4324182727272727,0.000425424,275.27272727272725,6098.545454545455,-1.0669645,57.81818181818182,64.54545454545455,100.0,-99.0,292.8240000000136,0.0,30.0,262.0,483,2,1.0,True,5.0
484,-4.4113300909090905,1.4351646363636363,3.867490909090909e-05,247.45454545454547,5470.181818181818,-0.9289858636363636,58.0,64.9090909090909,9.090909090909092,-9.0,267.4079999999958,0.0,30.0,262.0,484,2,1.0,True,5.0
485,-4.407860333333333,1.4352186666666666,0.0,257.5,5693.666666666667,-0.9168467333333333,65.83333333333333,64.66666666666667,0.0,0.0,261.503999999998,0.0,30.0,262.0,485,2,1.0,True,5.0
486,-4.416968545454545,1.4334034545454546,0.03631573909090909,276.09090909090907,6109.272727272727,-0.7937284090909091,70.0909090909091,64.54545454545455,89.45454545454545,-16.636363636363637,291.9239999999875,0.0,30.0,262.0,486,2,1.0,True,5.0
487,-4.424985818181818,1.403700909090909,0.07406244818181817,276.09090909090907,6112.727272727273,-0.5159089727272727,63.90909090909091,64.54545454545455,150.36363636363637,-2.4545454545454546,295.8840000000084,0.0,30.0,262.0,487,2,1.0,True,5.0
488,-4.354462666666667,1.3866623333333334,0.16109388333333333,285.8333333333333,6335.333333333333,-0.20901046166666667,75.83333333333333,64.0,243.5,78.5,306.1800000000105,0.0,30.0,262.0,488,2,1.0,True,5.0
489,-4.177553636363636,1.3671503636363636,0.2570334454545455,296.8181818181818,6587.909090909091,0.03600800363636363,73.18181818181819,64.0,299.0,214.72727272727272,315.0,0.0,30.0,262.0,489,2,1.0,True,5.0
490,-3.889507833333333,1.3860545,0.29354255,291.6666666666667,6478.833333333333,0.10042038333333332,91.83333333333333,64.0,292.9166666666667,293.5833333333333,313.09199999997804,0.0,30.0,266.0,490,2,1.0,True,29.0
491,-3.625953,1.4119651818181818,0.2926917,291.1818181818182,6468.090909090909,0.0884663409090909,96.54545454545455,64.0,286.0,299.0,156.6,0.0,30.0,266.0,491,2,1.0,True,29.0
492,-3.3294873000000003,1.4304181,0.29477625,293.5,6516.6,0.06850995800000001,96.9,64.0,290.0,299.0,315.82800000001157,0.0,30.0,342.0,492,2,1.0,True,29.0
493,-3.0770743333333335,1.4469405000000002,0.2965914166666667,293.5,6517.333333333333,0.05658532,97.33333333333333,64.0,293.8333333333333,299.0,310.46399999999267,0.0,30.0,346.0,493,2,1.0,True,29.0
494,-2.7880110000000005,1.45844975,0.29779680000000003,293.25,6511.5,0.049954965,98.25,64.0,296.0,299.0,311.4360000000073,0.0,30.0,350.0,494,2,1.0,True,27.0
495,-2.513955181818182,1.4680254545454545,0.29760343636363634,293.6363636363636,6519.363636363636,0.04439719272727272,99.72727272727273,64.0,296.09090909090907,299.0,316.47599999998636,0.0,30.0,354.0,495,2,1.0,True,27.0
496,-2.224440181818182,1.4773344545454543,0.2726967818181818,290.27272727272725,6452.545454545455,0.05490576727272727,99.9090909090909,64.0,296.27272727272725,248.45454545454547,307.83600000000735,0.0,30.0,238.0,496,2,1.0,True,31.0
497,-2.0599775454545455,1.501681,0.1116931090909091,284.90909090909093,6326.545454545455,0.3782949545454546,94.36363636363636,64.0,279.6363636363636,-55.90909090909091,302.50799999999583,0.0,30.0,238.0,497,2,1.0,True,31.0
498,-1.9915151818181818,1.5858857272727271,0.12004690909090909,286.1818181818182,6354.363636363636,0.9963081363636364,80.18181818181819,64.0,284.3636363636364,-44.09090909090909,152.64000000000524,0.0,30.0,242.0,498,2,1.0,True,31.0
499,-1.9644417272727273,1.6625323636363638,0.12677634545454544,282.3636363636364,6262.363636363636,1.4511496363636363,77.0,64.0,210.8181818181818,42.81818181818182,300.16799999999057,0.0,30.0,242.0,499,2,1.0,True,30.0
500,-1.9656206363636364,1.7458016363636366,0.08523950000000001,269.27272727272725,5965.090909090909,1.6089552727272727,86.81818181818181,64.36363636363636,100.45454545454545,70.27272727272727,293.61600000001783,0.0,30.0,242.0,500,2,1.0,True,30.0
501,-1.9704142727272727,1.820369272727273,0.07328894909090909,266.0,5902.909090909091,1.6469016363636364,85.45454545454545,64.45454545454545,81.18181818181819,65.81818181818181,287.6039999999979,0.0,30.0,242.0,501,2,1.0,True,30.0
502,-1.9745637999999999,1.8776471999999997,0.005530512,239.6,5291.6,1.6701668,86.0,65.0,6.2,4.8,250.01999999998952,0.0,30.0,242.0,502,2,1.0,True,30.0
503,-1.9738140000000002,1.8797719999999998,0.0,235.0,5184.0,1.6707170000000002,86.0,65.0,0.0,0.0,253.6920000000042,0.0,30.0,242.0,503,2,1.0,True,30.0
504,-1.9723485454545455,1.8828920000000002,0.0,235.0,5184.0,1.6721129999999997,87.18181818181819,65.0,0.0,0.0,249.04800000000105,0.0,30.0,242.0,504,2,1.0,True,30.0
505,-1.9732939999999999,1.882892,0.0,235.0,5184.0,1.672113,86.5,65.0,0.0,0.0,252.25199999999896,0.0,30.0,242.0,505,2,1.0,True,30.0
506,-1.9732939999999999,1.882892,0.0,246.4,5448.0,1.672113,87.0,65.0,0.0,0.0,123.65999999999477,0.0,32.0,242.0,506,2,1.0,True,30.0
507,-1.9784575000000002,1.9678719166666667,0.19615590833333338,289.1666666666667,6419.5,1.6210868333333333,84.66666666666667,64.08333333333333,163.66666666666666,228.16666666666666,295.8840000000084,0.0,32.0,16.0,507,2,1.0,True,30.0
508,-1.9705765454545452,2.2186524545454547,0.2912607181818182,292.72727272727275,6497.454545454545,1.5528428181818184,85.9090909090909,64.0,283.6363636363636,298.54545454545456,320.1119999999937,0.0,32.0,16.0,508,2,1.0,True,30.0
509,-1.9662750000000002,2.5305241666666665,0.2968750333333333,290.8333333333333,6458.0,1.5480308333333335,90.0,64.0,299.0,294.3333333333333,312.76800000001674,0.0,32.0,16.0,509,2,1.0,True,30.0
510,-1.9648326363636364,2.809745,0.29644316363636364,294.3636363636364,6535.0,1.558029090909091,93.36363636363636,64.0,299.0,293.54545454545456,310.5359999999812,0.0,32.0,16.0,510,2,1.0,True,30.0
511,-1.9625377272727271,3.0972737272727273,0.29613374545454546,295.09090909090907,6564.454545454545,1.5678421818181818,95.72727272727273,64.0,299.0,292.6363636363636,313.92000000001576,0.0,32.0,16.0,511,2,1.0,True,30.0
512,-1.9654973333333334,3.357097833333334,0.29822221666666665,295.8333333333333,6569.833333333333,1.5762858333333334,95.66666666666667,64.0,299.0,297.0,314.7839999999822,0.0,32.0,16.0,512,2,1.0,True,30.0
513,-1.9689577272727272,3.6586936363636364,0.29895703636363635,294.27272727272725,6531.636363636364,1.5800640000000001,97.0909090909091,64.0,299.0,298.27272727272725,311.90399999999795,0.0,32.0,16.0,513,2,1.0,True,30.0
514,-1.9742460909090909,3.9307978181818184,0.2991117272727273,291.72727272727275,6476.363636363636,1.5814843636363636,98.0,64.0,299.0,299.0,163.54800000000105,0.0,32.0,16.0,514,2,1.0,True,30.0
515,-1.9785765454545454,4.225428818181818,0.29868632727272726,293.72727272727275,6525.727272727273,1.5837417272727272,99.0,64.0,299.0,298.09090909090907,308.160000000021,0.0,32.0,16.0,515,2,1.0,True,30.0
516,-1.9822814545454543,4.478875909090909,0.2988410181818182,294.09090909090907,6529.545454545455,1.5864493636363635,99.0,64.0,299.0,298.45454545454544,316.2239999999874,0.0,32.0,16.0,516,2,1.0,True,30.0
517,-1.9904038333333334,4.769219666666666,0.29886035,293.5,6517.0,1.5876683333333332,99.0,64.0,298.6666666666667,298.8333333333333,310.06799999999055,0.0,32.0,16.0,517,2,1.0,True,30.0
518,-1.9963616363636363,5.061413,0.29922777272727275,293.09090909090907,6522.727272727273,1.5869971818181818,99.0,64.0,298.8181818181818,299.0,314.49600000000214,0.0,32.0,16.0,518,2,1.0,True,30.0
519,-2.0007687272727277,5.29847809090909,0.2990731,292.0,6496.0,1.5879253636363637,99.0,64.0,299.0,299.0,309.49200000000417,0.0,32.0,16.0,519,2,1.0,True,30.0
520,-2.0038185,5.6075755,0.2988603833333333,292.8333333333333,6502.166666666667,1.5896151666666667,99.0,64.0,299.0,298.5,312.44400000000314,0.0,32.0,16.0,520,2,1.0,True,30.0
521,-2.010284818181818,5.880299818181817,0.29849296363636363,292.90909090909093,6515.636363636364,1.5921096363636364,99.0,64.0,298.72727272727275,297.90909090909093,310.21199999999374,0.0,32.0,16.0,521,2,1.0,True,30.0
522,-2.022476,6.18293,0.29737135,290.5,6454.0,1.5891125000000001,98.5,64.0,295.0,299.0,159.5160000000178,0.0,32.0,12.0,522,2,1.0,True,30.0
523,-2.0245585454545454,6.436159272727273,0.29930513636363637,292.09090909090907,6491.272727272727,1.5856332727272728,98.45454545454545,64.0,299.0,299.0,311.21999999998957,0.0,32.0,12.0,523,2,1.0,True,
524,-2.031253090909091,6.741299636363636,0.2976807909090909,295.3636363636364,6560.727272727273,1.5820683636363635,99.0,64.0,295.72727272727275,299.0,317.15999999999474,0.0,32.0,12.0,524,2,1.0,True,
525,-2.0321112727272728,7.010602545454546,0.29721665454545454,295.09090909090907,6556.0,1.5807984545454545,98.72727272727273,64.0,298.45454545454544,295.1818181818182,313.451999999999,0.0,32.0,12.0,525,2,1.0,True,24.0
526,-2.03934625,7.309057500000001,0.298434925,293.0,6514.5,1.5875365,98.0,64.0,299.0,298.0,311.7960000000021,0.0,32.0,12.0,526,2,1.0,True,24.0
527,-2.042913,7.580873636363637,0.2990731,292.90909090909093,6515.818181818182,1.5896004545454545,98.0,64.0,299.0,299.0,312.551999999999,0.0,32.0,12.0,527,2,1.0,True,24.0
528,-2.048593,7.8970975,0.2988603833333333,292.6666666666667,6509.333333333333,1.5917213333333333,98.16666666666667,64.0,299.0,298.5,311.0039999999979,0.0,32.0,12.0,528,2,1.0,True,24.0
529,-2.05438625,8.168351083333333,0.2737603333333333,288.25,6405.166666666667,1.6075523333333332,99.0,64.0,299.0,247.91666666666666,315.03600000000733,0.0,32.0,12.0,529,2,1.0,True,24.0
530,-2.082101727272727,8.392201727272727,0.1799156909090909,287.09090909090907,6370.909090909091,1.816221,97.9090909090909,64.0,299.0,60.45454545454545,149.21999999998954,0.0,32.0,12.0,530,2,1.0,True,24.0
531,-2.1326394545454543,8.509359181818182,0.08373116545454545,285.27272727272725,6342.545454545455,2.337545909090909,85.81818181818181,64.0,255.27272727272728,-87.81818181818181,302.1120000000199,0.0,32.0,12.0,531,2,1.0,True,24.0
532,-2.184813636363636,8.544276818181817,0.06973086181818182,284.0,6309.636363636364,2.905251727272727,57.27272727272727,64.0,239.27272727272728,-99.81818181818181,304.81199999999376,0.0,32.0,12.0,532,2,1.0,True,24.0
533,-2.2011695000000002,8.478805,0.01311724,251.83333333333334,5569.833333333333,-1.9586393333333332,21.0,64.83333333333333,40.666666666666664,-14.5,275.29200000000424,0.0,32.0,12.0,533,2,1.0,True,24.0
534,-2.2043265454545455,8.427326818181818,0.0,245.54545454545453,5429.545454545455,-2.9685240000000004,11.818181818181818,65.0,0.0,0.0,258.65999999999474,0.0,32.0,12.0,534,2,1.0,True,24.0
535,-2.185700909090909,8.402845181818181,0.0,235.0,5187.727272727273,-2.9368374545454543,15.272727272727273,65.0,0.0,0.0,253.83600000000735,0.0,32.0,12.0,535,2,1.0,True,24.0
536,-2.1764746363636367,8.406501,0.0,230.9090909090909,5094.454545454545,-2.9238990909090905,21.818181818181817,65.0,0.0,0.0,246.16799999999057,0.0,32.0,12.0,536,2,1.0,True,24.0
537,-2.1743803636363634,8.41308009090909,0.0,230.9090909090909,5094.454545454545,-2.9222079999999995,23.90909090909091,65.0,0.0,0.0,244.6920000000042,0.0,32.0,12.0,537,2,1.0,True,24.0
538,-2.119109090909091,8.456370818181817,0.0,234.72727272727272,5181.727272727273,-2.913104363636364,19.181818181818183,65.0,0.0,0.0,125.60399999999791,0.0,32.0,12.0,538,2,1.0,True,24.0
539,-2.240325,8.528193181818182,0.0,235.0,5184.0,-2.8748,78.72727272727273,65.0,0.0,0.0,251.1719999999885,0.0,32.0,12.0,539,2,1.0,True,24.0
540,-2.240325,8.526538636363636,0.0,235.0,5184.0,-2.8748,93.27272727272727,65.0,0.0,0.0,250.0920000000042,0.0,32.0,12.0,540,2,1.0,True,24.0
541,-2.241388636363636,8.526302272727273,0.0,235.0,5184.0,-2.8748,95.0,65.0,0.0,0.0,248.75999999999476,0.0,32.0,12.0,541,2,1.0,True,24.0
542,-2.1767936363636364,8.487199,0.0,241.0,5325.818181818182,-2.8776805454545458,39.63636363636363,65.0,0.0,0.0,255.0960000000021,0.0,32.0,12.0,542,2,1.0,True,24.0
543,-2.242716,8.525539363636364,0.0,235.0,5184.0,-2.87489,89.63636363636364,65.0,0.0,0.0,247.86000000002096,0.0,32.0,12.0,543,2,1.0,True,24.0
544,-2.242716,8.526012454545453,0.0,235.0,5184.0,-2.87489,95.27272727272727,65.0,0.0,0.0,251.20799999999582,0.0,32.0,12.0,544,2,1.0,True,24.0
545,-2.242716,8.524948,0.0,235.0,5184.0,-2.87489,95.9,65.0,0.0,0.0,248.8679999999906,0.0,32.0,12.0,545,2,1.0,True,24.0
546,-2.242716,8.526366727272729,0.0,235.0,5184.0,-2.87489,95.0,65.0,0.0,0.0,126.82800000001153,0.0,32.0,12.0,546,2,1.0,True,24.0
547,-2.242716,8.52423890909091,0.0,235.0,5184.0,-2.87489,95.45454545454545,65.0,0.0,0.0,248.8679999999906,0.0,32.0,12.0,547,2,1.0,True,24.0
548,-2.242716,8.526839818181818,0.0,235.0,5184.0,-2.87489,96.0,65.0,0.0,0.0,253.61999999998955,0.0,32.0,12.0,548,2,1.0,True,24.0
549,-2.083267090909091,8.407037454545454,0.0,232.54545454545453,5130.272727272727,-1.2974556363636365,36.27272727272727,65.0,0.0,0.0,247.46400000001887,0.0,32.0,12.0,549,2,1.0,True,24.0
550,-2.047834,8.380546,0.0,230.5,5085.5,1.3265229299999999,3.1,65.0,0.0,0.0,247.1759999999864,0.0,32.0,12.0,550,2,1.0,True,24.0
551,-2.047834,8.380546,0.0,230.5,5085.5,0.74589133,0.3,65.0,0.0,0.0,245.23200000000944,0.0,32.0,12.0,551,2,1.0,True,24.0
552,-2.047834,8.380546,0.0,230.5,5085.5,1.7951957999999997,6.1,65.0,0.0,0.0,244.00799999999583,0.0,32.0,12.0,552,2,1.0,True,24.0
553,-2.047834,8.380546,0.0,231.4,5105.2,-2.6879522000000002,5.0,65.0,0.0,0.0,123.3,0.0,32.0,12.0,553,2,1.0,True,24.0
554,-2.0941976363636363,8.379455090909092,0.0,235.27272727272728,5195.363636363636,-2.9336339999999996,10.818181818181818,65.0,0.0,0.0,250.55999999999477,0.0,32.0,12.0,554,2,1.0,True,24.0
555,-2.139186,8.379545,0.0,240.27272727272728,5310.636363636364,-2.933031,15.0,65.0,0.0,0.0,255.95999999999475,0.0,32.0,12.0,555,2,1.0,True,24.0
556,-2.1439445454545454,8.380455,0.0,241.36363636363637,5338.090909090909,-2.933031,14.272727272727273,65.0,0.0,0.0,257.5800000000105,0.0,32.0,12.0,556,2,1.0,True,24.0
557,-2.1407505,8.380546,0.0,241.5,5332.0,-2.933031,14.333333333333334,65.0,0.0,0.0,260.3159999999916,0.0,32.0,12.0,557,2,1.0,True,24.0
558,-2.1584395,8.38104575,0.0,236.0,5208.5,-2.93253275,13.75,65.0,0.0,0.0,254.0880000000063,0.0,32.0,12.0,558,2,1.0,True,24.0
559,-2.1333038181818185,8.389190090909091,0.0,233.9090909090909,5163.727272727273,-1.831736,10.818181818181818,65.0,0.0,0.0,250.74000000000524,0.0,32.0,12.0,559,2,1.0,True,24.0
560,-2.125791,8.391682,0.0,231.4,5105.2,2.2286656000000002,10.0,65.0,0.0,0.0,243.9719999999885,0.0,32.0,12.0,560,2,1.0,True,24.0
561,-2.125791,8.391682,0.0,231.4,5105.2,-2.7318134,2.2,65.0,0.0,0.0,125.60399999999791,0.0,32.0,12.0,561,2,1.0,True,24.0
562,-2.125791,8.391682,0.0,228.4,5042.8,-2.9177732,5.6,65.0,0.0,0.0,244.44000000000523,0.0,32.0,12.0,562,2,1.0,True,24.0
563,-2.209823818181818,8.48385090909091,0.0,238.0909090909091,5261.636363636364,-2.8816758181818183,35.18181818181818,65.0,0.0,0.0,246.8880000000063,0.0,32.0,12.0,563,2,1.0,True,24.0
564,-2.242994,8.526287272727274,0.0,234.63636363636363,5176.181818181818,-2.875036,89.54545454545455,65.0,0.0,0.0,251.10000000000002,0.0,32.0,12.0,564,2,1.0,True,24.0
565,-2.2408667272727274,8.526996363636364,0.0,235.0,5184.0,-2.875036,94.81818181818181,65.0,0.0,0.0,251.31599999999162,0.0,32.0,12.0,565,2,1.0,True,24.0
566,-2.240394,8.528533272727273,0.0,235.0,5184.0,-2.875036,95.0,65.0,0.0,0.0,248.9760000000126,0.0,32.0,12.0,566,2,1.0,True,24.0
567,-2.240394,8.52611,0.0,235.0,5184.0,-2.875036,95.0,65.0,0.0,0.0,251.31599999999162,0.0,32.0,12.0,567,2,1.0,True,24.0
568,-2.240394,8.526287272727272,0.0,235.0,5184.0,-2.875036,95.63636363636364,65.0,0.0,0.0,253.65599999999688,0.0,32.0,12.0,568,2,1.0,True,24.0
569,-2.2406303636363636,8.526287363636364,0.0,235.0,5184.0,-2.875036,95.45454545454545,65.0,0.0,0.0,246.63600000000736,0.0,32.0,12.0,569,2,1.0,True,24.0
570,-2.242994,8.524396818181819,0.0,235.0,5184.0,-2.875036,96.0,65.0,0.0,0.0,129.16799999999057,0.0,32.0,12.0,570,2,1.0,True,24.0
571,-2.2410912727272727,8.526178181818182,0.0,235.0,5184.0,-2.874242363636364,82.36363636363636,65.0,0.0,0.0,251.06400000001886,0.0,32.0,12.0,571,2,1.0,True,24.0
572,-2.2402261818181817,8.529402727272727,0.0,235.0,5184.0,-2.8739249090909094,88.54545454545455,65.0,0.0,0.0,250.41599999999164,0.0,32.0,12.0,572,2,1.0,True,24.0
573,-2.242708,8.526448636363636,0.0,235.0,5184.0,-2.875036,95.54545454545455,65.0,0.0,0.0,249.04800000000105,0.0,32.0,12.0,573,2,1.0,True,24.0
574,-2.242708,8.52541475,0.0,235.0,5184.0,-2.875036,95.5,65.0,0.0,0.0,252.25199999999896,0.0,32.0,12.0,574,2,1.0,True,24.0
575,-2.242708,8.525858181818181,0.0,235.0,5184.181818181818,-2.875036,95.18181818181819,65.0,0.0,0.0,248.07599999998638,0.0,32.0,12.0,575,2,1.0,True,24.0
576,-2.242708,8.524656,0.0,235.0,5184.333333333333,-2.875036,95.83333333333333,65.0,0.0,0.0,251.42400000001362,0.0,32.0,12.0,576,2,1.0,True,24.0
577,-2.242708,8.527276,0.0,235.0,5184.0,-2.875036,95.0,65.0,0.0,0.0,248.94000000000526,0.0,32.0,12.0,577,2,1.0,True,24.0
578,-2.242708,8.526330909090909,0.0,235.0,5184.0,-2.875036,95.0,65.0,0.0,0.0,126.82799999998534,0.0,32.0,12.0,578,2,1.0,True,24.0
579,-2.222805727272727,8.521296363636365,0.0,235.0,5184.0,-2.875353272727273,80.0,65.0,0.0,0.0,249.66000000002097,0.0,32.0,12.0,579,2,1.0,True,24.0
580,-2.240587,8.52778290909091,0.0,235.0,5184.0,-2.875734,89.0909090909091,65.0,0.0,0.0,251.31599999999162,0.0,32.0,12.0,580,2,1.0,True,24.0
581,-2.240587,8.527546181818183,0.0,242.27272727272728,5345.454545454545,-2.875734,93.9090909090909,65.0,0.0,0.0,256.96799999999064,0.0,32.0,65535.0,581,2,1.0,True,24.0
582,-2.2365926363636364,8.528394363636364,-0.00046409809090909094,271.90909090909093,6017.454545454545,-2.920000909090909,95.36363636363636,64.18181818181819,-60.0,58.90909090909091,285.0119999999937,0.0,32.0,65535.0,582,2,1.0,True,24.0
583,-2.236212090909091,8.527246,-0.000541447909090909,276.6363636363636,6126.363636363636,1.3814258181818182,97.72727272727273,64.0,-100.0,98.72727272727273,295.1280000000115,0.0,32.0,65535.0,583,2,1.0,True,24.0
584,-2.2359880000000003,8.551847166666667,-0.000425424,276.5,6122.0,2.7179456666666666,98.16666666666667,64.0,-100.0,99.0,292.8960000000021,0.0,32.0,65535.0,584,2,1.0,True,24.0
585,-2.2391964545454544,8.541673090909091,-0.000425424,276.09090909090907,6113.0,2.3592145454545457,99.63636363636364,64.0,-100.0,99.0,292.8599999999948,0.0,32.0,65535.0,585,2,1.0,True,24.0
586,-2.240377,8.533796909090908,-0.000425424,277.1818181818182,6146.818181818182,2.034619636363636,100.0,64.0,-100.0,99.0,147.3840000000084,0.0,32.0,65535.0,586,2,1.0,True,24.0
587,-2.2371862727272727,8.518857,-0.00042542218181818183,276.27272727272725,6139.0,1.6882133636363639,99.54545454545455,64.0,-99.54545454545455,98.54545454545455,296.3159999999916,0.0,32.0,65535.0,587,2,1.0,True,24.0
588,-2.234846272727273,8.515786272727272,-0.0006574714545454545,273.72727272727275,6060.636363636364,1.3713864545454546,99.0,64.0,-81.54545454545455,80.0,289.8720000000147,0.0,32.0,65535.0,588,2,1.0,True,24.0
589,-2.2300784545454544,8.511617545454545,-0.0005414495454545454,272.54545454545456,6047.181818181818,1.1238944545454546,99.0,64.0,-57.27272727272727,56.0,292.13999999997907,0.0,32.0,65535.0,589,2,1.0,True,24.0
590,-2.230148818181818,8.514293363636364,-0.00038674781818181814,265.6363636363636,5892.818181818182,0.9475670363636364,99.0,64.27272727272727,-38.27272727272727,37.36363636363637,285.660000000021,0.0,32.0,65535.0,590,2,1.0,True,24.0
591,-2.217766090909091,8.534433181818182,0.05290727454545454,264.72727272727275,5863.909090909091,0.8798073272727273,99.0,64.27272727272727,50.45454545454545,55.36363636363637,285.3719999999885,0.0,32.0,65535.0,591,2,1.0,True,24.0
592,-2.207702166666667,8.546481166666666,0.000283616,272.0,6029.333333333333,0.9637483666666666,97.66666666666667,64.0,64.16666666666667,-63.5,294.2639999999927,0.0,32.0,65535.0,592,2,1.0,True,24.0
593,-2.21388175,8.54109825,0.000425424,277.1666666666667,6149.833333333333,1.2964175,96.91666666666667,64.0,100.0,-99.0,291.02400000001364,0.0,32.0,65535.0,593,2,1.0,True,24.0
594,-2.2227451818181816,8.54488181818182,0.000425424,276.54545454545456,6148.363636363636,1.599619272727273,96.0,64.0,100.0,-99.0,147.8880000000063,0.0,32.0,65535.0,594,2,1.0,True,24.0
595,-2.2280276666666667,8.55606225,0.000425424,276.8333333333333,6137.833333333333,1.9534410833333335,82.66666666666667,64.0,100.0,-99.0,296.4959999999759,0.0,32.0,65535.0,595,2,1.0,True,24.0
596,-2.2281327272727274,8.562940181818181,0.000580124,276.1818181818182,6132.818181818182,2.313633727272727,86.54545454545455,64.0,98.18181818181819,-97.18181818181819,294.91200000001993,0.0,32.0,65535.0,596,2,1.0,True,24.0
597,-2.2269656666666666,8.570798333333334,0.0004963281666666667,274.8333333333333,6094.166666666667,2.654985,96.66666666666667,64.0,79.83333333333333,-78.83333333333333,291.38399999998217,0.0,32.0,65535.0,597,2,1.0,True,24.0
598,-2.227782,8.570510363636362,0.0004254234545454545,272.0,6035.363636363636,2.881413181818182,98.81818181818181,64.0,58.09090909090909,-57.09090909090909,289.15199999999896,0.0,32.0,65535.0,598,2,1.0,True,24.0
599,-2.225182181818182,8.545073090909092,0.00034807254545454546,263.6363636363636,5843.727272727273,3.060534272727273,99.0,64.18181818181819,40.09090909090909,-39.27272727272727,275.9039999999979,0.0,32.0,12.0,599,2,1.0,True,24.0
600,-2.219978,8.542482363636365,0.0,235.0,5184.0,3.1162709999999993,99.72727272727273,65.0,0.0,0.0,250.95600000002307,0.0,32.0,12.0,600,2,1.0,True,24.0
601,-2.218323454545455,8.54413690909091,0.0,235.0,5184.0,3.1162709999999993,100.0,65.0,0.0,0.0,248.61599999999163,0.0,32.0,12.0,601,2,1.0,True,24.0
602,-2.217378,8.543546000000001,0.0,235.0,5184.0,3.116271,100.0,65.0,0.0,0.0,128.98800000000628,0.0,32.0,12.0,602,2,1.0,True,24.0
603,-2.217378,8.544963636363635,0.0,235.0,5184.0,3.1162709999999993,100.0,65.0,0.0,0.0,246.27599999998637,0.0,32.0,12.0,603,2,1.0,True,24.0
604,-2.2186925454545454,8.44299418181818,0.0,238.8181818181818,5275.636363636364,3.1188097272727275,59.63636363636363,65.0,0.0,0.0,252.46800000001676,0.0,32.0,12.0,604,2,1.0,True,24.0
605,-2.2169606666666666,8.4955985,0.0,235.0,5184.0,3.1169689999999997,93.83333333333333,65.0,0.0,0.0,250.73999999997903,0.0,32.0,12.0,605,2,1.0,True,24.0
606,-2.216744,8.53838009090909,0.0,235.0,5184.0,3.116969,98.72727272727273,65.0,0.0,0.0,251.8920000000042,0.0,32.0,12.0,606,2,1.0,True,24.0
607,-2.216744,8.545352545454545,0.0,233.9090909090909,5163.272727272727,3.116969,99.72727272727273,65.0,0.0,0.0,247.64400000000313,0.0,32.0,12.0,607,2,1.0,True,24.0
608,-2.216744,8.5441315,0.0,235.0,5184.0,3.1169689999999997,100.0,65.0,0.0,0.0,250.95599999999686,0.0,32.0,12.0,608,2,1.0,True,24.0
609,-2.216744,8.546534727272727,0.0,235.0,5184.0,3.116969,100.0,65.0,0.0,0.0,248.61600000001783,0.0,32.0,12.0,609,2,1.0,True,24.0
610,-2.216744,8.54440709090909,0.0,235.0,5184.0,3.116969,100.0,65.0,0.0,0.0,126.64799999997486,0.0,32.0,12.0,610,2,1.0,True,24.0
611,-2.216744,8.544998,0.0,234.2,5168.8,3.116969,100.0,65.0,0.0,0.0,248.61600000001783,0.0,32.0,12.0,611,2,1.0,True,24.0
612,-2.216744,8.543958,0.0,235.0,5184.0,3.116969,100.0,65.0,0.0,0.0,250.91999999998953,0.0,32.0,12.0,612,2,1.0,True,24.0
613,-2.219912,8.543088666666666,0.016591536666666667,245.66666666666666,5430.666666666667,3.1226396666666667,100.0,64.66666666666667,28.666666666666668,4.666666666666667,258.7320000000094,0.0,32.0,12.0,613,2,1.0,True,24.0
614,-2.282865363636364,8.540923727272727,0.13783739272727272,281.1818181818182,6247.454545454545,3.095965,96.72727272727273,64.0,74.0,201.9090909090909,297.0,0.0,32.0,12.0,614,2,1.0,True,24.0
615,-2.4206435454545456,8.59361409090909,0.14928515454545455,284.8181818181818,6321.090909090909,2.6720286363636365,97.45454545454545,64.0,-0.7272727272727273,299.0,308.2679999999906,0.0,32.0,12.0,615,2,1.0,True,23.0
616,-2.5150271666666666,8.695075333333333,0.1510964,285.3333333333333,6340.333333333333,2.150033,97.33333333333333,64.0,2.6666666666666665,299.0,302.61600000001783,0.0,32.0,12.0,616,2,1.0,True,23.0
617,-2.5636781818181817,8.841756727272728,0.20725884545454545,290.54545454545456,6459.090909090909,1.6917800909090908,97.63636363636364,64.0,119.54545454545455,294.6363636363636,315.07199999998846,0.0,32.0,12.0,617,2,1.0,True,23.0
618,-2.568267272727273,9.039361818181819,0.26759173636363637,298.90909090909093,6647.454545454545,1.5574988181818183,97.45454545454545,64.0,294.45454545454544,240.0909090909091,154.44000000000526,0.0,32.0,8.0,618,2,1.0,True,23.0
619,-2.58549075,9.31808125,0.29393254166666666,294.5833333333333,6552.666666666667,1.620425,97.91666666666667,64.0,299.0,288.3333333333333,320.6880000000063,0.0,32.0,8.0,619,2,1.0,True,23.0
620,-2.59894,9.582020454545455,0.29721668181818184,293.54545454545456,6529.090909090909,1.6230758181818181,98.9090909090909,64.0,295.0,299.0,308.91599999999164,0.0,32.0,8.0,620,2,1.0,True,23.0
621,-2.6143375,9.897803999999999,0.29701683333333334,291.8333333333333,6481.166666666667,1.614687,99.83333333333333,64.0,294.3333333333333,299.0,312.048000000001,0.0,32.0,8.0,621,2,1.0,True,23.0
622,-2.6223193636363638,10.189567272727272,0.29864765454545456,293.27272727272725,6521.727272727273,1.6096665454545453,99.45454545454545,64.0,298.0,299.0,308.8440000000031,0.0,32.0,8.0,622,2,1.0,True,23.0
623,-2.631783181818182,10.480538181818183,0.29849292727272725,293.27272727272725,6518.454545454545,1.6077196363636366,99.27272727272727,64.0,297.6363636363636,299.0,311.8319999999833,0.0,32.0,4.0,623,2,1.0,True,23.0
624,-2.633934090909091,10.716996363636364,0.29899574545454544,291.45454545454544,6490.181818181818,1.608876909090909,99.0,64.0,299.0,298.90909090909093,315.28800000000626,0.0,32.0,4.0,624,2,1.0,True,20.0
625,-2.6413267499999997,11.037518333333333,0.29850580833333334,291.5833333333333,6490.5,1.6098236666666665,99.58333333333333,64.0,298.5,298.5833333333333,306.6119999999937,0.0,32.0,4.0,625,2,1.0,True,20.0
626,-2.6514245454545455,11.327981818181819,0.2986089727272727,290.6363636363636,6462.181818181818,1.6075669090909093,100.0,64.0,297.90909090909093,299.0,162.36000000002096,0.0,32.0,4.0,626,2,1.0,True,20.0
627,-2.6594898181818185,11.606772727272727,0.2991117272727273,292.27272727272725,6500.272727272727,1.6054856363636363,100.0,63.45454545454545,298.54545454545456,299.0,306.2879999999801,0.0,32.0,4.0,627,2,1.0,True,20.0
628,-2.6674542,11.874583,0.29745644000000004,291.8,6495.8,1.6049866000000002,99.2,64.0,298.4,296.6,315.6840000000084,0.0,32.0,4.0,628,2,1.0,True,20.0
629,-2.6776623333333336,12.122950000000001,0.20285633333333333,285.6666666666667,6355.166666666667,1.7126666666666666,97.16666666666667,64.0,299.0,106.5,301.60799999999585,0.0,32.0,190.0,629,2,1.0,True,20.0
630,-2.74455075,12.271232500000002,0.136561125,285.0,6336.5,2.2074385,95.75,64.0,298.0,-25.25,306.7559999999969,0.0,32.0,190.0,630,2,1.0,True,20.0
631,-2.829597090909091,12.330809090909092,0.14769946363636366,283.3636363636364,6293.727272727273,2.736362818181818,90.0,64.0,297.90909090909093,-2.8181818181818183,300.8880000000063,0.0,32.0,190.0,631,2,1.0,True,20.0
632,-2.9916096666666667,12.339805,0.1735020833333333,283.0,6283.0,-0.017581166666666686,86.83333333333333,64.0,177.33333333333334,169.33333333333334,307.1880000000063,0.0,32.0,190.0,632,2,1.0,True,22.0
633,-3.1338875454545456,12.356004545454544,0.1262349,286.09090909090907,6359.909090909091,2.8811614545454547,97.54545454545455,64.0,-42.18181818181818,294.09090909090907,303.4079999999958,0.0,32.0,190.0,633,2,1.0,True,22.0
634,-3.2247733636363636,12.433069999999999,0.10983670000000001,286.09090909090907,6365.0,2.265852727272727,94.63636363636364,64.0,-55.63636363636363,274.8181818181818,152.45999999999478,0.0,32.0,190.0,634,2,1.0,True,22.0
635,-3.238392272727273,12.532568181818181,0.14429609090909093,286.6363636363636,6367.545454545455,1.8149104545454546,69.18181818181819,64.0,0.18181818181818182,288.6363636363636,302.1840000000084,0.0,32.0,190.0,635,2,1.0,True,22.0
636,-3.230100272727273,12.776613636363637,0.2538234545454545,296.8181818181818,6601.727272727273,1.5910735454545453,50.63636363636363,63.63636363636363,270.0,237.1818181818182,315.9360000000073,0.0,32.0,190.0,636,2,1.0,True,22.0
637,-3.2184495,12.993851666666666,0.2811343666666667,298.8333333333333,6651.5,1.6364598333333333,40.166666666666664,63.0,299.0,262.6666666666667,323.63999999997907,0.0,32.0,190.0,637,2,1.0,True,22.0
638,-3.215199,13.26478090909091,0.28766399090909095,295.1818181818182,6564.272727272727,1.664646181818182,55.90909090909091,63.81818181818182,299.0,276.09090909090907,312.4800000000105,0.0,32.0,190.0,638,2,1.0,True,22.0
639,-3.241197909090909,13.50699,0.2974100272727273,294.09090909090907,6545.545454545455,1.6608319999999999,70.0909090909091,63.27272727272727,299.0,295.3636363636364,316.9800000000105,0.0,32.0,190.0,639,2,1.0,True,22.0
640,-3.2758333333333334,13.832761666666668,0.29737135,293.5,6533.166666666667,1.6384701666666668,94.5,63.166666666666664,296.6666666666667,297.3333333333333,311.0759999999864,0.0,32.0,190.0,640,2,1.0,True,22.0
641,-3.2893196363636363,14.111126363636362,0.29779676363636365,294.0,6545.545454545455,1.6322765454545454,98.36363636363636,63.45454545454545,296.0,299.0,315.79200000000424,0.0,32.0,194.0,641,2,1.0,True,22.0
642,-3.295715,14.346799999999998,0.2982222,293.0,6526.5,1.6283755,98.0,64.0,297.0,299.0,155.98800000000628,0.0,32.0,194.0,642,2,1.0,True,22.0
643,-3.315326818181818,14.653063636363635,0.29675253636363635,292.8181818181818,6516.181818181818,1.61989,99.0,63.45454545454545,294.0,299.0,310.0679999999906,0.0,32.0,194.0,643,2,1.0,True,22.0
644,-3.3301260909090913,14.936676363636364,0.2963658454545455,291.1818181818182,6489.090909090909,1.6105896363636363,98.63636363636364,63.45454545454545,293.27272727272725,299.0,312.7679999999906,0.0,32.0,194.0,644,2,1.0,True,22.0
645,-3.330204833333333,15.219838333333334,0.29708775,290.5,6469.0,1.6117945,94.5,63.166666666666664,298.3333333333333,295.8333333333333,313.0200000000157,0.0,32.0,194.0,645,2,1.0,True,22.0
646,-3.339801272727273,15.490421818181819,0.29814485454545453,292.0,6507.272727272727,1.6108761818181818,92.81818181818181,63.27272727272727,297.3636363636364,298.6363636363636,310.0679999999906,0.0,32.0,194.0,646,2,1.0,True,22.0
647,-3.3584754545454545,15.782216363636364,0.2984542363636364,295.45454545454544,6579.272727272727,1.5994852727272728,90.0909090909091,63.45454545454545,297.54545454545456,299.0,316.8,0.0,32.0,194.0,647,2,1.0,True,19.0
648,-3.368067333333333,16.064796666666666,0.29886036666666665,294.5,6560.0,1.5944335,86.66666666666667,63.333333333333336,298.3333333333333,299.0,313.52400000001364,0.0,32.0,194.0,648,2,1.0,True,19.0
649,-3.3755094999999997,16.364975833333332,0.2994985,290.9166666666667,6479.75,1.5934275833333336,89.91666666666667,63.083333333333336,299.0,299.0,310.7159999999916,0.0,32.0,194.0,649,2,1.0,True,19.0
650,-3.38361,16.620894999999997,0.29907305,290.0,6452.5,1.592648,89.0,63.5,298.5,299.0,155.1960000000021,0.0,32.0,194.0,650,2,1.0,True,19.0
651,-3.3883619090909094,16.945892727272728,0.2725807818181818,288.3636363636364,6408.727272727273,1.5943666363636362,90.45454545454545,63.45454545454545,268.09090909090907,277.1818181818182,311.36399999999264,0.0,32.0,194.0,651,2,1.0,True,19.0
652,-3.365955727272727,17.11030909090909,0.1591859090909091,284.90909090909093,6338.181818181818,1.3549086363636365,92.81818181818181,64.0,27.0,291.3636363636364,301.9679999999906,0.0,32.0,336.0,652,2,1.0,True,19.0
653,-3.3137352727272726,17.190092727272727,0.11169315454545453,285.0,6333.090909090909,0.825770309090909,95.45454545454545,64.0,-49.63636363636363,272.8181818181818,302.25600000002305,0.0,32.0,336.0,653,2,1.0,True,19.0
654,-3.220481454545455,17.226178181818184,0.1483183090909091,290.3636363636364,6457.545454545455,0.2785370709090909,95.54545454545455,63.72727272727273,22.818181818181817,274.1818181818182,305.35199999999895,0.0,32.0,328.0,654,2,1.0,True,16.0
655,-3.0440267,17.254089999999998,0.26006172000000005,298.7,6650.0,-0.003017504999999999,93.3,63.5,276.8,243.5,319.5719999999885,0.0,32.0,328.0,655,2,1.0,True,16.0
656,-2.766064333333333,17.266653333333334,0.2907063833333334,296.1666666666667,6592.666666666667,0.05638268,96.83333333333333,63.0,298.3333333333333,282.8333333333333,316.36800000001676,0.0,32.0,324.0,656,2,1.0,True,15.0
657,-2.518697,17.278454545454547,0.21449103636363634,284.3636363636364,6323.272727272727,0.01779473818181818,95.63636363636364,63.54545454545455,150.1818181818182,278.6363636363636,304.30799999999584,0.0,32.0,88.0,657,2,1.0,True,15.0
658,-2.3873777272727277,17.252485454545454,0.10388082181818183,286.1818181818182,6373.636363636364,-0.4119968636363636,96.36363636363636,63.0,-71.81818181818181,279.54545454545456,155.98800000000628,0.0,32.0,88.0,658,2,1.0,True,15.0
659,-2.3416318333333335,17.167680833333332,0.10578878000000001,286.5,6362.75,-0.956996325,72.5,63.916666666666664,-71.5,283.1666666666667,305.3159999999916,0.0,32.0,84.0,659,2,1.0,True,14.0
660,-2.3222411999999997,16.970888,0.25546713,293.0,6519.4,-1.4461754,46.1,63.5,219.8,291.0,314.2079999999958,0.0,32.0,32.0,660,2,1.0,True,14.0
661,-2.308056,16.722923333333334,0.19725491666666664,275.0,6121.5,-1.4931340000000002,29.166666666666668,63.5,198.83333333333334,196.0,296.24399999997695,0.0,32.0,32.0,661,2,1.0,True,14.0
662,-2.3411810909090907,16.623307272727274,0.0,243.72727272727272,5403.727272727273,-1.5023296363636363,34.81818181818182,64.27272727272727,0.0,0.0,257.3280000000377,0.0,32.0,32.0,662,2,1.0,True,14.0
663,-2.3460723636363636,16.62082181818182,0.01833190909090909,248.8181818181818,5516.272727272727,-1.5033403636363636,37.18181818181818,64.27272727272727,20.181818181818183,16.545454545454547,269.45999999996855,0.0,32.0,32.0,663,2,1.0,True,14.0
664,-2.340377333333333,16.546885,0.21306653333333334,283.3333333333333,6300.333333333333,-1.4892174999999999,36.5,64.0,229.33333333333334,196.83333333333334,304.84800000002724,0.0,32.0,32.0,664,2,1.0,True,14.0
665,-2.2889065,16.358275,0.2919472166666667,292.0,6495.5,-1.4978068333333334,58.083333333333336,63.5,292.1666666666667,291.9166666666667,308.7359999999811,0.0,32.0,32.0,665,2,1.0,True,14.0
666,-2.2653525454545456,16.091245454545454,0.29671387272727273,291.72727272727275,6479.636363636364,-1.5161224545454546,94.63636363636364,64.0,293.90909090909093,299.0,159.76800000001677,0.0,32.0,32.0,666,2,1.0,True,14.0
667,-2.2577074545454545,15.810415454545454,0.29868632727272726,289.27272727272725,6443.636363636364,-1.519276,98.9090909090909,63.0,298.09090909090907,299.0,309.8159999999916,0.0,32.0,32.0,667,2,1.0,True,14.0
668,-2.2473699,15.533075,0.2984349,291.8,6503.9,-1.523634,100.0,63.0,297.5,299.0,312.44399999997694,0.0,32.0,32.0,668,2,1.0,True,14.0
669,-2.2366806666666665,15.266386666666667,0.2979386,294.1666666666667,6554.5,-1.5282626666666665,100.0,63.0,296.3333333333333,299.0,312.58800000000633,0.0,32.0,32.0,669,2,1.0,True,14.0
670,-2.2232655,14.9801075,0.29747772499999997,292.0,6501.25,-1.53295225,100.0,63.0,295.25,299.0,310.2480000000272,0.0,32.0,32.0,670,2,1.0,True,14.0
671,-2.2159983,14.685419999999999,0.29843494,290.9,6479.8,-1.5380821999999998,100.0,63.0,297.5,299.0,317.01599999999166,0.0,32.0,32.0,671,2,1.0,True,14.0
672,-2.2081353333333333,14.411448333333333,0.29864763333333333,292.3333333333333,6508.5,-1.5390690000000002,100.0,63.0,298.5,298.5,310.2840000000084,0.0,32.0,32.0,672,2,1.0,True,14.0
673,-2.196969909090909,14.11711090909091,0.2983382181818182,294.90909090909093,6572.272727272727,-1.5421359090909093,100.0,63.09090909090909,297.3636363636364,298.90909090909093,313.8840000000084,0.0,32.0,32.0,673,2,1.0,True,21.0
674,-2.192841,13.85876,0.29907305,293.0,6518.5,-1.5424419999999999,100.0,63.5,299.0,298.5,155.483999999956,0.0,32.0,32.0,674,2,1.0,True,21.0
675,-2.183107363636364,13.528146363636363,0.2990731,290.8181818181818,6472.0,-1.5429943636363637,100.0,63.45454545454545,299.0,299.0,309.8880000000063,0.0,32.0,28.0,675,2,1.0,True,21.0
676,-2.1762202727272726,13.289575454545455,0.2990731,289.90909090909093,6451.818181818182,-1.5441123636363636,100.0,63.09090909090909,299.0,299.0,312.11999999998955,0.0,32.0,28.0,676,2,1.0,True,21.0
677,-2.1737986666666664,12.985759999999999,0.29843495,294.5,6560.666666666667,-1.5425988333333336,100.0,63.0,299.0,297.5,313.2720000000147,0.0,32.0,28.0,677,2,1.0,True,21.0
678,-2.172056181818182,12.717562727272728,0.2595086636363636,290.90909090909093,6482.727272727273,-1.589154909090909,99.72727272727273,63.0,219.9090909090909,299.0,306.6119999999937,0.0,32.0,28.0,678,2,1.0,True,21.0
679,-2.197422,12.533106363636364,0.13876557272727272,285.45454545454544,6354.909090909091,-1.9474921818181818,97.36363636363636,63.54545454545455,-18.09090909090909,295.3636363636364,305.92800000003774,0.0,32.0,28.0,679,2,1.0,True,21.0
680,-2.2511775454545453,12.453778181818182,0.10608525454545456,284.1818181818182,6320.909090909091,-2.4608272727272724,96.27272727272727,63.54545454545455,-63.54545454545455,275.8181818181818,307.61999999998955,0.0,32.0,28.0,680,2,1.0,True,21.0
681,-2.369225818181818,12.405280909090909,0.16255066363636364,282.45454545454544,6292.909090909091,0.33905918181818195,99.45454545454545,63.54545454545455,69.27272727272727,255.63636363636363,302.43599999998116,0.0,32.0,28.0,681,2,1.0,True,21.0
682,-2.4931639999999997,12.392304999999999,0.1384755,287.5,6402.5,-2.9487545,86.5,63.0,289.5,-13.0,151.12799999998535,0.0,32.0,28.0,682,2,1.0,True,20.0
683,-2.5931594166666665,12.344711666666667,0.122593,284.6666666666667,6340.0,-2.41432925,63.75,63.5,290.6666666666667,-46.166666666666664,302.9760000000126,0.0,32.0,28.0,683,2,1.0,True,20.0
684,-2.644082090909091,12.237870909090908,0.15176033636363637,284.3636363636364,6332.272727272727,-1.8401951818181816,75.0909090909091,63.54545454545455,294.45454545454544,8.909090909090908,304.0199999999895,0.0,32.0,28.0,684,2,1.0,True,20.0
685,-2.6437565000000003,12.059733333333334,0.23979731666666668,293.1666666666667,6537.166666666667,-1.4746208333333335,84.0,63.0,261.3333333333333,218.0,310.6800000000105,0.0,32.0,6.0,685,2,1.0,True,20.0
686,-2.639146,11.8146875,0.273760375,297.0,6614.5,-1.5368975,95.75,63.0,248.5,299.0,314.5320000000356,0.0,32.0,6.0,686,2,1.0,True,20.0
687,-2.6401107,11.563311,0.29681831999999997,294.1,6551.2,-1.5780093,99.7,63.0,295.7,297.6,314.27999999995814,0.0,32.0,6.0,687,2,1.0,True,20.0
688,-2.641239833333333,11.264736666666666,0.29730045,291.5,6494.666666666667,-1.5730206666666666,100.0,63.0,299.0,295.3333333333333,313.63200000003565,0.0,32.0,6.0,688,2,1.0,True,20.0
689,-2.6394785454545455,10.98091,0.2977581272727272,292.27272727272725,6512.909090909091,-1.566483181818182,100.0,63.0,299.0,295.90909090909093,310.35599999997066,0.0,32.0,6.0,689,2,1.0,True,20.0
690,-2.6381544999999997,10.691889999999999,0.29822224999999997,293.0,6537.0,-1.5593185,100.0,63.0,299.0,297.0,160.23600000003353,0.0,32.0,6.0,690,2,1.0,True,20.0
691,-2.633412,10.43544909090909,0.29887969090909094,295.1818181818182,6584.454545454545,-1.557204,100.0,63.0,299.0,298.54545454545456,311.21999999998957,0.0,32.0,10.0,691,2,1.0,True,23.0
692,-2.6308765999999997,10.133738000000001,0.29805203999999996,292.9,6526.7,-1.5535830000000002,100.0,63.0,299.0,296.6,317.4119999999937,0.0,32.0,10.0,692,2,1.0,True,23.0
693,-2.6256508333333333,9.857099333333332,0.2987185333333333,291.0,6482.166666666667,-1.5505846666666667,100.0,63.0,299.0,298.1666666666667,314.02799999998535,0.0,32.0,10.0,693,2,1.0,True,23.0
694,-2.6187036363636365,9.558266272727273,0.29942115454545454,292.54545454545456,6527.636363636364,-1.5489468181818182,100.0,63.0,299.0,299.0,311.3279999999853,0.0,32.0,10.0,694,2,1.0,True,23.0
695,-2.613708909090909,9.303007545454545,0.2994985,295.09090909090907,6580.909090909091,-1.547593,100.0,63.0,299.0,299.0,311.4360000000336,0.0,32.0,10.0,695,2,1.0,True,23.0
696,-2.6055046666666666,8.990517666666667,0.27482391666666667,289.8333333333333,6463.5,-1.5296883333333333,99.33333333333333,63.0,299.0,250.16666666666666,307.15199999997276,0.0,32.0,14.0,696,2,1.0,True,23.0
697,-2.5693817500000002,8.77553375,0.16786520000000002,285.0,6345.333333333333,-1.26748445,89.5,63.5,299.0,36.166666666666664,302.83200000003563,0.0,32.0,14.0,697,2,1.0,True,23.0
698,-2.5121754545454547,8.657227727272728,0.1460751090909091,285.6363636363636,6366.181818181818,-0.7744761272727273,84.81818181818181,63.0,299.0,-7.2727272727272725,152.35199999997278,0.0,32.0,14.0,698,2,1.0,True,23.0
699,-2.3844349090909094,8.59254481818182,0.17074975454545455,288.1818181818182,6416.545454545455,-0.2539714454545454,96.36363636363636,63.0,299.0,41.90909090909091,302.6880000000063,0.0,32.0,14.0,699,2,1.0,True,23.0
700,-2.228871090909091,8.575605727272727,0.12078172909090909,278.0,6182.909090909091,-0.014834121818181816,94.72727272727273,63.90909090909091,83.0,157.9090909090909,301.78800000000626,0.0,32.0,14.0,700,2,1.0,True,24.0
701,-2.1672838333333333,8.5674305,0.06473535166666666,283.0,6296.333333333333,-0.43150486499999996,96.16666666666667,63.666666666666664,-92.5,222.0,303.73199999998326,0.0,32.0,14.0,701,2,1.0,True,24.0
702,-2.124624909090909,8.532354999999999,0.07862609454545455,283.6363636363636,6310.545454545455,-0.9619243818181819,93.45454545454545,63.54545454545455,-84.18181818181819,241.1818181818182,301.0320000000356,0.0,32.0,14.0,702,2,1.0,True,24.0
703,-2.105620181818182,8.432871181818182,0.18444065454545455,286.90909090909093,6392.545454545455,-1.4793889999999998,97.0909090909091,63.0,86.0,282.8181818181818,314.1,0.0,32.0,14.0,703,2,1.0,True,24.0
704,-2.1128941818181817,8.231907454545455,0.2673982818181818,290.54545454545456,6473.363636363636,-1.6307961818181818,98.0,63.0,292.45454545454544,242.0,313.84799999997483,0.0,32.0,14.0,704,2,1.0,True,24.0
705,-2.1025150833333335,7.942446833333334,0.28563675833333335,299.25,6668.583333333333,-1.5084260833333334,100.0,63.0,298.6666666666667,272.0833333333333,309.41999999998956,0.0,32.0,14.0,705,2,1.0,True,24.0
706,-2.0837284545454544,7.70345,0.29621110909090914,291.1818181818182,6493.272727272727,-1.4973000909090908,100.0,63.0,292.8181818181818,299.0,159.62399999998743,0.0,32.0,14.0,706,2,1.0,True,24.0
707,-2.0673806363636364,7.388620454545455,0.29582433636363636,290.72727272727275,6474.181818181818,-1.5131921818181817,100.0,63.0,292.3636363636364,299.0,314.24400000002936,0.0,32.0,14.0,707,2,1.0,True,24.0
708,-2.055381909090909,7.126700818181818,0.29551495454545457,291.6363636363636,6495.090909090909,-1.5250294545454544,100.0,63.0,291.6363636363636,299.0,308.66400000001886,0.0,32.0,14.0,708,2,1.0,True,24.0
709,-2.0455254545454546,6.843990909090909,0.29810616363636366,292.8181818181818,6527.181818181818,-1.5349456363636365,100.0,63.0,297.1818181818182,298.72727272727275,312.4079999999958,0.0,32.0,14.0,709,2,1.0,True,24.0
710,-2.035573,6.557056090909091,0.2989957090909091,295.3636363636364,6592.454545454545,-1.535955090909091,100.0,63.0,298.45454545454544,298.8181818181818,309.9960000000021,0.0,32.0,14.0,710,2,1.0,True,24.0
711,-2.0256355,6.2759405,0.29847745999999997,293.1,6533.5,-1.5374951,100.0,63.0,297.4,299.0,313.7399999999791,0.0,32.0,18.0,711,2,1.0,True,24.0
712,-2.0186256666666664,5.977265666666667,0.2991439833333333,292.1666666666667,6507.5,-1.5384196666666667,100.0,63.0,298.3333333333333,299.0,314.24399999997695,0.0,32.0,18.0,712,2,1.0,True,24.0
713,-2.0070484545454548,5.6981553636363635,0.2976807818181818,294.6363636363636,6567.0,-1.541299,100.0,63.0,295.72727272727275,299.0,311.3280000000377,0.0,32.0,18.0,713,2,1.0,True,24.0
714,-1.9986965,5.433084,0.2982222,291.5,6499.0,-1.545265,99.5,63.0,297.0,299.0,163.1880000000063,0.0,32.0,18.0,714,2,1.0,True,24.0
715,-1.9968257272727272,5.145389727272728,0.2982996,293.8181818181818,6553.545454545455,-1.5459158181818182,99.45454545454545,63.0,299.0,297.1818181818182,312.1559999999707,0.0,32.0,18.0,715,2,1.0,True,24.0
716,-1.9920024545454544,4.8472313636363635,0.29860896363636363,293.6363636363636,6544.090909090909,-1.5409576363636364,100.0,63.0,299.0,297.54545454545456,312.8039999999979,0.0,32.0,18.0,716,2,1.0,True,24.0
717,-1.981855666666667,4.5873211666666664,0.2987185666666667,290.8333333333333,6481.833333333333,-1.540959,100.0,63.0,298.0,299.0,310.7520000000252,0.0,32.0,18.0,717,2,1.0,True,24.0
718,-1.9734180000000001,4.280323545454546,0.2984929090909091,294.1818181818182,6552.818181818182,-1.5442418181818183,100.0,63.0,297.90909090909093,298.72727272727275,313.6679999999644,0.0,32.0,18.0,718,2,1.0,True,24.0
719,-1.9689253,4.014498000000001,0.29860508,293.8,6547.9,-1.5445414,99.3,63.0,299.0,297.7,310.82400000003986,0.0,32.0,18.0,719,2,1.0,True,24.0
720,-1.9627610000000002,3.7003015,0.29878944999999996,291.1666666666667,6493.833333333333,-1.5430909999999998,99.0,63.0,299.0,298.0,308.91599999999164,0.0,32.0,18.0,720,2,1.0,True,
721,-1.9563847272727273,3.4489212727272727,0.2990731,290.1818181818182,6467.727272727273,-1.5419437272727272,98.36363636363636,63.0,299.0,299.0,312.94799999997485,0.0,32.0,18.0,721,2,1.0,True,
722,-1.9473587272727273,3.1431839999999998,0.2990731,288.72727272727275,6433.363636363636,-1.5431326363636364,98.0,63.0,299.0,299.0,155.44800000002724,0.0,32.0,18.0,722,2,1.0,True,30.0
723,-1.9369346363636362,2.8678123636363635,0.29818352727272723,294.1818181818182,6556.181818181818,-1.545909909090909,96.9090909090909,63.0,296.90909090909093,299.0,309.9239999999875,0.0,32.0,18.0,723,2,1.0,True,30.0
724,-1.9300951818181817,2.5902220000000002,0.29918910909090907,295.27272727272725,6586.727272727273,-1.5483431818181819,98.0,63.0,298.90909090909093,299.0,313.3079999999958,0.0,32.0,18.0,724,2,1.0,True,30.0
725,-1.9281217272727273,2.333900818181818,0.2979901818181818,293.09090909090907,6533.818181818182,-1.546788909090909,98.54545454545455,63.0,299.0,296.27272727272725,316.4760000000126,0.0,32.0,18.0,725,2,1.0,True,30.0
726,-1.9230142727272728,2.014137181818182,0.2988797181818182,291.54545454545456,6509.636363636364,-1.5428542727272727,96.9090909090909,63.0,299.0,298.27272727272725,311.6880000000063,0.0,32.0,18.0,726,2,1.0,True,30.0
727,-1.9131539090909089,1.7295035454545455,0.2991117545454545,293.1818181818182,6544.545454545455,-1.5429939090909093,95.45454545454545,63.0,298.8181818181818,299.0,311.86799999996435,0.0,32.0,254.0,727,2,1.0,True,30.0
728,-1.9073321666666665,1.4552129999999999,0.27553295,291.5,6503.0,-1.5442081666666667,96.16666666666667,63.166666666666664,275.3333333333333,275.5,302.65200000002517,0.0,32.0,258.0,728,2,1.0,True,31.0
729,-1.9052061666666666,1.2644555833333333,0.12394020499999998,268.5,5973.416666666667,-1.54379225,93.0,64.0,124.5,123.66666666666667,287.92799999998533,0.0,32.0,258.0,729,2,1.0,True,32.0
730,-1.9001955,1.1719655,0.099336495,266.0,5919.5,-1.5437955,94.5,64.0,99.5,100.0,142.74000000003144,0.0,32.0,258.0,730,2,1.0,True,32.0
731,-1.898628,1.1106868181818181,0.0,232.36363636363637,5147.454545454545,-1.544337,93.54545454545455,64.0,0.0,0.0,259.2359999999812,0.0,32.0,258.0,731,2,1.0,True,32.0
732,-1.898628,1.1104509999999999,0.0,234.0,5184.0,-1.544337,92.0909090909091,64.0,0.0,0.0,250.23599999998115,0.0,32.0,258.0,732,2,1.0,True,32.0
733,-1.8977613333333334,1.1073383333333333,0.0,233.5,5171.5,-1.5457911666666666,91.16666666666667,64.5,0.0,0.0,250.34400000002933,0.0,32.0,258.0,733,2,1.0,True,32.0
734,-1.8960280000000003,1.1086777272727273,0.0,234.0,5184.0,-1.546082,92.0909090909091,64.81818181818181,0.0,0.0,248.07600000001258,0.0,32.0,258.0,734,2,1.0,True,32.0
735,-1.896028,1.108465,0.0,234.0,5184.0,-1.546082,93.2,64.5,0.0,0.0,250.52399999998744,0.0,32.0,258.0,735,2,1.0,True,32.0
736,-1.896028,1.109375,0.0,234.0,5184.0,-1.546082,94.5,65.0,0.0,0.0,252.90000000000003,0.0,32.0,258.0,736,2,1.0,True,32.0
737,-1.8959783636363634,1.106271,0.009049928181818183,237.27272727272728,5259.090909090909,-1.546788727272727,93.9090909090909,64.36363636363636,7.909090909090909,10.181818181818182,263.9519999999727,0.0,35.0,258.0,737,2,1.0,True,32.0
738,-1.8988256363636362,1.0213145636363636,0.18355111363636364,283.09090909090907,6305.636363636364,-1.592547818181818,91.36363636363636,63.45454545454545,153.54545454545453,213.45454545454547,154.2960000000021,0.0,35.0,214.0,738,2,1.0,True,32.0
739,-1.922564,0.8070536272727273,0.2556411363636364,295.45454545454544,6589.090909090909,-1.7245982727272726,90.0,63.0,211.8181818181818,299.0,314.7840000000084,0.0,35.0,214.0,739,2,1.0,True,32.0
740,-1.980416727272727,0.5901133181818182,0.24365191818181817,293.09090909090907,6538.727272727273,-1.8859144545454547,83.0909090909091,63.0,187.45454545454547,299.0,313.30799999999584,0.0,35.0,218.0,740,2,1.0,True,32.0
741,-2.0717421666666667,0.37915688333333336,0.22604196666666665,291.8333333333333,6502.666666666667,-2.1259966666666665,80.33333333333333,63.0,152.5,299.0,309.02399999998744,0.0,35.0,218.0,741,2,1.0,True,32.0
742,-2.213543,0.22242395,0.21590267500000002,289.0,6438.5,-2.41583425,87.25,63.0,132.5,299.0,311.2200000000419,0.0,35.0,218.0,742,2,1.0,True,35.0
743,-2.374067636363636,0.1206947218181818,0.21917072727272727,290.45454545454544,6466.818181818182,-2.6863183636363637,88.27272727272727,63.0,139.0909090909091,299.0,307.2599999999686,0.0,35.0,218.0,743,2,1.0,True,35.0
744,-2.5648684999999998,0.04633528333333334,0.13571025333333334,281.1666666666667,6252.666666666667,-2.9385041666666667,93.33333333333333,63.666666666666664,93.83333333333333,177.83333333333334,299.05200000002515,0.0,35.0,218.0,744,2,1.0,True,35.0
745,-2.6653282727272725,0.021706049090909087,0.07970898454545454,274.90909090909093,6109.090909090909,-3.0461169090909093,96.63636363636364,64.0,59.72727272727273,100.0,291.6,0.0,35.0,218.0,745,2,1.0,True,35.0
746,-2.744686090909091,0.017894118181818183,0.08040513,274.72727272727275,6106.545454545455,-3.1198276363636364,97.0,64.0,61.0,100.0,146.73599999998115,0.0,35.0,218.0,746,2,1.0,True,35.0
747,-2.7747324545454544,0.012724513636363637,0.0073095572727272734,237.45454545454547,5260.272727272727,2.5667587272727275,97.36363636363636,64.0,5.545454545454546,9.090909090909092,258.5159999999916,0.0,35.0,218.0,747,2,1.0,True,35.0
748,-2.7749221000000004,0.01224817,0.0,234.0,5183.7,3.136842,98.0,64.0,0.0,0.0,252.68400000000838,0.0,35.0,218.0,748,2,1.0,True,35.0
749,-2.774792,0.014020897272727272,0.0,234.0,5184.0,3.136842,98.0,64.54545454545455,0.0,0.0,250.4159999999916,0.0,35.0,218.0,749,2,1.0,True,35.0
750,-2.774792,0.013548170000000002,0.0,234.0,5184.0,3.136842,98.0,64.2,0.0,0.0,249.0840000000084,0.0,35.0,218.0,750,2,1.0,True,35.0
751,-2.774792,0.013548170000000002,0.0,234.0,5184.0,3.136842,98.0,64.9,0.0,0.0,249.51599999999164,0.0,35.0,218.0,751,2,1.0,True,35.0
752,-2.774792,0.014139079090909092,0.0,234.0,5184.0,3.136842,98.0,64.63636363636364,0.0,0.0,248.18400000000838,0.0,35.0,218.0,752,2,1.0,True,35.0
753,-2.774792,0.01224817,0.0,234.0,5184.0,3.136842,98.0,65.0,0.0,0.0,251.42399999998744,0.0,35.0,218.0,753,2,1.0,True,35.0
754,-2.774792,0.01224817,0.0,234.0,5184.0,3.136842,98.0,64.5,0.0,0.0,123.1920000000042,0.0,35.0,218.0,754,2,1.0,True,35.0
755,-2.774792,0.01224817,0.0,234.0,5184.0,3.136842,98.0,64.5,0.0,0.0,248.18400000000838,0.0,35.0,218.0,755,2,1.0,True,35.0
756,-2.774792,0.01224817,0.0,234.0,5184.0,3.136842,98.0,64.9,0.0,0.0,250.56000000002095,0.0,35.0,218.0,756,2,1.0,True,35.0
757,-2.774792,0.01224817,0.0,234.0,5184.0,3.136842,98.0,65.0,0.0,0.0,250.55999999996857,0.0,35.0,218.0,757,2,1.0,True,35.0
758,-2.774792,0.01224817,0.0,234.0,5184.0,3.136842,98.0,65.0,0.0,0.0,248.2199999999895,0.0,35.0,218.0,758,2,1.0,True,35.0
759,-2.774792,0.01224817,0.0,234.0,5184.0,3.136842,98.0,65.0,0.0,0.0,252.86400000001888,0.0,35.0,218.0,759,2,1.0,True,35.0
760,-2.774792,0.01224817,0.0,234.0,5184.0,3.136842,98.0,65.0,0.0,0.0,250.56000000002098,0.0,35.0,218.0,760,2,1.0,True,35.0
761,-2.7773442727272726,0.012272101818181818,0.01543129090909091,238.36363636363637,5282.636363636364,3.1363984545454544,98.0,64.9090909090909,15.272727272727273,15.636363636363637,261.53999999997905,0.0,30.0,218.0,761,2,1.0,True,35.0
762,-2.8568462727272728,0.012636945454545455,0.2275245272727273,289.09090909090907,6438.636363636364,-0.2840693636363637,97.45454545454545,63.45454545454545,237.8181818181818,217.27272727272728,157.5,0.0,30.0,218.0,762,2,1.0,True,35.0
763,-3.159558,0.0032814384545454545,0.2971006363636364,292.27272727272725,6507.818181818182,-3.105697636363636,96.45454545454545,63.0,299.0,294.90909090909093,310.2480000000272,0.0,30.0,218.0,763,2,1.0,True,33.0
764,-3.425291090909091,-0.0025499695454545453,0.2988023454545454,292.09090909090907,6507.818181818182,-3.1018976363636366,97.9090909090909,63.0,298.6363636363636,298.72727272727275,315.3599999999686,0.0,30.0,222.0,764,2,1.0,True,33.0
765,-3.712927666666667,-0.012957623833333333,0.2985058,292.3333333333333,6516.833333333333,-3.101309,98.5,63.0,297.6666666666667,299.0,309.7079999999958,0.0,30.0,226.0,765,2,1.0,True,33.0
766,-3.9891473636363632,-0.020288973636363634,0.29822222727272724,292.6363636363636,6522.454545454545,-3.1037199090909087,98.81818181818181,63.0,297.0,299.0,309.8159999999916,0.0,30.0,226.0,766,2,1.0,True,6.0
767,-4.246947,-0.02605391727272727,0.17863943454545453,274.27272727272725,6098.818181818182,-3.1040153636363637,99.54545454545455,63.72727272727273,178.8181818181818,178.8181818181818,292.17600000001255,0.0,30.0,226.0,767,2,1.0,True,6.0
768,-4.370545333333333,-0.030765929999999997,0.09940739999999999,266.5,5926.666666666667,-3.1051141666666666,99.0,64.0,99.33333333333333,100.0,285.3720000000147,0.0,30.0,226.0,768,2,1.0,True,6.0
769,-4.4428150833333335,-0.03372454833333333,0.041337027,265.1666666666667,5887.5,-3.1028299999999995,98.83333333333333,64.0,48.5,34.5,283.21199999999374,0.0,30.0,224.0,769,2,1.0,True,6.0
770,-4.455848,-0.0410322,0.00042542399999999993,278.5,6202.0,-2.9479575000000002,96.5,63.5,93.5,-92.5,150.6960000000021,0.0,30.0,224.0,770,2,1.0,True,6.0
771,-4.458703272727273,-0.05093294545454545,0.000425424,275.72727272727275,6142.818181818182,-2.6013906363636363,88.36363636363636,63.54545454545455,100.0,-99.0,293.5800000000105,0.0,30.0,224.0,771,2,1.0,True,6.0
772,-4.455251272727273,-0.008446892,0.000425424,275.72727272727275,6139.363636363636,-2.2293904545454546,86.54545454545455,63.54545454545455,100.0,-99.0,291.3479999999749,0.0,30.0,224.0,772,2,1.0,True,6.0
773,-4.444923333333334,-0.008619147166666667,0.000425424,276.5,6148.333333333333,-1.9188343333333335,84.33333333333333,63.5,100.0,-99.0,296.1360000000335,0.0,30.0,224.0,773,2,1.0,True,6.0
774,-4.4228812500000005,-0.028040131750000002,0.000425424,277.0,6161.0,-1.5929255,83.25,63.5,100.0,-99.0,293.65199999997276,0.0,30.0,224.0,774,2,1.0,True,6.0
775,-4.410369636363637,-0.048458264545454544,0.000425424,276.3636363636364,6149.272727272727,-1.2744082727272728,70.45454545454545,63.54545454545455,100.0,-99.0,298.40399999999795,0.0,30.0,224.0,775,2,1.0,True,6.0
776,-4.394768333333333,-0.04529580666666667,0.000425424,277.1666666666667,6170.666666666667,-0.9064664833333334,51.666666666666664,63.5,100.0,-99.0,293.4360000000335,0.0,30.0,224.0,776,2,1.0,True,6.0
777,-4.440024272727273,-0.043363196363636364,0.000425424,275.54545454545456,6126.727272727273,-0.5939656363636364,57.81818181818182,63.54545454545455,92.72727272727273,-91.72727272727273,291.8159999999916,0.0,30.0,224.0,777,2,1.0,True,6.0
778,-4.452109500000001,-0.052236309999999994,0.00042542399999999993,274.0,6106.0,-0.3339989,57.0,63.5,69.0,-68.0,145.8719999999623,0.0,30.0,224.0,778,2,1.0,True,6.0
779,-4.42353409090909,-0.04776393727272727,0.0004254241818181818,272.72727272727275,6062.272727272727,-0.14656498636363635,46.54545454545455,64.0,52.81818181818182,-51.81818181818182,289.1880000000063,0.0,30.0,224.0,779,2,1.0,True,6.0
780,-4.4126710000000005,-0.053199102727272726,0.0002707230909090909,267.8181818181818,5954.454545454545,-0.011915293636363638,43.09090909090909,64.0,31.181818181818183,-30.545454545454547,290.3400000000314,0.0,30.0,224.0,780,2,1.0,True,6.0
781,-4.412215454545454,-0.11190971636363636,0.0,247.0909090909091,5488.545454545455,0.021553453636363636,22.727272727272727,64.0,0.0,0.0,266.07599999996023,0.0,30.0,224.0,781,2,1.0,True,6.0
782,-4.4073027499999995,-0.1431995,0.0,243.0,5393.5,0.028842969999999996,32.75,64.0,0.0,0.0,255.16800000001678,0.0,30.0,224.0,782,2,1.0,True,6.0
783,-4.405925,-0.13157705833333333,0.0,238.16666666666666,5282.5,0.03249909833333333,33.333333333333336,64.0,0.0,0.0,258.55200000002515,0.0,30.0,224.0,783,2,1.0,True,6.0
784,-4.390470727272727,-0.13000924545454545,0.06381360000000001,273.45454545454544,6095.272727272727,0.03963387909090909,30.181818181818183,63.36363636363637,72.0,55.27272727272727,296.2079999999958,0.0,30.0,224.0,784,2,1.0,True,6.0
785,-4.194925666666667,-0.12097165833333334,0.281595225,299.1666666666667,6672.75,0.09274957083333334,33.583333333333336,63.0,296.9166666666667,266.6666666666667,311.50799999999583,0.0,30.0,224.0,785,2,1.0,True,6.0
786,-3.9293314545454545,-0.09704378545454545,0.292653,291.27272727272725,6487.0,0.1160196090909091,39.18181818181818,63.0,287.0,298.54545454545456,158.9760000000126,0.0,30.0,224.0,786,2,1.0,True,6.0
787,-3.623527636363636,-0.025606474545454547,0.28085717272727273,296.45454545454544,6610.0,0.054600039090909096,45.45454545454545,63.0,262.27272727272725,299.0,314.783999999956,0.0,30.0,220.0,787,2,1.0,True,33.0
788,-3.399515272727273,-0.06244010181818182,0.2842605727272727,295.90909090909093,6602.363636363636,0.04413364454545454,40.54545454545455,63.0,296.45454545454544,271.72727272727275,312.0120000000461,0.0,30.0,220.0,788,2,1.0,True,33.0
789,-3.1781094999999997,-0.07007494,0.13606477333333333,287.1666666666667,6393.0,0.31837406166666665,34.0,63.0,280.5,-8.333333333333334,306.07199999996226,0.0,30.0,24.0,789,2,1.0,True,33.0
790,-3.124166363636364,-0.10671107272727273,0.01717165818181818,241.72727272727272,5362.818181818182,0.6437053545454545,17.90909090909091,64.0909090909091,47.81818181818182,-13.454545454545455,260.8920000000042,0.0,30.0,24.0,790,2,1.0,True,33.0
791,-3.1171345454545456,-0.18163678181818182,0.0,231.1818181818182,5121.909090909091,0.6997730272727273,16.454545454545453,64.45454545454545,0.0,0.0,246.06000000002095,0.0,30.0,24.0,791,2,1.0,True,33.0
792,-3.1216541818181813,-0.23790548181818183,0.0,230.27272727272728,5098.090909090909,0.7046110545454546,25.454545454545453,64.45454545454545,0.0,0.0,247.68000000001047,0.0,30.0,24.0,792,2,1.0,True,33.0
793,-3.123186333333333,-0.2570664833333333,0.0,229.5,5085.5,0.7019027250000001,31.916666666666668,64.5,0.0,0.0,244.04399999997696,0.0,30.0,24.0,793,2,1.0,True,33.0
794,-3.114443,-0.24562794999999998,0.025738150000000005,249.0,5533.0,0.72033395,31.0,64.0,51.5,0.0,137.33999999997906,0.0,30.0,24.0,794,2,1.0,True,33.0
795,-3.0790089999999997,-0.2166018083333333,0.05597869166666666,257.9166666666667,5734.833333333333,0.9476278833333334,25.0,63.833333333333336,134.58333333333334,-22.5,288.4320000000356,0.0,30.0,24.0,795,2,1.0,True,33.0
796,-3.075814727272727,-0.2705590090909091,0.0,230.0,5096.818181818182,1.0558340909090909,19.363636363636363,64.45454545454545,0.0,0.0,244.47600000001256,0.0,30.0,24.0,796,2,1.0,True,33.0
797,-3.0765807272727272,-0.3411227363636364,0.0,229.9090909090909,5094.454545454545,1.061564,23.0,64.45454545454545,0.0,0.0,243.0719999999623,0.0,30.0,24.0,797,2,1.0,True,33.0
798,-3.095639,-0.28404551250000004,0.0,232.0,5142.0,1.0589465,20.75,64.25,0.0,0.0,247.03200000003562,0.0,30.0,24.0,798,2,1.0,True,33.0
799,-3.0918382,-0.18504242499999998,0.0,239.0,5301.2,1.0841758000000001,13.0,64.0,0.0,0.0,253.00799999999583,0.0,30.0,24.0,799,2,1.0,True,33.0
800,-3.0851458181818185,-0.22855109545454547,0.0,239.8181818181818,5316.181818181818,1.096753181818182,22.454545454545453,64.0909090909091,0.0,0.0,256.21199999999374,0.0,30.0,24.0,800,2,1.0,True,33.0
801,-3.263834,0.09234995,0.0,231.6,5124.8,1.097239,10.6,64.4,0.0,0.0,123.04799999997486,0.0,30.0,24.0,801,2,1.0,True,33.0
802,-3.263834,0.09234995,0.0,227.0,5033.5,-0.46285549999999986,0.5,65.0,0.0,0.0,245.9880000000063,0.0,30.0,24.0,802,2,1.0,True,33.0
803,-3.263834,0.09234995,0.0,229.0,5068.6,-1.3465938,3.2,64.4,0.0,0.0,243.25200000002513,0.0,30.0,24.0,803,2,1.0,True,33.0
804,-3.263834,0.09234995,0.0,229.6,5085.4,1.14544355,3.6,65.0,0.0,0.0,247.53599999998113,0.0,30.0,24.0,804,2,1.0,True,33.0
805,-3.1982478333333333,0.24981035833333332,0.03630283333333333,248.0,5505.0,1.3228848333333334,22.833333333333332,64.16666666666667,46.666666666666664,26.0,259.84799999997483,0.0,30.0,24.0,805,2,1.0,True,33.0
806,-3.12027675,0.46000392500000004,0.22100777500000002,284.75,6336.25,1.424275,81.25,63.25,256.25,185.75,311.25600000002305,0.0,30.0,20.0,806,2,1.0,True,34.0
807,-3.099574636363636,0.7002842727272728,0.2949348363636364,291.1818181818182,6495.454545454545,1.4857312727272727,89.9090909090909,63.0,299.0,290.45454545454544,310.7520000000252,0.0,30.0,20.0,807,2,1.0,True,34.0
808,-3.077856333333333,0.9986464,0.2835451,293.3333333333333,6541.833333333333,1.5043213333333334,90.5,63.0,280.0,286.3333333333333,306.7919999999518,0.0,30.0,360.0,808,2,1.0,True,28.0
809,-3.043638636363636,1.257081,0.1948441818181818,286.54545454545456,6394.909090909091,1.3426807272727272,93.0909090909091,63.0,90.18181818181819,299.0,303.84000000003147,0.0,30.0,360.0,809,2,1.0,True,28.0
810,-2.9885065,1.398211,0.13613565,286.5,6387.0,0.92369495,96.0,63.0,-21.5,293.5,152.6039999999979,0.0,30.0,356.0,810,2,1.0,True,27.0
811,-2.9087400833333334,1.448492,0.11025569166666667,284.6666666666667,6339.916666666667,0.3789127666666667,96.33333333333333,63.0,-48.833333333333336,269.25,305.2800000000105,0.0,30.0,356.0,811,2,1.0,True,27.0
812,-2.7824109166666666,1.4537954166666667,0.17725997500000001,291.6666666666667,6507.083333333333,-0.11386800833333333,98.58333333333333,63.0,112.83333333333333,241.25,305.45999999996855,0.0,30.0,350.0,812,2,1.0,True,27.0
813,-2.535323333333333,1.4377383333333331,0.25915415,296.6666666666667,6624.0,-0.007706972333333333,95.33333333333333,63.0,298.1666666666667,219.66666666666666,316.94400000002935,0.0,30.0,354.0,813,2,1.0,True,27.0
814,-2.2913597272727273,1.445148909090909,0.2885148181818182,295.72727272727275,6597.545454545455,0.07278249636363637,96.27272727272727,63.0,299.0,277.27272727272725,313.99200000000417,0.0,30.0,354.0,814,2,1.0,True,31.0
815,-2.0868662727272724,1.4746063636363635,0.15609194545454547,283.90909090909093,6331.0,0.32319555818181817,93.9090909090909,63.0,287.90909090909093,24.0,307.8719999999623,0.0,30.0,238.0,815,2,1.0,True,31.0
816,-2.007912363636364,1.5379156363636364,0.1100688,283.6363636363636,6324.181818181818,0.8201190363636364,81.81818181818181,63.0,273.90909090909093,-54.0,304.4880000000063,0.0,30.0,242.0,816,2,1.0,True,31.0
817,-1.9668406363636364,1.6276824545454545,0.1667662090909091,286.09090909090907,6370.090909090909,1.414527090909091,78.27272727272727,63.0,280.72727272727275,52.27272727272727,302.04000000003145,0.0,30.0,242.0,817,2,1.0,True,31.0
818,-1.964919909090909,1.720272818181818,0.09591379454545454,273.0,6075.909090909091,1.6248420000000001,84.0909090909091,63.54545454545455,113.63636363636364,78.0909090909091,143.02799999998533,0.0,30.0,242.0,818,2,1.0,True,30.0
819,-1.9724194166666666,1.8162915833333333,0.09274242833333333,266.5,5929.166666666667,1.6618475833333333,85.91666666666667,63.5,100.0,85.58333333333333,282.4199999999895,0.0,30.0,242.0,819,2,1.0,True,30.0
820,-1.9780982500000002,1.8680020833333335,0.007657631666666667,236.33333333333334,5238.083333333333,1.6776915,85.41666666666667,64.0,8.333333333333334,7.0,262.00799999999583,0.0,30.0,242.0,820,2,1.0,True,30.0
821,-1.980008,1.8755811818181818,0.0,234.0,5184.0,1.6801865454545455,85.18181818181819,64.0,0.0,0.0,247.82399999998745,0.0,30.0,242.0,821,2,1.0,True,30.0
822,-1.9789688,1.880143,0.0,234.0,5184.0,1.681297,85.2,64.0,0.0,0.0,247.8240000000398,0.0,30.0,242.0,822,2,1.0,True,30.0
823,-1.9796537272727273,1.880663,0.0,234.0,5184.0,1.681297,85.81818181818181,64.0,0.0,0.0,250.20000000000002,0.0,30.0,242.0,823,2,1.0,True,30.0
824,-1.9783540909090909,1.880663,0.0,234.0,5184.0,1.681297,85.63636363636364,64.0,0.0,0.0,250.16399999996648,0.0,30.0,242.0,824,2,1.0,True,30.0
825,-1.9795939166666667,1.8818580833333334,0.0059913875000000005,238.5,5286.25,1.6805500833333333,85.91666666666667,63.916666666666664,4.333333333333333,7.666666666666667,261.86400000001885,0.0,26.0,16.0,825,2,1.0,True,30.0
826,-1.9788225000000002,1.963737,0.165277225,291.0,6482.5,1.633548,85.5,63.0,136.0,194.5,158.6880000000063,0.0,26.0,16.0,826,2,1.0,True,30.0
827,-1.9653143636363637,2.244143727272727,0.29354253636363636,293.54545454545456,6537.818181818182,1.5537871818181819,86.0909090909091,63.0,287.54545454545456,299.0,313.63199999998324,0.0,26.0,16.0,827,2,1.0,True,30.0
828,-1.9687946666666667,2.53649175,0.2960596166666667,290.75,6478.0,1.5467552500000001,90.83333333333333,63.0,298.5,293.4166666666667,314.7480000000272,0.0,26.0,16.0,828,2,1.0,True,30.0
829,-1.9644471666666667,2.7886915,0.2958114333333333,290.6666666666667,6482.166666666667,1.556765666666667,93.5,63.0,299.0,292.0,308.9880000000063,0.0,26.0,16.0,829,2,1.0,True,30.0
830,-1.9651812499999999,3.07758475,0.29662685,293.5,6547.75,1.566922,95.75,63.0,299.0,294.0,314.3519999999728,0.0,26.0,16.0,830,2,1.0,True,30.0
831,-1.9671791666666667,3.354521833333333,0.29818674166666664,295.25,6590.0,1.5745486666666666,95.25,63.0,299.0,297.75,313.0920000000042,0.0,26.0,16.0,831,2,1.0,True,30.0
832,-1.9718235454545452,3.644392454545455,0.29895707272727273,293.8181818181818,6550.181818181818,1.5772515454545455,95.81818181818181,63.0,299.0,298.72727272727275,311.54399999997696,0.0,26.0,16.0,832,2,1.0,True,30.0
833,-1.9717846666666665,3.908653083333333,0.2981158583333333,293.8333333333333,6557.75,1.581755,98.58333333333333,63.0,299.0,296.75,315.03600000003354,0.0,26.0,16.0,833,2,1.0,True,30.0
834,-1.975736,4.2071905,0.29843495,291.0,6487.0,1.5851035,99.0,63.0,299.0,297.5,155.88000000001048,0.0,26.0,16.0,834,2,1.0,True,30.0
835,-1.9800843636363636,4.495845454545455,0.29853163636363633,293.8181818181818,6549.272727272727,1.5868146363636364,99.0,63.0,299.0,297.1818181818182,310.0319999999832,0.0,26.0,16.0,835,2,1.0,True,30.0
836,-1.9853634545454546,4.765264,0.2977581272727272,293.8181818181818,6553.272727272727,1.588399181818182,99.0,63.0,299.0,295.90909090909093,312.55199999997274,0.0,26.0,16.0,836,2,1.0,True,30.0
837,-1.9917978181818183,5.012378363636364,0.2981448818181818,293.8181818181818,6563.545454545455,1.5886760000000002,99.0,63.0,299.0,296.8181818181818,313.02000000004193,0.0,26.0,16.0,837,2,1.0,True,30.0
838,-1.9963757500000001,5.315351,0.2975841,291.25,6502.75,1.5896454999999998,98.25,63.0,299.0,295.75,309.7079999999958,0.0,26.0,16.0,838,2,1.0,True,30.0
839,-2.0010286,5.6004695,0.29715862,291.2,6497.9,1.5919006,98.7,63.0,299.0,294.8,314.6759999999602,0.0,26.0,16.0,839,2,1.0,True,30.0
840,-2.0109605,5.8755621666666675,0.29871851666666666,291.8333333333333,6515.0,1.591807,99.0,63.0,298.5,298.6666666666667,309.2760000000126,0.0,26.0,16.0,840,2,1.0,True,30.0
841,-2.0190777499999997,6.159222416666666,0.29836404166666664,291.5833333333333,6509.25,1.58953475,99.0,63.0,297.3333333333333,299.0,313.20000000000005,0.0,26.0,12.0,841,2,1.0,True,30.0
842,-2.024104,6.421317,0.2982222,291.0,6490.5,1.586528,99.0,63.0,297.0,299.0,155.77200000001469,0.0,26.0,12.0,842,2,1.0,True,
843,-2.0298426666666667,6.7263865,0.2982222,294.25,6568.083333333333,1.5826765833333332,99.0,63.0,297.0,299.0,314.63999999997907,0.0,26.0,12.0,843,2,1.0,True,
844,-2.0305007272727273,6.988809636363637,0.2976034,292.6363636363636,6537.181818181818,1.5804916363636365,99.0,63.0,298.8181818181818,296.09090909090907,308.8079999999958,0.0,26.0,12.0,844,2,1.0,True,24.0
845,-2.0393295,7.309142666666666,0.29864766666666664,293.1666666666667,6546.5,1.5861595,99.0,63.0,299.0,298.1666666666667,312.73200000003567,0.0,26.0,12.0,845,2,1.0,True,24.0
846,-2.044579,7.599606636363635,0.29907307272727274,293.8181818181818,6562.272727272727,1.5885623636363635,99.0,63.0,299.0,298.45454545454544,310.57199999996226,0.0,26.0,12.0,846,2,1.0,True,24.0
847,-2.0483963,7.8797935,0.29860508,293.4,6549.9,1.5910616,99.0,63.0,299.0,297.9,312.55200000002515,0.0,26.0,12.0,847,2,1.0,True,24.0
848,-2.0559964545454545,8.127760727272728,0.29002313636363636,291.90909090909093,6506.0,1.6016258181818182,98.9090909090909,63.0,299.0,280.72727272727275,315.71999999998957,0.0,26.0,12.0,848,2,1.0,True,24.0
849,-2.080758916666667,8.393645666666666,0.17701180083333334,285.75,6370.5,1.82594325,97.75,63.0,296.75,56.916666666666664,303.9840000000084,0.0,26.0,12.0,849,2,1.0,True,24.0
850,-2.1356159999999997,8.5161075,0.079554285,287.5,6408.0,2.349307,92.5,63.0,254.5,-95.5,150.8039999999979,0.0,26.0,12.0,850,2,1.0,True,24.0
851,-2.1812414545454546,8.534782,0.06640481636363636,282.72727272727275,6308.0,2.9628823636363637,78.45454545454545,63.0,236.0,-103.27272727272727,301.9680000000168,0.0,26.0,12.0,851,2,1.0,True,24.0
852,-2.225695090909091,8.497982,0.09595246363636364,280.72727272727275,6262.0,-2.3472365454545456,44.09090909090909,63.0,157.27272727272728,34.90909090909091,300.2039999999979,0.0,26.0,12.0,852,2,1.0,True,24.0
853,-2.3548,8.482980272727273,0.1190027,285.27272727272725,6367.090909090909,-1.3653136363636365,67.81818181818181,63.0,-41.72727272727273,279.72727272727275,303.3,0.0,26.0,12.0,853,2,1.0,True,24.0
854,-2.4786129999999997,8.5377455,0.13539120000000002,285.0,6358.0,2.58055125,95.25,63.0,-28.75,299.0,306.93599999998116,0.0,26.0,12.0,854,2,1.0,True,23.0
855,-2.562466833333333,8.635292083333335,0.15556335000000002,284.75,6353.833333333333,2.04996675,96.41666666666667,63.0,11.5,299.0,302.1840000000084,0.0,26.0,12.0,855,2,1.0,True,23.0
856,-2.5985314545454545,8.780565181818183,0.21445236363636366,291.1818181818182,6495.727272727273,1.6386195454545456,97.54545454545455,63.0,129.63636363636363,299.0,314.81999999998953,0.0,26.0,12.0,856,2,1.0,True,23.0
857,-2.5936785454545457,9.005425272727273,0.2595473,297.27272727272725,6644.909090909091,1.495678909090909,96.27272727272727,63.0,279.72727272727275,239.54545454545453,315.0,0.0,26.0,8.0,857,2,1.0,True,23.0
858,-2.592564909090909,9.28638890909091,0.2881667727272727,300.54545454545456,6717.636363636364,1.6012929090909092,95.54545454545455,63.0,299.0,276.6363636363636,161.24400000002933,0.0,26.0,8.0,858,2,1.0,True,23.0
859,-2.599031727272727,9.537060454545456,0.2983769363636364,288.72727272727275,6441.090909090909,1.6134043636363637,97.9090909090909,63.0,299.0,297.3636363636364,310.1759999999602,0.0,26.0,8.0,859,2,1.0,True,23.0
860,-2.6142671666666666,9.837580583333333,0.2979031583333333,294.0,6569.083333333333,1.6112324166666667,99.0,63.0,296.25,299.0,314.96400000001887,0.0,26.0,8.0,860,2,1.0,True,23.0
861,-2.624578181818182,10.11441,0.29802883636363636,295.27272727272725,6598.181818181818,1.6070352727272728,99.81818181818181,63.0,296.54545454545456,299.0,312.22799999998534,0.0,26.0,8.0,861,2,1.0,True,23.0
862,-2.63219375,10.42108,0.2986476,291.0,6500.0,1.6051037500000003,99.75,63.0,298.25,298.75,310.1400000000314,0.0,26.0,8.0,862,2,1.0,True,23.0
863,-2.6359891818181818,10.68211,0.2990344,290.1818181818182,6482.181818181818,1.606862090909091,99.0,63.0,299.0,298.72727272727275,311.1840000000084,0.0,26.0,4.0,863,2,1.0,True,20.0
864,-2.642307727272727,10.98107,0.2989183454545455,292.54545454545456,6532.636363636364,1.6085711818181816,99.63636363636364,63.0,298.27272727272725,299.0,312.1919999999518,0.0,26.0,4.0,864,2,1.0,True,20.0
865,-2.6524023636363636,11.287255454545456,0.29872499999999996,293.1818181818182,6551.545454545455,1.6059094545454544,100.0,63.0,298.1818181818182,299.0,311.6880000000063,0.0,26.0,4.0,865,2,1.0,True,20.0
866,-2.6591105,11.54315,0.2986476,290.5,6489.0,1.6037875,100.0,63.0,298.5,299.0,156.31199999999373,0.0,26.0,4.0,866,2,1.0,True,20.0
867,-2.666681,11.832194166666667,0.29903764166666663,293.1666666666667,6542.0,1.6033096666666669,100.0,63.0,299.0,299.0,311.9040000000503,0.0,26.0,4.0,867,2,1.0,True,20.0
868,-2.6721966363636365,12.084000000000001,0.23781199090909091,287.09090909090907,6404.272727272727,1.6576588181818181,99.0909090909091,63.0,299.0,176.27272727272728,301.57199999996226,0.0,26.0,190.0,868,2,1.0,True,20.0
869,-2.733390333333333,12.258211666666668,0.13790824999999998,285.1666666666667,6360.833333333333,2.1178953333333332,96.33333333333333,63.0,298.3333333333333,-22.833333333333332,305.60399999999794,0.0,26.0,190.0,869,2,1.0,True,20.0
870,-2.80690225,12.326875,0.137624675,284.75,6354.75,2.631815,90.75,63.0,298.5,-23.25,302.0039999999979,0.0,26.0,190.0,870,2,1.0,True,20.0
871,-2.9571936363636366,12.339832727272727,0.18459532727272726,289.72727272727275,6466.636363636364,-1.4616305454545453,88.27272727272727,63.0,247.0,121.9090909090909,306.54000000003145,0.0,26.0,190.0,871,2,1.0,True,20.0
872,-3.1184836666666667,12.349118333333331,0.1238693,286.5,6400.333333333333,0.8790281666666667,95.33333333333333,63.0,-28.5,276.5,306.75599999997064,0.0,26.0,190.0,872,2,1.0,True,22.0
873,-3.2172468181818186,12.417748181818183,0.10968203636363637,285.09090909090907,6369.272727272727,2.367229,92.18181818181819,63.0,-58.27272727272727,277.45454545454544,303.4079999999958,0.0,26.0,190.0,873,2,1.0,True,22.0
874,-3.230132,12.496355,0.13188145,286.5,6398.5,1.9344195,64.5,63.0,-19.5,283.5,148.03200000003562,0.0,26.0,190.0,874,2,1.0,True,22.0
875,-3.23069725,12.7020525,0.22877173333333334,297.0833333333333,6641.416666666667,1.5892914999999999,48.583333333333336,63.0,192.75,264.75,309.31199999999376,0.0,26.0,190.0,875,2,1.0,True,22.0
876,-3.215938909090909,12.908146363636364,0.17237406363636362,274.72727272727275,6122.545454545455,1.620628181818182,32.54545454545455,63.36363636363637,190.0909090909091,154.54545454545453,305.49600000000214,0.0,26.0,190.0,876,2,1.0,True,22.0
877,-3.1653333333333333,12.903586666666667,0.0,242.0,5381.0,1.6227181666666668,16.0,64.0,0.0,0.0,256.57199999996226,0.0,26.0,190.0,877,2,1.0,True,22.0
878,-3.1385019090909094,12.852757272727272,0.0,239.36363636363637,5311.181818181818,1.6205104545454545,17.818181818181817,64.0,0.0,0.0,254.95200000002518,0.0,26.0,190.0,878,2,1.0,True,22.0
879,-3.1372017272727275,12.845062727272728,0.0,229.36363636363637,5094.454545454545,1.6212906363636364,20.363636363636363,64.0,0.0,0.0,244.98000000001048,0.0,26.0,190.0,879,2,1.0,True,22.0
880,-3.1381718181818186,12.84429,0.0,229.9090909090909,5094.454545454545,1.6208594545454547,21.272727272727273,64.0,0.0,0.0,247.13999999997907,0.0,26.0,190.0,880,2,1.0,True,22.0
881,-3.136695083333333,12.843901666666667,0.0,229.5,5085.5,1.621474583333333,21.166666666666668,64.0,0.0,0.0,243.57600000001258,0.0,26.0,190.0,881,2,1.0,True,22.0
882,-3.134690090909091,12.841769999999999,0.0,227.72727272727272,5050.818181818182,1.6223369999999997,22.0,64.0,0.0,0.0,124.63199999998324,0.0,26.0,190.0,882,2,1.0,True,22.0
883,-3.1341465454545454,12.843704545454546,0.0,229.36363636363637,5087.818181818182,1.6217650909090908,22.0,64.0,0.0,0.0,240.76800000001677,0.0,26.0,190.0,883,2,1.0,True,22.0
884,-3.135715454545455,12.84286090909091,0.0,229.9090909090909,5095.090909090909,1.621848,21.09090909090909,64.0,0.0,0.0,247.2840000000084,0.0,26.0,190.0,884,2,1.0,True,22.0
885,-3.1374384545454546,12.846620909090909,0.0,229.9090909090909,5094.454545454545,1.6201104545454543,21.545454545454547,64.0,0.0,0.0,242.81999999998953,0.0,26.0,190.0,885,2,1.0,True,22.0
886,-3.13879,12.848282500000002,0.0,229.5,5085.5,1.619942,21.0,64.0,0.0,0.0,245.95200000002515,0.0,26.0,190.0,886,2,1.0,True,22.0
887,-3.1412973636363635,12.797870909090909,0.0,231.1818181818182,5121.363636363636,1.3319671454545454,17.181818181818183,64.0,0.0,0.0,246.56399999996648,0.0,26.0,190.0,887,2,1.0,True,22.0
888,-3.0860737272727277,12.400962727272729,0.0,236.27272727272728,5243.0,0.03245556545454545,0.6363636363636364,64.0,0.0,0.0,251.96400000001887,0.0,26.0,190.0,888,2,1.0,True,22.0
889,-3.165528666666667,12.606736666666668,0.0,232.0,5147.416666666667,0.2859531216666667,0.5,64.0,0.0,0.0,247.0679999999644,0.0,26.0,190.0,889,2,1.0,True,22.0
890,-3.396527,12.871770000000001,0.0,227.0,5029.5,2.4817834999999997,0.5,64.0,0.0,0.0,123.44400000002933,0.0,26.0,190.0,890,2,1.0,True,22.0
891,-3.396527,12.871770000000001,0.0,228.4,5064.1,1.6037266,3.7,64.0,0.0,0.0,245.30399999999793,0.0,26.0,190.0,891,2,1.0,True,22.0
892,-3.319630090909091,12.881835454545454,0.006961483636363636,249.1818181818182,5540.727272727273,1.4979703636363637,18.181818181818183,64.0,9.090909090909092,5.090909090909091,250.8840000000084,0.0,26.0,190.0,892,2,1.0,True,22.0
893,-3.2273603636363632,13.041390909090909,0.1895843781818182,289.45454545454544,6460.0,1.5719257272727274,76.63636363636364,63.18181818181818,219.1818181818182,159.9090909090909,306.9,0.0,26.0,190.0,893,2,1.0,True,22.0
894,-3.2496687499999997,13.3190375,0.293648925,299.5,6688.0,1.649624,95.75,63.0,296.75,290.5,311.7599999999686,0.0,26.0,190.0,894,2,1.0,True,22.0
895,-3.2703128181818184,13.610373636363637,0.29574704545454544,292.90909090909093,6540.909090909091,1.643341727272727,98.72727272727273,63.0,292.1818181818182,299.0,316.0800000000105,0.0,26.0,190.0,895,2,1.0,True,22.0
896,-3.287587181818182,13.880360909090909,0.2958630181818182,292.90909090909093,6534.090909090909,1.631779090909091,99.0,63.0,292.45454545454544,299.0,310.46400000001887,0.0,26.0,194.0,896,2,1.0,True,22.0
897,-3.2957889166666665,14.1579575,0.29818675,292.1666666666667,6522.083333333333,1.6241640000000002,99.58333333333333,63.0,297.3333333333333,299.0,310.5359999999812,0.0,26.0,194.0,897,2,1.0,True,22.0
898,-3.308397818181818,14.43403090909091,0.29891836363636365,292.1818181818182,6518.181818181818,1.6184401818181817,99.45454545454545,63.0,298.09090909090907,299.0,159.84000000003144,0.0,26.0,194.0,898,2,1.0,True,22.0
899,-3.323462181818182,14.76478,0.29679126363636366,292.3636363636364,6523.0,1.612467,99.54545454545455,63.0,294.09090909090907,299.0,313.9199999999895,0.0,26.0,194.0,899,2,1.0,True,22.0
900,-3.3302838181818184,14.993267272727273,0.2979514818181818,292.90909090909093,6533.363636363636,1.6079813636363638,99.54545454545455,63.0,296.8181818181818,299.0,308.5920000000042,0.0,26.0,194.0,900,2,1.0,True,22.0
901,-3.337656363636363,15.280699090909092,0.2987636727272727,293.1818181818182,6548.090909090909,1.6086385454545455,94.0909090909091,63.0,299.0,298.45454545454544,312.11999999998955,0.0,26.0,194.0,901,2,1.0,True,22.0
902,-3.35463175,15.56315,0.2975841,292.5,6538.25,1.6004457499999998,91.0,63.0,296.5,298.5,309.63599999998115,0.0,26.0,194.0,902,2,1.0,True,19.0
903,-3.3714881999999995,15.856666,0.29843492,292.4,6532.2,1.5860747,78.7,63.0,297.3,299.0,313.99200000000417,0.0,26.0,194.0,903,2,1.0,True,19.0
904,-3.374861909090909,16.112327272727274,0.29864763636363634,292.1818181818182,6528.727272727273,1.5835394545454546,76.72727272727273,63.0,299.0,297.72727272727275,315.75600000002305,0.0,26.0,194.0,904,2,1.0,True,19.0
905,-3.3833140833333335,16.431345833333335,0.2982222,292.0,6517.0,1.5879822499999998,77.91666666666667,63.0,298.75,298.1666666666667,310.21199999999374,0.0,26.0,194.0,905,2,1.0,True,19.0
906,-3.3901915000000002,16.705215000000003,0.29864765,289.5,6460.0,1.5864230000000001,77.0,63.0,297.5,299.0,158.36400000001888,0.0,26.0,194.0,906,2,1.0,True,19.0
907,-3.3877768181818184,17.010991818181818,0.25049736363636366,290.1818181818182,6483.0,1.5788226363636364,84.72727272727273,63.0,205.8181818181818,295.3636363636364,304.3079999999958,0.0,26.0,336.0,907,2,1.0,True,19.0
908,-3.3543082500000003,17.13463,0.15173456666666665,285.1666666666667,6364.5,1.2436583333333333,90.75,63.0,9.666666666666666,293.6666666666667,304.2719999999623,0.0,26.0,336.0,908,2,1.0,True,19.0
909,-3.2909875454545454,17.19684818181818,0.10689744545454545,283.1818181818182,6319.454545454545,0.6833457818181817,95.36363636363636,63.0,-54.45454545454545,268.09090909090907,301.3560000000231,0.0,26.0,332.0,909,2,1.0,True,16.0
910,-3.1768207499999996,17.239720000000002,0.171871325,287.5,6425.0,0.1282829775,96.5,63.0,72.75,271.25,308.44799999997485,0.0,26.0,328.0,910,2,1.0,True,16.0
911,-2.9750349090909087,17.25943,0.27196196363636366,295.72727272727275,6610.545454545455,0.013873415454545457,96.45454545454545,63.0,297.6363636363636,246.1818181818182,318.31199999999376,0.0,26.0,328.0,911,2,1.0,True,16.0
912,-2.7075165454545456,17.270512727272727,0.29311709090909094,293.6363636363636,6564.909090909091,0.05979299454545455,96.45454545454545,63.0,293.8181818181818,292.09090909090907,314.96400000001887,0.0,26.0,324.0,912,2,1.0,True,15.0
913,-2.4720430833333333,17.275685,0.19005814416666666,285.5833333333333,6380.0,-0.05933466833333333,95.41666666666667,63.0,87.58333333333333,292.5,305.81999999998953,0.0,26.0,88.0,913,2,1.0,True,15.0
914,-2.355623,17.23222,0.089339035,287.0,6418.5,-0.6167966500000001,92.0,63.0,-88.5,267.0,149.7960000000021,0.0,26.0,88.0,914,2,1.0,True,15.0
915,-2.333450083333333,17.141975833333333,0.12078493666666668,287.3333333333333,6427.5,-1.1169808499999998,64.83333333333333,63.0,-47.583333333333336,288.6666666666667,300.74400000002936,0.0,26.0,84.0,915,2,1.0,True,14.0
916,-2.3238916,16.884998,0.27873778000000005,294.7,6576.3,-1.4648229000000001,33.9,63.0,262.5,294.5,322.55999999996857,0.0,26.0,32.0,916,2,1.0,True,14.0
917,-2.3037360909090907,16.727314545454547,0.05352607272727273,252.0,5608.363636363636,-1.5088832727272725,42.0,63.81818181818182,54.36363636363637,52.54545454545455,271.04400000002937,0.0,26.0,32.0,917,2,1.0,True,14.0
918,-2.293647,16.76786909090909,0.0,244.1818181818182,5422.0,-1.5524699999999998,89.81818181818181,64.0,0.0,0.0,258.11999999998955,0.0,26.0,32.0,918,2,1.0,True,14.0
919,-2.2925485,16.75231,0.08203593083333333,271.0833333333333,6044.333333333333,-1.5471545833333333,98.91666666666667,63.25,86.83333333333333,77.66666666666667,290.33999999997906,0.0,26.0,32.0,919,2,1.0,True,14.0
920,-2.281502,16.552046363636364,0.2935039090909091,292.3636363636364,6531.0,-1.5175313636363634,99.36363636363636,63.0,297.3636363636364,289.90909090909093,312.44400000002935,0.0,26.0,32.0,920,2,1.0,True,14.0
921,-2.2677194166666665,16.255540833333335,0.29747775000000004,292.0,6527.0,-1.5171215,98.41666666666667,63.0,295.25,299.0,311.50799999999583,0.0,26.0,32.0,921,2,1.0,True,14.0
922,-2.262156090909091,15.980390909090909,0.29887969090909094,289.09090909090907,6456.272727272727,-1.5213779090909092,98.0,63.0,298.54545454545456,299.0,156.3840000000084,0.0,26.0,32.0,922,2,1.0,True,14.0
923,-2.251783833333333,15.68774,0.2985413083333333,290.25,6491.25,-1.5227854166666666,99.83333333333333,63.0,297.75,299.0,310.5,0.0,26.0,32.0,923,2,1.0,True,14.0
924,-2.2434823,15.42399,0.29826479,292.8,6543.0,-1.5263351,100.0,63.0,297.1,299.0,308.1960000000021,0.0,26.0,32.0,924,2,1.0,True,14.0
925,-2.2273490000000002,15.12209,0.2975132,292.8333333333333,6544.166666666667,-1.5329683333333335,100.0,63.0,295.3333333333333,299.0,312.11999999998955,0.0,26.0,32.0,925,2,1.0,True,14.0
926,-2.2175043636363636,14.859432727272726,0.29791284545454544,291.6363636363636,6523.272727272727,-1.5380302727272728,100.0,63.0,296.27272727272725,299.0,310.42799999998533,0.0,26.0,32.0,926,2,1.0,True,14.0
927,-2.213083818181818,14.571723636363636,0.29884104545454543,293.8181818181818,6570.0,-1.5395773636363637,100.0,63.0,299.0,298.45454545454544,313.41599999999164,0.0,26.0,32.0,927,2,1.0,True,14.0
928,-2.2078112727272727,14.304054545454546,0.29806750909090907,294.90909090909093,6589.0,-1.5379464545454546,100.0,62.45454545454545,297.72727272727275,297.90909090909093,315.5039999999979,0.0,26.0,32.0,928,2,1.0,True,14.0
929,-2.1974551666666664,13.9899875,0.29854125833333334,293.1666666666667,6547.416666666667,-1.53972675,100.0,63.0,297.6666666666667,299.0,306.1800000000105,0.0,26.0,32.0,929,2,1.0,True,21.0
930,-2.190420181818182,13.73521,0.2992664636363636,288.72727272727275,6450.181818181818,-1.540593818181818,100.0,63.0,299.0,299.0,158.86800000001676,0.0,26.0,28.0,930,2,1.0,True,21.0
931,-2.1802308333333333,13.440846666666665,0.2985413083333333,289.5,6465.916666666667,-1.5427048333333333,100.0,63.0,297.75,299.0,312.83999999997906,0.0,26.0,28.0,931,2,1.0,True,21.0
932,-2.1718198333333336,13.162513333333335,0.29832854999999997,294.0,6566.25,-1.5460728333333333,100.0,63.0,297.5833333333333,298.6666666666667,311.40000000000003,0.0,26.0,28.0,932,2,1.0,True,21.0
933,-2.169272090909091,12.874862727272728,0.2980675090909091,294.27272727272725,6582.272727272727,-1.5450306363636364,100.0,62.45454545454545,298.45454545454544,297.45454545454544,310.21199999999374,0.0,26.0,28.0,933,2,1.0,True,21.0
934,-2.1764697272727274,12.632863636363636,0.19933050000000002,284.54545454545456,6356.363636363636,-1.6766151818181818,99.18181818181819,63.0,99.54545454545455,298.8181818181818,302.0760000000126,0.0,26.0,28.0,934,2,1.0,True,21.0
935,-2.217268454545455,12.49253272727273,0.11780375454545454,284.90909090909093,6364.363636363636,-2.1745286363636365,95.72727272727273,63.0,-49.72727272727273,284.6363636363636,304.8840000000084,0.0,26.0,28.0,935,2,1.0,True,21.0
936,-2.2959578181818183,12.425889999999999,0.12058838181818182,285.3636363636364,6375.909090909091,-2.195857818181818,98.0,63.0,-42.36363636363637,283.3636363636364,308.12399999998746,0.0,26.0,28.0,936,2,1.0,True,21.0
937,-2.4215795833333336,12.4006775,0.14950111666666666,285.9166666666667,6385.333333333333,2.620238666666667,98.0,63.0,169.58333333333334,129.41666666666666,302.7239999999874,0.0,26.0,28.0,937,2,1.0,True,20.0
938,-2.532336,12.383370000000001,0.13209415,286.0,6387.0,-2.7417895,71.5,63.0,298.5,-34.5,151.0200000000419,0.0,26.0,28.0,938,2,1.0,True,20.0
939,-2.629611,12.304684545454545,0.12089776363636363,283.72727272727275,6341.818181818182,-2.154847636363636,65.81818181818181,63.0,286.3636363636364,-44.45454545454545,298.9079999999958,0.0,26.0,28.0,939,2,1.0,True,20.0
940,-2.6504630833333334,12.1638625,0.1904836166666667,288.5,6445.166666666667,-1.6115923333333333,75.75,62.666666666666664,298.0833333333333,82.75,309.99600000000214,0.0,26.0,28.0,940,2,1.0,True,20.0
941,-2.6267975,11.955623333333333,0.2514965,296.5,6637.833333333333,-1.5049725,73.0,62.5,227.16666666666666,275.6666666666667,313.05599999997065,0.0,26.0,6.0,941,2,1.0,True,20.0
942,-2.635094,11.711665000000002,0.285353125,297.5,6651.75,-1.56192825,90.75,62.75,271.75,299.0,318.74400000002936,0.0,26.0,6.0,942,2,1.0,True,20.0
943,-2.6423287272727274,11.441114545454546,0.2976034181818182,292.90909090909093,6540.636363636364,-1.575543090909091,99.72727272727273,63.0,298.72727272727275,296.27272727272725,312.0479999999749,0.0,26.0,6.0,943,2,1.0,True,20.0
944,-2.642471090909091,11.14633,0.29741003636363633,290.0,6484.454545454545,-1.5681767272727272,100.0,62.45454545454545,299.0,295.45454545454544,310.0319999999832,0.0,26.0,6.0,944,2,1.0,True,20.0
945,-2.638182666666667,10.8856175,0.2978677,291.75,6530.416666666667,-1.5637271666666666,99.91666666666667,62.5,299.0,296.1666666666667,310.3200000000419,0.0,26.0,6.0,945,2,1.0,True,20.0
946,-2.6369945454545456,10.576641818181818,0.2977194,293.90909090909093,6577.272727272727,-1.558976909090909,99.54545454545455,63.0,299.0,295.8181818181818,159.7679999999644,0.0,26.0,10.0,946,2,1.0,True,20.0
947,-2.635076833333333,10.314890833333333,0.29808039166666667,295.0833333333333,6597.916666666667,-1.5532380000000001,100.0,62.5,299.0,296.6666666666667,311.04000000003145,0.0,26.0,10.0,947,2,1.0,True,23.0
948,-2.6291659999999997,10.019046181818181,0.2990344181818182,291.54545454545456,6525.363636363636,-1.5506454545454544,100.0,63.0,299.0,298.90909090909093,313.343999999977,0.0,26.0,10.0,948,2,1.0,True,23.0
949,-2.6248224545454546,9.755247727272728,0.29849292727272725,291.54545454545456,6517.454545454545,-1.5491547272727273,100.0,62.45454545454545,298.72727272727275,297.90909090909093,315.1800000000105,0.0,26.0,10.0,949,2,1.0,True,23.0
950,-2.6181152500000002,9.45399275,0.29928577500000003,292.25,6539.0,-1.54688825,100.0,62.5,298.75,299.0,306.07200000001467,0.0,26.0,10.0,950,2,1.0,True,23.0
951,-2.6108047272727273,9.15613509090909,0.2977194454545455,290.54545454545456,6493.454545454545,-1.5468279090909092,100.0,62.45454545454545,295.54545454545456,299.0,313.343999999977,0.0,26.0,10.0,951,2,1.0,True,23.0
952,-2.6123293333333333,8.9019285,0.22001511666666665,282.8333333333333,6316.166666666667,-1.6302885,99.33333333333333,63.0,140.66666666666666,299.0,300.96000000002095,0.0,26.0,278.0,952,2,1.0,True,23.0
953,-2.6587705833333333,8.743444083333333,0.15123823333333333,285.0,6369.0,-2.0549355,98.5,63.0,3.3333333333333335,299.0,303.11999999998955,0.0,26.0,278.0,953,2,1.0,True,23.0
954,-2.7413019999999997,8.651929363636365,0.15485432727272727,285.1818181818182,6373.636363636364,-2.577919181818182,99.54545454545455,63.0,10.363636363636363,299.0,152.67600000001258,0.0,26.0,278.0,954,2,1.0,True,23.0
955,-2.9183555454545456,8.586540999999999,0.22067905454545456,286.1818181818182,6389.0,-3.0556039090909093,100.0,63.0,150.1818181818182,290.8181818181818,310.46399999996646,0.0,26.0,278.0,955,2,1.0,True,25.0
956,-3.047467909090909,8.569771545454545,0.09289713090909091,284.1818181818182,6348.636363636364,-2.952247909090909,98.0,63.0,233.27272727272728,-48.09090909090909,298.656000000023,0.0,26.0,278.0,956,2,1.0,True,25.0
957,-3.1009805454545454,8.55067709090909,0.08311237727272727,283.54545454545456,6341.818181818182,-2.3722467272727275,78.81818181818181,63.0,249.54545454545453,-83.18181818181819,304.30799999999584,0.0,26.0,278.0,957,2,1.0,True,25.0
958,-3.134311181818182,8.462882545454546,0.14553366181818184,287.54545454545456,6424.0,-1.801939,91.27272727272727,62.72727272727273,274.09090909090907,16.454545454545453,303.3720000000147,0.0,26.0,278.0,958,2,1.0,True,25.0
959,-3.138789,8.2735979,0.26440101,298.8,6686.9,-1.4914102999999999,98.7,62.0,280.0,247.9,318.9960000000021,0.0,26.0,278.0,959,2,1.0,True,25.0
960,-3.129150636363636,8.050195545454544,0.2660833909090909,295.54545454545456,6614.0,-1.533253,99.63636363636364,62.63636363636363,232.8181818181818,299.0,319.7159999999916,0.0,26.0,278.0,960,2,1.0,True,25.0
961,-3.1286684166666667,7.740905416666667,0.29701685,290.4166666666667,6493.0,-1.5948251666666666,100.0,62.5,296.5,297.0833333333333,305.3880000000063,0.0,26.0,278.0,961,2,1.0,True,25.0
962,-3.1310659090909088,7.468456,0.2971393090909091,287.8181818181818,6428.363636363636,-1.5884015454545455,100.0,63.0,299.0,294.45454545454544,161.74799999997487,0.0,26.0,278.0,962,2,1.0,True,25.0
963,-3.1343609166666666,7.30926075,0.02478095,233.91666666666666,5194.416666666667,-1.5655304166666666,100.0,63.916666666666664,24.916666666666668,24.583333333333332,253.4760000000126,1.0,26.0,278.0,963,2,1.0,True,25.0
964,-3.1346139999999996,7.301714272727273,0.0,229.36363636363637,5094.818181818182,-1.5637660000000002,100.0,64.0,0.0,0.0,243.64799999997487,1.0,26.0,278.0,964,2,1.0,True,25.0
965,-3.1367768333333337,7.304769,0.0141808,245.33333333333334,5458.166666666667,-1.5638046666666667,100.0,63.666666666666664,14.0,14.333333333333334,249.33600000003352,1.0,26.0,278.0,965,2,1.0,True,25.0
966,-3.132134,7.2482619999999995,0.0106356,241.25,5365.0,-1.5614302500000001,98.5,63.75,10.5,10.75,259.7399999999791,1.0,26.0,278.0,966,2,1.0,True,25.0
967,-3.133289583333333,7.1913730833333345,0.14205618333333334,278.8333333333333,6219.833333333333,-1.5620252500000003,98.91666666666667,62.666666666666664,139.75,144.75,293.5800000000105,1.0,26.0,278.0,967,2,1.0,True,25.0
968,-3.1359484545454546,6.963002818181818,0.29744870909090904,292.6363636363636,6539.727272727273,-1.5677164545454545,99.36363636363636,62.45454545454545,297.90909090909093,296.6363636363636,315.10799999999585,0.0,26.0,278.0,968,2,1.0,True,25.0
969,-3.1337121666666667,6.6794320833333325,0.2980804,291.5,6518.25,-1.56346675,99.58333333333333,62.5,299.0,296.6666666666667,312.58800000000633,0.0,26.0,278.0,969,2,1.0,True,25.0
970,-3.1279995,6.377470499999999,0.2984349,290.0,6480.0,-1.5599764999999999,100.0,63.0,299.0,297.5,156.45600000002307,0.0,26.0,278.0,970,2,1.0,True,25.0
971,-3.1268479166666663,6.137068083333333,0.2981867916666667,293.1666666666667,6555.0,-1.556824083333333,100.0,62.5,299.0,296.9166666666667,306.93599999998116,0.0,26.0,282.0,971,2,1.0,True,25.0
972,-3.121303,5.816807090909091,0.2990731,294.45454545454544,6588.181818181818,-1.5539856363636362,99.0909090909091,62.45454545454545,299.0,299.0,316.0800000000105,0.0,26.0,282.0,972,2,1.0,True,25.0
973,-3.1193161666666662,5.541330833333333,0.2980804166666667,291.6666666666667,6525.333333333333,-1.5510176666666666,99.83333333333333,62.5,299.0,296.6666666666667,312.94799999997485,0.0,26.0,282.0,973,2,1.0,True,25.0
974,-3.111164272727273,5.246129727272727,0.2985315818181818,289.54545454545456,6480.727272727273,-1.5489156363636363,100.0,62.45454545454545,298.45454545454544,298.27272727272725,310.46400000001887,0.0,26.0,282.0,974,2,1.0,True,25.0
975,-3.1031955,4.991319,0.29873273,291.0,6511.8,-1.5500089000000001,100.0,62.3,298.4,298.8,310.7519999999728,0.0,26.0,282.0,975,2,1.0,True,25.0
976,-3.0983915454545454,4.691484454545455,0.2988410181818182,295.45454545454544,6601.272727272727,-1.5489081818181818,100.0,62.09090909090909,298.8181818181818,298.6363636363636,309.74400000002936,0.0,26.0,282.0,976,2,1.0,True,25.0
977,-3.0881455,4.397435333333333,0.2987540083333333,293.9166666666667,6572.333333333333,-1.5500640833333332,100.0,62.5,298.1666666666667,299.0,309.99600000000214,0.0,26.0,282.0,977,2,1.0,True,25.0
978,-3.0850485,4.128128500000001,0.29886035,290.0,6480.5,-1.5506695,100.0,63.0,299.0,298.0,159.5880000000063,0.0,26.0,282.0,978,2,1.0,True,25.0
979,-3.079691,3.8601899166666667,0.29857674166666665,288.8333333333333,6460.833333333333,-1.5479046666666667,100.0,62.5,299.0,297.8333333333333,313.20000000000005,0.0,26.0,282.0,979,2,1.0,True,
980,-3.071693454545455,3.5626949999999997,0.2994598272727273,292.27272727272725,6540.636363636364,-1.5481914545454545,100.0,62.09090909090909,299.0,299.0,307.8,0.0,26.0,282.0,980,2,1.0,True,
981,-3.06353,3.2602851666666663,0.29907306666666666,293.5,6557.5,-1.5486203333333333,98.33333333333333,62.333333333333336,298.3333333333333,299.0,308.6279999999854,0.0,26.0,282.0,981,2,1.0,True,26.0
982,-3.057781,2.994154545454546,0.29926644545454545,293.45454545454544,6564.363636363636,-1.5487706363636364,98.81818181818181,62.45454545454545,298.6363636363636,299.0,309.7800000000105,0.0,26.0,282.0,982,2,1.0,True,26.0
983,-3.0533248181818182,2.7061176363636363,0.2987249909090909,292.1818181818182,6532.727272727273,-1.5476940909090908,99.72727272727273,62.45454545454545,299.0,297.90909090909093,312.94799999997485,0.0,26.0,282.0,983,2,1.0,True,26.0
984,-3.046916833333333,2.4212140000000004,0.2993567,291.1666666666667,6508.833333333333,-1.5464103333333332,99.16666666666667,62.333333333333336,299.0,299.0,309.2039999999979,0.0,26.0,282.0,984,2,1.0,True,26.0
985,-3.0391440909090908,2.116011181818182,0.2807025,286.6363636363636,6411.636363636364,-1.5463683636363639,97.27272727272727,62.09090909090909,280.3636363636364,280.90909090909093,299.6279999999853,0.0,26.0,282.0,985,2,1.0,True,26.0
986,-3.0355060909090907,1.966757181818182,0.10225643272727272,265.90909090909093,5933.454545454545,-1.54653,95.45454545454545,63.0,102.72727272727273,102.72727272727273,142.48800000000628,0.0,26.0,282.0,986,2,1.0,True,26.0
987,-3.0327768181818184,1.8604336363636365,0.09954921,263.45454545454544,5881.818181818182,-1.5465650000000002,95.0,63.0,100.0,100.0,285.516000000044,0.0,26.0,282.0,987,2,1.0,True,26.0
988,-3.0319431818181815,1.8241623636363635,0.009049928181818183,235.27272727272728,5235.636363636364,-1.5466359090909092,94.0909090909091,63.90909090909091,9.090909090909092,9.090909090909092,252.53999999997905,0.0,26.0,282.0,988,2,1.0,True,26.0
989,-3.031919,1.8237580000000002,0.0,233.0,5184.0,-1.546643,95.2,64.0,0.0,0.0,248.03999999997905,0.0,26.0,282.0,989,2,1.0,True,26.0
990,-3.0319190000000003,1.8258852727272725,0.0,233.0,5184.0,-1.5466429999999998,96.81818181818181,64.0,0.0,0.0,248.47200000001467,0.0,26.0,282.0,990,2,1.0,True,26.0
991,-3.0319190000000003,1.8247034545454546,0.0,233.0,5184.0,-1.5466429999999998,97.0,64.0,0.0,0.0,247.17600000001258,0.0,26.0,282.0,991,2,1.0,True,26.0
992,-3.0319190000000003,1.8242307272727274,0.0,233.0,5184.0,-1.5466429999999998,96.18181818181819,64.0,0.0,0.0,247.17600000001258,0.0,26.0,282.0,992,2,1.0,True,26.0
993,-3.031919,1.8221980000000002,0.0,233.0,5184.0,-1.546643,93.8,64.0,0.0,0.0,125.96399999996648,0.0,26.0,282.0,993,2,1.0,True,26.0
994,-3.0319190000000003,1.8225761818181818,0.0,233.0,5184.0,-1.5466429999999998,93.0,64.0,0.0,0.0,247.24800000002725,0.0,26.0,282.0,994,2,1.0,True,26.0
995,-3.03322,1.8231080000000002,0.0,233.0,5184.0,-1.546643,93.5,64.0,0.0,0.0,249.6599999999686,0.0,26.0,282.0,995,2,1.0,True,26.0
996,-3.03322,1.8235216363636362,0.0,233.0,5184.0,-1.5466429999999998,94.54545454545455,64.0,0.0,0.0,252.07200000001467,0.0,26.0,282.0,996,2,1.0,True,26.0
997,-3.03322,1.8237580000000002,0.0,233.0,5184.0,-1.546643,94.0,64.0,0.0,0.0,245.0159999999916,0.0,26.0,282.0,997,2,1.0,True,26.0
998,-3.03322,1.8237580000000002,0.0,233.0,5184.0,-1.546643,93.7,64.0,0.0,0.0,252.03600000003354,0.0,26.0,282.0,998,2,1.0,True,26.0
999,-3.03322,1.8237580000000002,0.0,233.0,5187.0,-1.546643,94.6,64.0,0.0,0.0,247.42799999998533,0.0,26.0,282.0,999,2,1.0,True,26.0
1000,-3.03322,1.8235216363636362,0.0,233.0,5184.0,-1.5466429999999998,95.27272727272727,64.0,0.0,0.0,247.3920000000042,0.0,26.0,282.0,1000,2,1.0,True,26.0
1001,-3.03322,1.8228125454545454,0.0,233.0,5184.0,-1.5466429999999998,95.0,64.0,0.0,0.0,252.1079999999958,0.0,26.0,282.0,1001,2,1.0,True,26.0
1002,-3.03322,1.8256489090909092,0.0,233.0,5184.0,-1.5466429999999998,95.0,64.0,0.0,0.0,124.63199999998324,0.0,26.0,282.0,1002,2,1.0,True,26.0
1003,-3.03322,1.8244670909090908,0.0,233.0,5184.0,-1.5466429999999998,95.0,64.0,0.0,0.0,246.52799999998535,0.0,26.0,282.0,1003,2,1.0,True,26.0
1004,-3.03322,1.8249398181818182,0.0,233.0,5184.0,-1.5466429999999998,95.0,64.0,0.0,0.0,249.7320000000356,0.0,26.0,282.0,1004,2,1.0,True,26.0
1005,-3.03322,1.8238880000000002,0.0,233.0,5184.0,-1.546643,93.7,64.0,0.0,0.0,247.5,0.0,26.0,282.0,1005,2,1.0,True,26.0
1006,-3.03322,1.822458,0.0,233.0,5184.0,-1.546643,92.5,64.0,0.0,0.0,249.80399999999793,0.0,26.0,282.0,1006,2,1.0,True,26.0
1007,-3.03322,1.8223398181818182,0.0,233.0,5184.0,-1.5466429999999998,92.27272727272727,64.0,0.0,0.0,252.10799999999583,0.0,26.0,282.0,1007,2,1.0,True,26.0
1008,-3.03322,1.8237580000000002,0.0,233.0,5184.0,-1.546643,92.0,64.0,0.0,0.0,248.3639999999665,0.0,26.0,282.0,1008,2,1.0,True,26.0
1009,-3.03322,1.823639818181818,0.0,233.0,5184.0,-1.5466429999999998,92.63636363636364,64.0,0.0,0.0,251.1720000000147,0.0,26.0,282.0,1009,2,1.0,True,26.0
1010,-3.03322,1.822458,0.0,233.0,5184.0,-1.546643,93.6,64.0,0.0,0.0,123.73200000003563,0.0,30.0,282.0,1010,2,1.0,True,26.0
1011,-3.0246799999999996,1.7456078181818184,0.18428593636363635,287.3636363636364,6422.909090909091,-1.4488176363636365,96.0,63.0,265.72727272727275,103.27272727272727,291.02399999998744,0.0,30.0,270.0,1011,2,1.0,True,26.0
1012,-2.974593272727273,1.6097643636363637,0.15087084545454543,285.0,6368.909090909091,-1.1190095636363635,89.27272727272727,63.0,297.1818181818182,4.909090909090909,302.6880000000063,0.0,30.0,274.0,1012,2,1.0,True,27.0
1013,-2.8992873333333335,1.508932,0.09940739833333334,285.1666666666667,6365.666666666667,-0.5182219833333334,59.166666666666664,63.0,272.0,-73.0,302.54399999997696,0.0,30.0,274.0,1013,2,1.0,True,27.0
1014,-2.8005003636363637,1.5066664545454544,0.1581030127272727,288.1818181818182,6440.181818181818,0.0067694436363636345,69.27272727272727,62.72727272727273,264.0,52.18181818181818,310.46400000001887,0.0,30.0,350.0,1014,2,1.0,True,27.0
1015,-2.5798022499999997,1.52552425,0.26152939999999997,296.0,6621.75,0.062229213750000005,90.25,62.5,228.25,294.75,317.55599999997065,0.0,30.0,354.0,1015,2,1.0,True,27.0
1016,-2.3241097272727274,1.5277243636363635,0.2739343363636364,295.09090909090907,6606.454545454545,-0.005399081363636363,99.54545454545455,62.18181818181818,281.3636363636364,266.27272727272725,313.63200000003565,0.0,30.0,238.0,1016,2,1.0,True,31.0
1017,-2.096308,1.5268973636363634,0.13795337545454547,283.0,6324.454545454545,0.18123718545454548,91.63636363636364,63.0,279.45454545454544,-3.5454545454545454,302.3639999999665,0.0,30.0,238.0,1017,2,1.0,True,31.0
1018,-2.030230583333333,1.5795486666666667,0.10490245416666666,285.1666666666667,6372.166666666667,0.7019771499999999,64.25,63.0,277.5833333333333,-67.58333333333333,305.67600000001255,0.0,30.0,242.0,1018,2,1.0,True,31.0
1019,-1.9740855,1.6603895000000002,0.13060515,281.0,6275.5,1.317353,72.0,63.0,239.5,21.5,147.67200000001466,0.0,30.0,242.0,1019,2,1.0,True,30.0
1020,-1.9665053333333333,1.7124844166666666,0.07756897833333333,274.0,6115.083333333333,1.5175455833333331,79.58333333333333,63.0,106.66666666666667,48.666666666666664,290.5920000000042,0.0,30.0,242.0,1020,2,1.0,True,30.0
1021,-1.9635289090909092,1.7999193636363637,0.0837698490909091,267.54545454545456,5969.0,1.6021145454545453,86.54545454545455,63.0,100.0,67.72727272727273,289.00799999999583,0.0,30.0,242.0,1021,2,1.0,True,30.0
1022,-1.9689883636363634,1.8597496363636365,0.061261056363636365,256.09090909090907,5704.363636363636,1.643673,84.9090909090909,63.27272727272727,72.72727272727273,50.0,270.1439999999769,0.0,30.0,242.0,1022,2,1.0,True,30.0
1023,-1.9705020000000002,1.866956,0.0,233.0,5184.0,1.6510649999999998,84.0,64.0,0.0,0.0,244.76400000001888,0.0,30.0,242.0,1023,2,1.0,True,30.0
1024,-1.970502,1.8719196363636363,0.0,233.0,5184.0,1.652334818181818,84.72727272727273,64.0,0.0,0.0,251.74799999997487,0.0,30.0,242.0,1024,2,1.0,True,30.0
1025,-1.970762,1.874756,0.0,233.0,5184.0,1.6528110000000003,84.8,64.0,0.0,0.0,247.21199999999374,0.0,30.0,242.0,1025,2,1.0,True,30.0
1026,-1.9716838181818181,1.8775923636363636,0.0,233.0,5184.0,1.653762818181818,83.18181818181819,64.0,0.0,0.0,250.56000000002095,0.0,30.0,242.0,1026,2,1.0,True,30.0
1027,-1.9705020000000002,1.879956,0.0,233.0,5184.0,1.654556,85.0,64.0,0.0,0.0,122.72399999998743,0.0,30.0,242.0,1027,2,1.0,True,30.0
1028,-1.9705020000000002,1.879956,0.0,233.0,5184.0,1.654556,85.0,64.0,0.0,0.0,247.24800000002725,0.0,30.0,242.0,1028,2,1.0,True,30.0
1029,-1.969462,1.882036,0.0,243.8,5432.8,1.655254,85.4,63.6,0.0,0.0,250.05599999997065,0.0,33.0,242.0,1029,2,1.0,True,30.0
1030,-1.970372090909091,1.953464909090909,0.17740183636363638,284.0,6344.909090909091,1.6179566363636362,84.0909090909091,62.72727272727273,152.45454545454547,202.63636363636363,300.060000000021,0.0,33.0,16.0,1030,2,1.0,True,30.0
1031,-1.96830175,2.19758775,0.28875655,294.75,6600.0,1.55915025,85.5,62.0,279.0,298.5,312.5519999999728,0.0,33.0,16.0,1031,2,1.0,True,30.0
1032,-1.963964909090909,2.506203727272727,0.29679121818181814,291.90909090909093,6529.272727272727,1.5514610909090911,90.0909090909091,62.18181818181818,299.0,294.09090909090907,314.5320000000356,0.0,33.0,16.0,1032,2,1.0,True,30.0
1033,-1.9616390909090908,2.768251818181818,0.2958630272727273,291.0,6505.272727272727,1.5609264545454544,92.81818181818181,62.45454545454545,299.0,292.45454545454544,311.7960000000021,0.0,33.0,16.0,1033,2,1.0,True,30.0
1034,-1.9589706666666666,3.0869808333333335,0.29648505833333333,293.6666666666667,6568.0,1.5722481666666666,95.5,62.416666666666664,299.0,293.8333333333333,311.25599999997064,0.0,33.0,16.0,1034,2,1.0,True,30.0
1035,-1.96681,3.3219900000000004,0.29864765,293.0,6553.0,1.5776425,95.0,62.0,299.0,298.0,155.98800000000628,0.0,33.0,16.0,1035,2,1.0,True,30.0
1036,-1.9674648333333333,3.6214758333333332,0.2984703583333333,293.5,6563.5,1.5797058333333334,95.83333333333333,62.416666666666664,299.0,297.5833333333333,315.1079999999958,0.0,33.0,16.0,1036,2,1.0,True,30.0
1037,-1.9707834166666667,3.899467833333333,0.2986476,293.6666666666667,6569.416666666667,1.582921,97.0,62.083333333333336,299.0,298.3333333333333,312.55200000002515,0.0,33.0,16.0,1037,2,1.0,True,30.0
1038,-1.9725586363636365,4.196757,0.29783547272727273,293.6363636363636,6567.727272727273,1.5876316363636365,98.63636363636364,62.0,299.0,296.27272727272725,309.74399999997695,0.0,33.0,16.0,1038,2,1.0,True,30.0
1039,-1.977683909090909,4.463025818181818,0.29876369999999997,294.0,6581.727272727273,1.5906747272727273,99.0,62.0,299.0,298.27272727272725,313.4520000000251,0.0,33.0,16.0,1039,2,1.0,True,30.0
1040,-1.9876982727272727,4.750224545454546,0.29930513636363637,293.8181818181818,6574.818181818182,1.5891030909090909,99.0,62.0,299.0,299.0,307.97999999995807,0.0,33.0,16.0,1040,2,1.0,True,30.0
1041,-1.995175,5.031490545454545,0.29930513636363637,290.6363636363636,6498.727272727273,1.588372090909091,98.36363636363636,62.0,299.0,299.0,311.83200000003563,0.0,33.0,16.0,1041,2,1.0,True,30.0
1042,-1.9988165,5.298349666666667,0.29900219166666664,290.0833333333333,6494.416666666667,1.5885723333333335,98.0,62.0,299.0,298.8333333333333,308.9880000000063,0.0,33.0,16.0,1042,2,1.0,True,30.0
1043,-2.0020255,5.5617564999999995,0.2984349,290.5,6497.5,1.5909929999999999,98.5,62.0,299.0,297.5,161.9639999999665,0.0,33.0,16.0,1043,2,1.0,True,30.0
1044,-2.0071463333333335,5.850346083333334,0.29900214166666667,293.5,6566.583333333333,1.5936519166666667,99.0,62.0,299.0,298.4166666666667,310.0320000000356,0.0,33.0,16.0,1044,2,1.0,True,30.0
1045,-2.017822,6.161521818181819,0.29818353636363637,290.27272727272725,6497.727272727273,1.5916523636363635,99.0,62.0,296.8181818181818,299.0,310.4639999999665,0.0,33.0,12.0,1045,2,1.0,True,30.0
1046,-2.024679,6.418256333333333,0.2981513,290.8333333333333,6504.166666666667,1.5875188333333332,99.0,62.0,296.8333333333333,299.0,309.85200000002516,0.0,33.0,12.0,1046,2,1.0,True,
1047,-2.0285325,6.7069730000000005,0.298222225,293.75,6579.0,1.5835092499999999,99.0,62.0,297.0,299.0,310.4639999999665,0.0,33.0,12.0,1047,2,1.0,True,
1048,-2.0330936363636365,6.993891454545454,0.2986089727272727,294.54545454545456,6590.636363636364,1.5814003636363636,99.0,62.0,299.0,297.90909090909093,316.36800000001676,0.0,33.0,12.0,1048,2,1.0,True,24.0
1049,-2.03935,7.2976019090909094,0.2988023272727273,292.1818181818182,6539.090909090909,1.5856576363636363,99.0,62.0,298.90909090909093,298.45454545454544,309.63599999998115,0.0,33.0,12.0,1049,2,1.0,True,24.0
1050,-2.0433798333333333,7.5566235,0.2984349,291.25,6520.166666666667,1.5885245833333332,99.0,62.0,298.5833333333333,297.9166666666667,314.1720000000147,0.0,33.0,12.0,1050,2,1.0,True,24.0
1051,-2.0481963636363636,7.878972999999999,0.2984155636363636,292.27272727272725,6538.363636363636,1.589522090909091,99.0,62.0,299.0,297.45454545454544,155.70000000000002,0.0,33.0,12.0,1051,2,1.0,True,24.0
1052,-2.0546845,8.141205,0.27581659166666667,286.3333333333333,6404.583333333333,1.5966358333333333,99.0,62.416666666666664,299.0,251.83333333333334,308.5920000000042,0.0,33.0,12.0,1052,2,1.0,True,24.0
1053,-2.0762241818181817,8.37928109090909,0.1853688090909091,284.8181818181818,6380.0,1.799834909090909,98.27272727272727,62.09090909090909,299.0,71.36363636363636,305.8560000000231,0.0,33.0,12.0,1053,2,1.0,True,24.0
1054,-2.124989,8.501533833333333,0.08965810083333332,284.3333333333333,6353.333333333333,2.2672966666666667,93.75,62.583333333333336,260.5,-81.33333333333333,307.6559999999707,0.0,33.0,12.0,1054,2,1.0,True,24.0
1055,-2.176028,8.53951625,0.0656216525,283.5,6342.0,1.33645275,80.0,62.5,236.0,-104.5,302.21999999998957,0.0,33.0,12.0,1055,2,1.0,True,24.0
1056,-2.238139181818182,8.503668727272727,0.12588681818181818,282.45454545454544,6318.363636363636,-2.9116624545454544,50.63636363636363,62.54545454545455,121.63636363636364,129.9090909090909,301.5,0.0,33.0,12.0,1056,2,1.0,True,24.0
1057,-2.355933545454546,8.49607990909091,0.12584816363636364,286.27272727272725,6411.454545454545,0.8917702727272726,78.72727272727273,62.0,-41.0,292.45454545454544,303.04800000002723,0.0,33.0,12.0,1057,2,1.0,True,24.0
1058,-2.4749615,8.545806916666667,0.13769558333333334,284.5,6370.166666666667,2.5628568333333335,95.75,62.5,-23.916666666666668,299.0,306.3960000000021,0.0,33.0,12.0,1058,2,1.0,True,23.0
1059,-2.5666504545454547,8.645768363636364,0.15694276363636364,285.72727272727275,6395.818181818182,2.0309446363636363,97.0,62.0,14.181818181818182,299.0,148.3920000000042,0.0,33.0,12.0,1059,2,1.0,True,23.0
1060,-2.6051191818181816,8.819753272727274,0.2240050909090909,292.90909090909093,6561.090909090909,1.5753986363636363,98.0909090909091,62.0,148.63636363636363,299.0,311.86799999996435,0.0,33.0,12.0,1060,2,1.0,True,23.0
1061,-2.5930562727272726,9.015356363636364,0.2578843090909091,296.3636363636364,6633.272727272727,1.5017693636363634,96.45454545454545,62.0,286.27272727272725,229.0,313.41600000004405,0.0,33.0,8.0,1061,2,1.0,True,23.0
1062,-2.5957487272727273,9.286147090909092,0.2865423818181818,294.09090909090907,6590.363636363636,1.593886,97.0,62.0,299.0,273.54545454545456,319.24799999997487,0.0,33.0,8.0,1062,2,1.0,True,23.0
1063,-2.60685675,9.5590495,0.2975841,290.75,6513.25,1.610487,97.5,62.0,296.5,298.0,308.7359999999811,0.0,33.0,8.0,1063,2,1.0,True,23.0
1064,-2.6191026363636363,9.862282363636364,0.2979901636363636,292.1818181818182,6547.909090909091,1.6066514545454547,99.0,62.0,296.45454545454544,299.0,311.86800000001676,0.0,33.0,8.0,1064,2,1.0,True,23.0
1065,-2.625576181818182,10.11609,0.29872499999999996,295.0,6604.818181818182,1.6039936363636365,99.63636363636364,62.0,298.1818181818182,299.0,314.49600000000214,0.0,33.0,8.0,1065,2,1.0,True,23.0
1066,-2.634700083333333,10.436833333333333,0.2985767,289.5,6481.583333333333,1.6030748333333333,99.91666666666667,62.0,297.8333333333333,299.0,309.52799999998535,0.0,33.0,4.0,1066,2,1.0,True,23.0
1067,-2.6380165,10.719959999999999,0.2977968,288.0,6447.5,1.6083515,99.0,62.0,296.0,299.0,157.7880000000063,0.0,33.0,4.0,1067,2,1.0,True,20.0
1068,-2.6445944166666666,10.997581666666667,0.29839945,292.1666666666667,6553.333333333333,1.6072060833333335,99.41666666666667,62.0,297.4166666666667,299.0,310.0680000000168,0.0,33.0,4.0,1068,2,1.0,True,20.0
1069,-2.6504305833333333,11.274815833333333,0.29861215,295.1666666666667,6610.833333333333,1.6050449166666667,100.0,62.0,298.25,298.6666666666667,310.42799999998533,0.0,33.0,4.0,1069,2,1.0,True,20.0
1070,-2.657316181818182,11.561141818181817,0.2991117272727273,292.1818181818182,6544.363636363636,1.6061236363636362,100.0,62.0,298.72727272727275,298.8181818181818,308.5920000000042,0.0,33.0,4.0,1070,2,1.0,True,20.0
1071,-2.6684607272727274,11.88055818181818,0.2976034090909091,290.09090909090907,6498.545454545455,1.604019090909091,99.72727272727273,62.0,297.72727272727275,297.3636363636364,313.0920000000042,0.0,33.0,4.0,1071,2,1.0,True,20.0
1072,-2.678977818181818,12.108310909090909,0.21205453636363636,283.0,6330.545454545455,1.6846278181818184,98.27272727272727,62.0,299.0,125.18181818181819,299.66400000001886,0.0,33.0,190.0,1072,2,1.0,True,20.0
1073,-2.738511,12.25196090909091,0.1379147,285.3636363636364,6385.272727272727,2.136843727272727,96.45454545454545,62.0,298.72727272727275,-23.545454545454547,305.74799999997487,0.0,33.0,190.0,1073,2,1.0,True,20.0
1074,-2.8167546363636364,12.324475454545455,0.14046724545454545,286.09090909090907,6402.909090909091,2.660087909090909,91.9090909090909,62.0,297.6363636363636,-16.818181818181817,149.9760000000126,0.0,33.0,190.0,1074,2,1.0,True,20.0
1075,-2.9871814999999997,12.337485,0.18293235000000002,283.0,6340.5,0.020590499999999956,88.0,62.0,215.0,150.5,306.5760000000126,0.0,33.0,190.0,1075,2,1.0,True,22.0
1076,-3.1123228333333333,12.347027500000001,0.13305135833333334,285.25,6386.5,2.4462615,96.41666666666667,62.0,-23.25,289.25,301.8960000000021,0.0,33.0,190.0,1076,2,1.0,True,22.0
1077,-3.215094,12.42153,0.11115165454545455,284.1818181818182,6364.909090909091,2.3408627272727274,90.81818181818181,62.0,-55.81818181818182,277.54545454545456,308.1599999999686,0.0,33.0,190.0,1077,2,1.0,True,22.0
1078,-3.2370281666666667,12.518183333333333,0.13999993333333333,284.75,6375.75,1.8689197499999999,68.16666666666667,62.0,-3.4166666666666665,283.0,305.1,0.0,33.0,190.0,1078,2,1.0,True,22.0
1079,-3.2272505,12.738877500000001,0.24185355,293.5,6573.25,1.5830357499999999,47.75,62.0,238.5,244.75,309.85200000002516,0.0,33.0,190.0,1079,2,1.0,True,22.0
1080,-3.215809818181818,12.944798181818184,0.27741512727272727,297.1818181818182,6657.272727272727,1.6302284545454546,36.72727272727273,62.0,299.0,255.45454545454547,322.38000000001045,0.0,33.0,190.0,1080,2,1.0,True,22.0
1081,-3.209740333333333,13.211165000000001,0.285814,298.3333333333333,6689.333333333333,1.6682501666666667,43.333333333333336,62.0,299.0,272.1666666666667,312.6599999999686,0.0,33.0,190.0,1081,2,1.0,True,22.0
1082,-3.225181916666667,13.500410833333333,0.2955633166666667,295.3333333333333,6611.0,1.6803150833333333,60.583333333333336,62.0,298.4166666666667,292.75,311.21999999998957,0.0,33.0,190.0,1082,2,1.0,True,22.0
1083,-3.2425690000000005,13.758955,0.29524425,293.0,6559.5,1.6731095,62.5,62.0,291.0,299.0,160.0920000000042,0.0,33.0,190.0,1083,2,1.0,True,22.0
1084,-3.2710938333333335,14.033253333333333,0.2951378833333333,290.75,6519.5,1.6354520833333333,76.66666666666667,62.0,298.25,291.5833333333333,309.8880000000063,0.0,33.0,194.0,1084,2,1.0,True,22.0
1085,-3.2883765454545455,14.321461818181819,0.2982608727272727,291.45454545454544,6528.0,1.6368484545454545,94.63636363636364,62.0,297.1818181818182,298.90909090909093,313.3079999999958,0.0,33.0,194.0,1085,2,1.0,True,22.0
1086,-3.3038269090909087,14.618002727272728,0.2969459181818182,292.1818181818182,6543.909090909091,1.6310457272727275,98.63636363636364,62.0,294.54545454545456,299.0,312.1920000000042,0.0,33.0,194.0,1086,2,1.0,True,22.0
1087,-3.3186804545454547,14.890113636363635,0.2965978727272727,294.8181818181818,6599.636363636364,1.6222710909090912,99.54545454545455,62.0,293.72727272727275,299.0,308.9520000000251,0.0,33.0,194.0,1087,2,1.0,True,22.0
1088,-3.3296084545454545,15.174606363636364,0.2982996,292.09090909090907,6538.727272727273,1.6147998181818182,97.36363636363636,62.0,297.90909090909093,298.27272727272725,315.1439999999769,0.0,33.0,194.0,1088,2,1.0,True,22.0
1089,-3.334355909090909,15.438777272727272,0.29710062727272724,291.0,6520.636363636364,1.6150486363636363,94.0,62.0,296.3636363636364,297.54545454545456,308.9520000000251,0.0,33.0,194.0,1089,2,1.0,True,22.0
1090,-3.3577706363636364,15.76519090909091,0.2971392818181818,291.8181818181818,6535.818181818182,1.6013372727272726,89.9090909090909,62.0,294.45454545454544,299.0,310.35599999997066,0.0,33.0,194.0,1090,2,1.0,True,19.0
1091,-3.3586942727272726,16.007049090909092,0.2990731,292.3636363636364,6555.454545454545,1.600226909090909,87.54545454545455,62.0,299.0,299.0,156.9960000000021,0.0,33.0,194.0,1091,2,1.0,True,19.0
1092,-3.3662855,16.309096666666665,0.2992858,294.0,6586.333333333333,1.601443,91.66666666666667,62.0,299.0,299.0,313.3079999999958,0.0,33.0,194.0,1092,2,1.0,True,19.0
1093,-3.368429818181818,16.597694545454544,0.2986089727272727,292.0,6547.545454545455,1.606821909090909,94.36363636363636,62.0,299.0,297.90909090909093,314.7840000000084,0.0,33.0,194.0,1093,2,1.0,True,19.0
1094,-3.3762075454545455,16.882684545454545,0.2883987727272727,286.09090909090907,6412.0,1.6063873636363637,98.0909090909091,62.0,287.27272727272725,289.45454545454544,306.5039999999979,0.0,33.0,194.0,1094,2,1.0,True,19.0
1095,-3.368883,17.0840125,0.18059250000000002,280.0,6270.0,1.44446675,95.75,62.0,74.25,286.75,303.9119999999937,0.0,33.0,336.0,1095,2,1.0,True,19.0
1096,-3.321922818181818,17.18420909090909,0.11575400909090909,283.0,6333.272727272727,0.9094947636363635,94.72727272727273,62.0,-46.27272727272727,277.72727272727275,300.56400000001884,0.0,33.0,336.0,1096,2,1.0,True,19.0
1097,-3.2421065454545457,17.223953636363635,0.12762723636363638,286.54545454545456,6419.090909090909,0.34621970454545453,96.81818181818181,62.0,-24.727272727272727,279.90909090909093,306.93599999998116,0.0,33.0,332.0,1097,2,1.0,True,16.0
1098,-3.080875818181818,17.251288181818182,0.2438452909090909,296.90909090909093,6656.090909090909,-0.011785884545454546,94.27272727272727,62.0,242.8181818181818,244.72727272727272,315.54000000003145,0.0,33.0,328.0,1098,2,1.0,True,16.0
1099,-2.839349,17.261235,0.28631035,299.5,6707.5,0.051519085,97.0,62.0,299.0,273.0,163.36799999996438,0.0,33.0,324.0,1099,2,1.0,True,16.0
1100,-2.5625177272727275,17.275916363636362,0.25865782727272724,290.3636363636364,6509.0,0.055570885454545464,96.0,62.0,228.54545454545453,289.0,306.64800000002725,0.0,33.0,88.0,1100,2,1.0,True,15.0
1101,-2.3939399090909093,17.25954909090909,0.10975939818181818,284.3636363636364,6366.454545454545,-0.34992980545454544,96.36363636363636,62.0,-58.18181818181818,277.54545454545456,304.91999999998956,0.0,33.0,88.0,1101,2,1.0,True,15.0
1102,-2.3386827272727273,17.198754545454545,0.09684196909090909,286.0,6404.727272727273,-0.8444921454545454,84.18181818181819,62.0,-80.63636363636364,274.0,303.3,0.0,33.0,84.0,1102,2,1.0,True,14.0
1103,-2.3261425,17.0337525,0.21175477499999998,292.5,6545.5,-1.37684875,55.0,62.0,131.75,291.75,312.1920000000042,0.0,33.0,32.0,1103,2,1.0,True,14.0
1104,-2.3169346,16.804313999999998,0.29230879,292.9,6566.0,-1.4925594,33.8,62.0,298.7,285.6,153.75600000002305,0.0,33.0,32.0,1104,2,1.0,True,14.0
