t_1hz,X-coordinate,Y-coordinate,Speed,power consumption,current consuption,Heading,Position confidence,Battery value,RIGHT DRIVE SIGNALS.ActualSpeed_R,LEFT DRIVE SIGNALS.ActualSpeed_L,energy_J_step,scanner_active,Going to ID,Current segment,t_sec,session,interval_check,is_1hz_ok
0,-3.1220324545454545,5.743989363636363,0.2987249818181818,288.1818181818182,6487.090909090909,1.5970639999999998,98.9090909090909,61.0,298.1818181818182,299.0,158.75999999996858,0.0,2.0,280.0,0,1,1.0,True
1,-3.125720818181818,6.003362818181818,0.29895702727272727,290.3636363636364,6542.818181818182,1.5976296363636364,99.0,61.0,299.0,298.45454545454544,308.88000000001045,0.0,2.0,276.0,1,1,1.0,True
2,-3.134338909090909,6.303647545454546,0.29915044545454544,293.1818181818182,6607.818181818182,1.5983221818181819,98.45454545454545,61.0,299.0,299.0,312.11999999998955,0.0,2.0,276.0,2,1,1.0,True
3,-3.1409447,6.5687167,0.29915817999999994,292.4,6591.0,1.5974263,98.8,61.0,299.0,299.0,314.2800000000105,0.0,2.0,276.0,3,1,1.0,True
4,-3.1471206666666665,6.8815463333333335,0.2992149,291.3333333333333,6568.166666666667,1.5977605,98.0,61.0,299.0,299.0,310.6800000000105,0.0,2.0,276.0,4,1,1.0,True
5,-3.1541965454545458,7.165990818181819,0.2990731,292.27272727272725,6579.727272727273,1.597477818181818,98.63636363636364,61.0,299.0,299.0,312.11999999998955,0.0,2.0,276.0,5,1,1.0,True
6,-3.160666,7.430987,0.29886035,292.0,6590.0,1.59695,99.0,61.0,299.0,298.5,152.63999999997904,0.0,2.0,276.0,6,1,1.0,True
7,-3.1670326363636363,7.709258636363637,0.29930513636363637,292.54545454545456,6593.636363636364,1.598316181818182,99.54545454545455,61.0,299.0,299.0,316.44000000003143,0.0,2.0,276.0,7,1,1.0,True
8,-3.1768249166666664,7.985361999999999,0.29878946666666667,292.25,6580.916666666667,1.5974153333333334,99.33333333333333,61.0,298.3333333333333,299.0,309.6,0.0,2.0,276.0,8,1,1.0,True
9,-3.1796325454545453,8.256605454545454,0.23150798181818183,287.0,6471.454545454545,1.521599181818182,99.45454545454545,61.0,163.63636363636363,299.0,302.03999999997905,0.0,2.0,276.0,9,1,1.0,True
10,-3.148991727272727,8.432299454545454,0.14708065454545455,283.54545454545456,6381.545454545455,1.1788781454545454,95.27272727272727,61.0,0.09090909090909091,293.8181818181818,304.560000000021,0.0,2.0,276.0,10,1,1.0,True
12,-2.996935,8.536398,0.12223849999999999,284.5,6409.0,0.10386389733333333,90.16666666666667,61.0,21.0,223.33333333333334,302.03999999997905,0.0,2.0,276.0,12,1,1.0,True
13,-2.8248485454545453,8.562108636363636,0.1556665090909091,282.8181818181818,6364.272727272727,0.24610878909090908,93.18181818181819,61.0,298.6363636363636,12.909090909090908,303.47999999995807,0.0,2.0,276.0,13,1,1.0,True
14,-2.720095,8.625162999999999,0.14272975000000002,285.0,6416.5,0.6819286,87.5,61.0,299.0,-14.0,150.12000000004193,0.0,2.0,276.0,14,1,1.0,True
15,-2.6586439166666667,8.740662916666667,0.16329189166666666,285.5,6433.25,1.2435049166666665,91.0,61.0,299.0,26.833333333333332,307.0799999999581,0.0,2.0,276.0,15,1,1.0,True
16,-2.6520533636363637,8.931316363636364,0.22361834545454548,295.0,6646.454545454545,1.5858734545454547,94.18181818181819,61.0,267.3636363636364,179.8181818181818,312.4800000000629,0.0,2.0,8.0,16,1,1.0,True
17,-2.655410272727273,9.180232545454546,0.2778792,294.27272727272725,6632.363636363636,1.581084,97.27272727272727,61.0,256.1818181818182,299.0,312.83999999997906,0.0,2.0,8.0,17,1,1.0,True
18,-2.6541704999999998,9.43777775,0.29715865,292.25,6588.25,1.5548327499999999,97.75,61.0,296.75,297.0,314.27999999995814,0.0,2.0,8.0,18,1,1.0,True
19,-2.6508040833333335,9.735952833333334,0.29673322500000004,293.8333333333333,6623.75,1.5612023333333334,98.83333333333333,61.0,299.0,294.25,307.8,0.0,2.0,8.0,19,1,1.0,True
20,-2.6513221666666666,10.031960666666667,0.2970877666666667,291.1666666666667,6566.166666666667,1.5691721666666665,98.83333333333333,61.0,299.0,294.6666666666667,307.439999999979,0.0,2.0,8.0,20,1,1.0,True
21,-2.6516563636363633,10.308078181818182,0.2973714,289.0,6516.454545454545,1.5755733636363636,100.0,61.0,299.0,295.0,310.3200000000419,0.0,2.0,8.0,21,1,1.0,True
22,-2.6539250909090906,10.582492727272728,0.2980675090909091,289.54545454545456,6526.818181818182,1.5833704545454546,98.9090909090909,61.0,299.0,296.6363636363636,158.4,0.0,2.0,4.0,22,1,1.0,True
23,-2.649789818181818,10.87744909090909,0.2973326727272727,291.0,6562.727272727273,1.592540090909091,99.0,61.0,299.0,294.90909090909093,307.4399999999791,0.0,2.0,4.0,23,1,1.0,True
24,-2.6563026,11.18294,0.29911563,290.9,6564.1,1.5968101000000001,99.9,61.0,299.0,298.7,312.12000000004195,0.0,2.0,4.0,24,1,1.0,True
25,-2.660064333333333,11.432278333333334,0.2992858,290.3333333333333,6547.166666666667,1.5986993333333333,100.0,61.0,299.0,299.0,308.51999999993717,0.0,2.0,4.0,25,1,1.0,True
26,-2.6679092727272726,11.740131818181817,0.29915044545454544,290.72727272727275,6566.181818181818,1.5990845454545453,100.0,61.0,299.0,299.0,311.04000000008386,0.0,2.0,4.0,26,1,1.0,True
27,-2.672362,11.988239090909092,0.27493993636363634,291.27272727272725,6570.0,1.5748481818181816,99.63636363636364,61.0,250.63636363636363,299.0,306.0,0.0,2.0,30.0,27,1,1.0,True
28,-2.649511833333333,12.199518333333332,0.1579741,285.6666666666667,6432.666666666667,1.2793365,95.0,61.0,16.5,299.0,305.27999999995814,0.0,2.0,30.0,28,1,1.0,True
29,-2.585196818181818,12.289342727272727,0.12410777272727272,284.8181818181818,6420.363636363636,0.7945158909090909,88.45454545454545,61.0,-43.0,291.1818181818182,308.52000000004193,0.0,2.0,30.0,29,1,1.0,True
30,-2.4800162727272728,12.342435454545454,0.1573682090909091,287.72727272727275,6483.272727272727,0.19779388181818183,92.81818181818181,61.0,16.272727272727273,298.09090909090907,151.91999999993715,0.0,2.0,30.0,30,1,1.0,True
31,-2.3416350833333333,12.3603775,0.12805264166666666,284.25,6400.416666666667,0.15449674916666667,80.41666666666667,61.0,219.41666666666666,37.0,302.76000000002097,0.0,2.0,30.0,31,1,1.0,True
32,-2.2411315454545457,12.428402727272726,0.10225649090909092,285.27272727272725,6416.454545454545,0.6736312545454546,91.45454545454545,61.0,276.45454545454544,-71.72727272727273,301.6799999999581,0.0,2.0,30.0,32,1,1.0,True
33,-2.2046401818181818,12.507187272727272,0.1310306181818182,285.27272727272725,6424.090909090909,1.2020225272727272,91.72727272727273,61.0,284.8181818181818,-23.272727272727273,305.64000000008383,0.0,2.0,30.0,33,1,1.0,True
34,-2.1973581818181818,12.672107272727272,0.22431449090909092,295.45454545454544,6665.454545454545,1.6622902727272726,95.18181818181819,61.0,266.27272727272725,182.1818181818182,308.1599999999162,0.0,2.0,30.0,34,1,1.0,True
35,-2.2071715,12.918535,0.2697188,293.5833333333333,6619.166666666667,1.60712875,96.66666666666667,61.0,240.75,298.75,315.36000000002093,0.0,2.0,30.0,35,1,1.0,True
36,-2.2136068333333334,13.169058333333332,0.2966623,293.1666666666667,6605.166666666667,1.5495335,96.83333333333333,61.0,295.0,298.5,309.2399999999791,0.0,2.0,30.0,36,1,1.0,True
37,-2.2173265,13.439446666666667,0.29705229166666663,291.5833333333333,6574.333333333333,1.5463945,93.33333333333333,61.0,299.0,294.8333333333333,315.0,0.0,2.0,30.0,37,1,1.0,True
38,-2.212663090909091,13.725124545454547,0.29628846363636363,291.27272727272725,6565.545454545455,1.5577860909090908,92.54545454545455,61.0,299.0,293.45454545454544,156.24000000008382,0.0,2.0,34.0,38,1,1.0,True
39,-2.206451181818182,14.05835,0.2971393090909091,288.6363636363636,6508.545454545455,1.5750387272727273,96.45454545454545,61.0,299.0,294.45454545454544,311.4,0.0,2.0,34.0,39,1,1.0,True
40,-2.204621909090909,14.292491818181817,0.29675254545454544,290.27272727272725,6548.363636363636,1.5832150909090907,96.63636363636364,61.0,299.0,294.09090909090907,309.2399999999791,0.0,2.0,34.0,40,1,1.0,True
41,-2.2132893333333334,14.589316666666667,0.29857673333333334,294.1666666666667,6631.0,1.5840895,96.0,61.0,299.0,297.8333333333333,312.83999999997906,0.0,2.0,34.0,41,1,1.0,True
42,-2.2187532500000002,14.8615425,0.2984349,291.5,6579.0,1.58446775,95.0,61.0,299.0,297.5,310.3200000000419,0.0,2.0,34.0,42,1,1.0,True
43,-2.2298317272727273,15.15792181818182,0.29872496363636364,291.27272727272725,6563.545454545455,1.5829751818181819,93.81818181818181,61.0,299.0,298.72727272727275,308.8799999999581,0.0,2.0,34.0,43,1,1.0,True
44,-2.2323374545454544,15.398639090909091,0.29876365454545456,291.90909090909093,6582.181818181818,1.586288,92.27272727272727,61.0,298.45454545454544,298.8181818181818,313.560000000021,0.0,2.0,34.0,44,1,1.0,True
45,-2.2363126363636363,15.72247,0.29868632727272726,294.1818181818182,6635.0,1.588203818181818,89.36363636363636,61.0,299.0,298.09090909090907,308.5199999999371,0.0,2.0,34.0,45,1,1.0,True
46,-2.2402024999999997,15.991559999999998,0.29864765,295.5,6661.0,1.59075,91.5,61.0,299.0,298.0,155.88000000006286,0.0,2.0,34.0,46,1,1.0,True
47,-2.2468725833333334,16.27627083333333,0.2992858,292.25,6582.25,1.5915584999999999,93.83333333333333,61.0,299.0,299.0,313.91999999993715,0.0,2.0,34.0,47,1,1.0,True
48,-2.2534,16.567179,0.29911560000000004,288.9,6511.5,1.5929686,94.9,61.0,298.6,299.0,312.12000000004195,0.0,2.0,34.0,48,1,1.0,True
49,-2.2584353333333334,16.878371666666666,0.298364,289.6666666666667,6533.5,1.5971271666666667,95.33333333333333,61.0,297.3333333333333,299.0,307.8,0.0,2.0,34.0,49,1,1.0,True
50,-2.267611818181818,17.19505818181818,0.29860895454545455,292.90909090909093,6609.181818181818,1.5943548181818181,96.0,61.0,297.90909090909093,299.0,313.9200000000419,0.0,2.0,78.0,50,1,1.0,True
51,-2.2737243333333335,17.443415833333336,0.29939215,292.3333333333333,6596.916666666667,1.5931886666666666,96.75,61.0,299.0,299.0,308.5199999999371,0.0,2.0,82.0,51,1,1.0,True
52,-2.2803901818181815,17.715189090909092,0.2989183454545455,290.8181818181818,6563.545454545455,1.5921482727272727,97.18181818181819,61.0,298.8181818181818,298.45454545454544,308.52000000004193,0.0,2.0,110.0,52,1,1.0,True
53,-2.286743083333333,18.00017,0.2984349,291.3333333333333,6574.166666666667,1.59427425,99.08333333333333,61.0,297.6666666666667,298.8333333333333,315.0,0.0,2.0,114.0,53,1,1.0,True
54,-2.2906524999999998,18.304125,0.29864765,294.0,6646.5,1.5955675,100.0,61.0,299.0,298.0,157.31999999993715,0.0,2.0,54.0,54,1,1.0,True
55,-2.2972753333333333,18.553941666666667,0.29910850833333336,293.25,6622.833333333333,1.5965970833333334,100.0,61.0,298.5833333333333,299.0,308.88000000006286,0.0,2.0,54.0,55,1,1.0,True
56,-2.3046656666666667,18.859870833333336,0.2984349333333333,288.5833333333333,6513.0,1.5983075833333336,100.0,61.0,297.1666666666667,299.0,313.2,0.0,2.0,54.0,56,1,1.0,True
57,-2.3080594545454542,19.117769090909093,0.2989183818181818,288.6363636363636,6513.636363636364,1.5973764545454545,100.0,61.0,299.0,298.45454545454544,309.2399999999791,0.0,2.0,54.0,57,1,1.0,True
58,-2.310027,19.42555909090909,0.2974100181818182,292.09090909090907,6599.0,1.6000027272727273,100.0,61.0,299.0,295.6363636363636,311.03999999997905,0.0,2.0,54.0,58,1,1.0,True
59,-2.3157039090909093,19.679206363636364,0.29872496363636364,294.27272727272725,6643.727272727273,1.6034061818181817,100.0,61.0,299.0,298.1818181818182,314.28000000006284,0.0,2.0,54.0,59,1,1.0,True
60,-2.325769833333333,19.985963333333334,0.29829313333333335,290.5,6553.166666666667,1.6038263333333334,100.0,61.0,297.1666666666667,299.0,308.8799999999581,0.0,2.0,54.0,60,1,1.0,True
61,-2.333765909090909,20.27812090909091,0.2990343909090909,289.54545454545456,6539.272727272727,1.601132818181818,99.45454545454545,61.0,298.27272727272725,299.0,309.96000000002095,0.0,2.0,58.0,61,1,1.0,True
62,-2.3379282727272725,20.53229909090909,0.29903437272727273,291.3636363636364,6571.272727272727,1.6008164545454546,100.0,61.0,299.0,298.45454545454544,156.23999999997906,0.0,2.0,58.0,62,1,1.0,True
63,-2.3446723333333335,20.808411666666665,0.29903764166666663,292.25,6596.166666666667,1.60167475,100.0,61.0,299.0,298.9166666666667,310.6799999999581,0.0,2.0,58.0,63,1,1.0,True
64,-2.3519867999999997,21.113684,0.29903051,292.0,6584.3,1.6008848999999998,100.0,61.0,298.5,299.0,308.88000000006286,0.0,2.0,58.0,64,1,1.0,True
65,-2.3583113333333334,21.421310000000002,0.2990021666666667,291.0,6565.833333333333,1.6011334999999998,100.0,61.0,299.0,298.6666666666667,313.20000000000005,0.0,2.0,58.0,65,1,1.0,True
66,-2.362680272727273,21.639535454545456,0.15524105727272727,271.1818181818182,6106.181818181818,1.6027161818181819,100.0,61.0,155.27272727272728,155.0909090909091,286.560000000021,0.0,2.0,58.0,66,1,1.0,True
67,-2.36462825,21.75756416666667,0.09954921,267.3333333333333,6017.083333333333,1.604084,100.0,61.0,100.0,100.0,284.7599999999162,0.0,2.0,58.0,67,1,1.0,True
89,-2.3659993333333333,21.795811666666665,0.09309697033333335,273.6666666666667,6156.833333333333,-1.5522656666666668,98.5,61.0,100.16666666666667,86.0,293.03999999997905,0.0,3.0,56.0,89,1,1.0,True
90,-2.3640006363636363,21.603706363636363,0.2943934181818182,293.90909090909093,6634.363636363636,-1.5523060909090909,99.81818181818181,61.0,292.6363636363636,295.6363636363636,307.8,0.0,3.0,56.0,90,1,1.0,True
91,-2.36086225,21.3131775,0.29847036666666665,295.1666666666667,6664.166666666667,-1.5513550833333332,100.0,61.0,299.0,297.5833333333333,312.12000000004195,0.0,3.0,56.0,91,1,1.0,True
92,-2.357789909090909,21.060616363636363,0.2986089727272727,291.54545454545456,6579.818181818182,-1.5497228181818181,100.0,61.0,299.0,297.90909090909093,308.8799999999581,0.0,3.0,56.0,92,1,1.0,True
93,-2.3507286666666665,20.764573333333335,0.29932125,289.6666666666667,6540.333333333333,-1.547178,100.0,61.0,299.0,299.0,315.0,0.0,3.0,56.0,93,1,1.0,True
94,-2.3426750000000003,20.49301,0.29886035,292.0,6585.5,-1.5474780000000001,100.0,61.0,298.0,299.0,156.6,0.0,3.0,56.0,94,1,1.0,True
95,-2.339300181818182,20.17384909090909,0.2980675090909091,296.1818181818182,6685.636363636364,-1.546917181818182,100.0,61.0,299.0,296.6363636363636,312.12000000004195,0.0,3.0,52.0,95,1,1.0,True
96,-2.3345165454545453,19.931445454545454,0.2979901636363636,292.0,6589.636363636364,-1.5431975454545452,100.0,61.0,297.90909090909093,297.54545454545456,309.96000000002095,0.0,3.0,52.0,96,1,1.0,True
97,-2.3265371666666668,19.622493333333335,0.2979385666666667,291.0,6564.5,-1.5441566666666666,100.0,61.0,298.0,297.3333333333333,309.2399999999791,0.0,3.0,52.0,97,1,1.0,True
98,-2.3227094545454547,19.341755454545453,0.2975260727272727,290.8181818181818,6562.363636363636,-1.5406428181818184,100.0,61.0,296.8181818181818,297.54545454545456,314.63999999997907,0.0,3.0,52.0,98,1,1.0,True
99,-2.3189873333333337,19.059760833333332,0.29804495,293.1666666666667,6613.666666666667,-1.5400867500000002,99.41666666666667,61.0,299.0,296.75,308.8799999999581,0.0,3.0,52.0,99,1,1.0,True
100,-2.3121522727272725,18.807693636363638,0.2984929,293.1818181818182,6630.818181818182,-1.5400189090909089,99.27272727272727,61.0,298.54545454545456,299.0,308.52000000004193,0.0,3.0,52.0,100,1,1.0,True
101,-2.299758,18.481037272727274,0.29420002727272726,290.3636363636364,6554.818181818182,-1.5452893636363638,97.54545454545455,61.0,291.1818181818182,297.0,308.8799999999581,0.0,3.0,52.0,101,1,1.0,True
102,-2.3013254545454545,18.25836272727273,0.19155682727272724,281.45454545454544,6354.818181818182,-1.7003673636363636,97.36363636363636,61.0,85.72727272727273,297.1818181818182,149.76000000002097,0.0,3.0,104.0,102,1,1.0,True
103,-2.3395234166666667,18.15460333333333,0.10093186250000001,283.1666666666667,6381.583333333333,-2.2013320000000003,92.75,61.0,-70.0,272.0833333333333,303.12000000004195,0.0,3.0,104.0,103,1,1.0,True
104,-2.422725,18.097759,0.11865073500000001,285.1,6437.5,-2.7877327999999997,81.1,61.0,-43.4,280.8,303.83999999997906,0.0,3.0,100.0,104,1,1.0,True
105,-2.5636495454545454,18.117031818181818,0.22717639090909092,289.54545454545456,6535.0,1.95674,71.0909090909091,61.0,223.36363636363637,230.54545454545453,308.160000000021,0.0,3.0,302.0,105,1,1.0,True
106,-2.80366425,18.097915,0.278227275,294.25,6645.5,-1.541766,77.75,61.0,298.25,257.75,320.4,0.0,3.0,306.0,106,1,1.0,True
107,-3.0732621818181816,18.086108181818183,0.29741005454545455,291.8181818181818,6587.545454545455,-3.0795334545454547,88.63636363636364,61.0,298.1818181818182,296.45454545454544,308.160000000021,0.0,3.0,294.0,107,1,1.0,True
108,-3.3717061666666663,18.073541666666667,0.2953151333333333,289.8333333333333,6534.666666666667,-3.080555,92.83333333333333,61.0,292.5,297.3333333333333,308.1599999999162,0.0,3.0,298.0,108,1,1.0,True
109,-3.6448359090909093,18.054945454545454,0.2953989545454545,292.6363636363636,6605.636363636364,-3.092048090909091,95.54545454545455,61.0,291.3636363636364,299.0,318.6,0.0,3.0,134.0,109,1,1.0,True
110,-3.9425691818181816,18.04165272727273,0.2972553363636364,293.90909090909093,6643.454545454545,-3.1053397272727277,95.0,61.0,296.27272727272725,297.90909090909093,155.5200000000419,0.0,3.0,134.0,110,1,1.0,True
111,-4.197865916666667,18.019985000000002,0.29676869999999994,292.6666666666667,6605.333333333333,-3.1184176666666663,94.08333333333333,61.0,294.25,298.8333333333333,309.2399999999791,0.0,3.0,134.0,111,1,1.0,True
112,-4.499842999999999,18.020169090909093,0.29748736363636363,290.0,6538.454545454545,-3.118196,96.54545454545455,61.0,298.72727272727275,295.54545454545456,308.160000000021,0.0,3.0,138.0,112,1,1.0,True
113,-4.772225,18.013786666666665,0.2959532833333333,290.1666666666667,6551.666666666667,-3.1153851666666665,97.66666666666667,61.0,295.6666666666667,296.0,308.52000000004193,0.0,3.0,138.0,113,1,1.0,True
114,-5.004677272727273,18.008646363636363,0.13745058454545453,271.27272727272725,6108.272727272727,-3.1153493636363634,97.81818181818181,61.0,137.63636363636363,138.0,287.63999999997907,0.0,3.0,138.0,114,1,1.0,True
115,-5.094778363636364,18.00688272727273,0.0949855718181818,265.27272727272725,5963.727272727273,-3.115166454545455,98.0,61.0,95.45454545454545,95.27272727272727,284.03999999997905,0.0,3.0,138.0,115,1,1.0,True
133,-5.136723636363636,17.998840909090912,0.09084736363636364,278.09090909090907,6277.272727272727,0.03412533909090909,94.54545454545455,61.0,90.27272727272727,91.45454545454545,297.36000000002093,0.0,2.0,136.0,133,1,1.0,True
134,-4.925734363636364,18.002406363636364,0.2982996,292.27272727272725,6603.636363636364,0.02928745727272727,98.0,61.0,298.09090909090907,298.54545454545456,156.23999999997906,0.0,2.0,136.0,134,1,1.0,True
135,-4.69393,18.002773333333334,0.29868305833333336,292.3333333333333,6611.916666666667,0.032453835,98.0,61.0,299.0,298.0833333333333,308.160000000021,0.0,2.0,136.0,135,1,1.0,True
136,-4.377890272727273,18.016258181818184,0.2984929090909091,290.45454545454544,6551.272727272727,0.030375305454545455,98.36363636363636,61.0,297.72727272727275,298.90909090909093,313.2,0.0,2.0,132.0,136,1,1.0,True
137,-4.120271166666666,18.025593333333333,0.2990730833333333,291.6666666666667,6590.166666666667,0.026393653333333333,99.0,61.0,298.6666666666667,299.0,308.5199999999371,0.0,2.0,132.0,137,1,1.0,True
138,-3.8234405000000002,18.033469999999998,0.29907307499999997,290.5,6557.0,0.024433294999999997,99.75,61.0,299.0,298.75,313.9200000000419,0.0,2.0,132.0,138,1,1.0,True
139,-3.540616909090909,18.035626363636364,0.29887969090909094,289.90909090909093,6549.181818181818,0.025511300909090907,99.27272727272727,61.0,299.0,298.54545454545456,311.03999999997905,0.0,2.0,292.0,139,1,1.0,True
140,-3.2367355,18.039046666666668,0.29886035,293.0,6619.166666666667,0.030475436666666664,98.83333333333333,60.5,299.0,298.6666666666667,307.0799999999581,0.0,2.0,304.0,140,1,1.0,True
141,-2.98698475,18.045555,0.2984349,292.5833333333333,6612.833333333333,0.03168304,98.08333333333333,61.0,298.9166666666667,298.0,314.28000000006284,0.0,2.0,304.0,141,1,1.0,True
142,-2.6870055,18.04947,0.29886035,292.0,6591.5,0.034434815,99.5,61.0,298.5,299.0,152.2799999999581,0.0,2.0,300.0,142,1,1.0,True
143,-2.455795909090909,18.071175454545454,0.14646188181818182,283.8181818181818,6413.363636363636,0.21864833636363637,99.0909090909091,61.0,264.6363636363636,28.636363636363637,304.560000000021,0.0,2.0,102.0,143,1,1.0,True
144,-2.366731727272727,18.124731818181818,0.09649388727272727,284.0,6405.0,0.7678547545454545,98.0,61.0,267.3636363636364,-74.63636363636364,300.23999999997903,0.0,2.0,106.0,144,1,1.0,True
145,-2.3459666363636362,18.214817272727274,0.12623492727272725,283.90909090909093,6403.454545454545,1.2714987818181818,87.36363636363636,61.0,283.1818181818182,-31.454545454545453,301.6800000000629,0.0,2.0,106.0,145,1,1.0,True
146,-2.3507107499999997,18.343575,0.22940990000000003,291.5,6590.25,1.6511432499999998,62.0,61.0,232.75,225.75,312.83999999997906,0.0,2.0,54.0,146,1,1.0,True
147,-2.36685,18.609830000000002,0.2661994272727273,295.3636363636364,6675.0,1.5844889090909091,79.36363636363636,61.0,232.9090909090909,299.0,317.5199999999371,0.0,2.0,54.0,147,1,1.0,True
148,-2.354577545454546,18.880577272727272,0.2942387090909091,293.27272727272725,6615.818181818182,1.541955909090909,97.45454545454545,61.0,291.72727272727275,296.6363636363636,308.88000000006286,0.0,2.0,54.0,148,1,1.0,True
149,-2.346504,19.171071666666666,0.2950669416666667,289.5833333333333,6537.75,1.5497456666666667,100.0,61.0,299.0,290.6666666666667,313.560000000021,0.0,2.0,54.0,149,1,1.0,True
150,-2.336478272727273,19.437342727272725,0.2940453,291.90909090909093,6583.363636363636,1.5652397272727272,100.0,61.0,299.0,288.6363636363636,155.51999999993714,0.0,2.0,54.0,150,1,1.0,True
151,-2.3371005,19.7410575,0.29694593333333336,290.25,6554.333333333333,1.5781625833333333,100.0,61.0,299.0,294.0833333333333,309.96000000002095,0.0,2.0,54.0,151,1,1.0,True
152,-2.337367,19.992379,0.29788188,286.5,6467.1,1.5875405,100.0,61.0,299.0,296.2,307.8,0.0,2.0,54.0,152,1,1.0,True
153,-2.3435681666666666,20.309961666666666,0.2991439833333333,290.1666666666667,6559.0,1.58983,100.0,61.0,299.0,298.8333333333333,308.160000000021,0.0,2.0,58.0,153,1,1.0,True
154,-2.3456,20.577130909090908,0.29822221818181816,292.45454545454544,6610.363636363636,1.5921770000000002,100.0,61.0,299.0,296.8181818181818,313.91999999993715,0.0,2.0,58.0,154,1,1.0,True
155,-2.349677818181818,20.881247272727272,0.2989183818181818,292.45454545454544,6612.0,1.596955909090909,100.0,60.45454545454545,299.0,298.45454545454544,307.8,0.0,2.0,58.0,155,1,1.0,True
156,-2.3541458333333334,21.14651,0.29878944999999996,289.8333333333333,6547.0,1.6001013333333332,100.0,61.0,299.0,298.0,307.8,0.0,2.0,58.0,156,1,1.0,True
157,-2.3597094166666666,21.452637499999998,0.2948188583333333,287.5,6495.25,1.6005170833333333,100.0,61.0,294.75,294.75,307.44000000008384,0.0,2.0,58.0,157,1,1.0,True
158,-2.364995181818182,21.66380818181818,0.16703693272727274,266.3636363636364,5997.545454545455,1.6012535454545456,100.0,61.0,167.27272727272728,167.27272727272728,141.83999999997906,0.0,2.0,58.0,158,1,1.0,True
159,-2.3682742727272728,21.779168181818182,0.09954921,266.6363636363636,6005.818181818182,1.601359,100.0,61.0,100.0,100.0,285.83999999997906,0.0,2.0,58.0,159,1,1.0,True
183,-2.365946666666667,21.624108333333336,0.2771282941666667,289.1666666666667,6529.333333333333,-1.5511445833333335,99.5,61.0,276.1666666666667,278.1666666666667,315.0,0.0,4.0,56.0,183,1,1.0,True
184,-2.364612363636364,21.34752090909091,0.2984155636363636,286.6363636363636,6476.909090909091,-1.5500784545454545,100.0,61.0,299.0,298.0,312.11999999993714,0.0,4.0,56.0,184,1,1.0,True
185,-2.3591238333333333,21.055493333333335,0.2990730833333333,291.6666666666667,6594.166666666667,-1.5467433333333334,100.0,60.5,299.0,298.6666666666667,306.36000000002093,0.0,4.0,56.0,185,1,1.0,True
186,-2.354065,20.7948725,0.298966725,293.5,6638.5,-1.5449737499999998,100.0,60.5,299.0,298.5,315.0,0.0,4.0,56.0,186,1,1.0,True
187,-2.3448004166666667,20.490853333333334,0.2981158666666666,292.8333333333333,6622.666666666667,-1.5444966666666666,100.0,61.0,297.25,298.5,309.6,0.0,4.0,56.0,187,1,1.0,True
188,-2.3404745454545455,20.210548181818183,0.2988023272727273,292.27272727272725,6602.272727272727,-1.5453216363636364,100.0,61.0,299.0,298.3636363636364,314.28000000006284,0.0,4.0,52.0,188,1,1.0,True
189,-2.3305421818181817,19.921492727272728,0.2986089272727273,292.09090909090907,6611.0,-1.5452203636363635,100.0,60.45454545454545,298.27272727272725,298.6363636363636,308.5199999999371,0.0,4.0,52.0,189,1,1.0,True
190,-2.325546909090909,19.645374545454548,0.2979901636363636,293.0,6625.0,-1.5466176363636364,100.0,60.45454545454545,298.09090909090907,297.3636363636364,158.76000000002097,0.0,4.0,52.0,190,1,1.0,True
191,-2.317935363636364,19.362815454545455,0.2984542363636364,293.27272727272725,6636.0,-1.5450779090909093,99.54545454545455,60.54545454545455,298.09090909090907,299.0,308.16000000002094,0.0,4.0,52.0,191,1,1.0,True
192,-2.3183886,19.060753,0.29792438,288.2,6513.0,-1.5421629,99.4,60.9,298.8,296.5,312.47999999995807,0.0,4.0,52.0,192,1,1.0,True
193,-2.3129835,18.807021666666667,0.29822218333333333,289.0,6540.166666666667,-1.538001666666667,99.16666666666667,61.0,298.3333333333333,297.6666666666667,308.52000000004193,0.0,4.0,52.0,193,1,1.0,True
194,-2.30218575,18.5130175,0.29832854999999997,290.75,6576.75,-1.5399005,99.75,60.5,297.25,299.0,311.03999999997905,0.0,4.0,52.0,194,1,1.0,True
195,-2.2916852727272725,18.231313636363634,0.29818352727272723,291.1818181818182,6587.454545454545,-1.5437194545454545,100.0,60.45454545454545,296.90909090909093,299.0,313.2,0.0,4.0,112.0,195,1,1.0,True
196,-2.283202166666667,17.923673333333333,0.29864765,289.6666666666667,6550.833333333333,-1.5470713333333332,100.0,60.5,298.1666666666667,299.0,309.6,0.0,4.0,108.0,196,1,1.0,True
197,-2.282636363636364,17.680667272727273,0.25243115454545456,284.72727272727275,6434.090909090909,-1.5921192727272726,99.9090909090909,61.0,205.8181818181818,299.0,305.27999999995814,0.0,4.0,48.0,197,1,1.0,True
198,-2.3138720000000004,17.47871,0.16782975,286.0,6455.0,-1.9134464999999998,98.5,61.0,36.0,299.0,151.20000000000002,0.0,4.0,48.0,198,1,1.0,True
199,-2.38677925,17.375581666666665,0.112701925,284.5833333333333,6434.916666666667,-2.4263759166666667,94.16666666666667,61.0,-55.166666666666664,280.5833333333333,302.4,0.0,4.0,44.0,199,1,1.0,True
200,-2.4777869999999997,17.333392727272727,0.1544288709090909,289.0,6539.272727272727,-0.7459672727272728,85.81818181818181,60.63636363636363,23.818181818181817,284.72727272727275,303.12000000004195,0.0,4.0,326.0,200,1,1.0,True
201,-2.656282090909091,17.330235454545456,0.25347536363636364,295.72727272727275,6688.181818181818,1.393168,75.36363636363636,60.0,273.90909090909093,233.27272727272728,311.76000000002097,0.0,4.0,330.0,201,1,1.0,True
202,-2.927811,17.325585,0.2907773,293.75,6641.0,-3.1024410000000002,88.25,60.75,298.75,282.25,314.63999999997907,0.0,4.0,330.0,202,1,1.0,True
203,-3.2244995,17.31094416666667,0.2976549416666667,291.5833333333333,6594.75,-3.0976646666666667,90.16666666666667,60.416666666666664,295.6666666666667,299.0,311.03999999997905,0.0,4.0,322.0,203,1,1.0,True
204,-3.4873224545454544,17.303524545454547,0.29887969090909094,291.8181818181818,6597.636363636364,-3.1019554545454544,91.18181818181819,60.45454545454545,298.6363636363636,298.90909090909093,309.96000000002095,0.0,4.0,182.0,204,1,1.0,True
205,-3.782645,17.291234166666666,0.2986476,292.5,6606.916666666667,-3.1063285,94.16666666666667,60.5,298.4166666666667,298.5833333333333,315.36000000002093,0.0,4.0,182.0,205,1,1.0,True
206,-4.05126,17.278875,0.29907305,292.5,6606.5,-3.112822,95.5,60.5,298.5,299.0,156.6,0.0,4.0,182.0,206,1,1.0,True
207,-4.355541333333334,17.2735125,0.2983640083333333,291.6666666666667,6594.083333333333,-3.1111434166666663,96.41666666666667,60.5,297.25,299.0,310.3199999999372,0.0,4.0,186.0,207,1,1.0,True
208,-4.619987,17.276818181818182,0.29895707272727273,291.3636363636364,6586.090909090909,-3.103215,99.18181818181819,60.54545454545455,298.72727272727275,299.0,309.6,0.0,4.0,186.0,208,1,1.0,True
209,-4.891334166666667,17.269028333333335,0.17180041666666668,271.1666666666667,6113.5,-3.103362666666667,100.0,60.833333333333336,171.16666666666666,172.16666666666666,296.28000000006284,0.0,4.0,186.0,209,1,1.0,True
210,-5.00833925,17.2651225,0.09944286000000001,267.0,6017.5,-3.10401025,100.0,61.0,99.25,100.0,284.03999999997905,0.0,4.0,186.0,210,1,1.0,True
234,-4.934954545454546,17.258242727272727,0.2730062,289.90909090909093,6562.636363636364,0.029260086363636365,97.72727272727273,60.45454545454545,268.27272727272725,277.72727272727275,306.71999999993716,0.0,2.0,184.0,234,1,1.0,True
235,-4.651553272727273,17.25904272727273,0.29822218181818183,290.27272727272725,6566.636363636364,0.02417090090909091,98.81818181818181,60.45454545454545,298.45454545454544,297.54545454545456,308.160000000021,0.0,2.0,184.0,235,1,1.0,True
236,-4.3721768333333335,17.26274666666667,0.29772586666666667,291.0,6575.0,0.027012391666666666,97.83333333333333,60.5,298.5,296.3333333333333,309.2399999999791,0.0,2.0,180.0,236,1,1.0,True
237,-4.066416363636364,17.274275454545453,0.2981061818181818,290.0,6566.909090909091,0.026357255454545456,97.63636363636364,60.45454545454545,296.8181818181818,299.0,307.8,0.0,2.0,180.0,237,1,1.0,True
238,-3.821582181818182,17.277500909090907,0.29887969090909094,291.09090909090907,6582.727272727273,0.025009848181818183,98.0,60.45454545454545,299.0,299.0,154.08000000006288,0.0,2.0,180.0,238,1,1.0,True
239,-3.507023181818182,17.282693636363636,0.2984155636363636,292.09090909090907,6596.272727272727,0.028608870909090908,98.0,60.54545454545455,299.0,297.90909090909093,310.3199999999372,0.0,2.0,320.0,239,1,1.0,True
240,-3.2614707000000003,17.292797999999998,0.2988178,292.6,6607.9,0.027935218,98.0,60.0,298.5,299.0,306.7200000000419,0.0,2.0,316.0,240,1,1.0,True
241,-2.9666015,17.294255000000003,0.29878946666666667,289.8333333333333,6561.333333333333,0.029169918333333333,97.66666666666667,60.0,299.0,298.3333333333333,312.47999999995807,0.0,2.0,328.0,241,1,1.0,True
242,-2.6778235454545456,17.302802727272727,0.28418323636363635,288.0,6520.272727272727,0.03529231636363636,96.45454545454545,60.27272727272727,298.72727272727275,269.1818181818182,313.20000000000005,0.0,2.0,324.0,242,1,1.0,True
243,-2.4538073636363635,17.32301727272727,0.14224632363636364,280.1818181818182,6323.727272727273,0.2351860290909091,95.9090909090909,61.0,282.72727272727275,1.9090909090909092,300.96000000002095,0.0,2.0,46.0,243,1,1.0,True
244,-2.3747795454545457,17.38780090909091,0.10697481272727273,282.6363636363636,6383.454545454545,0.8027523727272728,92.45454545454545,61.0,275.27272727272725,-61.63636363636363,303.1200000000419,0.0,2.0,50.0,244,1,1.0,True
245,-2.3382185454545454,17.49745181818182,0.18134665454545454,285.27272727272725,6440.818181818182,1.3513096363636363,86.0,60.90909090909091,299.0,63.54545454545455,305.63999999997907,0.0,2.0,50.0,245,1,1.0,True
246,-2.331332727272727,17.701864545454544,0.25653067272727276,293.6363636363636,6645.181818181818,1.5916116363636363,71.63636363636364,60.0,267.90909090909093,244.63636363636363,159.4799999999581,0.0,2.0,110.0,246,1,1.0,True
247,-2.3363669090909087,17.97267090909091,0.27695105454545454,299.1818181818182,6772.545454545455,1.575881181818182,91.63636363636364,60.0,254.27272727272728,299.0,313.9200000000419,0.0,2.0,114.0,247,1,1.0,True
248,-2.3260527272727276,18.240763636363635,0.29621112727272725,293.0,6637.636363636364,1.5535715454545453,98.54545454545455,60.0,296.27272727272725,296.27272727272725,309.2399999999791,0.0,2.0,54.0,248,1,1.0,True
249,-2.322881,18.53401,0.29680409999999996,290.5,6568.833333333333,1.561945,100.0,60.333333333333336,299.0,293.8333333333333,312.12000000004195,0.0,2.0,54.0,249,1,1.0,True
252,-2.3263226666666665,18.959611666666664,0.25738153333333336,289.5,6543.5,1.5735238333333335,99.0,60.5,258.8333333333333,255.66666666666666,304.9200000000419,1.0,2.0,54.0,252,1,1.0,True
253,-2.3312148181818184,19.16901,0.22532001818181815,284.8181818181818,6445.636363636364,1.5781206363636364,96.0,60.45454545454545,224.45454545454547,226.1818181818182,310.3200000000419,1.0,2.0,54.0,253,1,1.0,True
254,-2.322109,19.45723909090909,0.29756476363636364,291.0,6588.545454545455,1.5875164545454545,98.54545454545455,60.45454545454545,299.0,295.45454545454544,154.43999999997905,0.0,2.0,54.0,254,1,1.0,True
255,-2.325405,19.71904,0.2982222,291.0,6587.5,1.5928195,100.0,60.0,299.0,297.0,308.160000000021,0.0,2.0,54.0,255,1,1.0,True
256,-2.3262459090909093,19.997479090909092,0.29853161818181817,289.6363636363636,6549.0,1.5999742727272726,100.0,60.54545454545455,299.0,297.72727272727275,313.20000000000005,0.0,2.0,54.0,256,1,1.0,True
257,-2.332320166666667,20.282475,0.2992858,291.0,6581.5,1.6015271666666664,99.5,60.0,299.0,299.0,311.03999999997905,0.0,2.0,58.0,257,1,1.0,True
258,-2.3392124,20.582877,0.2992858,290.4,6564.7,1.6011312,100.0,60.0,299.0,299.0,308.16000000002094,0.0,2.0,58.0,258,1,1.0,True
259,-2.3465059090909093,20.88078181818182,0.29930513636363637,292.0,6602.454545454545,1.6013522727272729,100.0,60.18181818181818,299.0,299.0,309.6,0.0,2.0,58.0,259,1,1.0,True
260,-2.3545350000000003,21.144280000000002,0.29884100909090905,291.90909090909093,6601.363636363636,1.6005369090909092,100.0,60.36363636363637,298.45454545454544,299.0,307.4399999999791,0.0,2.0,58.0,260,1,1.0,True
261,-2.3599921999999998,21.446661,0.28771428,288.8,6528.2,1.6008567,100.0,60.1,287.6,287.6,307.8,0.0,2.0,58.0,261,1,1.0,True
262,-2.36614375,21.675120000000003,0.1357811925,267.0,6023.5,1.6012014166666668,100.0,61.0,135.41666666666666,135.41666666666666,282.6,0.0,2.0,58.0,262,1,1.0,True
263,-2.3690266363636368,21.767709090909094,0.09954921,266.6363636363636,6014.454545454545,1.6009095454545454,100.0,61.0,100.0,100.0,144.71999999993713,0.0,2.0,58.0,263,1,1.0,True
287,-2.3603765,21.64501,0.28779934999999995,290.5,6572.5,-1.5519335,100.0,60.0,286.0,289.0,161.28000000006287,0.0,1.0,56.0,287,1,1.0,True
288,-2.362373090909091,21.37749363636364,0.2981061818181818,289.72727272727275,6557.181818181818,-1.5525589090909089,100.0,60.0,299.0,297.27272727272725,312.11999999993714,0.0,1.0,56.0,288,1,1.0,True
289,-2.357911833333333,21.074375,0.2984349,288.8333333333333,6536.666666666667,-1.5485078333333335,100.0,60.0,299.0,298.3333333333333,309.2400000000838,0.0,1.0,56.0,289,1,1.0,True
290,-2.350845,20.805134000000002,0.29890287,291.6,6602.3,-1.5474869,100.0,60.0,299.0,298.5,308.8799999999581,0.0,1.0,56.0,290,1,1.0,True
291,-2.3447033636363637,20.517898181818182,0.2991117545454545,293.45454545454544,6634.454545454545,-1.5462356363636365,100.0,60.0,299.0,298.8181818181818,309.6,0.0,1.0,56.0,291,1,1.0,True
292,-2.3429973333333334,20.251175,0.2985767,292.5,6615.0,-1.5438563333333333,100.0,60.0,299.0,298.0,312.47999999995807,0.0,1.0,52.0,292,1,1.0,True
293,-2.3328426363636363,19.95303,0.2984155636363636,292.90909090909093,6624.909090909091,-1.5435789999999998,100.0,60.0,298.1818181818182,298.6363636363636,311.76000000002097,0.0,1.0,52.0,293,1,1.0,True
294,-2.3249167500000003,19.669140000000002,0.2983285583333333,291.0,6581.5,-1.5461161666666667,100.0,60.0,297.75,299.0,308.160000000021,0.0,1.0,52.0,294,1,1.0,True
295,-2.3217985,19.3676,0.2990731,291.5,6592.5,-1.5422544999999999,100.0,60.0,299.0,299.0,158.4,0.0,1.0,52.0,295,1,1.0,True
296,-2.318466818181818,19.135400909090908,0.2983769,291.54545454545456,6602.818181818182,-1.5417509090909092,100.0,60.0,298.45454545454544,297.90909090909093,309.2399999999791,0.0,1.0,52.0,296,1,1.0,True
297,-2.312507166666667,18.825413333333334,0.2985058,291.1666666666667,6593.333333333333,-1.5395070000000002,98.83333333333333,60.0,298.6666666666667,298.0,315.0,0.0,1.0,52.0,297,1,1.0,True
298,-2.29855425,18.545875,0.29694595,290.6666666666667,6581.333333333333,-1.541669,97.66666666666667,60.0,294.25,299.0,310.3200000000419,0.0,1.0,52.0,298,1,1.0,True
299,-2.2961213636363635,18.2851,0.18420856363636365,282.1818181818182,6373.454545454545,-1.6303653636363635,99.0,60.0,94.18181818181819,274.45454545454544,298.439999999979,0.0,1.0,104.0,299,1,1.0,True
300,-2.3330023333333334,18.168155,0.10855401333333332,282.3333333333333,6378.0,-2.105143,93.5,60.5,-62.5,279.6666666666667,301.6799999999581,0.0,1.0,104.0,300,1,1.0,True
301,-2.4063102727272727,18.10267181818182,0.10948866727272727,283.8181818181818,6419.909090909091,-2.7396436363636365,93.27272727272727,60.54545454545455,-54.54545454545455,273.72727272727275,301.6800000000629,0.0,1.0,100.0,301,1,1.0,True
302,-2.547147909090909,18.090897272727275,0.2080323,290.0,6563.727272727273,0.28240400000000004,74.18181818181819,60.0,166.0,249.9090909090909,158.03999999997905,0.0,1.0,302.0,302,1,1.0,True
303,-2.7675845454545454,18.103233636363637,0.2653099272727273,297.6363636363636,6747.909090909091,0.2940295454545455,73.36363636363636,60.0,299.0,231.1818181818182,312.47999999995807,0.0,1.0,306.0,303,1,1.0,True
304,-3.0135285454545455,18.085022727272726,0.2910673818181818,286.54545454545456,6487.727272727273,-3.087954454545455,87.9090909090909,60.0,286.6363636363636,294.8181818181818,314.64000000008383,0.0,1.0,306.0,304,1,1.0,True
305,-3.247798833333333,18.090811666666667,0.14606225666666667,284.6666666666667,6435.833333333333,1.9611376666666667,92.83333333333333,60.0,6.666666666666667,285.5,299.8799999999581,0.0,1.0,120.0,305,1,1.0,True
306,-3.3420666,18.149718999999997,0.09184903900000001,284.4,6436.1,2.3874286,63.3,60.0,-86.9,270.6,301.6799999999581,0.0,1.0,116.0,306,1,1.0,True
307,-3.3736475,18.239385000000002,0.1540035,287.5,6509.75,1.830487,59.0,60.0,13.0,294.25,305.28000000006284,0.0,1.0,116.0,307,1,1.0,True
308,-3.380074,18.439715,0.26064315,294.3333333333333,6665.166666666667,1.5967753333333334,77.0,60.0,255.66666666666666,265.3333333333333,317.160000000021,0.0,1.0,70.0,308,1,1.0,True
309,-3.3908000833333336,18.706410833333333,0.29439339166666667,290.5833333333333,6571.25,1.632422,95.16666666666667,60.0,298.0,291.0,313.55999999991616,0.0,1.0,70.0,309,1,1.0,True
310,-3.403617363636364,18.992853636363638,0.29582433636363636,292.3636363636364,6617.454545454545,1.6360524545454547,98.0,60.0,292.3636363636364,299.0,154.8,0.0,1.0,70.0,310,1,1.0,True
311,-3.4121155,19.241419999999998,0.29673325,292.0,6612.5,1.6312085,99.0,60.0,294.0,299.0,308.52000000004193,0.0,1.0,70.0,311,1,1.0,True
312,-3.4233111818181823,19.533926363636365,0.2976420818181818,291.09090909090907,6592.272727272727,1.6237732727272727,99.9090909090909,60.0,295.72727272727275,299.0,312.83999999997906,0.0,1.0,70.0,312,1,1.0,True
313,-3.4360880000000003,19.821858333333335,0.2980804166666667,288.3333333333333,6530.333333333333,1.6186388333333335,100.0,60.0,296.6666666666667,299.0,309.96000000002095,0.0,1.0,70.0,313,1,1.0,True
314,-3.449483454545455,20.119802727272727,0.2977194545454545,288.54545454545456,6533.636363636364,1.6120587272727271,100.0,60.0,295.8181818181818,299.0,307.439999999979,0.0,1.0,74.0,314,1,1.0,True
315,-3.4572376363636366,20.363093636363637,0.29849292727272725,290.90909090909093,6587.272727272727,1.6082898181818182,100.0,60.0,297.6363636363636,299.0,312.1200000000419,0.0,1.0,74.0,315,1,1.0,True
316,-3.4629308333333335,20.665223333333333,0.29900218333333334,291.1666666666667,6598.333333333333,1.6070443333333333,99.5,60.0,299.0,298.8333333333333,307.0799999999581,0.0,1.0,74.0,316,1,1.0,True
317,-3.4692992727272727,20.964510909090908,0.2991504090909091,291.3636363636364,6596.727272727273,1.6084570909090907,100.0,60.0,299.0,298.6363636363636,311.03999999997905,0.0,1.0,74.0,317,1,1.0,True
318,-3.479073833333333,21.249531666666666,0.2990731,291.0833333333333,6592.5,1.6060801666666666,100.0,60.0,299.0,299.0,308.52000000004193,0.0,1.0,74.0,318,1,1.0,True
319,-3.485232909090909,21.51120818181818,0.2487956909090909,280.27272727272725,6339.818181818182,1.6049859090909093,100.0,60.45454545454545,249.0,248.54545454545453,155.16000000002097,0.0,1.0,74.0,319,1,1.0,True
320,-3.4897456363636365,21.677362727272726,0.10809638545454546,266.6363636363636,6014.727272727273,1.6051831818181819,100.0,61.0,108.0909090909091,108.0,282.6,0.0,1.0,74.0,320,1,1.0,True
343,-3.487487909090909,21.689054545454546,0.23398316363636365,292.72727272727275,6619.545454545455,-1.5473912727272727,98.0,60.0,228.8181818181818,239.0,303.47999999995807,0.0,2.0,72.0,343,1,1.0,True
344,-3.48708675,21.415984166666664,0.29744224166666666,290.6666666666667,6581.5,-1.5565897499999999,98.41666666666667,60.0,297.3333333333333,296.9166666666667,309.6,0.0,2.0,72.0,344,1,1.0,True
345,-3.483254666666667,21.15464,0.29822218333333333,289.6666666666667,6569.5,-1.5531891666666668,99.0,60.0,299.0,297.0,311.03999999997905,0.0,2.0,72.0,345,1,1.0,True
346,-3.4784975000000005,20.854838,0.29869017,291.0,6590.6,-1.5498476,99.8,60.0,299.0,298.1,308.52000000004193,0.0,2.0,72.0,346,1,1.0,True
347,-3.4740111666666667,20.564566666666668,0.29878948333333333,291.25,6603.75,-1.5485342500000001,100.0,60.0,299.0,298.3333333333333,312.1200000000419,0.0,2.0,72.0,347,1,1.0,True
348,-3.4708550833333334,20.306435,0.29797405,292.8333333333333,6635.916666666667,-1.5455236666666667,100.0,60.0,299.0,296.5,308.8799999999581,0.0,2.0,72.0,348,1,1.0,True
349,-3.4602484545454546,20.003461818181815,0.29872495454545456,293.6363636363636,6648.727272727273,-1.5458752727272727,100.0,60.0,298.45454545454544,299.0,313.9200000000419,0.0,2.0,68.0,349,1,1.0,True
350,-3.4551953333333336,19.716330833333334,0.2990376,292.0833333333333,6618.0,-1.5457531666666666,100.0,60.0,299.0,298.5,309.6,0.0,2.0,68.0,350,1,1.0,True
351,-3.4479805,19.412470000000003,0.29886035,293.0,6634.0,-1.5451270000000001,100.0,60.0,299.0,299.0,158.75999999991618,0.0,2.0,68.0,351,1,1.0,True
352,-3.4485652727272726,19.180186363636366,0.29795149090909095,292.27272727272725,6621.454545454545,-1.5416392727272727,100.0,60.0,299.0,296.45454545454544,310.3200000000419,0.0,2.0,68.0,352,1,1.0,True
353,-3.4375825,18.87136,0.29871854999999997,290.8333333333333,6592.333333333333,-1.5407803333333334,99.0,60.0,298.3333333333333,298.8333333333333,316.439999999979,0.0,2.0,68.0,353,1,1.0,True
354,-3.424097272727273,18.587887272727276,0.29741001818181817,291.8181818181818,6616.363636363636,-1.5444474545454545,97.54545454545455,60.0,295.3636363636364,299.0,312.83999999997906,0.0,2.0,68.0,354,1,1.0,True
355,-3.419744909090909,18.310034545454545,0.2522377818181818,283.6363636363636,6415.636363636364,-1.5126625454545455,99.36363636363636,60.0,294.27272727272725,210.45454545454547,298.44000000008384,0.0,2.0,118.0,355,1,1.0,True
356,-3.3833895454545453,18.15470818181818,0.11231194181818181,284.6363636363636,6450.090909090909,-1.1229846909090908,92.9090909090909,60.0,281.45454545454544,-57.09090909090909,307.8,0.0,2.0,122.0,356,1,1.0,True
357,-3.326088,18.090816666666665,0.09579129666666668,282.6666666666667,6402.916666666667,-0.50889855,72.75,60.0,262.1666666666667,-71.0,300.2399999999791,0.0,2.0,122.0,357,1,1.0,True
358,-3.2248173636363635,18.10063090909091,0.1917501727272727,291.09090909090907,6592.181818181818,-0.005933490909090902,65.0,60.0,269.54545454545456,113.54545454545455,155.16000000002097,0.0,2.0,122.0,358,1,1.0,True
359,-3.023155454545454,18.09792909090909,0.2467846,293.27272727272725,6650.363636363636,0.08147407727272728,88.45454545454545,60.0,194.54545454545453,299.0,309.2399999999791,0.0,2.0,304.0,359,1,1.0,True
360,-2.7761483636363633,18.094663636363634,0.2890175818181818,291.8181818181818,6609.636363636364,-0.004040423090909091,97.72727272727273,60.0,279.09090909090907,299.0,312.83999999997906,0.0,2.0,300.0,360,1,1.0,True
361,-2.512890666666667,18.101565,0.20065829999999998,284.3333333333333,6433.333333333333,0.053693481666666674,98.83333333333333,60.0,283.6666666666667,117.66666666666667,300.6,0.0,2.0,102.0,361,1,1.0,True
362,-2.3941356363636364,18.140884545454544,0.0965712490909091,284.0,6434.090909090909,0.5910576454545455,91.0909090909091,60.0,270.72727272727275,-77.81818181818181,304.2,0.0,2.0,106.0,362,1,1.0,True
363,-2.34822475,18.220679999999998,0.11539624999999999,285.0,6452.5,1.159833375,85.0,60.0,284.75,-54.5,302.03999999997905,0.0,2.0,106.0,363,1,1.0,True
364,-2.348362,18.361504999999998,0.23199788333333335,294.0,6658.666666666667,1.5416941666666666,73.16666666666667,60.0,266.6666666666667,196.83333333333334,320.03999999997905,0.0,2.0,54.0,364,1,1.0,True
365,-2.35665775,18.573449166666666,0.2845022916666667,298.1666666666667,6758.583333333333,1.5592526666666666,72.08333333333333,60.0,269.3333333333333,299.0,315.0,0.0,2.0,54.0,365,1,1.0,True
366,-2.347957,18.910975,0.29524425,290.0,6572.5,1.5551795,96.0,60.0,291.0,299.0,154.4400000000838,0.0,2.0,54.0,366,1,1.0,True
367,-2.340961181818182,19.17699545454545,0.2961724,289.6363636363636,6565.727272727273,1.5568595454545457,99.0,60.0,299.0,292.6363636363636,308.5199999999371,0.0,2.0,54.0,367,1,1.0,True
368,-2.3349408333333335,19.477599166666668,0.29538604166666665,289.0,6543.416666666667,1.5710069999999998,99.91666666666667,60.0,299.0,291.3333333333333,312.1200000000419,0.0,2.0,54.0,368,1,1.0,True
369,-2.3334620909090913,19.765336363636365,0.2973326636363636,288.54545454545456,6538.363636363636,1.5832277272727273,100.0,60.0,299.0,295.0,309.2399999999791,0.0,2.0,54.0,369,1,1.0,True
370,-2.334296363636364,20.0378,0.29822222727272724,290.45454545454544,6583.909090909091,1.5913583636363635,99.72727272727273,60.0,299.0,297.0,306.7200000000419,0.0,2.0,58.0,370,1,1.0,True
371,-2.3392120000000003,20.298414545454545,0.2990731,290.8181818181818,6593.727272727273,1.593722909090909,99.18181818181819,60.0,299.0,299.0,311.7599999999162,0.0,2.0,58.0,371,1,1.0,True
372,-2.344634166666667,20.598533333333332,0.29886035,287.1666666666667,6513.333333333333,1.594809,100.0,60.0,299.0,298.5,305.64000000008383,0.0,2.0,58.0,372,1,1.0,True
373,-2.3520297272727273,20.904477272727274,0.2993438090909091,289.6363636363636,6567.545454545455,1.5959385454545454,100.0,60.0,299.0,299.0,307.8,0.0,2.0,58.0,373,1,1.0,True
374,-2.3551250833333337,21.186668333333333,0.2988249,293.1666666666667,6641.416666666667,1.5987391666666666,100.0,60.0,299.0,298.0,308.5199999999371,0.0,2.0,58.0,374,1,1.0,True
375,-2.360599,21.463125,0.2990731,293.5,6645.0,1.6001059999999998,100.0,60.0,299.0,299.0,158.4,0.0,2.0,58.0,375,1,1.0,True
376,-2.36471425,21.67430333333333,0.12638639583333333,268.6666666666667,6073.75,1.6019151666666664,100.0,60.5,126.58333333333333,126.58333333333333,287.28000000006284,0.0,2.0,58.0,376,1,1.0,True
377,-2.3668448181818182,21.786687272727274,0.09954921,264.27272727272725,5972.272727272727,1.602122,100.0,60.90909090909091,100.0,100.0,282.6,0.0,2.0,58.0,377,1,1.0,True
392,-2.3650885,21.704705,0.23355775,288.5833333333333,6538.833333333333,-1.5503769166666668,100.0,60.083333333333336,231.58333333333334,235.66666666666666,308.88000000006286,0.0,5.0,56.0,392,1,1.0,True
393,-2.3631089090909088,21.425385454545452,0.2981062181818182,289.09090909090907,6550.181818181818,-1.550992272727273,100.0,60.0,299.0,296.72727272727275,308.5199999999371,0.0,5.0,56.0,393,1,1.0,True
394,-2.357939090909091,21.130343636363637,0.29849292727272725,291.27272727272725,6601.272727272727,-1.5504333636363634,100.0,60.0,299.0,297.6363636363636,308.52000000004193,0.0,5.0,56.0,394,1,1.0,True
395,-2.3532904545454545,20.85459818181818,0.2987249727272727,294.0,6667.454545454545,-1.547504909090909,100.0,60.0,299.0,297.90909090909093,311.76000000002097,0.0,5.0,56.0,395,1,1.0,True
396,-2.3441675454545456,20.56729272727273,0.29887966363636365,292.90909090909093,6638.909090909091,-1.5472376363636364,100.0,60.0,298.27272727272725,299.0,315.36000000002093,0.0,5.0,56.0,396,1,1.0,True
397,-2.3378291818181816,20.303698181818184,0.2987249909090909,289.90909090909093,6569.454545454545,-1.5486965454545456,100.0,60.0,298.6363636363636,298.54545454545456,309.9599999999162,0.0,5.0,52.0,397,1,1.0,True
398,-2.3356202500000003,19.9912925,0.2979385583333333,289.5833333333333,6570.416666666667,-1.544498,100.0,60.0,298.9166666666667,296.4166666666667,307.8,0.0,5.0,52.0,398,1,1.0,True
399,-2.3309527272727273,19.740095454545454,0.29818352727272723,292.0,6625.0,-1.5433247272727273,100.0,60.0,298.54545454545456,297.3636363636364,154.8,0.0,5.0,52.0,399,1,1.0,True
400,-2.322881666666667,19.439638333333335,0.29832859166666664,293.0833333333333,6644.25,-1.5415901666666667,100.0,60.0,297.5,298.75,314.64000000008383,0.0,5.0,52.0,400,1,1.0,True
401,-2.3135162,19.165369,0.2990731,289.1,6545.1,-1.5449683,99.4,60.0,299.0,299.0,311.7599999999162,0.0,5.0,52.0,401,1,1.0,True
402,-2.3131617272727274,18.874775454545457,0.2977967909090909,289.8181818181818,6575.363636363636,-1.5432405454545455,99.45454545454545,60.0,299.0,296.0,305.28000000006284,0.0,5.0,52.0,402,1,1.0,True
403,-2.307576,18.6033475,0.29779675,290.75,6590.75,-1.5383457500000002,99.0,60.0,297.75,297.25,313.20000000000005,0.0,5.0,52.0,403,1,1.0,True
404,-2.292372818181818,18.305758181818184,0.2968685909090909,291.3636363636364,6610.0,-1.5424882727272726,100.0,60.0,294.3636363636364,299.0,309.96000000002095,0.0,5.0,112.0,404,1,1.0,True
405,-2.2849095,18.025823,0.29864765,292.1,6619.4,-1.5468363,100.0,60.0,298.0,299.0,310.3199999999372,0.0,5.0,108.0,405,1,1.0,True
406,-2.2808383333333335,17.738695833333335,0.29917944166666666,289.25,6554.416666666667,-1.5475469166666667,100.0,60.0,299.0,298.75,307.439999999979,0.0,5.0,80.0,406,1,1.0,True
407,-2.274457,17.435380000000002,0.2980095,288.5,6542.0,-1.5442339999999999,100.0,60.0,298.0,297.5,155.5200000000419,0.0,5.0,80.0,407,1,1.0,True
408,-2.26816525,17.189235,0.2989666916666667,292.1666666666667,6634.583333333333,-1.5454359166666667,100.0,60.0,298.3333333333333,299.0,308.160000000021,0.0,5.0,76.0,408,1,1.0,True
409,-2.265285090909091,16.870046363636366,0.2984156090909091,294.0,6657.272727272727,-1.540925,100.0,60.0,299.0,297.3636363636364,312.83999999997906,0.0,5.0,32.0,409,1,1.0,True
410,-2.258157909090909,16.627751818181817,0.29860899999999996,291.09090909090907,6597.636363636364,-1.5381598181818184,100.0,60.0,297.90909090909093,299.0,308.52000000004193,0.0,5.0,32.0,410,1,1.0,True
411,-2.247172,16.321379999999998,0.2973714,288.75,6547.25,-1.54181,98.5,60.0,295.0,299.0,312.47999999995807,0.0,5.0,32.0,411,1,1.0,True
412,-2.246974090909091,16.038664545454544,0.29760343636363634,288.6363636363636,6544.272727272727,-1.5418143636363637,98.18181818181819,60.0,297.90909090909093,296.6363636363636,309.6,0.0,5.0,32.0,412,1,1.0,True
413,-2.241770818181818,15.749109090909093,0.29841561818181817,292.09090909090907,6622.090909090909,-1.537372090909091,99.63636363636364,60.0,298.90909090909093,297.54545454545456,308.52000000004193,0.0,5.0,32.0,413,1,1.0,True
414,-2.235299,15.4862775,0.29907305,293.0833333333333,6642.333333333333,-1.537934,100.0,60.0,298.5833333333333,298.9166666666667,308.8799999999581,0.0,5.0,32.0,414,1,1.0,True
415,-2.227274,15.184379999999999,0.29779675,289.0,6551.0,-1.5365515,100.0,60.0,296.5,298.5,155.5200000000419,0.0,5.0,32.0,415,1,1.0,True
416,-2.2175546666666666,14.912251666666668,0.29808039166666667,290.3333333333333,6588.083333333333,-1.53893825,100.0,60.0,297.0833333333333,299.0,309.9599999999162,0.0,5.0,32.0,416,1,1.0,True
417,-2.212602090909091,14.617735454545453,0.2989570181818182,291.27272727272725,6608.0,-1.5404895454545455,100.0,60.0,299.0,299.0,309.6,0.0,5.0,32.0,417,1,1.0,True
418,-2.2076029090909093,14.35925181818182,0.2986863181818182,293.90909090909093,6664.545454545455,-1.5391954545454545,100.0,60.0,299.0,297.90909090909093,308.160000000021,0.0,5.0,32.0,418,1,1.0,True
419,-2.199026,14.0620975,0.29886035,291.25,6607.5,-1.53962125,100.0,60.0,298.5,299.0,310.6800000000629,0.0,5.0,32.0,419,1,1.0,True
420,-2.1917303333333336,13.773498333333334,0.2990731,287.8333333333333,6523.833333333333,-1.5406913333333332,100.0,60.0,299.0,299.0,310.3199999999372,0.0,5.0,28.0,420,1,1.0,True
421,-2.183192272727273,13.49732090909091,0.2990731,288.90909090909093,6549.818181818182,-1.5418288181818183,100.0,60.0,299.0,299.0,307.0800000000629,0.0,5.0,28.0,421,1,1.0,True
422,-2.174493333333333,13.2028325,0.2990731,293.5833333333333,6661.833333333333,-1.5437754166666666,100.0,60.0,299.0,299.0,313.91999999993715,0.0,5.0,28.0,422,1,1.0,True
423,-2.1682655,12.933945,0.2990731,293.0,6637.0,-1.544881,100.0,60.0,299.0,299.0,156.23999999997906,0.0,5.0,28.0,423,1,1.0,True
424,-2.169925166666667,12.65516,0.217214425,278.5,6310.416666666667,-1.6255894166666665,99.16666666666667,60.0,134.75,299.0,302.4,0.0,5.0,28.0,424,1,1.0,True
425,-2.202253333333333,12.513951666666665,0.12915165833333334,284.5833333333333,6444.5,-2.03241425,96.75,60.0,-34.666666666666664,292.6666666666667,300.2400000000838,0.0,5.0,28.0,425,1,1.0,True
426,-2.2811615,12.430033333333332,0.11472268333333334,282.3333333333333,6400.666666666667,-2.684855166666667,97.5,60.0,-51.333333333333336,280.8333333333333,304.20000000000005,0.0,5.0,28.0,426,1,1.0,True
427,-2.3934145,12.400730000000001,0.15836407500000002,279.75,6333.25,0.05839024999999998,98.0,60.0,114.5,202.25,301.6799999999581,0.0,5.0,28.0,427,1,1.0,True
428,-2.5212258333333333,12.386406666666666,0.13450488333333335,283.3333333333333,6418.166666666667,-2.815949,78.83333333333333,60.0,298.0,-29.333333333333332,300.2399999999791,0.0,5.0,28.0,428,1,1.0,True
429,-2.6096996363636364,12.327283636363637,0.12445583636363634,282.0,6393.363636363636,-2.2973809090909088,67.9090909090909,60.0,290.54545454545456,-41.81818181818182,300.2399999999791,0.0,5.0,28.0,429,1,1.0,True
430,-2.654302181818182,12.193990000000001,0.17751782727272725,283.6363636363636,6438.909090909091,-1.6696784545454546,78.36363636363636,60.0,298.6363636363636,56.27272727272727,307.0800000000629,0.0,5.0,28.0,430,1,1.0,True
431,-2.6478305,12.001375,0.25057475,293.0,6646.0,-1.470242,87.5,60.0,251.5,249.0,154.0799999999581,0.0,5.0,6.0,431,1,1.0,True
432,-2.641783333333333,11.766225833333332,0.28262335,297.1666666666667,6753.166666666667,-1.5561222499999998,97.83333333333333,60.0,266.0,299.0,317.88000000006286,0.0,5.0,6.0,432,1,1.0,True
433,-2.641559545454545,11.49019,0.2974874,290.0,6572.909090909091,-1.5763885454545454,99.9090909090909,60.0,298.0,296.45454545454544,312.11999999993714,0.0,5.0,6.0,433,1,1.0,True
434,-2.6409421666666666,11.198085,0.29744224999999996,291.0,6603.0,-1.5709988333333333,100.0,60.0,299.0,295.1666666666667,309.23999999997903,0.0,5.0,6.0,434,1,1.0,True
435,-2.6405555,10.9062325,0.297690425,292.75,6639.0,-1.56397575,100.0,60.0,299.0,295.75,313.9200000000419,0.0,5.0,6.0,435,1,1.0,True
436,-2.637188272727273,10.639101818181818,0.29826086363636367,293.72727272727275,6663.0,-1.5583463636363637,100.0,60.0,299.0,297.09090909090907,308.52000000004193,0.0,5.0,10.0,436,1,1.0,True
437,-2.6388260909090913,10.358384545454545,0.2976807545454545,291.0,6596.272727272727,-1.5527983636363636,100.0,60.0,299.0,295.8181818181818,312.47999999995807,0.0,5.0,10.0,437,1,1.0,True
438,-2.6374460833333333,10.070794666666666,0.29630781666666667,290.1666666666667,6575.666666666667,-1.5472700833333333,100.0,60.0,299.0,293.4166666666667,309.96000000002095,0.0,5.0,10.0,438,1,1.0,True
439,-2.6272555,9.770817500000001,0.2990731,291.5,6623.0,-1.5445309999999999,100.0,59.5,299.0,299.0,151.91999999993715,0.0,5.0,10.0,439,1,1.0,True
440,-2.6190845454545455,9.512263727272726,0.29868632727272726,292.6363636363636,6639.272727272727,-1.545774090909091,100.0,60.0,298.09090909090907,299.0,311.04000000008386,0.0,5.0,10.0,440,1,1.0,True
441,-2.610666,9.225845727272727,0.2988796727272727,291.09090909090907,6604.909090909091,-1.5484144545454546,100.0,60.0,298.1818181818182,299.0,310.6799999999581,0.0,5.0,10.0,441,1,1.0,True
442,-2.6109146363636366,8.951245727272727,0.25355273636363634,286.8181818181818,6497.909090909091,-1.6037492727272726,99.45454545454545,60.0,207.63636363636363,299.0,300.6,0.0,5.0,278.0,442,1,1.0,True
443,-2.651321,8.7588185,0.1525145,283.0,6414.75,-1.981069,94.75,60.0,5.5,299.0,303.12000000004195,0.0,5.0,278.0,443,1,1.0,True
444,-2.7242244545454546,8.666867545454545,0.15214708181818182,284.09090909090907,6444.0,-2.479874727272727,98.0909090909091,60.0,4.7272727272727275,299.0,307.0799999999581,0.0,5.0,278.0,444,1,1.0,True
445,-2.8713703636363634,8.597839,0.19225297272727274,283.45454545454544,6433.545454545455,-2.968025363636364,99.9090909090909,60.0,95.36363636363636,288.8181818181818,303.4799999999581,0.0,5.0,278.0,445,1,1.0,True
446,-3.0310635,8.572223166666666,0.12408199083333334,274.0,6207.166666666667,-2.9713309166666666,93.0,60.0,231.08333333333334,17.083333333333332,298.44000000008384,0.0,5.0,278.0,446,1,1.0,True
448,-3.1263644166666666,8.495914666666666,0.11851602833333334,283.1666666666667,6426.916666666667,-1.9635470833333333,74.41666666666667,60.0,267.1666666666667,-30.5,304.560000000021,0.0,5.0,278.0,448,1,1.0,True
449,-3.1476139,8.3296189,0.24921337999999998,293.3,6656.9,-1.5166697,94.3,60.0,297.9,200.2,311.76000000002097,0.0,5.0,278.0,449,1,1.0,True
450,-3.135155272727273,8.074136272727273,0.2721939727272727,294.0,6673.545454545455,-1.5276628181818181,99.63636363636364,60.0,247.1818181818182,297.0,311.03999999997905,0.0,5.0,278.0,450,1,1.0,True
451,-3.1309277499999997,7.82444275,0.293010775,294.75,6688.75,-1.5874732500000002,100.0,60.0,287.5,298.0,314.27999999995814,0.0,5.0,278.0,451,1,1.0,True
452,-3.1322135454545457,7.520696181818182,0.2973714,289.72727272727275,6576.545454545455,-1.5878563636363636,100.0,60.0,299.0,295.0,309.2400000000838,0.0,5.0,278.0,452,1,1.0,True
453,-3.1347436363636363,7.2620011818181815,0.29679124545454544,289.54545454545456,6566.272727272727,-1.579892090909091,100.0,60.0,299.0,294.27272727272725,310.6799999999581,0.0,5.0,278.0,453,1,1.0,True
454,-3.13830725,6.95823025,0.2716332083333333,285.1666666666667,6465.5,-1.5668695000000001,99.83333333333333,60.083333333333336,274.0833333333333,269.0833333333333,286.560000000021,1.0,5.0,278.0,454,1,1.0,True
457,-3.1361137272727273,6.731464,0.21681152727272723,282.3636363636364,6395.272727272727,-1.552037,99.9090909090909,60.09090909090909,214.36363636363637,219.45454545454547,297.7200000000419,1.0,5.0,278.0,457,1,1.0,True
458,-3.1344353636363635,6.473250999999999,0.2978741181818182,290.0,6585.727272727273,-1.5571863636363636,100.0,60.0,298.6363636363636,296.54545454545456,309.2399999999791,0.0,5.0,278.0,458,1,1.0,True
459,-3.128843909090909,6.222303363636363,0.2979514636363636,291.6363636363636,6625.363636363636,-1.555962909090909,100.0,60.0,298.8181818181818,296.54545454545456,309.96000000002095,0.0,5.0,282.0,459,1,1.0,True
460,-3.1243744545454546,5.903801727272727,0.2983382363636364,293.45454545454544,6668.0,-1.5527318181818182,100.0,59.45454545454545,298.72727272727275,297.3636363636364,308.8799999999581,0.0,5.0,282.0,460,1,1.0,True
461,-3.1198452727272725,5.6213927272727275,0.29876366363636364,291.09090909090907,6607.727272727273,-1.5499672727272726,100.0,60.0,299.0,297.90909090909093,309.2400000000838,0.0,5.0,282.0,461,1,1.0,True
462,-3.1140586666666668,5.34110925,0.29896674166666665,290.0,6571.416666666667,-1.5481675833333333,100.0,60.0,298.75,299.0,311.03999999997905,0.0,5.0,282.0,462,1,1.0,True
463,-3.105398,5.0624045,0.2982222,290.0,6578.5,-1.5497210000000001,100.0,60.0,297.5,298.5,154.43999999997905,0.0,5.0,282.0,463,1,1.0,True
464,-3.1016673333333333,4.786160083333333,0.2986831,293.1666666666667,6661.0,-1.54882525,100.0,59.583333333333336,299.0,298.0833333333333,311.40000000000003,0.0,5.0,282.0,464,1,1.0,True
465,-3.089622909090909,4.467995,0.29783547272727273,292.1818181818182,6640.454545454545,-1.54861,100.0,59.90909090909091,296.27272727272725,298.8181818181818,311.4,0.0,5.0,282.0,465,1,1.0,True
466,-3.086446272727273,4.224425818181818,0.29849296363636363,290.1818181818182,6585.0,-1.5502483636363635,100.0,60.0,298.45454545454544,298.1818181818182,308.16000000002094,0.0,5.0,282.0,466,1,1.0,True
467,-3.0818145,3.92404075,0.298860375,288.75,6556.0,-1.5476905,100.0,60.0,299.0,298.25,313.20000000000005,0.0,5.0,282.0,467,1,1.0,True
468,-3.074817,3.639905909090909,0.2994985,291.1818181818182,6614.272727272727,-1.547014,100.0,60.0,299.0,299.0,310.3199999999372,0.0,5.0,282.0,468,1,1.0,True
469,-3.0666321666666665,3.3347138333333333,0.29928578333333333,293.8333333333333,6668.666666666667,-1.547233,99.33333333333333,59.5,298.6666666666667,299.0,304.20000000000005,0.0,5.0,282.0,469,1,1.0,True
470,-3.0601607499999997,3.0866663333333335,0.29847035,290.75,6600.416666666667,-1.5475913333333333,98.58333333333333,60.0,297.6666666666667,298.9166666666667,313.9200000000419,0.0,5.0,282.0,470,1,1.0,True
471,-3.0561095000000003,2.7837385,0.29907305,289.0,6562.0,-1.5462155000000002,100.0,60.0,299.0,298.5,155.8799999999581,0.0,5.0,282.0,471,1,1.0,True
472,-3.049021833333333,2.511263,0.29932125,290.25,6585.166666666667,-1.5459125833333334,99.58333333333333,60.0,299.0,299.0,310.6800000000629,0.0,5.0,282.0,472,1,1.0,True
473,-3.0422721818181815,2.2149225454545456,0.2989183727272727,292.3636363636364,6635.090909090909,-1.5462353636363637,99.0,60.0,299.0,298.6363636363636,308.5199999999371,0.0,5.0,282.0,473,1,1.0,True
474,-3.0374145454545456,1.9591450000000001,0.28182406363636364,288.1818181818182,6542.363636363636,-1.553977,97.63636363636364,60.0,264.6363636363636,298.8181818181818,309.2400000000838,0.0,5.0,200.0,474,1,1.0,True
475,-3.0568838181818183,1.701248090909091,0.19213695454545457,281.72727272727275,6388.727272727273,-1.729881090909091,85.63636363636364,60.0,84.9090909090909,299.0,301.3199999999372,0.0,5.0,200.0,475,1,1.0,True
476,-3.1083332727272723,1.5672113636363638,0.12847806363636363,282.6363636363636,6422.0,-2.2335072727272727,74.9090909090909,60.0,-30.90909090909091,287.90909090909093,303.4800000000629,0.0,5.0,196.0,476,1,1.0,True
477,-3.1782545,1.5084003333333333,0.10855403333333334,283.25,6422.333333333333,-2.7724854999999997,89.16666666666667,59.916666666666664,-56.583333333333336,274.0833333333333,301.3199999999372,0.0,5.0,196.0,477,1,1.0,True
478,-3.3403905833333334,1.4808481666666669,0.2083514333333333,294.3333333333333,6689.25,-0.016469750000000023,94.83333333333333,59.5,169.83333333333334,247.41666666666666,322.20000000000005,0.0,5.0,264.0,478,1,1.0,True
479,-3.5749180000000003,1.4814335,0.28163069999999996,299.5,6810.0,-3.1243524999999996,98.0,59.0,299.0,264.0,157.68000000006288,0.0,5.0,264.0,479,1,1.0,True
480,-3.8682378333333336,1.4744355833333334,0.2973359,290.3333333333333,6593.416666666667,-3.096458666666667,99.0,59.916666666666664,298.5833333333333,295.6666666666667,311.40000000000003,0.0,5.0,264.0,480,1,1.0,True
481,-4.132872545454545,1.4634353636363635,0.29741001818181817,288.27272727272725,6545.727272727273,-3.0970202727272724,99.9090909090909,60.0,295.09090909090907,299.0,308.8799999999581,0.0,5.0,260.0,481,1,1.0,True
482,-4.3613860909090905,1.4565790909090908,0.1377987218181818,270.72727272727275,6139.909090909091,-3.100104,100.0,60.0,137.0,138.9090909090909,285.83999999997906,0.0,5.0,260.0,482,1,1.0,True
504,-4.395218909090909,1.3624535454545457,0.12387572000000001,281.0,6369.0,-0.2800332272727273,49.63636363636363,60.0,211.63636363636363,35.81818181818182,298.8,0.0,2.0,262.0,504,1,1.0,True
505,-4.283521272727273,1.3544722727272729,0.23301635454545452,292.09090909090907,6630.272727272727,-0.013722134545454547,50.72727272727273,60.0,296.3636363636364,169.63636363636363,307.8,0.0,2.0,262.0,505,1,1.0,True
510,-3.774676454545454,1.4438170000000001,0.2669729181818182,295.3636363636364,6701.454545454545,0.08540658,98.36363636363636,60.0,243.1818181818182,290.6363636363636,313.560000000021,0.0,2.0,266.0,510,1,1.0,True
511,-3.5194419090909093,1.4561680909090908,0.2948188090909091,289.90909090909093,6578.181818181818,0.03709301818181818,97.45454545454545,60.0,289.90909090909093,299.0,154.0799999999581,0.0,2.0,266.0,511,1,1.0,True
512,-3.2346389090909096,1.4726494545454545,0.1868385090909091,277.3636363636364,6281.909090909091,0.1291845509090909,96.0909090909091,60.0,290.27272727272725,83.63636363636364,302.04000000008386,0.0,2.0,198.0,512,1,1.0,True
513,-3.155516909090909,1.5114705454545456,0.09927848909090908,282.6363636363636,6410.818181818182,0.5615733909090909,69.0,60.0,271.90909090909093,-73.81818181818181,299.5199999999371,0.0,2.0,198.0,513,1,1.0,True
514,-3.0945241666666665,1.596761833333333,0.14726761833333332,283.6666666666667,6430.166666666667,1.1939508666666667,62.833333333333336,60.0,294.3333333333333,0.16666666666666666,306.0,0.0,2.0,202.0,514,1,1.0,True
515,-3.091043181818182,1.7402662727272726,0.23185608181818182,287.1818181818182,6519.636363636364,1.565378818181818,77.0,60.0,276.90909090909093,186.63636363636363,311.76000000002097,0.0,2.0,280.0,515,1,1.0,True
516,-3.0928002727272728,2.0090893636363636,0.2676690636363636,289.54545454545456,6569.090909090909,1.5967855454545452,91.9090909090909,60.0,236.72727272727272,298.45454545454544,313.20000000000005,0.0,2.0,280.0,516,1,1.0,True
517,-3.078724166666667,2.2864245000000003,0.29432246666666667,291.0,6615.5,1.5526738333333334,95.66666666666667,59.5,293.3333333333333,295.0,309.6,0.0,2.0,280.0,517,1,1.0,True
518,-3.0811609166666667,2.57581725,0.29485426666666664,291.4166666666667,6614.416666666667,1.5542588333333331,88.33333333333333,60.0,299.0,290.5,307.8,0.0,2.0,280.0,518,1,1.0,True
519,-3.0863851818181818,2.822390181818182,0.2960951,288.8181818181818,6567.272727272727,1.5539368181818183,81.63636363636364,59.45454545454545,299.0,293.0,157.32000000004192,0.0,2.0,280.0,519,1,1.0,True
520,-3.080633909090909,3.1096224545454545,0.29663656363636365,289.6363636363636,6579.272727272727,1.5709761818181818,84.9090909090909,59.54545454545455,299.0,293.8181818181818,307.8,0.0,2.0,280.0,520,1,1.0,True
521,-3.0777984545454546,3.3888533636363634,0.29849294545454547,290.54545454545456,6605.454545454545,1.582824,94.0,59.54545454545455,298.45454545454544,298.72727272727275,308.5199999999371,0.0,2.0,280.0,521,1,1.0,True
522,-3.0825223333333334,3.6816030000000004,0.29878946666666667,291.0,6613.166666666667,1.5857316666666665,96.83333333333333,59.333333333333336,299.0,298.3333333333333,311.76000000002097,0.0,2.0,280.0,522,1,1.0,True
523,-3.0861204166666667,3.9884007500000003,0.2989312833333333,290.3333333333333,6600.166666666667,1.5891590833333333,97.0,59.416666666666664,299.0,298.6666666666667,311.03999999997905,0.0,2.0,280.0,523,1,1.0,True
524,-3.0913103636363632,4.245381,0.2990731,289.1818181818182,6565.181818181818,1.5907276363636365,97.18181818181819,59.45454545454545,299.0,299.0,307.8,0.0,2.0,280.0,524,1,1.0,True
525,-3.0957143333333335,4.553729166666667,0.2982222333333333,292.5,6643.5,1.5934666666666668,97.33333333333333,59.5,298.5,297.5,313.560000000021,0.0,2.0,280.0,525,1,1.0,True
526,-3.1016963636363637,4.815567727272727,0.2986476636363636,293.3636363636364,6671.272727272727,1.595587909090909,97.63636363636364,59.45454545454545,297.90909090909093,299.0,311.03999999997905,0.0,2.0,280.0,526,1,1.0,True
527,-3.108442727272727,5.129639363636364,0.2994985,289.3636363636364,6570.363636363636,1.595321,98.0,59.45454545454545,299.0,299.0,154.43999999997905,0.0,2.0,280.0,527,1,1.0,True
528,-3.1090003636363637,5.364166,0.2981449,288.6363636363636,6553.181818181818,1.5990244545454544,98.0,59.54545454545455,299.0,296.8181818181818,308.16000000002094,0.0,2.0,280.0,528,1,1.0,True
529,-3.118789090909091,5.662057454545455,0.29884100909090905,289.90909090909093,6586.636363636364,1.5990526363636364,97.45454545454545,59.54545454545455,298.45454545454544,299.0,308.16000000002094,0.0,2.0,280.0,529,1,1.0,True
530,-3.124962,5.9436436666666665,0.2992149,291.0,6619.166666666667,1.5983938333333334,98.33333333333333,59.0,299.0,299.0,313.9200000000419,0.0,2.0,276.0,530,1,1.0,True
531,-3.132192818181818,6.239173454545455,0.2990344,292.54545454545456,6638.454545454545,1.597990909090909,99.0,59.27272727272727,299.0,299.0,307.8,0.0,2.0,276.0,531,1,1.0,True
532,-3.1366386363636365,6.496766181818182,0.2988023090909091,288.1818181818182,6553.363636363636,1.5986094545454543,98.81818181818181,59.45454545454545,299.0,298.45454545454544,311.40000000000003,0.0,2.0,276.0,532,1,1.0,True
533,-3.1459565,6.828112833333333,0.2992858,289.8333333333333,6588.333333333333,1.5988185000000001,98.0,59.333333333333336,299.0,299.0,306.71999999993716,0.0,2.0,276.0,533,1,1.0,True
534,-3.154474909090909,7.102745,0.2992277909090909,293.54545454545456,6671.727272727273,1.5963825454545455,98.0909090909091,59.09090909090909,299.0,299.0,311.03999999997905,0.0,2.0,276.0,534,1,1.0,True
535,-3.157414,7.366676272727273,0.2986089727272727,292.27272727272725,6642.454545454545,1.5963614545454545,99.0,59.45454545454545,299.0,297.90909090909093,154.8,0.0,2.0,276.0,535,1,1.0,True
536,-3.165929727272727,7.650420909090909,0.29903437272727273,289.72727272727275,6590.727272727273,1.59657,99.0,59.54545454545455,299.0,298.45454545454544,315.0,0.0,2.0,276.0,536,1,1.0,True
537,-3.1744017272727274,7.918444727272727,0.29849291818181817,288.45454545454544,6555.090909090909,1.596503818181818,99.0,59.54545454545455,297.54545454545456,299.0,304.560000000021,0.0,2.0,276.0,537,1,1.0,True
538,-3.1805749999999997,8.211999666666665,0.2555380166666667,286.8333333333333,6514.166666666667,1.552613,98.66666666666667,59.833333333333336,211.5,299.0,306.7200000000419,0.0,2.0,276.0,538,1,1.0,True
539,-3.1565642727272727,8.40032309090909,0.1708271,284.09090909090907,6451.636363636364,1.281772,97.45454545454545,60.0,42.45454545454545,299.0,300.96000000002095,0.0,2.0,276.0,539,1,1.0,True
540,-3.100847,8.50382,0.09974260363636364,281.72727272727275,6400.363636363636,0.7303252181818181,94.36363636363636,60.0,-67.18181818181819,266.27272727272725,299.5199999999371,0.0,2.0,276.0,540,1,1.0,True
541,-3.0194193333333335,8.535092166666667,0.098556545,282.0,6406.666666666667,0.20117111016666667,85.16666666666667,60.0,-20.5,217.16666666666666,303.83999999997906,0.0,2.0,276.0,541,1,1.0,True
542,-2.866175818181818,8.551869272727272,0.16104229090909092,284.09090909090907,6449.727272727273,0.15443868581818182,95.81818181818181,60.0,294.27272727272725,27.272727272727273,303.8400000000838,0.0,2.0,276.0,542,1,1.0,True
543,-2.7415647272727273,8.60492781818182,0.1455723272727273,282.09090909090907,6411.909090909091,0.5770382090909091,92.72727272727273,60.0,299.0,-8.181818181818182,150.11999999993714,0.0,2.0,276.0,543,1,1.0,True
544,-2.660911272727273,8.713289909090909,0.15729083636363636,283.3636363636364,6439.454545454545,1.1697655454545455,90.54545454545455,60.0,299.0,15.0,302.76000000002097,0.0,2.0,276.0,544,1,1.0,True
545,-2.649577818181818,8.87805609090909,0.2150711636363636,290.27272727272725,6596.181818181818,1.5412479090909093,91.81818181818181,59.09090909090909,275.3636363636364,154.27272727272728,312.1200000000419,0.0,2.0,8.0,545,1,1.0,True
546,-2.6553883333333332,9.121599999999999,0.27269678333333336,293.1666666666667,6659.666666666667,1.597859,96.66666666666667,59.333333333333336,247.5,297.5,313.91999999993715,0.0,2.0,8.0,546,1,1.0,True
547,-2.6532500000000003,9.381568090909091,0.2958243636363636,291.54545454545456,6622.636363636364,1.5557569999999998,97.81818181818181,59.45454545454545,293.72727272727275,297.90909090909093,311.03999999997905,0.0,2.0,8.0,547,1,1.0,True
548,-2.6566170833333334,9.670063833333332,0.2975131833333333,290.1666666666667,6595.666666666667,1.5555516666666664,98.75,59.416666666666664,299.0,295.3333333333333,308.160000000021,0.0,2.0,8.0,548,1,1.0,True
549,-2.6514763333333335,9.979999000000001,0.2967332,289.0,6567.666666666667,1.5656308333333333,99.16666666666667,59.5,299.0,293.6666666666667,307.8,0.0,2.0,8.0,549,1,1.0,True
550,-2.6510792727272725,10.243363636363638,0.2963658181818182,290.54545454545456,6595.0,1.5751324545454546,99.45454545454545,59.45454545454545,299.0,293.54545454545456,306.0,0.0,2.0,8.0,550,1,1.0,True
551,-2.6529843636363637,10.521320000000001,0.2979901636363636,290.3636363636364,6593.363636363636,1.581007181818182,100.0,59.45454545454545,299.0,296.45454545454544,156.6,0.0,2.0,4.0,551,1,1.0,True
552,-2.654350818181818,10.813145454545456,0.2984155636363636,290.72727272727275,6604.727272727273,1.5877747272727272,99.0,59.0,299.0,297.45454545454544,307.4399999999791,0.0,2.0,4.0,552,1,1.0,True
553,-2.6530853636363636,11.117389090909091,0.2982608727272727,288.0,6543.636363636364,1.5968010909090908,99.36363636363636,59.54545454545455,299.0,297.09090909090907,307.8,0.0,2.0,4.0,553,1,1.0,True
554,-2.657655,11.367294999999999,0.2989312833333333,288.0,6551.166666666667,1.6002456666666667,100.0,59.0,299.0,298.6666666666667,310.3200000000419,0.0,2.0,4.0,554,1,1.0,True
555,-2.6610266363636366,11.676133636363636,0.2983769090909091,291.54545454545456,6632.909090909091,1.6011325454545455,100.0,59.0,299.0,297.3636363636364,310.3200000000419,0.0,2.0,4.0,555,1,1.0,True
556,-2.668696454545455,11.926146363636365,0.28213343636363636,291.90909090909093,6634.909090909091,1.5948089090909092,99.81818181818181,59.0,265.3636363636364,298.45454545454544,307.439999999979,0.0,2.0,30.0,556,1,1.0,True
557,-2.6569291666666666,12.162186666666665,0.17534558333333336,285.3333333333333,6477.0,1.393864,95.83333333333333,59.5,51.166666666666664,299.0,304.560000000021,0.0,2.0,30.0,557,1,1.0,True
558,-2.6014245000000003,12.276160833333334,0.125571025,283.8333333333333,6442.0,0.9594515666666666,81.25,59.5,-41.083333333333336,292.1666666666667,307.4399999999791,0.0,2.0,30.0,558,1,1.0,True
559,-2.5061184545454545,12.314669090909092,0.1426717090909091,283.1818181818182,6433.909090909091,0.3238480909090909,74.0,59.54545454545455,-9.545454545454545,294.45454545454544,150.11999999993714,0.0,2.0,30.0,559,1,1.0,True
560,-2.3582016363636367,12.357966363636365,0.16320811818181816,273.27272727272725,6191.727272727273,0.14083899272727274,57.27272727272727,60.0,232.0,94.63636363636364,299.160000000021,0.0,2.0,30.0,560,1,1.0,True
561,-2.2674643636363636,12.406726363636363,0.1092953,284.3636363636364,6459.909090909091,0.5553252454545454,80.18181818181819,59.45454545454545,281.09090909090907,-62.63636363636363,303.4800000000629,0.0,2.0,30.0,561,1,1.0,True
562,-2.2157715000000002,12.485341666666665,0.12401108333333333,283.3333333333333,6439.333333333333,1.1585335333333333,74.83333333333333,59.666666666666664,279.3333333333333,-31.333333333333332,299.5199999999371,0.0,2.0,30.0,562,1,1.0,True
563,-2.2045643636363637,12.613071818181817,0.2037781,282.8181818181818,6424.181818181818,1.588947,77.63636363636364,59.81818181818182,281.54545454545456,125.72727272727273,304.20000000000005,0.0,2.0,30.0,563,1,1.0,True
564,-2.2182312727272726,12.84587909090909,0.2545195727272727,287.0,6523.454545454545,1.640187,83.63636363636364,59.27272727272727,218.8181818181818,289.72727272727275,312.83999999997906,0.0,2.0,30.0,564,1,1.0,True
565,-2.2201001666666667,13.0942,0.29113181666666665,294.8333333333333,6700.5,1.5504283333333335,93.66666666666667,59.0,283.0,298.8333333333333,310.6800000000629,0.0,2.0,30.0,565,1,1.0,True
566,-2.2217203636363636,13.378918181818182,0.2964818,291.54545454545456,6634.727272727273,1.5404666363636361,94.27272727272727,59.0,299.0,293.54545454545456,311.03999999997905,0.0,2.0,30.0,566,1,1.0,True
567,-2.216002,13.65066,0.2961724,290.8181818181818,6623.272727272727,1.550977909090909,93.0,59.0,299.0,292.6363636363636,154.0799999999581,0.0,2.0,30.0,567,1,1.0,True
568,-2.2115850000000004,13.97662,0.29779675,290.0,6595.0,1.568448,97.0,59.0,299.0,296.0,311.04000000008386,0.0,2.0,34.0,568,1,1.0,True
569,-2.2066451666666667,14.211145,0.29694590833333334,289.5,6591.416666666667,1.5771619166666666,97.0,59.0,299.0,294.3333333333333,307.8,0.0,2.0,34.0,569,1,1.0,True
570,-2.2129296363636364,14.504363636363637,0.2982608545454546,289.72727272727275,6587.545454545455,1.5811366363636365,96.18181818181819,59.0,299.0,297.27272727272725,313.55999999991616,0.0,2.0,34.0,570,1,1.0,True
571,-2.22042825,14.7821075,0.2985413,290.0,6588.75,1.58141775,95.25,59.0,299.0,297.75,310.3200000000419,0.0,2.0,34.0,571,1,1.0,True
572,-2.225815,15.080266363636365,0.2983769090909091,289.1818181818182,6575.636363636364,1.5824598181818181,94.0909090909091,59.0,299.0,297.3636363636364,304.560000000021,0.0,2.0,34.0,572,1,1.0,True
573,-2.2284566666666668,15.340166666666667,0.2990731,291.1666666666667,6622.166666666667,1.5861978333333333,92.83333333333333,59.0,299.0,299.0,313.20000000000005,0.0,2.0,34.0,573,1,1.0,True
574,-2.2350679090909087,15.640065454545454,0.2987249818181818,293.0,6665.090909090909,1.5877264545454546,91.36363636363636,59.0,299.0,298.1818181818182,308.160000000021,0.0,2.0,34.0,574,1,1.0,True
575,-2.2415219090909093,15.92504909090909,0.29849296363636363,291.72727272727275,6634.363636363636,1.5901926363636363,91.0,59.0,299.0,297.6363636363636,157.31999999993715,0.0,2.0,34.0,575,1,1.0,True
576,-2.2459662727272725,16.20395,0.29849296363636363,289.6363636363636,6584.636363636364,1.588957,93.45454545454545,59.0,299.0,297.6363636363636,309.2399999999791,0.0,2.0,34.0,576,1,1.0,True
577,-2.251522,16.46269416666667,0.297974075,287.75,6538.0,1.5940477499999999,94.0,59.0,297.0,298.75,312.4800000000629,0.0,2.0,34.0,577,1,1.0,True
578,-2.2585885,16.781581666666668,0.2970877333333333,290.3333333333333,6602.333333333333,1.5970901666666666,94.33333333333333,59.0,294.5,299.0,308.5199999999371,0.0,2.0,34.0,578,1,1.0,True
579,-2.265053,17.107221000000003,0.29847744,290.4,6602.3,1.5952272,96.1,59.0,297.6,299.0,306.7200000000419,0.0,2.0,78.0,579,1,1.0,True
580,-2.2702716363636366,17.36183,0.29887969090909094,290.09090909090907,6596.454545454545,1.5943830909090908,97.54545454545455,59.0,298.54545454545456,299.0,307.0799999999581,0.0,2.0,82.0,580,1,1.0,True
581,-2.279201833333333,17.663456666666665,0.2986476,290.1666666666667,6597.833333333333,1.593479,97.0,59.0,298.6666666666667,298.8333333333333,313.9200000000419,0.0,2.0,110.0,581,1,1.0,True
582,-2.2870763636363636,17.92944,0.2986862818181818,292.6363636363636,6647.727272727273,1.5920313636363637,97.18181818181819,59.0,299.0,298.09090909090907,311.03999999997905,0.0,2.0,110.0,582,1,1.0,True
583,-2.2897818181818184,18.229565454545455,0.2990731,293.3636363636364,6673.545454545455,1.5956051818181818,99.54545454545455,59.0,299.0,299.0,155.16000000002097,0.0,2.0,114.0,583,1,1.0,True
584,-2.2948369090909093,18.48234,0.29930513636363637,290.8181818181818,6614.727272727273,1.5966375454545456,100.0,59.0,299.0,299.0,309.2399999999791,0.0,2.0,54.0,584,1,1.0,True
585,-2.305338909090909,18.779285454545455,0.29775813636363635,287.54545454545456,6540.727272727273,1.5960035454545456,99.63636363636364,59.0,295.90909090909093,299.0,312.4800000000629,0.0,2.0,54.0,585,1,1.0,True
586,-2.3106451818181815,19.068918181818184,0.29884099999999997,287.1818181818182,6538.909090909091,1.5936446363636363,99.36363636363636,59.0,298.6363636363636,299.0,307.0799999999581,0.0,2.0,54.0,586,1,1.0,True
587,-2.3131073636363637,19.346676363636366,0.29845425454545454,292.0,6648.454545454545,1.595212909090909,100.0,59.0,299.0,297.3636363636364,310.3200000000419,0.0,2.0,54.0,587,1,1.0,True
588,-2.3163098333333334,19.599540833333332,0.29804495,292.5,6659.166666666667,1.5997998333333332,100.0,59.0,298.8333333333333,296.75,311.03999999997905,0.0,2.0,54.0,588,1,1.0,True
589,-2.3236236666666668,19.910165,0.29907305,289.8333333333333,6591.666666666667,1.602653,100.0,59.0,298.5,299.0,304.91999999993715,0.0,2.0,54.0,589,1,1.0,True
590,-2.3301426363636364,20.214954545454546,0.2986862818181818,288.72727272727275,6561.363636363636,1.6023056363636363,99.45454545454545,59.0,298.09090909090907,299.0,309.6,0.0,2.0,58.0,590,1,1.0,True
591,-2.335116090909091,20.46245818181818,0.2990731,290.90909090909093,6613.0,1.6032005454545455,100.0,59.0,299.0,299.0,153.72000000004192,0.0,2.0,58.0,591,1,1.0,True
592,-2.3406635454545457,20.75351,0.29868632727272726,289.6363636363636,6578.0,1.6029698181818182,100.0,59.0,299.0,298.09090909090907,313.560000000021,0.0,2.0,58.0,592,1,1.0,True
593,-2.3457959090909095,21.034253636363637,0.29806750909090907,290.54545454545456,6610.0,1.6034454545454544,100.0,59.0,299.0,296.6363636363636,304.91999999993715,0.0,2.0,58.0,593,1,1.0,True
594,-2.3544623333333337,21.34618,0.298364,290.3333333333333,6604.333333333333,1.6022248333333333,100.0,59.0,299.0,297.3333333333333,313.9200000000419,0.0,2.0,58.0,594,1,1.0,True
595,-2.3596606363636363,21.58958727272727,0.24311048181818184,273.90909090909093,6222.181818181818,1.6014315454545454,100.0,59.81818181818182,244.72727272727272,241.63636363636363,293.76000000002097,0.0,2.0,58.0,595,1,1.0,True
596,-2.3617882727272725,21.73232181818182,0.10040006181818181,265.90909090909093,6033.090909090909,1.602693,100.0,60.0,101.63636363636364,99.81818181818181,281.160000000021,0.0,2.0,58.0,596,1,1.0,True
626,-2.3622069090909092,21.76226909090909,0.18563953636363636,281.90909090909093,6400.181818181818,-1.5494551818181819,99.27272727272727,59.18181818181818,184.9090909090909,186.0,301.3200000000419,0.0,12.0,56.0,626,1,1.0,True
627,-2.3624456363636366,21.528945454545454,0.2984542727272727,290.6363636363636,6607.363636363636,-1.5536338181818181,100.0,59.0,298.45454545454544,298.27272727272725,308.1599999999162,0.0,12.0,56.0,627,1,1.0,True
628,-2.358341454545455,21.23338,0.2986089818181818,290.45454545454544,6599.727272727273,-1.552543818181818,100.0,59.0,299.0,297.90909090909093,311.76000000002097,0.0,12.0,56.0,628,1,1.0,True
629,-2.3544351666666667,20.96159,0.29843491666666666,289.8333333333333,6596.333333333333,-1.5500175,100.0,59.0,299.0,297.5,306.36000000002093,0.0,12.0,56.0,629,1,1.0,True
630,-2.347152818181818,20.667517272727274,0.29884100909090905,290.8181818181818,6618.181818181818,-1.547744909090909,100.0,59.0,299.0,299.0,311.03999999997905,0.0,12.0,56.0,630,1,1.0,True
631,-2.3393886363636365,20.40542090909091,0.2986089727272727,292.45454545454544,6655.636363636364,-1.548433818181818,100.0,59.0,297.90909090909093,299.0,154.8,0.0,12.0,56.0,631,1,1.0,True
632,-2.339661,20.090127272727273,0.2969459,290.45454545454544,6606.909090909091,-1.546036,100.0,59.0,299.0,294.0,309.2399999999791,0.0,12.0,52.0,632,1,1.0,True
633,-2.331475,19.849563636363637,0.2983382090909091,290.09090909090907,6599.090909090909,-1.5430969090909092,100.0,59.0,298.27272727272725,298.54545454545456,309.2400000000838,0.0,12.0,52.0,633,1,1.0,True
634,-2.3267308333333334,19.544021666666666,0.29808039999999997,289.5,6590.666666666667,-1.541838,100.0,59.0,297.6666666666667,298.0,311.4,0.0,12.0,52.0,634,1,1.0,True
635,-2.320488545454545,19.260561818181817,0.2986089818181818,291.09090909090907,6623.0,-1.5411036363636363,99.72727272727273,59.0,298.45454545454544,298.45454545454544,308.8799999999581,0.0,12.0,52.0,635,1,1.0,True
636,-2.3142316363636364,18.971881818181817,0.2982222,292.1818181818182,6646.636363636364,-1.5404174545454545,99.0,59.0,298.6363636363636,297.3636363636364,307.0799999999581,0.0,12.0,52.0,636,1,1.0,True
637,-2.3052300909090913,18.68894636363636,0.29791278181818187,291.0,6617.454545454545,-1.5420248181818181,98.45454545454545,59.0,296.45454545454544,299.0,309.6,0.0,12.0,52.0,637,1,1.0,True
638,-2.293915818181818,18.40105909090909,0.2807798090909091,287.3636363636364,6536.090909090909,-1.555363,97.9090909090909,59.0,263.72727272727275,297.45454545454544,304.20000000000005,0.0,12.0,104.0,638,1,1.0,True
639,-2.308454333333333,18.222054999999997,0.13379582666666667,282.5,6421.25,-1.8070924166666666,96.08333333333333,59.0,-20.25,288.0,302.4,0.0,12.0,104.0,639,1,1.0,True
640,-2.367572,18.123525,0.09401869,283.5,6440.5,-2.4334065,92.5,59.0,-76.0,264.5,146.16000000002097,0.0,12.0,104.0,640,1,1.0,True
641,-2.4611273333333332,18.0947675,0.15464165500000002,287.8333333333333,6541.833333333333,-0.35307933333333325,78.25,59.0,18.75,290.6666666666667,306.0,0.0,12.0,100.0,641,1,1.0,True
642,-2.6495098181818184,18.11697909090909,0.24071260909090908,293.27272727272725,6674.090909090909,0.8144870000000001,69.81818181818181,59.0,282.27272727272725,199.1818181818182,308.88000000006286,0.0,12.0,302.0,642,1,1.0,True
643,-2.869743909090909,18.093114545454544,0.28623296363636364,290.90909090909093,6624.0,-3.0962445454545455,81.0909090909091,59.0,298.45454545454544,273.3636363636364,313.55999999991616,0.0,12.0,306.0,643,1,1.0,True
644,-3.1657692500000003,18.089915,0.23674845,279.25,6346.5,-3.032978,89.25,59.5,290.25,183.25,299.88000000006286,0.0,12.0,310.0,644,1,1.0,True
645,-3.3016909090909086,18.033112727272727,0.11521254363636363,282.09090909090907,6408.0,-2.6024425454545455,77.0,59.0,277.09090909090907,-47.09090909090909,301.6799999999581,0.0,12.0,314.0,645,1,1.0,True
646,-3.3608104166666664,17.965566666666668,0.09845019583333332,281.1666666666667,6388.166666666667,-2.0884063333333334,59.583333333333336,59.0,262.9166666666667,-66.16666666666667,299.160000000021,0.0,12.0,314.0,646,1,1.0,True
647,-3.377094,17.846723333333333,0.19207890833333333,291.1666666666667,6621.666666666667,-1.5627358333333332,76.41666666666667,59.0,278.0,105.91666666666667,311.76000000002097,0.0,12.0,152.0,647,1,1.0,True
648,-3.3644805,17.66275,0.24206624999999998,291.5,6633.5,-1.4763755,95.5,59.0,186.5,298.0,155.16000000002097,0.0,12.0,148.0,648,1,1.0,True
649,-3.3393960909090907,17.45905090909091,0.14429606363636363,284.0,6466.636363636364,-1.314257090909091,97.18181818181819,59.0,286.3636363636364,2.4545454545454546,303.11999999993714,0.0,12.0,162.0,649,1,1.0,True
650,-3.288833363636364,17.368974545454545,0.09069265636363637,284.90909090909093,6473.181818181818,-0.7641127818181819,91.27272727272727,59.0,267.1818181818182,-85.45454545454545,300.2399999999791,0.0,12.0,162.0,650,1,1.0,True
651,-3.1973605454545453,17.327654545454546,0.16015276181818183,286.27272727272725,6519.363636363636,-0.15828521363636364,81.9090909090909,59.0,287.8181818181818,32.63636363636363,310.3200000000419,0.0,12.0,328.0,651,1,1.0,True
652,-3.0184150909090905,17.32998909090909,0.26627674545454544,296.8181818181818,6759.545454545455,0.057096946545454545,89.0,59.0,247.8181818181818,284.8181818181818,317.160000000021,0.0,12.0,328.0,652,1,1.0,True
653,-2.7189625454545454,17.336174545454547,0.29505084545454546,292.72727272727275,6664.363636363636,-0.002854643,96.63636363636364,59.0,293.27272727272725,296.45454545454544,308.5199999999371,0.0,12.0,324.0,653,1,1.0,True
654,-2.4868453636363634,17.347478181818182,0.17055634909090908,279.90909090909093,6365.363636363636,0.15632389054545454,96.63636363636364,59.0,284.27272727272725,56.72727272727273,299.160000000021,0.0,12.0,46.0,654,1,1.0,True
655,-2.3898455833333334,17.398070833333335,0.09830841666666668,283.5,6444.166666666667,0.68513015,94.91666666666667,59.0,275.4166666666667,-78.58333333333333,299.88000000006286,0.0,12.0,50.0,655,1,1.0,True
656,-2.342173,17.484879999999997,0.11571535,277.5,6301.0,1.2326145,88.5,59.5,229.5,2.0,148.31999999993715,0.0,12.0,50.0,656,1,1.0,True
663,-2.335714166666667,17.7647625,0.12486192916666666,273.0,6204.916666666667,1.6745455,70.0,59.416666666666664,163.75,86.0,297.71999999993716,0.0,13.0,98.0,663,1,1.0,True
676,-2.5721914999999997,18.071682499999998,0.129860675,273.75,6217.0,-3.0075827499999996,90.75,59.5,107.25,152.0,293.4,0.0,12.0,302.0,676,1,1.0,True
677,-2.7998676363636363,18.059832727272727,0.28306166363636365,293.72727272727275,6685.090909090909,-3.0898117272727275,90.36363636363636,59.0,268.09090909090907,297.6363636363636,315.0,0.0,12.0,306.0,677,1,1.0,True
678,-3.0534187272727276,18.053746363636364,0.2828682818181818,289.0,6571.272727272727,-3.106296818181818,91.36363636363636,59.0,293.6363636363636,271.8181818181818,301.3200000000419,0.0,12.0,310.0,678,1,1.0,True
679,-3.2661775,18.028737500000002,0.12635094583333334,281.0,6392.166666666667,-2.823146833333333,79.66666666666667,59.0,284.25,-31.583333333333332,302.76000000002097,0.0,12.0,314.0,679,1,1.0,True
680,-3.333287,17.973105,0.091040735,282.0,6406.0,-2.3496365,75.5,59.0,262.5,-80.5,149.03999999997905,0.0,12.0,314.0,680,1,1.0,True
681,-3.3724139166666665,17.879485833333334,0.13851097666666665,285.5,6491.416666666667,-1.7359237499999998,65.0,59.0,290.25,-13.416666666666666,302.03999999997905,0.0,12.0,314.0,681,1,1.0,True
682,-3.367394818181818,17.697317272727272,0.23870157272727272,292.27272727272725,6658.727272727273,-1.4953713636363637,84.0909090909091,59.0,218.27272727272728,258.90909090909093,315.36000000002093,0.0,12.0,148.0,682,1,1.0,True
683,-3.353647181818182,17.48584,0.17067239090909092,283.72727272727275,6454.0,-1.4036775454545454,97.45454545454545,59.0,285.6363636363636,55.81818181818182,304.560000000021,0.0,12.0,158.0,683,1,1.0,True
684,-3.2990855,17.372765,0.0965712475,283.25,6443.5,-0.811800125,92.0,59.0,273.0,-79.75,300.9599999999162,0.0,12.0,162.0,684,1,1.0,True
685,-3.230230818181818,17.327267272727273,0.12325696090909091,284.72727272727275,6480.545454545455,-0.2494443490909091,78.9090909090909,59.0,285.09090909090907,-39.0,302.4,0.0,12.0,162.0,685,1,1.0,True
686,-3.0571172727272726,17.327186363636365,0.23328704545454546,296.0,6742.090909090909,0.05174165636363636,82.81818181818181,59.0,249.36363636363637,216.45454545454547,314.28000000006284,0.0,12.0,328.0,686,1,1.0,True
687,-2.8075375,17.3398925,0.2865230416666667,297.8333333333333,6784.916666666667,0.005001055333333334,95.41666666666667,59.0,273.4166666666667,299.0,310.3199999999371,0.0,12.0,324.0,687,1,1.0,True
688,-2.5618185454545457,17.343079090909093,0.21975078181818183,282.1818181818182,6417.545454545455,0.032801105454545454,98.0,59.0,286.6363636363636,152.63636363636363,148.32000000004192,0.0,12.0,46.0,688,1,1.0,True
689,-2.4099643333333334,17.373252500000003,0.093983235,284.8333333333333,6484.5,0.45810402499999997,96.16666666666667,59.0,270.6666666666667,-82.66666666666667,303.47999999995807,0.0,12.0,46.0,689,1,1.0,True
690,-2.3447301818181816,17.46414,0.13988716363636364,282.72727272727275,6436.636363636364,1.1369207545454545,95.63636363636364,59.0,289.90909090909093,-9.909090909090908,303.12000000004195,0.0,12.0,50.0,690,1,1.0,True
702,-2.3321643636363634,17.753386363636363,0.095295,265.45454545454544,6026.818181818182,1.6485736363636363,69.27272727272727,59.36363636363637,121.36363636363636,69.63636363636364,289.0799999999581,0.0,19.0,94.0,702,1,1.0,True
703,-2.3636020833333333,17.940584166666667,0.1358520725,283.0833333333333,6432.333333333333,2.004780916666667,78.91666666666667,59.0,289.8333333333333,-17.833333333333332,306.36000000002093,0.0,19.0,98.0,703,1,1.0,True
704,-2.4086125,18.01901,0.095082245,284.5,6461.5,2.561665,49.5,59.0,270.5,-80.0,150.12000000004193,0.0,19.0,98.0,704,1,1.0,True
705,-2.5325823333333335,18.022125833333334,0.18793105166666665,286.0,6498.5,0.51595175,59.25,59.0,269.25,106.66666666666667,305.63999999997907,0.0,19.0,302.0,705,1,1.0,True
706,-2.740695272727273,18.008806363636364,0.26306674545454545,296.0,6740.181818181818,-0.8156509090909093,82.63636363636364,59.0,228.0909090909091,297.45454545454544,311.40000000000003,0.0,19.0,306.0,706,1,1.0,True
707,-3.0179679090909093,18.01077727272727,0.2927303727272727,287.45454545454544,6538.272727272727,3.125350636363636,91.63636363636364,59.0,291.72727272727275,293.54545454545456,308.160000000021,0.0,19.0,306.0,707,1,1.0,True
708,-3.23070225,18.010775,0.16219290249999999,280.5,6377.25,-1.41688425,80.25,59.0,282.75,41.5,298.8,0.0,19.0,310.0,708,1,1.0,True
710,-3.3624641818181815,17.88286909090909,0.12758853454545455,283.54545454545456,6458.545454545455,-1.8839425454545455,64.36363636363636,59.0,284.0,-29.0,302.76000000002097,0.0,19.0,152.0,710,1,1.0,True
711,-3.36969975,17.6953575,0.258764125,292.1666666666667,6647.416666666667,-1.51623175,89.41666666666667,59.0,239.0,278.1666666666667,311.03999999997905,0.0,19.0,40.0,711,1,1.0,True
712,-3.3702935000000003,17.440379999999998,0.29205355,289.0,6577.0,-1.5708195,98.0,59.0,285.5,298.5,154.08000000006288,0.0,19.0,40.0,712,1,1.0,True
713,-3.366417833333333,17.21007416666667,0.1539326,267.0,6068.833333333333,-1.5784750833333334,98.66666666666667,59.5,154.58333333333334,153.5,293.03999999997905,0.0,19.0,36.0,713,1,1.0,True
714,-3.3646766666666665,17.111316666666667,0.09947830499999999,264.0,5996.5,-1.5775594999999998,99.0,59.833333333333336,100.0,99.66666666666667,284.03999999997905,0.0,19.0,36.0,714,1,1.0,True
723,-3.366717090909091,16.978914545454547,0.1355169,272.45454545454544,6187.818181818182,-1.5736491818181817,99.72727272727273,59.18181818181818,135.8181818181818,134.72727272727272,286.560000000021,0.0,4.0,192.0,723,1,1.0,True
724,-3.368255090909091,16.75186909090909,0.2970233181818182,289.90909090909093,6596.545454545455,-1.567812090909091,99.72727272727273,59.0,298.72727272727275,294.72727272727275,310.3199999999372,0.0,4.0,192.0,724,1,1.0,True
725,-3.366342166666667,16.48727166666667,0.2978677166666666,289.3333333333333,6581.666666666667,-1.5618286666666668,100.0,59.0,299.0,296.1666666666667,313.20000000000005,0.0,4.0,192.0,725,1,1.0,True
726,-3.3615382727272727,16.177539090909093,0.2990344181818182,290.45454545454544,6613.090909090909,-1.5567814545454546,100.0,59.0,299.0,298.90909090909093,307.8,0.0,4.0,192.0,726,1,1.0,True
727,-3.3593471818181815,15.897319090909091,0.29887969090909094,289.54545454545456,6594.0,-1.5550089090909092,99.45454545454545,59.0,299.0,298.54545454545456,154.8,0.0,4.0,192.0,727,1,1.0,True
728,-3.3558215,15.61311,0.29779680000000003,288.5,6565.5,-1.5509695000000001,99.5,59.0,299.0,296.0,307.8,0.0,4.0,192.0,728,1,1.0,True
729,-3.352607583333333,15.342909166666667,0.29818675,288.5,6559.583333333333,-1.5455321666666666,100.0,59.0,299.0,297.3333333333333,308.88000000006286,0.0,4.0,192.0,729,1,1.0,True
730,-3.3510211818181816,15.044242727272728,0.29802883636363636,286.27272727272725,6519.363636363636,-1.5414629090909089,100.0,59.0,299.0,296.6363636363636,307.439999999979,0.0,4.0,192.0,730,1,1.0,True
731,-3.33957,14.751928181818181,0.2979901636363636,291.54545454545456,6638.727272727273,-1.5401727272727272,100.0,59.0,296.8181818181818,298.6363636363636,311.03999999997905,0.0,4.0,192.0,731,1,1.0,True
732,-3.3299205,14.48927,0.29769045,291.5,6645.75,-1.54460725,99.25,59.0,295.75,299.0,305.28000000006284,0.0,4.0,192.0,732,1,1.0,True
733,-3.3222164999999997,14.200494999999998,0.2990021666666667,289.1666666666667,6584.833333333333,-1.547466166666667,98.5,59.0,298.6666666666667,299.0,309.2399999999791,0.0,4.0,192.0,733,1,1.0,True
734,-3.3154891818181813,13.920150909090909,0.2994985,288.45454545454544,6567.909090909091,-1.548045090909091,99.63636363636364,59.0,299.0,299.0,306.36000000002093,0.0,4.0,188.0,734,1,1.0,True
735,-3.3102172500000004,13.605876666666667,0.29939214166666667,287.8333333333333,6561.75,-1.5480560833333332,100.0,59.0,299.0,298.8333333333333,308.5199999999371,0.0,4.0,188.0,735,1,1.0,True
736,-3.3057360000000005,13.356604999999998,0.29864765,291.5,6641.0,-1.5458355000000001,100.0,59.0,299.0,298.0,153.36000000002096,0.0,4.0,188.0,736,1,1.0,True
737,-3.296530333333333,13.058489166666666,0.29868305833333336,289.25,6591.666666666667,-1.5468085833333334,100.0,59.0,298.5,298.5833333333333,312.83999999997906,0.0,4.0,188.0,737,1,1.0,True
738,-3.2946634545454545,12.775314545454545,0.2749785818181818,281.54545454545456,6414.545454545455,-1.536869909090909,100.0,59.0,299.0,250.36363636363637,308.52000000004193,0.0,4.0,188.0,738,1,1.0,True
739,-3.267882636363636,12.5659,0.15848975454545455,281.27272727272725,6402.636363636364,-1.3010398181818184,99.18181818181819,59.0,298.1818181818182,18.363636363636363,295.91999999993715,0.0,4.0,188.0,739,1,1.0,True
740,-3.21255075,12.463120000000002,0.11209925,282.5,6426.25,-0.7527845750000001,97.25,59.0,282.0,-57.5,305.64000000008383,0.0,4.0,188.0,740,1,1.0,True
741,-3.1174098333333333,12.413016666666666,0.14428963333333333,282.1666666666667,6421.833333333333,-0.18214577666666668,86.66666666666667,59.0,292.1666666666667,-3.3333333333333335,300.9599999999162,0.0,4.0,188.0,741,1,1.0,True
742,-2.976711272727272,12.411674545454543,0.16699824545454545,283.8181818181818,6461.818181818182,-0.0004306145454545435,57.36363636363637,59.0,118.9090909090909,215.1818181818182,300.2400000000838,0.0,4.0,188.0,742,1,1.0,True
743,-2.829966,12.387158333333334,0.13134965,283.9166666666667,6468.833333333333,-0.36028692500000004,75.0,59.0,-36.833333333333336,299.0,304.5599999999162,0.0,4.0,188.0,743,1,1.0,True
744,-2.7449594999999998,12.31404,0.1306052,281.0,6392.0,-0.8972111500000001,48.0,59.0,-38.0,299.0,149.76000000002097,0.0,4.0,188.0,744,1,1.0,True
748,-2.7938895,12.1724525,0.125074625,278.75,6339.5,-1.2623175,56.0,59.25,37.5,212.75,300.2400000000838,0.0,4.0,188.0,748,1,1.0,True
749,-2.7795712727272726,11.962131818181819,0.25966335454545453,291.45454545454544,6632.0,-1.4565626363636364,57.90909090909091,59.0,237.0909090909091,281.72727272727275,314.27999999995814,0.0,4.0,6.0,749,1,1.0,True
750,-2.7590722499999996,11.658731666666666,0.29457065,290.9166666666667,6633.75,-1.4468339166666666,60.0,59.0,293.4166666666667,295.3333333333333,308.160000000021,0.0,4.0,6.0,750,1,1.0,True
751,-2.7423942500000003,11.407011666666667,0.2949252,292.3333333333333,6669.5,-1.4558115833333334,62.25,59.0,290.9166666666667,298.3333333333333,309.2399999999791,0.0,4.0,6.0,751,1,1.0,True
752,-2.768337181818182,11.098889090909092,0.16104229090909092,261.09090909090907,5938.363636363636,-1.4506020000000002,28.90909090909091,59.45454545454545,163.0909090909091,158.72727272727272,140.4,0.0,4.0,6.0,752,1,1.0,True
763,-2.793634,11.07447,0.138603144,280.1,6366.1,-1.5459419,92.1,59.0,173.7,103.5,300.6,0.0,4.0,6.0,763,1,1.0,True
764,-2.776006,10.88069,0.27599385000000004,293.0,6667.0,-1.4415715,99.0,59.0,294.25,257.0,315.71999999993716,0.0,4.0,6.0,764,1,1.0,True
765,-2.7422313636363636,10.590553636363637,0.29273038181818184,290.09090909090907,6612.363636363636,-1.4295006363636362,100.0,59.0,285.8181818181818,299.0,306.36000000002093,0.0,4.0,10.0,765,1,1.0,True
766,-2.71338025,10.350456666666668,0.29091910833333334,290.0833333333333,6601.25,-1.4527175833333335,100.0,59.0,282.4166666666667,299.0,310.6800000000629,0.0,4.0,10.0,766,1,1.0,True
767,-2.6832076666666667,10.043355499999999,0.29343620833333334,291.0833333333333,6633.5,-1.4813189166666667,100.0,59.0,287.6666666666667,299.0,306.0,0.0,4.0,10.0,767,1,1.0,True
768,-2.6606405,9.779250000000001,0.29524425,291.5,6647.5,-1.5008380000000001,100.0,59.0,291.0,299.0,154.0799999999581,0.0,4.0,10.0,768,1,1.0,True
769,-2.6445028333333336,9.503367666666668,0.29566965,290.6666666666667,6625.25,-1.5138670833333334,100.0,59.0,292.0,299.0,306.7200000000419,0.0,4.0,10.0,769,1,1.0,True
770,-2.6311811666666665,9.228250083333334,0.29740684166666664,287.5,6550.666666666667,-1.5224516666666668,100.0,59.0,295.1666666666667,299.0,309.2399999999791,0.0,4.0,10.0,770,1,1.0,True
771,-2.617672909090909,8.946551636363635,0.24941449090909087,284.6363636363636,6474.818181818182,-1.571928818181818,99.72727272727273,59.0,199.45454545454547,299.0,297.71999999993716,0.0,4.0,278.0,771,1,1.0,True
772,-2.654613,8.76272625,0.154747975,281.75,6413.5,-1.9812985,92.75,59.0,10.0,299.0,299.160000000021,0.0,4.0,278.0,772,1,1.0,True
773,-2.7298373333333337,8.665412333333334,0.15031645833333332,282.25,6425.916666666667,-2.48761275,98.41666666666667,59.0,1.0,299.0,301.3200000000419,0.0,4.0,278.0,773,1,1.0,True
774,-2.884555833333333,8.597780666666667,0.18052158333333335,284.0,6473.833333333333,-2.957447,99.83333333333333,59.0,95.5,264.8333333333333,304.2,0.0,4.0,278.0,774,1,1.0,True
775,-3.0368750909090907,8.565250272727273,0.09854366727272729,278.54545454545456,6345.909090909091,-2.993552090909091,97.45454545454545,59.0,224.45454545454547,-27.272727272727273,297.71999999993716,0.0,4.0,278.0,775,1,1.0,True
777,-3.1320662727272723,8.489802363636363,0.11819055454545455,282.3636363636364,6433.0,-1.8957748181818184,87.81818181818181,59.0,268.09090909090907,-31.636363636363637,298.439999999979,0.0,4.0,278.0,777,1,1.0,True
778,-3.1382994,8.3028706,0.26031696000000004,293.5,6691.3,-1.5109354,97.6,59.0,292.6,227.6,315.0,0.0,4.0,278.0,778,1,1.0,True
779,-3.1300838333333334,8.080000666666667,0.2692934,295.3333333333333,6730.833333333333,-1.5271813333333333,99.83333333333333,59.0,240.16666666666666,298.1666666666667,307.439999999979,0.0,4.0,278.0,779,1,1.0,True
780,-3.1294405454545458,7.784867090909091,0.29447073636363635,293.09090909090907,6678.090909090909,-1.591896,100.0,59.0,291.3636363636364,297.6363636363636,310.6800000000629,0.0,4.0,278.0,780,1,1.0,True
781,-3.1285085454545456,7.516094727272727,0.2974873727272727,291.8181818181818,6653.545454545455,-1.5913447272727275,99.27272727272727,59.0,299.0,295.45454545454544,306.0,0.0,4.0,278.0,781,1,1.0,True
782,-3.1326181666666666,7.209491833333334,0.29588238333333333,289.8333333333333,6602.0,-1.5816563333333333,99.0,59.0,299.0,292.6666666666667,309.6,0.0,4.0,278.0,782,1,1.0,True
783,-3.139829909090909,6.960601,0.2944320818181818,288.3636363636364,6577.818181818182,-1.5706244545454546,99.0,59.0,299.0,289.45454545454544,312.47999999995807,0.0,4.0,278.0,783,1,1.0,True
784,-3.1398520000000003,6.6693665,0.29545695,289.0,6591.0,-1.560877,99.0,59.0,299.0,291.5,153.72000000004192,0.0,4.0,278.0,784,1,1.0,True
785,-3.1377753636363637,6.388318727272727,0.2969459,290.0,6615.272727272727,-1.5545034545454544,100.0,59.0,299.0,294.0,310.3199999999372,0.0,4.0,278.0,785,1,1.0,True
786,-3.13341875,6.112098166666666,0.2974777416666667,290.5,6626.583333333333,-1.5511525,100.0,59.0,299.0,295.25,309.2400000000838,0.0,4.0,282.0,786,1,1.0,True
787,-3.1261564545454545,5.850406636363636,0.29802883636363636,290.1818181818182,6617.454545454545,-1.5488445454545454,100.0,59.0,299.0,296.54545454545456,309.9599999999162,0.0,4.0,282.0,787,1,1.0,True
788,-3.1200519090909093,5.535912454545454,0.2991891,289.6363636363636,6604.363636363636,-1.5472526363636363,100.0,59.0,299.0,298.45454545454544,307.8,0.0,4.0,282.0,788,1,1.0,True
789,-3.1132904545454547,5.249005,0.2993437909090909,290.3636363636364,6625.454545454545,-1.546873,100.0,59.0,298.8181818181818,299.0,307.0800000000629,0.0,4.0,282.0,789,1,1.0,True
790,-3.1041673333333333,4.977948666666666,0.2986476,291.6666666666667,6656.166666666667,-1.5486598333333335,100.0,59.0,298.1666666666667,298.8333333333333,309.6,0.0,4.0,282.0,790,1,1.0,True
791,-3.0986665454545457,4.6813210909090905,0.2986862818181818,290.09090909090907,6610.636363636364,-1.5480122727272727,100.0,59.0,298.45454545454544,298.6363636363636,309.6,0.0,4.0,282.0,791,1,1.0,True
792,-3.0888856363636363,4.419814545454545,0.2983769363636364,289.3636363636364,6589.363636363636,-1.5494539090909092,100.0,59.0,297.3636363636364,299.0,153.71999999993713,0.0,4.0,282.0,792,1,1.0,True
793,-3.0854374166666667,4.120038583333334,0.29797405,289.3333333333333,6594.083333333333,-1.5499554166666665,100.0,59.0,298.75,296.6666666666667,310.3200000000419,0.0,4.0,282.0,793,1,1.0,True
794,-3.079139090909091,3.8673313636363633,0.21824252363636362,270.45454545454544,6151.363636363636,-1.553970090909091,99.63636363636364,59.36363636363637,190.27272727272728,246.0909090909091,297.0,0.0,4.0,282.0,794,1,1.0,True
860,-3.076480545454545,3.587693727272727,0.2532819781818182,284.6363636363636,6482.454545454545,-1.5365639090909091,94.18181818181819,59.0,250.0909090909091,256.27272727272725,305.2799999999581,0.0,5.0,282.0,860,1,1.0,True
861,-3.0695752727272723,3.3495464545454543,0.29829954545454546,289.1818181818182,6579.545454545455,-1.542815,98.72727272727273,59.0,297.1818181818182,299.0,305.64000000008383,0.0,5.0,282.0,861,1,1.0,True
862,-3.061715833333333,3.049268833333333,0.29886035,289.0,6589.5,-1.5454578333333335,99.0,59.0,298.6666666666667,298.8333333333333,312.11999999993714,0.0,5.0,282.0,862,1,1.0,True
863,-3.0565044545454545,2.7735027272727275,0.29895704545454543,289.72727272727275,6598.454545454545,-1.5455681818181817,99.0,59.0,299.0,298.6363636363636,309.6,0.0,5.0,282.0,863,1,1.0,True
864,-3.0485095454545448,2.4788136363636366,0.2994985,291.3636363636364,6642.454545454545,-1.5453638181818183,99.0,59.0,299.0,299.0,153.72000000004192,0.0,5.0,282.0,864,1,1.0,True
865,-3.0421799166666665,2.237219083333333,0.29910855,289.8333333333333,6603.5,-1.5461085833333332,99.0,59.0,299.0,299.0,306.36000000002093,0.0,5.0,282.0,865,1,1.0,True
866,-3.0354277,1.919469,0.28733138,282.9,6449.6,-1.5508904000000001,97.7,59.0,275.4,299.0,304.55999999991616,0.0,5.0,200.0,866,1,1.0,True
867,-3.054681,1.7024801666666667,0.19484418333333334,284.5,6479.166666666667,-1.745387,85.66666666666667,59.0,90.0,299.0,306.36000000002093,0.0,5.0,200.0,867,1,1.0,True
868,-3.10346575,1.56426575,0.1287971,281.75,6413.75,-2.24114125,77.75,59.0,-33.0,290.25,298.8,0.0,5.0,196.0,868,1,1.0,True
869,-3.18234725,1.5066715000000002,0.11879961666666666,282.25,6437.583333333333,-1.7346426666666668,89.83333333333333,59.0,-38.5,275.75,303.4800000000629,0.0,5.0,196.0,869,1,1.0,True
870,-3.355382,1.4812133333333335,0.23611033333333334,292.8333333333333,6677.5,3.102701833333333,95.16666666666667,59.0,226.0,246.16666666666666,308.8799999999581,0.0,5.0,264.0,870,1,1.0,True
871,-3.6219403636363636,1.4817878181818183,0.2853435090909091,294.27272727272725,6713.727272727273,-0.8326833636363637,98.27272727272727,59.0,299.0,271.09090909090907,311.03999999997905,0.0,5.0,264.0,871,1,1.0,True
872,-3.881845636363636,1.4725421818181816,0.2986476,289.3636363636364,6587.727272727273,-3.096483545454545,99.54545454545455,59.0,298.45454545454544,298.54545454545456,153.36000000002096,0.0,5.0,264.0,872,1,1.0,True
873,-4.161764090909091,1.461869090909091,0.29760343636363634,287.0,6542.181818181818,-3.0983383636363637,100.0,59.0,295.54545454545456,299.0,309.6,0.0,5.0,260.0,873,1,1.0,True
874,-4.3731670000000005,1.4564223636363636,0.12403043999999999,265.1818181818182,6038.545454545455,-3.102213090909091,100.0,59.0,123.72727272727273,124.0909090909091,283.3200000000419,0.0,5.0,260.0,874,1,1.0,True
875,-4.487214090909091,1.4521145454545454,0.09916245545454544,263.1818181818182,5975.363636363636,-3.102709,100.0,59.0,99.0909090909091,100.0,280.0799999999581,0.0,5.0,260.0,875,1,1.0,True
896,-4.4005417499999995,1.3782715,0.1017118125,274.75,6262.083333333333,-0.37037105,55.833333333333336,59.0,188.33333333333334,14.666666666666666,292.3200000000419,0.0,1.0,262.0,896,1,1.0,True
897,-4.358129909090909,1.3576759090909092,0.17450120909090908,286.0,6523.909090909091,-0.13374110454545454,46.72727272727273,59.0,257.8181818181818,91.0,148.67999999995808,0.0,1.0,262.0,897,1,1.0,True
898,-4.182930750000001,1.36673925,0.20976947499999998,274.9166666666667,6266.166666666667,0.07264084250000001,35.25,59.416666666666664,237.08333333333334,182.0,311.4,0.0,1.0,262.0,898,1,1.0,True
903,-3.8211712500000004,1.4448168333333333,0.23894650000000003,293.4166666666667,6698.0,0.10062073249999999,99.0,59.0,209.91666666666666,267.3333333333333,317.160000000021,0.0,1.0,266.0,903,1,1.0,True
904,-3.562363583333333,1.45837975,0.29297529166666664,293.5,6690.0,0.035320606666666664,98.33333333333333,59.0,286.4166666666667,299.0,304.91999999993715,0.0,1.0,266.0,904,1,1.0,True
905,-3.310937,1.4677280000000001,0.21948011818181817,281.27272727272725,6411.363636363636,0.06616029818181818,97.0,59.0,275.54545454545456,163.0909090909091,147.6,0.0,1.0,198.0,905,1,1.0,True
906,-3.1707819166666664,1.5049863333333333,0.10068367166666665,282.0833333333333,6426.0,0.4643862083333334,80.08333333333333,59.0,270.8333333333333,-69.0,301.3200000000419,0.0,1.0,198.0,906,1,1.0,True
907,-3.094406727272727,1.6008518181818183,0.13980979818181816,284.45454545454544,6488.818181818182,1.1466465181818182,84.54545454545455,59.0,294.27272727272725,-14.727272727272727,301.3199999999372,0.0,1.0,202.0,907,1,1.0,True
908,-3.0816220909090912,1.7013802727272727,0.21611542727272728,290.8181818181818,6635.545454545455,1.5140244545454544,81.81818181818181,58.72727272727273,299.0,132.54545454545453,306.0,0.0,1.0,202.0,908,1,1.0,True
909,-3.086895363636364,1.933975909090909,0.2605142090909091,294.09090909090907,6716.090909090909,1.6095877272727273,83.27272727272727,58.54545454545455,244.45454545454547,275.8181818181818,311.4,0.0,1.0,280.0,909,1,1.0,True
910,-3.0775696666666668,2.2294929999999997,0.29176995,295.5,6744.333333333333,1.5614938333333335,94.0,58.666666666666664,285.5,297.6666666666667,316.8,0.0,1.0,280.0,910,1,1.0,True
911,-3.071948909090909,2.5350679090909094,0.2957470181818182,287.90909090909093,6569.636363636364,1.561746090909091,94.72727272727273,58.45454545454545,299.0,292.09090909090907,308.88000000006286,0.0,1.0,280.0,911,1,1.0,True
912,-3.077964909090909,2.8029782727272727,0.29752603636363634,289.3636363636364,6606.363636363636,1.5654408181818182,92.54545454545455,58.45454545454545,299.0,295.3636363636364,153.36000000002096,0.0,1.0,280.0,912,1,1.0,True
913,-3.077791727272727,3.075734272727273,0.29752603636363634,291.09090909090907,6655.272727272727,1.5726318181818184,94.0,58.54545454545455,299.0,295.3636363636364,303.83999999997906,0.0,1.0,280.0,913,1,1.0,True
914,-3.0777093333333334,3.3490338333333334,0.2977613,290.5833333333333,6628.333333333333,1.5802907499999999,94.91666666666667,58.916666666666664,299.0,295.9166666666667,312.83999999997906,0.0,1.0,280.0,914,1,1.0,True
915,-3.0790186363636365,3.6420762727272726,0.29895703636363635,287.54545454545456,6563.636363636364,1.5868080909090911,95.9090909090909,59.0,299.0,298.1818181818182,307.439999999979,0.0,1.0,280.0,915,1,1.0,True
916,-3.0860460909090905,3.8981952727272726,0.2982222,289.09090909090907,6596.818181818182,1.5897599999999998,96.27272727272727,58.45454545454545,298.45454545454544,298.09090909090907,310.6800000000629,0.0,1.0,280.0,916,1,1.0,True
917,-3.09069175,4.204644,0.298647625,290.0,6614.25,1.591584,97.0,58.5,298.5,298.5,305.63999999997907,0.0,1.0,280.0,917,1,1.0,True
918,-3.0934705454545455,4.504302909090909,0.29829957272727275,292.54545454545456,6673.272727272727,1.5930438181818183,97.9090909090909,58.45454545454545,299.0,297.1818181818182,309.6,0.0,1.0,280.0,918,1,1.0,True
919,-3.0992463636363636,4.751558727272727,0.2989183727272727,291.27272727272725,6648.909090909091,1.5961303636363637,98.9090909090909,58.45454545454545,299.0,298.6363636363636,306.71999999993716,0.0,1.0,280.0,919,1,1.0,True
920,-3.1059440000000005,5.036609636363636,0.29884100909090905,288.3636363636364,6578.181818181818,1.595787636363636,97.45454545454545,58.45454545454545,299.0,298.45454545454544,159.12000000004193,0.0,1.0,280.0,920,1,1.0,True
921,-3.111537272727273,5.309563090909091,0.29884100909090905,288.09090909090907,6566.636363636364,1.5972996363636363,97.45454545454545,58.54545454545455,299.0,298.45454545454544,307.0799999999581,0.0,1.0,280.0,921,1,1.0,True
922,-3.1167745454545455,5.606325090909091,0.29899570000000003,290.45454545454544,6623.0,1.5985067272727271,98.0,58.54545454545455,299.0,298.45454545454544,308.160000000021,0.0,1.0,280.0,922,1,1.0,True
923,-3.1219495454545454,5.8836746363636365,0.29903437272727273,288.8181818181818,6595.454545454545,1.5996144545454547,98.54545454545455,58.90909090909091,299.0,298.45454545454544,306.7200000000419,0.0,1.0,280.0,923,1,1.0,True
924,-3.1307222727272728,6.177829,0.2990344,288.90909090909093,6599.636363636364,1.5993086363636364,98.27272727272727,58.45454545454545,298.72727272727275,299.0,310.3199999999372,0.0,1.0,276.0,924,1,1.0,True
925,-3.136740818181818,6.446401727272728,0.2990344,287.6363636363636,6566.727272727273,1.5982539090909091,99.0,58.27272727272727,298.72727272727275,299.0,308.160000000021,0.0,1.0,276.0,925,1,1.0,True
926,-3.143997,6.770363333333333,0.2992858,290.1666666666667,6629.0,1.5985906666666665,98.83333333333333,58.0,299.0,299.0,306.36000000002093,0.0,1.0,276.0,926,1,1.0,True
927,-3.1507480909090906,7.02489409090909,0.2992664636363636,290.72727272727275,6641.0,1.5985951818181818,98.63636363636364,58.09090909090909,299.0,299.0,311.03999999997905,0.0,1.0,276.0,927,1,1.0,True
928,-3.1575764166666667,7.332874583333333,0.29921489166666665,289.8333333333333,6616.0,1.5979623333333333,99.0,58.5,299.0,298.9166666666667,306.36000000002093,0.0,1.0,276.0,928,1,1.0,True
929,-3.1641015,7.609492,0.2984349,290.0,6619.5,1.5970105,99.0,58.5,299.0,298.0,154.8,0.0,1.0,276.0,929,1,1.0,True
930,-3.1726808181818185,7.882372,0.2984542363636364,289.6363636363636,6617.454545454545,1.5975330909090908,99.0,58.0,297.72727272727275,298.90909090909093,310.3200000000419,0.0,1.0,276.0,930,1,1.0,True
931,-3.1750686666666668,8.137675166666668,0.27262586666666666,287.1666666666667,6558.666666666667,1.5723145,99.0,58.5,246.33333333333334,298.5,305.63999999997907,0.0,1.0,276.0,931,1,1.0,True
932,-3.165067545454545,8.374115000000002,0.1841312272727273,284.45454545454544,6499.636363636364,1.349117,96.27272727272727,58.54545454545455,68.63636363636364,299.0,300.96000000002095,0.0,1.0,276.0,932,1,1.0,True
933,-3.1097304545454545,8.492067727272728,0.10391947636363637,281.54545454545456,6429.090909090909,0.8184584,93.72727272727273,58.72727272727273,-62.09090909090909,269.54545454545456,304.55999999991616,0.0,1.0,276.0,933,1,1.0,True
934,-3.035119909090909,8.528471545454545,0.10148295545454546,281.1818181818182,6419.272727272727,0.24884582,82.81818181818181,59.0,-46.63636363636363,249.8181818181818,299.16000000002094,0.0,1.0,276.0,934,1,1.0,True
935,-2.897211,8.545598818181817,0.17063367272727273,280.72727272727275,6409.454545454545,0.09733816727272729,91.36363636363636,59.0,238.27272727272728,103.0909090909091,303.12000000004195,0.0,1.0,276.0,935,1,1.0,True
936,-2.752503666666667,8.595924666666667,0.14634585,282.5,6442.0,0.5391787916666667,84.0,59.0,299.0,-7.0,300.6,0.0,1.0,276.0,936,1,1.0,True
937,-2.670300363636364,8.694465545454547,0.15516370000000002,281.90909090909093,6440.090909090909,1.0988165636363636,79.27272727272727,59.0,299.0,10.909090909090908,146.16000000002097,0.0,1.0,276.0,937,1,1.0,True
938,-2.649966,8.839845500000001,0.19519869166666667,289.1666666666667,6604.0,1.4967534999999998,87.16666666666667,58.083333333333336,299.0,90.91666666666667,306.0,0.0,1.0,276.0,938,1,1.0,True
939,-2.655632909090909,9.096646999999999,0.2639175818181818,296.09090909090907,6766.636363636364,1.5995663636363637,95.0909090909091,58.0,243.54545454545453,283.90909090909093,311.7599999999162,0.0,1.0,8.0,939,1,1.0,True
940,-2.656784181818182,9.344402363636364,0.29478018181818183,289.90909090909093,6618.909090909091,1.5553823636363637,97.0909090909091,58.0,290.6363636363636,298.1818181818182,309.6,0.0,1.0,8.0,940,1,1.0,True
941,-2.65631675,9.645173,0.29715862499999995,289.75,6611.25,1.55329875,98.75,58.0,299.0,294.5,309.2400000000838,0.0,1.0,8.0,941,1,1.0,True
942,-2.6548166363636363,9.911024727272727,0.2968685545454546,291.8181818181818,6659.181818181818,1.5609166363636362,98.45454545454545,58.18181818181818,299.0,294.0,311.4,0.0,1.0,8.0,942,1,1.0,True
943,-2.6508586363636364,10.211145454545456,0.2968298909090909,288.72727272727275,6596.363636363636,1.572949090909091,99.63636363636364,58.45454545454545,299.0,294.09090909090907,306.3599999999162,0.0,1.0,8.0,943,1,1.0,True
944,-2.652500818181818,10.478714545454546,0.29760343636363634,287.27272727272725,6554.545454545455,1.5796783636363636,100.0,58.45454545454545,299.0,295.54545454545456,154.8,0.0,1.0,8.0,944,1,1.0,True
945,-2.6482915,10.782855,0.29737135000000003,288.5,6590.0,1.59086,99.0,58.0,299.0,295.5,307.44000000008384,0.0,1.0,4.0,945,1,1.0,True
946,-2.650659545454545,11.03715909090909,0.29814488181818183,290.1818181818182,6625.090909090909,1.5975464545454547,99.9090909090909,58.0,299.0,296.90909090909093,308.51999999993717,0.0,1.0,4.0,946,1,1.0,True
947,-2.657845,11.332371666666667,0.2990731,288.1666666666667,6575.166666666667,1.5998856666666665,100.0,58.5,299.0,299.0,306.36000000002093,0.0,1.0,4.0,947,1,1.0,True
948,-2.6670905833333336,11.642688333333334,0.2990731,288.5,6598.083333333333,1.59834825,100.0,58.0,299.0,299.0,311.76000000002097,0.0,1.0,4.0,948,1,1.0,True
949,-2.6700394545454547,11.88871090909091,0.2970619909090909,288.72727272727275,6592.727272727273,1.5989897272727271,99.81818181818181,58.18181818181818,299.0,295.0,306.0,0.0,1.0,4.0,949,1,1.0,True
950,-2.6914510000000003,12.141685,0.1990275,279.6666666666667,6376.666666666667,1.7635115,97.33333333333333,58.833333333333336,299.0,98.5,298.0799999999581,0.0,1.0,190.0,950,1,1.0,True
951,-2.7496575454545455,12.277991818181818,0.13315772727272726,281.72727272727275,6437.090909090909,2.2321839999999997,95.81818181818181,58.54545454545455,299.0,-32.72727272727273,304.560000000021,0.0,1.0,190.0,951,1,1.0,True
952,-2.8550606666666667,12.337839166666667,0.15492524166666666,280.6666666666667,6412.333333333333,2.8476785000000002,86.75,58.5,299.0,10.75,299.52000000004193,0.0,1.0,190.0,952,1,1.0,True
953,-2.9941721818181817,12.340952727272729,0.1765896090909091,285.54545454545456,6524.454545454545,0.3204926363636364,89.9090909090909,58.45454545454545,201.72727272727272,151.0,146.8799999999581,0.0,1.0,190.0,953,1,1.0,True
954,-3.148388727272727,12.36062,0.12360499090909091,283.90909090909093,6484.636363636364,2.248127363636364,98.27272727272727,58.45454545454545,-40.27272727272727,287.0,305.2799999999581,0.0,1.0,190.0,954,1,1.0,True
955,-3.225051833333333,12.428973333333333,0.11302098333333332,282.5,6450.166666666667,2.266990333333333,87.83333333333333,58.166666666666664,-51.5,278.0,300.96000000002095,0.0,1.0,190.0,955,1,1.0,True
956,-3.2372106666666665,12.554879166666666,0.15481885,283.8333333333333,6477.5,1.7595161666666665,58.583333333333336,58.583333333333336,16.5,292.8333333333333,300.96000000002095,0.0,1.0,190.0,956,1,1.0,True
957,-3.2290717499999997,12.770665000000001,0.245150575,291.75,6678.75,1.5791015,47.25,58.0,243.75,246.0,308.160000000021,0.0,1.0,190.0,957,1,1.0,True
958,-3.2151372727272727,13.010528181818183,0.2773378181818182,291.72727272727275,6668.0,1.636510181818182,40.27272727272727,58.0,299.0,255.1818181818182,312.11999999993714,0.0,1.0,190.0,958,1,1.0,True
959,-3.2183364166666664,13.273399166666666,0.28946558333333333,291.25,6656.833333333333,1.6649009166666666,55.666666666666664,58.0,299.0,279.5,306.360000000021,0.0,1.0,190.0,959,1,1.0,True
960,-3.236696454545455,13.512458181818182,0.2977968,290.3636363636364,6629.909090909091,1.6634537272727272,67.27272727272727,58.0,299.0,296.0,156.6,0.0,1.0,190.0,960,1,1.0,True
961,-3.274357454545455,13.813034545454544,0.29748736363636363,291.09090909090907,6650.0,1.636586090909091,87.63636363636364,58.0,298.54545454545456,296.27272727272725,308.160000000021,0.0,1.0,190.0,961,1,1.0,True
962,-3.2881758333333333,14.093175833333333,0.2975131583333333,290.0833333333333,6631.0,1.6338495833333333,96.91666666666667,58.0,295.3333333333333,299.0,311.40000000000003,0.0,1.0,194.0,962,1,1.0,True
963,-3.3017076666666667,14.386678333333334,0.2972295333333333,288.6666666666667,6600.333333333333,1.626272,99.0,58.0,294.6666666666667,299.0,310.32000000004194,0.0,1.0,194.0,963,1,1.0,True
964,-3.3149040833333334,14.652428333333333,0.29715864999999997,291.4166666666667,6672.0,1.6202120833333333,98.75,58.0,294.75,299.0,306.3599999999162,0.0,1.0,194.0,964,1,1.0,True
965,-3.3233237272727276,14.938714545454546,0.2972553272727273,290.54545454545456,6644.0,1.6132096363636363,98.0,58.0,296.27272727272725,298.27272727272725,311.76000000002097,0.0,1.0,194.0,965,1,1.0,True
966,-3.3285858333333334,15.214185,0.29822224999999997,288.5,6596.5,1.6127675000000001,94.83333333333333,58.0,298.3333333333333,297.6666666666667,309.6,0.0,1.0,194.0,966,1,1.0,True
967,-3.3405673636363633,15.51895090909091,0.29667523636363635,287.3636363636364,6563.272727272727,1.6075093636363638,93.0909090909091,58.0,297.27272727272725,295.72727272727275,308.52000000004193,0.0,1.0,194.0,967,1,1.0,True
968,-3.35816225,15.816528333333332,0.29790315,290.25,6629.0,1.6005515,88.25,58.0,296.6666666666667,299.0,307.0799999999581,0.0,1.0,194.0,968,1,1.0,True
969,-3.366711,16.09505,0.29907305,293.0,6705.5,1.5962210000000001,87.0,58.0,298.5,299.0,155.88000000006286,0.0,1.0,194.0,969,1,1.0,True
970,-3.37642875,16.359765833333334,0.29910855,290.5,6645.25,1.5914281666666668,87.5,58.0,299.0,299.0,309.2399999999791,0.0,1.0,194.0,970,1,1.0,True
971,-3.382513833333333,16.647364999999997,0.29843491666666666,285.8333333333333,6529.5,1.5943826666666665,86.5,58.0,297.5,299.0,306.36000000002093,0.0,1.0,194.0,971,1,1.0,True
972,-3.3805059090909086,16.92724909090909,0.29884104545454543,286.45454545454544,6556.454545454545,1.6013909090909093,91.36363636363636,58.0,298.45454545454544,299.0,306.0,0.0,1.0,38.0,972,1,1.0,True
973,-3.3880105,17.2308575,0.2992858,292.0,6673.75,1.6012052499999998,96.5,58.0,299.0,299.0,309.6,0.0,1.0,42.0,973,1,1.0,True
974,-3.3975111818181816,17.527586363636363,0.2987636454545454,291.72727272727275,6661.636363636364,1.6003193636363635,97.72727272727273,58.0,298.27272727272725,299.0,309.6,0.0,1.0,154.0,974,1,1.0,True
975,-3.4037453636363635,17.788645454545456,0.2991504090909091,289.1818181818182,6609.727272727273,1.5997787272727273,98.63636363636364,58.0,298.6363636363636,299.0,307.8,0.0,1.0,142.0,975,1,1.0,True
976,-3.4096757272727274,18.06138,0.2990731,290.45454545454544,6650.818181818182,1.5990119999999999,97.36363636363636,58.0,299.0,299.0,157.31999999993715,0.0,1.0,146.0,976,1,1.0,True
977,-3.4184852727272728,18.347875454545456,0.29868632727272726,289.1818181818182,6613.272727272727,1.5956724545454544,95.0,58.0,299.0,298.09090909090907,307.8,0.0,1.0,70.0,977,1,1.0,True
978,-3.421272416666667,18.652468333333335,0.29900219166666664,292.25,6680.666666666667,1.599577,96.33333333333333,58.0,299.0,298.8333333333333,312.4800000000629,0.0,1.0,70.0,978,1,1.0,True
979,-3.422500454545455,18.908375454545453,0.29845424545454546,288.54545454545456,6595.090909090909,1.6043044545454543,98.27272727272727,58.0,299.0,297.54545454545456,307.0799999999581,0.0,1.0,70.0,979,1,1.0,True
980,-3.4266872727272726,19.192421818181817,0.2986476,287.90909090909093,6586.272727272727,1.6085979090909093,99.81818181818181,58.0,298.72727272727275,298.27272727272725,311.03999999997905,0.0,1.0,70.0,980,1,1.0,True
981,-3.4337319999999996,19.45265090909091,0.2988023454545454,288.6363636363636,6605.181818181818,1.6089353636363635,100.0,58.0,298.72727272727275,298.6363636363636,308.88000000006286,0.0,1.0,70.0,981,1,1.0,True
982,-3.4408423636363636,19.78003181818182,0.29868632727272726,291.3636363636364,6666.363636363636,1.6098913636363639,100.0,58.0,298.6363636363636,298.45454545454544,306.71999999993716,0.0,1.0,70.0,982,1,1.0,True
983,-3.450314818181818,20.03542818181818,0.29802883636363636,289.90909090909093,6637.454545454545,1.6075927272727275,100.0,58.0,296.6363636363636,298.90909090909093,305.63999999997907,0.0,1.0,74.0,983,1,1.0,True
984,-3.4561116666666667,20.342693333333333,0.29886035,287.0,6563.75,1.6069701666666667,100.0,58.0,298.9166666666667,298.5833333333333,309.2400000000838,0.0,1.0,74.0,984,1,1.0,True
985,-3.4625333636363638,20.60097272727273,0.29884100909090905,286.6363636363636,6560.272727272727,1.606654090909091,100.0,58.0,298.45454545454544,299.0,154.0799999999581,0.0,1.0,74.0,985,1,1.0,True
986,-3.471711727272727,20.878574545454544,0.2986862818181818,290.27272727272725,6649.545454545455,1.6044644545454545,100.0,58.0,298.45454545454544,299.0,309.96000000002095,0.0,1.0,74.0,986,1,1.0,True
987,-3.4775175,21.151358333333334,0.29900218333333334,291.1666666666667,6656.5,1.6045298333333333,100.0,58.0,299.0,299.0,310.6799999999581,0.0,1.0,74.0,987,1,1.0,True
988,-3.4843734166666667,21.452855,0.29648504166666667,284.25,6502.083333333333,1.603765,100.0,58.25,296.75,295.9166666666667,304.9200000000419,0.0,1.0,74.0,988,1,1.0,True
989,-3.490502818181818,21.656919090909092,0.15164430545454546,264.90909090909093,6048.090909090909,1.6030917272727272,100.0,59.0,151.8181818181818,151.54545454545453,285.11999999993714,0.0,1.0,74.0,989,1,1.0,True
990,-3.4938369999999996,21.761996666666665,0.095365875,263.5,6004.5,1.6027251666666666,100.0,59.0,95.66666666666667,95.83333333333333,279.0,0.0,1.0,74.0,990,1,1.0,True
1012,-3.4887378181818183,21.614978181818184,0.28441527272727274,291.0,6653.0,-1.5498691818181818,97.27272727272727,58.0,280.1818181818182,288.6363636363636,307.0799999999581,0.0,4.0,72.0,1012,1,1.0,True
1013,-3.4903561000000005,21.364752,0.29694594999999996,290.7,6656.7,-1.5523278,98.0,58.0,297.5,296.0,307.44000000008384,0.0,4.0,72.0,1013,1,1.0,True
1014,-3.484595,21.05581833333333,0.2975132,287.8333333333333,6581.166666666667,-1.5499821666666669,97.66666666666667,58.0,298.0,296.3333333333333,306.3599999999162,0.0,4.0,72.0,1014,1,1.0,True
1015,-3.481019272727273,20.764996363636364,0.2984929727272727,287.8181818181818,6586.545454545455,-1.5449958181818182,99.63636363636364,58.0,299.0,297.54545454545456,306.7200000000419,0.0,4.0,72.0,1015,1,1.0,True
1016,-3.474279166666667,20.4827725,0.29917944166666666,290.5,6641.083333333333,-1.5442249166666666,100.0,58.0,299.0,298.8333333333333,312.12000000004195,0.0,4.0,72.0,1016,1,1.0,True
1017,-3.469184,20.208599999999997,0.2984349,292.0,6680.5,-1.5427425,100.0,58.0,298.5,298.0,157.67999999995808,0.0,4.0,72.0,1017,1,1.0,True
1018,-3.4610299999999996,19.93167166666667,0.2986476,287.75,6575.25,-1.5432486666666667,100.0,58.0,298.0,299.0,307.8,0.0,4.0,68.0,1018,1,1.0,True
1019,-3.4477263333333332,19.63627,0.2980095,284.6666666666667,6503.0,-1.5483443333333333,100.0,58.0,296.5,299.0,309.2399999999791,0.0,4.0,68.0,1019,1,1.0,True
1020,-3.4437719090909087,19.368084545454543,0.2987636727272727,287.0,6568.636363636364,-1.5506472727272729,100.0,58.0,298.8181818181818,298.45454545454544,302.76000000002097,0.0,4.0,68.0,1020,1,1.0,True
1021,-3.441814090909091,19.079235454545454,0.2983768909090909,292.6363636363636,6692.818181818182,-1.5459674545454545,99.81818181818181,58.0,299.0,297.3636363636364,312.83999999997906,0.0,4.0,68.0,1021,1,1.0,True
1022,-3.4367435,18.799145,0.2985058333333333,291.3333333333333,6658.833333333333,-1.5431381666666668,99.33333333333333,58.0,299.0,297.1666666666667,309.96000000002095,0.0,4.0,68.0,1022,1,1.0,True
1023,-3.4319804545454544,18.495580909090908,0.29771941818181813,289.1818181818182,6605.909090909091,-1.5399578181818183,98.18181818181819,58.0,298.72727272727275,296.6363636363636,303.47999999995807,0.0,4.0,68.0,1023,1,1.0,True
1024,-3.4211589166666667,18.230363333333333,0.2985413083333333,286.5833333333333,6559.916666666667,-1.5418086666666666,99.83333333333333,58.0,297.75,299.0,310.6800000000629,0.0,4.0,140.0,1024,1,1.0,True
1025,-3.4120865,17.92463,0.29886035,287.5,6579.0,-1.544205,98.5,58.0,298.5,299.0,150.4799999999581,0.0,4.0,140.0,1025,1,1.0,True
1026,-3.4029629999999997,17.66740916666667,0.26340835,287.1666666666667,6564.833333333333,-1.5523317499999998,99.5,58.0,240.16666666666666,286.5,309.6,0.0,4.0,168.0,1026,1,1.0,True
1027,-3.4154815,17.46221,0.15620151666666668,284.6666666666667,6514.5,-1.7846285,97.83333333333333,58.0,18.666666666666668,293.3333333333333,299.88000000006286,0.0,4.0,168.0,1027,1,1.0,True
1028,-3.4660567272727274,17.362124545454545,0.10535046363636363,281.54545454545456,6430.454545454545,-2.3237344545454546,95.63636363636364,58.0,-64.72727272727273,275.1818181818182,302.4,0.0,4.0,164.0,1028,1,1.0,True
1029,-3.5535387272727275,17.314709999999998,0.12801393636363637,284.27272727272725,6492.272727272727,-1.7786268181818181,96.72727272727273,58.0,-25.636363636363637,281.54545454545456,299.1599999999162,0.0,4.0,164.0,1029,1,1.0,True
1030,-3.7375396666666667,17.32935,0.22107866666666665,292.3333333333333,6690.166666666667,2.0666621666666667,85.83333333333333,58.0,216.33333333333334,225.33333333333334,309.2400000000838,0.0,4.0,182.0,1030,1,1.0,True
1031,-3.97080775,17.306726666666666,0.28716118333333335,295.8333333333333,6789.166666666667,-3.1007259166666667,90.58333333333333,58.0,298.75,274.8333333333333,310.6799999999581,0.0,4.0,182.0,1031,1,1.0,True
1032,-4.246563818181818,17.289306363636364,0.29663656363636365,290.72727272727275,6659.454545454545,-3.0922970909090908,95.0,58.0,293.8181818181818,299.0,158.03999999997905,0.0,4.0,182.0,1032,1,1.0,True
1033,-4.535409,17.29453,0.29779675,291.0,6646.5,-3.0850615,98.0,58.0,296.0,299.0,308.16000000002094,0.0,4.0,186.0,1033,1,1.0,True
1034,-4.822618454545455,17.281437272727274,0.2398617818181818,280.1818181818182,6399.090909090909,-3.0898275454545456,99.54545454545455,58.36363636363637,238.72727272727272,240.8181818181818,303.12000000004195,0.0,4.0,186.0,1034,1,1.0,True
1035,-4.975656999999999,17.277732727272728,0.10353274909090909,262.6363636363636,5986.0,-3.0916623636363636,99.36363636363636,59.0,103.45454545454545,103.54545454545455,280.0799999999581,0.0,4.0,186.0,1035,1,1.0,True
1053,-5.0675305,17.26579,0.10731320500000001,275.5,6290.0,0.0331366025,95.5,58.25,106.25,108.5,290.88000000006286,0.0,1.0,184.0,1053,1,1.0,True
1054,-4.8974063333333335,17.263434999999998,0.2868775666666667,289.0,6599.833333333333,0.022887003333333333,98.16666666666667,58.0,281.5,292.0,311.03999999997905,0.0,1.0,184.0,1054,1,1.0,True
1055,-4.594222272727273,17.26416818181818,0.2976421,288.1818181818182,6583.909090909091,0.019254085454545457,98.9090909090909,58.0,299.0,295.6363636363636,303.1200000000419,0.0,1.0,184.0,1055,1,1.0,True
1056,-4.322165545454546,17.266488181818183,0.2981061909090909,289.09090909090907,6618.818181818182,0.024244872727272725,97.45454545454545,58.0,299.0,296.72727272727275,158.75999999991618,0.0,1.0,180.0,1056,1,1.0,True
1057,-4.041178181818181,17.275176363636362,0.29887969090909094,288.6363636363636,6600.454545454545,0.02516252545454545,98.45454545454545,58.0,298.54545454545456,299.0,307.8,0.0,1.0,180.0,1057,1,1.0,True
1058,-3.7707923636363634,17.282110909090907,0.28371914545454546,284.27272727272725,6494.272727272727,0.02851668181818182,98.0909090909091,58.0,296.3636363636364,271.0,306.36000000002093,0.0,1.0,166.0,1058,1,1.0,True
1059,-3.5594024999999996,17.30491,0.14046085,283.5,6485.166666666667,0.24779159833333333,91.66666666666667,58.0,284.0,-2.8333333333333335,297.0,0.0,1.0,166.0,1059,1,1.0,True
1060,-3.4682659090909094,17.365177272727273,0.10198573818181816,280.72727272727275,6413.818181818182,0.8999178727272727,91.81818181818181,58.0,270.45454545454544,-66.45454545454545,298.0800000000629,0.0,1.0,170.0,1060,1,1.0,True
1061,-3.439046454545455,17.46375909090909,0.15272719090909093,280.90909090909093,6422.181818181818,1.396063909090909,95.81818181818181,58.0,292.45454545454544,13.181818181818182,304.2,0.0,1.0,170.0,1061,1,1.0,True
1062,-3.4390723333333333,17.668413333333334,0.25397813333333336,289.3333333333333,6622.666666666667,1.6157728333333334,97.16666666666667,58.0,258.8333333333333,249.0,313.55999999991616,0.0,1.0,142.0,1062,1,1.0,True
1063,-3.444948363636364,17.919301818181818,0.2923049545454546,290.09090909090907,6642.636363636364,1.5657709090909089,98.27272727272727,58.0,285.54545454545456,298.54545454545456,307.0800000000629,0.0,1.0,146.0,1063,1,1.0,True
1064,-3.4405159999999997,18.223387272727276,0.29624979090909087,289.3636363636364,6628.090909090909,1.5633034545454547,97.0,58.0,299.0,292.90909090909093,156.6,0.0,1.0,146.0,1064,1,1.0,True
1065,-3.4359958181818184,18.472552727272728,0.2958630636363636,287.54545454545456,6581.454545454545,1.5732533636363635,97.9090909090909,58.0,299.0,292.45454545454544,306.36000000002093,0.0,1.0,70.0,1065,1,1.0,True
1066,-3.4365020000000004,18.781196666666666,0.2972650416666667,287.5833333333333,6582.0,1.58432,99.0,58.0,299.0,294.8333333333333,312.47999999995807,0.0,1.0,70.0,1066,1,1.0,True
1067,-3.4369363636363635,19.05829818181818,0.29783547272727273,288.0,6582.727272727273,1.592119,99.36363636363636,58.0,299.0,296.09090909090907,309.6,0.0,1.0,70.0,1067,1,1.0,True
1068,-3.4380552499999997,19.330987500000003,0.29832854999999997,291.0,6661.166666666667,1.5985593333333334,100.0,58.0,299.0,297.25,308.160000000021,0.0,1.0,70.0,1068,1,1.0,True
1069,-3.440762818181818,19.589224545454545,0.2979901818181818,290.6363636363636,6650.818181818182,1.601887909090909,100.0,58.0,299.0,296.27272727272725,308.160000000021,0.0,1.0,70.0,1069,1,1.0,True
1070,-3.4501469090909094,19.91334181818182,0.29895702727272727,288.72727272727275,6606.363636363636,1.603551727272727,100.0,58.0,298.45454545454544,299.0,306.0,0.0,1.0,70.0,1070,1,1.0,True
1071,-3.457315363636364,20.192276363636363,0.29884100909090905,287.45454545454544,6579.545454545455,1.6031202727272729,100.0,58.0,298.45454545454544,299.0,305.63999999997907,0.0,1.0,74.0,1071,1,1.0,True
1072,-3.463265,20.4751325,0.29910855,289.75,6631.75,1.602833333333333,100.0,58.0,299.0,299.0,311.76000000002097,0.0,1.0,74.0,1072,1,1.0,True
1073,-3.469123909090909,20.77151818181818,0.2991117272727273,290.6363636363636,6652.909090909091,1.6016661818181817,100.0,58.0,299.0,298.54545454545456,155.15999999991618,0.0,1.0,74.0,1073,1,1.0,True
1074,-3.475139363636363,21.012067272727275,0.2990344181818182,289.90909090909093,6637.818181818182,1.6034554545454547,100.0,58.0,299.0,298.90909090909093,305.64000000008383,0.0,1.0,74.0,1074,1,1.0,True
1075,-3.483131,21.325435,0.29893126666666664,287.6666666666667,6582.833333333333,1.6029790000000002,100.0,58.0,298.6666666666667,299.0,310.3199999999372,0.0,1.0,74.0,1075,1,1.0,True
1076,-3.489062272727273,21.571036363636363,0.2394750272727273,271.27272727272725,6192.818181818182,1.601577090909091,100.0,58.0,239.63636363636363,239.27272727272728,291.96000000002095,0.0,1.0,74.0,1076,1,1.0,True
1077,-3.49235375,21.7151125,0.100506425,259.0,5907.5,1.6022402500000001,100.0,58.25,101.0,100.75,284.76000000002097,0.0,1.0,74.0,1077,1,1.0,True
1152,-3.4865095833333335,21.514155,0.295279675,288.0,6596.25,-1.5529878333333331,97.66666666666667,58.0,291.8333333333333,298.5833333333333,308.160000000021,0.0,3.0,72.0,1152,1,1.0,True
1153,-3.4892577272727276,21.251166363636365,0.297294,287.54545454545456,6581.454545454545,-1.5513152727272725,99.0,58.0,299.0,295.3636363636364,153.0,0.0,3.0,72.0,1153,1,1.0,True
1154,-3.4822419090909094,20.97494272727273,0.2988410181818182,287.54545454545456,6576.909090909091,-1.547940181818182,99.36363636363636,58.0,299.0,298.45454545454544,309.6,0.0,3.0,72.0,1154,1,1.0,True
1155,-3.477959333333333,20.702055,0.2984349,288.8333333333333,6610.0,-1.5463001666666667,100.0,58.0,299.0,297.5,312.11999999993714,0.0,3.0,72.0,1155,1,1.0,True
1156,-3.4746694,20.401603,0.29894543,290.8,6652.8,-1.5442734,100.0,58.0,299.0,298.2,307.4399999999791,0.0,3.0,72.0,1156,1,1.0,True
1157,-3.466365181818182,20.115234545454545,0.2987636727272727,289.3636363636364,6620.181818181818,-1.542915909090909,100.0,58.0,298.8181818181818,298.45454545454544,307.8,0.0,3.0,68.0,1157,1,1.0,True
1158,-3.4547744999999996,19.842901666666666,0.29779680000000003,288.1666666666667,6591.5,-1.5447786666666667,100.0,58.0,296.0,299.0,305.64000000008383,0.0,3.0,68.0,1158,1,1.0,True
1159,-3.446196090909091,19.549554545454544,0.29833827272727276,287.90909090909093,6597.181818181818,-1.5490695454545453,100.0,58.0,297.54545454545456,298.72727272727275,309.2399999999791,0.0,3.0,68.0,1159,1,1.0,True
1160,-3.4458188181818183,19.284439999999996,0.2973326727272727,289.0,6625.727272727273,-1.5471688181818182,100.0,58.0,299.0,294.90909090909093,151.56000000002095,0.0,3.0,68.0,1160,1,1.0,True
1161,-3.4366181818181816,18.964813636363633,0.29930513636363637,289.09090909090907,6617.636363636364,-1.545434090909091,99.54545454545455,58.0,299.0,299.0,310.6799999999581,0.0,3.0,68.0,1161,1,1.0,True
1162,-3.4305524166666665,18.716571666666667,0.29925035,287.25,6576.833333333333,-1.5460405,99.91666666666667,58.0,299.0,299.0,305.27999999995814,0.0,3.0,68.0,1162,1,1.0,True
1163,-3.422845363636364,18.399833636363635,0.29129940909090907,281.90909090909093,6446.909090909091,-1.5468664545454545,100.0,58.0,283.0,299.0,307.08000000006285,0.0,3.0,68.0,1163,1,1.0,True
1164,-3.4315846666666663,18.212213333333334,0.15708780833333333,281.5,6434.25,-1.7586954166666668,98.16666666666667,58.0,25.5,288.8333333333333,297.71999999993716,0.0,3.0,126.0,1164,1,1.0,True
1165,-3.4832182727272727,18.107991818181816,0.09595245090909091,280.09090909090907,6410.818181818182,-2.336849454545455,91.54545454545455,58.0,-75.45454545454545,267.3636363636364,300.96000000002095,0.0,3.0,130.0,1165,1,1.0,True
1166,-3.5643623333333334,18.070178333333335,0.1385464133333333,283.6666666666667,6489.333333333333,-1.8328790000000001,92.0,58.0,-1.3333333333333333,278.0,307.08000000006285,0.0,3.0,130.0,1166,1,1.0,True
1167,-3.7406903,18.077807999999997,0.24712880999999998,294.2,6740.7,2.4516231,85.7,58.0,271.8,222.5,311.4,0.0,3.0,134.0,1167,1,1.0,True
1168,-3.965291636363636,18.0548,0.28352578181818183,297.54545454545456,6825.636363636364,-3.1110452727272726,87.72727272727273,58.0,299.0,267.54545454545456,157.31999999993715,0.0,3.0,134.0,1168,1,1.0,True
1169,-4.2495151818181816,18.04249727272727,0.2979901636363636,287.90909090909093,6590.545454545455,-3.095041363636364,92.45454545454545,58.0,296.45454545454544,299.0,308.160000000021,0.0,3.0,134.0,1169,1,1.0,True
1170,-4.533809916666667,18.0327575,0.29797405000000005,287.3333333333333,6587.583333333333,-3.097789583333333,95.16666666666667,58.0,296.4166666666667,299.0,307.0799999999581,0.0,3.0,138.0,1170,1,1.0,True
1171,-4.817908833333333,18.024456666666666,0.2953151333333333,281.0,6427.5,-3.09927,97.0,58.0,294.1666666666667,296.3333333333333,304.560000000021,0.0,3.0,138.0,1171,1,1.0,True
1172,-5.023462363636363,18.01579272727273,0.1338151790909091,265.3636363636364,6068.090909090909,-3.102915909090909,97.81818181818181,58.0,133.0909090909091,134.72727272727272,283.6800000000629,0.0,3.0,138.0,1172,1,1.0,True
1173,-5.114600833333333,18.015523333333334,0.09490499749999999,263.25,6013.333333333333,-3.1029633333333333,97.41666666666667,58.166666666666664,94.75,95.66666666666667,276.83999999997906,0.0,3.0,138.0,1173,1,1.0,True
1192,-5.053416818181818,18.01107,0.24570170000000002,288.8181818181818,6623.454545454545,0.029375025454545456,95.63636363636364,58.0,239.8181818181818,252.0909090909091,151.5599999999162,0.0,1.0,136.0,1192,1,1.0,True
1193,-4.745619363636364,18.017032727272728,0.2978741,290.54545454545456,6665.909090909091,0.01781424090909091,96.0,58.0,298.45454545454544,296.72727272727275,311.04000000008386,0.0,1.0,136.0,1193,1,1.0,True
1194,-4.485660090909091,18.016656363636365,0.29826086363636367,288.54545454545456,6611.181818181818,0.023043048181818182,98.18181818181819,58.0,299.0,297.09090909090907,309.2399999999791,0.0,1.0,132.0,1194,1,1.0,True
1195,-4.190753333333333,18.024263333333334,0.2991439833333333,285.8333333333333,6539.166666666667,0.023340114999999998,99.0,58.0,299.0,298.8333333333333,306.36000000002093,0.0,1.0,132.0,1195,1,1.0,True
1196,-3.9194796666666663,18.030935,0.2986122,287.1666666666667,6578.916666666667,0.024328390833333335,99.83333333333333,58.0,299.0,297.75,304.91999999993715,0.0,1.0,132.0,1196,1,1.0,True
1197,-3.6448983636363637,18.03617909090909,0.20381673636363634,278.27272727272725,6365.727272727273,0.08571036545454545,99.81818181818181,58.0,274.09090909090907,133.45454545454547,296.63999999997907,0.0,1.0,128.0,1197,1,1.0,True
1198,-3.5041984545454543,18.081855454545455,0.10244983818181819,281.72727272727275,6446.818181818182,0.6293694090909091,99.0,58.0,273.72727272727275,-68.9090909090909,301.6800000000629,0.0,1.0,128.0,1198,1,1.0,True
1199,-3.45757025,18.151258333333335,0.10795133999999999,280.3333333333333,6417.083333333333,1.1794997833333334,98.83333333333333,58.0,272.0833333333333,-55.833333333333336,298.8,0.0,1.0,124.0,1199,1,1.0,True
1200,-3.451460909090909,18.30430181818182,0.2124412363636364,288.27272727272725,6599.727272727273,1.5849361818181817,92.0909090909091,58.0,263.54545454545456,161.45454545454547,160.91999999993715,0.0,1.0,70.0,1200,1,1.0,True
1201,-3.4565420000000002,18.5487,0.2835451,297.5,6822.0,1.5841655,96.5,58.0,267.5,299.0,314.28000000006284,0.0,1.0,70.0,1201,1,1.0,True
1202,-3.4536409090909093,18.838735454545454,0.29582437272727274,287.0,6585.0,1.5658097272727274,99.81818181818181,58.0,297.72727272727275,293.72727272727275,308.5199999999371,0.0,1.0,70.0,1202,1,1.0,True
1203,-3.447653666666667,19.086250000000003,0.2946061166666667,286.6666666666667,6579.0,1.5734378333333332,100.0,58.0,299.0,289.5,307.0800000000629,0.0,1.0,70.0,1203,1,1.0,True
1204,-3.4439168181818185,19.400593636363638,0.2951282090909091,290.72727272727275,6662.272727272727,1.5877635454545453,100.0,58.0,299.0,290.72727272727275,310.3199999999372,0.0,1.0,70.0,1204,1,1.0,True
1205,-3.4457337777777775,19.64899777777778,0.29722956666666667,288.6666666666667,6621.444444444444,1.5959964444444443,100.0,58.0,299.0,295.0,305.2800000000629,0.0,1.0,70.0,1205,1,1.0,True
1206,-3.453156,19.97292,0.29826089090909086,288.90909090909093,6621.636363636364,1.601080909090909,100.0,58.0,297.3636363636364,298.72727272727275,307.4399999999791,0.0,1.0,74.0,1206,1,1.0,True
1207,-3.460759166666667,20.22438,0.29882489166666665,288.25,6608.583333333333,1.600036,100.0,58.0,298.4166666666667,299.0,309.2399999999791,0.0,1.0,74.0,1207,1,1.0,True
1208,-3.465514454545455,20.51509181818182,0.2986089727272727,290.90909090909093,6671.181818181818,1.6001837272727273,100.0,58.0,299.0,297.90909090909093,151.9200000000419,0.0,1.0,74.0,1208,1,1.0,True
1209,-3.4724507272727267,20.797252727272728,0.2992664636363636,287.54545454545456,6588.0,1.6005577272727272,100.0,58.0,299.0,299.0,306.71999999993716,0.0,1.0,74.0,1209,1,1.0,True
1210,-3.4780005454545457,21.081323636363635,0.2993438090909091,287.3636363636364,6588.909090909091,1.601558090909091,100.0,58.0,299.0,299.0,308.88000000006286,0.0,1.0,74.0,1210,1,1.0,True
1211,-3.4841531666666667,21.355196666666668,0.2994276,288.0,6609.166666666667,1.602377,100.0,58.0,299.0,299.0,309.23999999997903,0.0,1.0,74.0,1211,1,1.0,True
1212,-3.487936727272727,21.613129999999998,0.16061692,268.3636363636364,6145.363636363636,1.6034464545454545,100.0,58.0,160.72727272727272,160.1818181818182,286.20000000000005,0.0,1.0,74.0,1212,1,1.0,True
1213,-3.490397454545455,21.727251818181816,0.09958788545454546,265.27272727272725,6070.272727272727,1.6040513636363636,100.0,58.0,100.0,99.81818181818181,285.47999999995807,0.0,1.0,74.0,1213,1,1.0,True
1247,-3.4895864545454547,21.67283090909091,0.2595473272727273,288.1818181818182,6605.454545454545,-1.5474295454545455,97.72727272727273,58.0,254.0909090909091,264.8181818181818,302.4,0.0,3.0,72.0,1247,1,1.0,True
1248,-3.4912868181818184,21.440372727272727,0.2979901636363636,288.90909090909093,6623.272727272727,-1.5528117272727273,99.0,58.0,298.09090909090907,297.3636363636364,155.5200000000419,0.0,3.0,72.0,1248,1,1.0,True
1249,-3.486219090909091,21.12783545454545,0.2986476,289.1818181818182,6630.545454545455,-1.548628090909091,99.0,58.0,299.0,298.0,306.3599999999162,0.0,3.0,72.0,1249,1,1.0,True
1250,-3.482055090909091,20.865033636363634,0.29887969090909094,289.0,6618.909090909091,-1.5463497272727273,99.36363636363636,58.0,299.0,298.54545454545456,312.12000000004195,0.0,3.0,72.0,1250,1,1.0,True
1251,-3.475724909090909,20.556597272727274,0.2991117272727273,287.09090909090907,6589.0,-1.5443737272727274,100.0,58.0,299.0,298.90909090909093,306.7200000000419,0.0,3.0,72.0,1251,1,1.0,True
1252,-3.469662,20.29929090909091,0.2980674818181818,287.8181818181818,6598.0,-1.5435066363636365,100.0,58.0,297.6363636363636,298.45454545454544,306.71999999993716,0.0,3.0,72.0,1252,1,1.0,True
1253,-3.456367444444444,19.996384444444445,0.2982694666666667,289.77777777777777,6641.333333333333,-1.5482521111111112,100.0,58.0,297.3333333333333,299.0,309.2399999999791,0.0,3.0,68.0,1253,1,1.0,True
1254,-3.4517575,19.708388333333335,0.299144,288.8333333333333,6619.5,-1.5482083333333334,100.0,58.0,299.0,299.0,308.52000000004193,0.0,3.0,68.0,1254,1,1.0,True
1255,-3.447877090909091,19.435250909090907,0.2993438,289.0,6625.636363636364,-1.5472959090909093,100.0,57.45454545454545,299.0,298.72727272727275,306.0,0.0,3.0,68.0,1255,1,1.0,True
1256,-3.4432230909090906,19.156105454545454,0.29849296363636363,289.3636363636364,6628.363636363636,-1.5450946363636364,100.0,57.45454545454545,299.0,297.6363636363636,155.8799999999581,0.0,3.0,68.0,1256,1,1.0,True
1257,-3.4380833636363635,18.878467272727274,0.29887969090909094,287.6363636363636,6608.727272727273,-1.5439095454545453,100.0,57.54545454545455,299.0,298.54545454545456,306.36000000002093,0.0,3.0,68.0,1257,1,1.0,True
1258,-3.4313926363636367,18.575729090909093,0.2989570181818182,288.0,6616.363636363636,-1.5426902727272727,99.45454545454545,57.54545454545455,299.0,298.90909090909093,312.4800000000629,0.0,3.0,68.0,1258,1,1.0,True
1259,-3.4226115,18.330985000000002,0.24575325,281.3333333333333,6447.0,-1.5662308333333332,99.66666666666667,57.833333333333336,204.0,287.0,297.3599999999162,0.0,3.0,126.0,1259,1,1.0,True
1260,-3.448230090909091,18.15663181818182,0.11076490545454547,280.3636363636364,6429.0,-2.004596727272727,94.63636363636364,58.0,-52.54545454545455,273.6363636363636,302.40000000000003,0.0,3.0,130.0,1260,1,1.0,True
1261,-3.5046586363636365,18.092362727272725,0.0997039,281.6363636363636,6454.636363636364,-2.5468523636363636,88.27272727272727,58.0,-69.45454545454545,269.09090909090907,300.2400000000838,0.0,3.0,130.0,1261,1,1.0,True
1262,-3.628376166666667,18.071395,0.1783235333333333,288.6666666666667,6625.833333333333,1.0716513333333335,90.16666666666667,58.0,79.0,277.5,306.0,0.0,3.0,134.0,1262,1,1.0,True
1263,-3.8202615833333335,18.087635833333334,0.25078741666666665,290.0,6659.666666666667,-1.0643225,82.0,57.416666666666664,298.0,203.5,309.9599999999162,0.0,3.0,134.0,1263,1,1.0,True
1264,-4.092613416666667,18.050130833333334,0.29659145,288.75,6621.416666666667,-3.091462416666667,89.83333333333333,57.5,296.5833333333333,296.0833333333333,308.88000000006286,0.0,3.0,134.0,1264,1,1.0,True
1265,-4.3749139999999995,18.036495,0.29737135000000003,286.5,6581.5,-3.097168,93.0,57.5,295.5,299.0,152.63999999997904,0.0,3.0,138.0,1265,1,1.0,True
1266,-4.657631666666666,18.03227,0.2980095,288.5833333333333,6617.916666666667,-3.0966237500000005,97.16666666666667,57.5,296.5,299.0,307.8,0.0,3.0,138.0,1266,1,1.0,True
1267,-4.917394090909091,18.023007272727273,0.22675099999999998,275.45454545454544,6306.636363636364,-3.099351181818182,98.36363636363636,57.90909090909091,225.36363636363637,227.72727272727272,297.36000000002093,0.0,3.0,138.0,1267,1,1.0,True
1268,-5.062988000000001,18.017273636363637,0.09981992909090907,263.90909090909093,6039.818181818182,-3.1010034545454546,98.18181818181819,58.0,99.72727272727273,100.54545454545455,279.0,0.0,3.0,138.0,1268,1,1.0,True
1288,-5.041311454545454,18.00949090909091,0.25428755454545454,284.1818181818182,6514.545454545455,0.03303597909090909,97.0909090909091,58.0,246.63636363636363,261.72727272727275,154.8,0.0,13.0,136.0,1288,1,1.0,True
1289,-4.801691636363636,18.01011909090909,0.2984155636363636,286.54545454545456,6578.636363636364,0.022102333636363634,98.0,57.54545454545455,297.90909090909093,298.54545454545456,306.0,0.0,13.0,136.0,1289,1,1.0,True
1290,-4.501782181818181,18.016455454545454,0.2984929090909091,289.09090909090907,6641.727272727273,0.022755540909090908,98.9090909090909,57.0,299.0,297.6363636363636,312.47999999995807,0.0,13.0,136.0,1290,1,1.0,True
1291,-4.220941333333333,18.024425,0.29886033333333334,289.0,6639.0,0.023683350000000002,99.0,57.333333333333336,299.0,298.6666666666667,309.2399999999791,0.0,13.0,132.0,1291,1,1.0,True
1292,-3.9209294545454543,18.033826363636365,0.29903437272727273,287.0,6588.909090909091,0.021671170000000003,99.81818181818181,57.45454545454545,298.45454545454544,299.0,306.36000000002093,0.0,13.0,132.0,1292,1,1.0,True
1293,-3.6692745454545457,18.033799090909092,0.29818355454545453,285.90909090909093,6552.909090909091,0.02378310272727273,99.81818181818181,58.0,299.0,296.8181818181818,305.63999999997907,0.0,13.0,296.0,1293,1,1.0,True
1294,-3.35048,18.041034545454547,0.29887969090909094,290.0,6650.0,0.026932820909090906,99.0,57.27272727272727,299.0,298.8181818181818,306.0,0.0,13.0,292.0,1294,1,1.0,True
1295,-3.0693463636363636,18.042405454545452,0.2991117272727273,292.3636363636364,6705.363636363636,0.030477663636363637,98.45454545454545,57.09090909090909,299.0,298.54545454545456,305.64000000008383,0.0,13.0,304.0,1295,1,1.0,True
1296,-2.808436,18.04782909090909,0.28936565454545454,277.27272727272725,6353.0,0.033654420000000004,99.54545454545455,58.0,289.1818181818182,289.27272727272725,153.71999999993713,0.0,13.0,300.0,1296,1,1.0,True
1297,-2.6386566363636366,18.054119999999998,0.10140560454545455,263.09090909090907,6014.454545454545,0.03302201181818182,100.0,58.0,101.63636363636364,101.63636363636364,279.36000000002093,0.0,13.0,300.0,1297,1,1.0,True
1306,-2.4546115454545454,18.045847272727272,0.09753810545454546,281.1818181818182,6447.363636363636,-0.22573085545454544,98.45454545454545,58.0,-42.63636363636363,237.8181818181818,301.3199999999372,0.0,16.0,96.0,1306,1,1.0,True
1307,-2.3848171666666667,18.001513333333335,0.10465427999999999,280.5,6431.333333333333,-0.7957285333333334,84.16666666666667,58.0,-63.833333333333336,273.3333333333333,297.36000000002093,0.0,16.0,96.0,1307,1,1.0,True
1308,-2.35418,17.86915,0.17040166363636364,282.45454545454544,6471.363636363636,-1.2718755818181817,59.54545454545455,57.72727272727273,45.90909090909091,295.1818181818182,304.560000000021,0.0,16.0,92.0,1308,1,1.0,True
1309,-2.33238525,17.640137499999998,0.2313243,286.0,6566.0,-1.63412175,61.5,57.5,163.25,299.0,303.83999999997906,0.0,16.0,48.0,1309,1,1.0,True
1310,-2.378733,17.483794545454547,0.16881597272727272,283.0,6500.090909090909,-2.0206843636363634,85.72727272727273,57.54545454545455,41.81818181818182,295.1818181818182,302.76000000002097,0.0,16.0,44.0,1310,1,1.0,True
1311,-2.444227181818182,17.40155909090909,0.10082546363636363,281.8181818181818,6464.363636363636,-2.5021652727272725,95.36363636363636,57.54545454545455,-73.0909090909091,274.45454545454544,299.160000000021,0.0,16.0,44.0,1311,1,1.0,True
1312,-2.5795579166666665,17.35699083333333,0.22189403333333335,290.9166666666667,6683.583333333333,-2.9825587500000004,74.33333333333333,57.083333333333336,147.58333333333334,296.3333333333333,310.6799999999581,0.0,16.0,326.0,1312,1,1.0,True
1313,-2.8207706363636365,17.33835636363636,0.29663652727272727,286.54545454545456,6576.545454545455,-3.0884354545454547,66.0,58.0,299.0,294.27272727272725,153.0,0.0,16.0,330.0,1313,1,1.0,True
1314,-3.0331822727272724,17.341889090909092,0.11664351818181819,264.72727272727275,6054.545454545455,-3.0836870909090908,88.9090909090909,58.0,119.18181818181819,114.0909090909091,286.20000000000005,0.0,16.0,330.0,1314,1,1.0,True
1315,-3.120862333333333,17.33113833333333,0.09862746499999998,262.1666666666667,5996.5,-3.0827934999999997,94.66666666666667,58.0,99.33333333333333,98.5,279.0,0.0,16.0,330.0,1315,1,1.0,True
1323,-3.3038559999999997,17.316716666666668,0.23589758166666666,284.3333333333333,6520.666666666667,-3.0893311666666663,93.16666666666667,57.666666666666664,234.0,237.5,307.8,0.0,4.0,322.0,1323,1,1.0,True
1324,-3.5822900000000004,17.306005454545456,0.2984542363636364,292.0,6701.090909090909,-3.0958197272727275,92.0909090909091,57.0,297.54545454545456,299.0,310.3199999999371,0.0,4.0,182.0,1324,1,1.0,True
1325,-3.864727454545455,17.290267272727274,0.2980675090909091,290.0,6653.090909090909,-3.1039879090909093,94.45454545454545,57.18181818181818,296.6363636363636,299.0,309.2400000000838,0.0,4.0,182.0,1325,1,1.0,True
1326,-4.1530154999999995,17.276836666666668,0.2977968,286.1666666666667,6566.5,-3.1113251666666666,95.66666666666667,57.5,296.0,299.0,305.63999999997907,0.0,4.0,182.0,1326,1,1.0,True
1327,-4.4600189,17.275682999999997,0.29886035,286.2,6569.4,-3.1065466,97.8,57.5,298.5,299.0,302.76000000002097,0.0,4.0,186.0,1327,1,1.0,True
1328,-4.705949272727273,17.273210000000002,0.2986476,288.90909090909093,6631.363636363636,-3.104144727272727,99.54545454545455,57.45454545454545,298.0,299.0,155.8799999999581,0.0,4.0,186.0,1328,1,1.0,True
1329,-4.950725454545455,17.268704545454543,0.10859916818181818,263.09090909090907,6017.727272727273,-3.103696,100.0,58.0,109.27272727272727,108.72727272727273,290.16000000002094,0.0,4.0,186.0,1329,1,1.0,True
1330,-5.034315818181818,17.265442727272728,0.09954921,262.72727272727275,6016.272727272727,-3.1035699999999995,100.0,58.0,100.0,100.0,278.27999999995814,0.0,4.0,186.0,1330,1,1.0,True
1348,-4.949337272727273,17.26048,0.26681818181818184,283.72727272727275,6506.090909090909,0.027112349999999997,95.0909090909091,57.18181818181818,261.72727272727275,271.54545454545456,303.47999999995807,0.0,16.0,184.0,1348,1,1.0,True
1349,-4.6890107500000004,17.258295,0.29843495,287.5,6606.0,0.023670057499999998,98.0,57.0,298.5,298.0,308.52000000004193,0.0,16.0,184.0,1349,1,1.0,True
1350,-4.389102090909091,17.258883636363638,0.29729401818181816,288.8181818181818,6637.727272727273,0.02826954181818182,97.0909090909091,57.0,299.0,295.1818181818182,306.71999999993716,0.0,16.0,180.0,1350,1,1.0,True
1351,-4.1478186,17.270028,0.29839241,289.1,6635.8,0.029252937,97.2,57.0,297.0,299.0,306.7200000000419,0.0,16.0,180.0,1351,1,1.0,True
1352,-3.8225332499999998,17.277575833333334,0.29864765,290.75,6672.666666666667,0.026744211666666667,98.0,57.083333333333336,299.0,298.0,304.9200000000419,0.0,16.0,180.0,1352,1,1.0,True
1353,-3.5478794999999996,17.283170000000002,0.29886035,287.0,6579.0,0.0272341,98.0,57.5,298.5,299.0,155.15999999991618,0.0,16.0,320.0,1353,1,1.0,True
1354,-3.3284640000000003,17.290445000000002,0.13060518750000003,265.0,6069.75,0.027437141666666665,98.91666666666667,57.916666666666664,130.5,130.58333333333334,285.4800000000629,0.0,16.0,316.0,1354,1,1.0,True
1355,-3.229155181818182,17.29227090909091,0.09931715727272726,262.6363636363636,6014.454545454545,0.027046000909090907,99.36363636363636,58.0,99.45454545454545,100.0,282.6,0.0,16.0,316.0,1355,1,1.0,True
1361,-3.01109,17.29497,0.2856722,289.5,6635.0,0.028929484999999998,98.5,57.5,286.5,285.0,153.72000000004192,0.0,12.0,328.0,1361,1,1.0,True
1362,-2.7716624999999997,17.299155833333334,0.2984349,287.1666666666667,6597.916666666667,0.031032699166666667,98.41666666666667,57.0,297.5833333333333,299.0,306.0,0.0,12.0,324.0,1362,1,1.0,True
1363,-2.4874761818181814,17.3139,0.16576063636363636,280.54545454545456,6436.727272727273,0.14807475545454543,98.27272727272727,57.90909090909091,276.1818181818182,54.81818181818182,302.4,0.0,12.0,46.0,1363,1,1.0,True
1364,-2.3924736363636363,17.36732,0.10202439272727273,281.72727272727275,6458.0,0.6402688999999999,97.0,57.72727272727273,274.8181818181818,-70.72727272727273,299.1599999999162,0.0,12.0,46.0,1364,1,1.0,True
1365,-2.33503425,17.4637025,0.139858125,279.25,6402.5,1.243403325,93.0,57.75,270.0,9.75,296.28000000006284,0.0,12.0,50.0,1365,1,1.0,True
1366,-2.324619909090909,17.53540090909091,0.09038325272727273,269.45454545454544,6170.727272727273,1.4799603636363636,65.9090909090909,58.0,126.45454545454545,54.45454545454545,290.16000000002094,0.0,12.0,50.0,1366,1,1.0,True
1368,-2.3267504166666666,17.60479666666667,0.09029623999999999,262.1666666666667,6008.5,1.6148555833333333,54.916666666666664,58.0,100.0,81.08333333333333,280.8,0.0,12.0,50.0,1368,1,1.0,True
1373,-2.3560265,17.9057475,0.12486195,279.25,6405.75,1.88538275,83.0,57.75,261.25,-11.5,298.0799999999581,0.0,9.0,98.0,1373,1,1.0,True
1374,-2.415567727272727,18.002536363636363,0.10082549272727272,280.0,6418.636363636364,2.492787090909091,62.09090909090909,57.54545454545455,276.3636363636364,-74.45454545454545,301.6799999999581,0.0,9.0,98.0,1374,1,1.0,True
1375,-2.4962820909090913,18.004656363636364,0.13234555454545455,284.54545454545456,6534.454545454545,2.441488272727273,50.54545454545455,57.0,273.72727272727275,-9.454545454545455,302.4,0.0,9.0,302.0,1375,1,1.0,True
1376,-2.7232470833333333,18.000741666666666,0.2572751583333333,290.5,6677.333333333333,-2.574148833333333,77.5,57.0,215.83333333333334,298.5833333333333,313.20000000000005,0.0,9.0,302.0,1376,1,1.0,True
1377,-2.94203,18.0093,0.2205823,274.5,6300.0,3.1208195,90.0,57.5,216.0,225.0,144.36000000002096,0.0,9.0,306.0,1377,1,1.0,True
1378,-3.0921420000000004,18.013793333333336,0.103271665,263.0,6023.5,3.1192212500000003,93.16666666666667,58.0,104.58333333333333,102.5,281.52000000004193,0.0,9.0,306.0,1378,1,1.0,True
1387,-3.3241127272727273,18.01434727272727,0.25444223818181816,284.72727272727275,6543.545454545455,3.1281048181818183,93.72727272727273,57.09090909090909,257.1818181818182,251.54545454545453,303.12000000004195,0.0,3.0,298.0,1387,1,1.0,True
1388,-3.603210333333333,18.013135000000002,0.29808038333333337,288.0,6613.166666666667,3.1367053333333335,93.16666666666667,57.0,299.0,297.1666666666667,306.7200000000419,0.0,3.0,134.0,1388,1,1.0,True
1389,-3.9058846363636364,18.003654545454545,0.29853163636363633,289.8181818181818,6651.909090909091,3.1345207272727276,91.45454545454545,57.0,299.0,297.90909090909093,312.83999999997906,0.0,3.0,134.0,1389,1,1.0,True
1390,-4.160480583333333,18.001725,0.29761955,289.0833333333333,6649.75,3.1365225833333334,92.16666666666667,57.0,299.0,295.5833333333333,305.63999999997907,0.0,3.0,134.0,1390,1,1.0,True
1391,-4.461098499999999,18.004223333333332,0.29715865,287.8333333333333,6613.166666666667,-1.0437638333333332,95.16666666666667,57.0,299.0,294.5,307.0799999999581,0.0,3.0,138.0,1391,1,1.0,True
1392,-4.735949727272728,18.00174363636364,0.2902938909090909,286.1818181818182,6574.636363636364,-3.131307,96.9090909090909,57.09090909090909,290.90909090909093,289.27272727272725,304.20000000000005,0.0,3.0,138.0,1392,1,1.0,True
1393,-4.991969181818182,18.001078181818183,0.14967189454545454,264.72727272727275,6070.272727272727,-3.1256860909090913,96.54545454545455,58.0,150.0,149.0909090909091,138.96000000002095,0.0,3.0,138.0,1393,1,1.0,True
1394,-5.082565181818182,17.999557272727273,0.09912378,262.6363636363636,6016.727272727273,-3.124491090909091,97.0,58.0,100.0,99.0,279.0,0.0,3.0,138.0,1394,1,1.0,True
1415,-5.056701363636364,17.995435454545454,0.22327023272727275,284.1818181818182,6525.454545454545,0.025455770909090913,99.0,57.36363636363637,225.72727272727272,220.63636363636363,306.0,0.0,4.0,136.0,1415,1,1.0,True
1416,-4.796452,17.99915181818182,0.2984929727272727,288.8181818181818,6636.818181818182,0.032932876363636364,99.0,57.0,299.0,297.54545454545456,307.439999999979,0.0,4.0,136.0,1416,1,1.0,True
1417,-4.522509818181818,18.00775727272727,0.29903437272727273,288.8181818181818,6628.272727272727,0.03399152363636364,98.45454545454545,57.0,298.45454545454544,299.0,151.9200000000419,0.0,4.0,136.0,1417,1,1.0,True
1418,-4.2418024545454545,18.021414545454544,0.2982222,286.72727272727275,6576.545454545455,0.030846060909090908,99.0,57.0,297.0,299.0,305.63999999997907,0.0,4.0,132.0,1418,1,1.0,True
1419,-3.9349637272727276,18.02712909090909,0.2986089272727273,286.54545454545456,6591.090909090909,0.028497431818181818,99.36363636363636,57.0,298.45454545454544,299.0,310.3200000000419,0.0,4.0,132.0,1419,1,1.0,True
1420,-3.6900096666666666,18.02804,0.24419333333333335,281.8333333333333,6472.833333333333,0.0046423616666666665,99.66666666666667,57.0,202.5,285.6666666666667,296.63999999997907,0.0,4.0,62.0,1420,1,1.0,True
1421,-3.523392363636364,17.994735454545456,0.10558249272727273,281.09090909090907,6449.272727272727,-0.42985321454545455,93.54545454545455,57.0,-58.18181818181818,269.3636363636364,304.20000000000005,0.0,4.0,66.0,1421,1,1.0,True
1422,-3.4613759166666664,17.948915,0.0985211075,278.75,6403.083333333333,-0.9891644083333334,88.41666666666667,57.0,-70.16666666666667,267.3333333333333,300.6,0.0,4.0,66.0,1422,1,1.0,True
1423,-3.439961181818182,17.83739,0.17902613636363637,287.6363636363636,6605.090909090909,-1.5530408181818183,93.54545454545455,57.0,73.45454545454545,284.45454545454544,302.76000000002097,0.0,4.0,152.0,1423,1,1.0,True
1424,-3.445147909090909,17.609917272727273,0.21862925454545454,284.54545454545456,6536.545454545455,-1.5986768181818183,98.27272727272727,57.0,216.8181818181818,220.45454545454547,304.91999999993715,0.0,4.0,168.0,1424,1,1.0,True
1425,-3.4627709999999996,17.44175909090909,0.13687052727272728,281.09090909090907,6464.909090909091,-1.822386090909091,96.81818181818181,57.0,-20.818181818181817,295.1818181818182,148.32000000004192,0.0,4.0,168.0,1425,1,1.0,True
1426,-3.5084469090909085,17.359695454545456,0.09614581636363638,281.90909090909093,6477.0,-2.4251651818181816,95.9090909090909,57.0,-78.54545454545455,271.1818181818182,298.8,0.0,4.0,164.0,1426,1,1.0,True
1427,-3.608434363636363,17.325595454545454,0.17132984545454544,286.27272727272725,6579.363636363636,-2.9896195454545453,96.63636363636364,57.0,55.27272727272727,287.72727272727275,304.9200000000419,0.0,4.0,182.0,1427,1,1.0,True
1428,-3.812829166666667,17.34032,0.2696479166666667,294.5,6781.0,-3.1060241666666664,83.16666666666667,57.0,284.0,255.33333333333334,317.5199999999371,0.0,4.0,182.0,1428,1,1.0,True
1429,-4.099899545454545,17.30864181818182,0.2948574818181818,291.45454545454544,6694.545454545455,-3.0738263636363636,94.72727272727273,57.0,292.45454545454544,296.8181818181818,308.52000000004193,0.0,4.0,182.0,1429,1,1.0,True
1430,-4.389246583333334,17.292778333333334,0.29577605,290.6666666666667,6687.166666666667,-3.0836435833333335,98.75,57.0,292.25,299.0,307.439999999979,0.0,4.0,186.0,1430,1,1.0,True
1431,-4.646541545454546,17.282,0.29516690909090904,290.27272727272725,6676.818181818182,-3.091614363636363,99.63636363636364,57.0,292.8181818181818,297.09090909090907,306.36000000002093,0.0,4.0,186.0,1431,1,1.0,True
1432,-4.923814636363637,17.27327727272727,0.16579932545454545,271.09090909090907,6215.636363636364,-3.096135818181818,100.0,57.63636363636363,165.36363636363637,166.36363636363637,277.91999999993715,0.0,4.0,186.0,1432,1,1.0,True
1433,-5.015315181818182,17.270517272727275,0.09935583272727272,264.0,6052.181818181818,-3.0973243636363637,100.0,58.0,99.54545454545455,100.0,141.84000000008382,0.0,4.0,186.0,1433,1,1.0,True
1459,-5.009164909090909,17.260816363636366,0.21835852727272728,285.3636363636364,6557.090909090909,0.03605428454545455,87.45454545454545,57.09090909090909,209.63636363636363,227.63636363636363,300.2400000000838,0.0,19.0,184.0,1459,1,1.0,True
1460,-4.722813666666667,17.261923333333332,0.2967332166666667,286.5,6576.0,0.02109947,98.0,57.0,295.5,297.6666666666667,308.51999999993717,0.0,19.0,184.0,1460,1,1.0,True
1461,-4.454732090909091,17.264657272727273,0.2977194545454545,287.27272727272725,6599.454545454545,0.0226156,98.18181818181819,57.0,299.0,295.8181818181818,306.0,0.0,19.0,180.0,1461,1,1.0,True
1462,-4.1646826363636364,17.273306363636365,0.29895705454545457,289.8181818181818,6666.727272727273,0.02338639272727273,98.0,57.0,299.0,298.72727272727275,308.52000000004193,0.0,19.0,180.0,1462,1,1.0,True
1463,-3.883681166666667,17.278116666666666,0.2973714,287.5,6609.166666666667,0.024159845,98.0,57.0,295.5,299.0,309.96000000002095,0.0,19.0,180.0,1463,1,1.0,True
1464,-3.6126900909090907,17.27673181818182,0.1808051909090909,278.90909090909093,6405.818181818182,-0.044160107272727275,96.0,57.0,104.72727272727273,256.8181818181818,294.11999999993714,0.0,19.0,174.0,1464,1,1.0,True
1465,-3.503613,17.23944818181818,0.09734473818181817,281.09090909090907,6463.272727272727,-0.4373091090909091,88.0,57.0,-80.0,274.6363636363636,147.6,0.0,19.0,178.0,1465,1,1.0,True
1482,-3.422284909090909,16.91632,0.21696627272727273,292.1818181818182,6717.363636363636,-1.5995455454545455,99.0,57.0,251.0,182.72727272727272,154.43999999997905,0.0,16.0,192.0,1482,1,1.0,True
1483,-3.4161763636363633,16.670481818181816,0.2932331454545455,286.72727272727275,6581.727272727273,-1.5170282727272728,99.9090909090909,57.0,298.27272727272725,288.1818181818182,311.0400000000838,0.0,16.0,192.0,1483,1,1.0,True
1484,-3.4003943333333333,16.401225,0.29737136666666664,286.0,6571.333333333333,-1.5154641666666666,100.0,57.0,295.5,299.0,308.5199999999371,0.0,16.0,192.0,1484,1,1.0,True
1485,-3.3859553636363633,16.10028909090909,0.29710061818181815,287.8181818181818,6616.181818181818,-1.5236645454545454,100.0,57.0,295.09090909090907,299.0,304.560000000021,0.0,16.0,192.0,1485,1,1.0,True
1486,-3.379091363636364,15.807692727272725,0.29872496363636364,288.90909090909093,6642.363636363636,-1.5269347272727272,100.0,57.0,298.1818181818182,299.0,312.83999999997906,0.0,16.0,192.0,1486,1,1.0,True
1487,-3.370599,15.527801666666667,0.2987185666666667,286.6666666666667,6592.666666666667,-1.5285618333333335,100.0,57.0,298.1666666666667,299.0,304.560000000021,0.0,16.0,192.0,1487,1,1.0,True
1488,-3.358782727272727,15.22638,0.2980674818181818,286.45454545454544,6589.272727272727,-1.5338785454545454,100.0,57.0,296.6363636363636,299.0,302.76000000002097,0.0,16.0,192.0,1488,1,1.0,True
1489,-3.3550769090909087,14.981654545454546,0.29884100909090905,288.45454545454544,6638.545454545455,-1.5348798181818182,100.0,57.0,299.0,298.45454545454544,155.16000000002097,0.0,16.0,192.0,1489,1,1.0,True
1490,-3.3383048333333334,14.687975833333333,0.29683960000000004,288.5,6642.75,-1.5389996666666665,100.0,57.0,294.3333333333333,298.9166666666667,309.6,0.0,16.0,192.0,1490,1,1.0,True
1491,-3.3295782727272725,14.426468181818182,0.29829954545454546,289.1818181818182,6649.818181818182,-1.5440623636363637,99.63636363636364,57.0,297.1818181818182,299.0,303.83999999997906,0.0,16.0,192.0,1491,1,1.0,True
1492,-3.3208592727272728,14.09861090909091,0.2990344181818182,285.90909090909093,6578.454545454545,-1.5463997272727275,99.36363636363636,57.0,298.90909090909093,299.0,305.27999999995814,0.0,16.0,188.0,1492,1,1.0,True
1493,-3.31430275,13.83758,0.29917944999999996,286.25,6582.666666666667,-1.5471793333333332,100.0,57.0,299.0,299.0,304.9200000000419,0.0,16.0,188.0,1493,1,1.0,True
1494,-3.3094098181818183,13.54256909090909,0.2988023181818182,285.09090909090907,6552.0,-1.5465443636363636,100.0,57.0,299.0,298.09090909090907,303.83999999997906,0.0,16.0,188.0,1494,1,1.0,True
1495,-3.3048804545454544,13.26829,0.2989183818181818,287.3636363636364,6613.818181818182,-1.544462909090909,100.0,57.0,299.0,298.45454545454544,306.36000000002093,0.0,16.0,188.0,1495,1,1.0,True
1496,-3.2967631818181817,12.974604545454547,0.29918910909090907,291.1818181818182,6695.545454545455,-1.5441425454545454,100.0,57.0,299.0,298.90909090909093,304.91999999993715,0.0,16.0,188.0,1496,1,1.0,True
1497,-3.2933179166666666,12.718070833333334,0.27482388333333335,279.5,6425.416666666667,-1.5183764166666667,99.91666666666667,57.0,299.0,250.41666666666666,298.44000000008384,0.0,16.0,188.0,1497,1,1.0,True
1498,-3.2533045,12.525070000000001,0.13188145,280.0,6442.5,-1.145514,98.5,57.0,294.0,-31.0,149.03999999997905,0.0,16.0,188.0,1498,1,1.0,True
1499,-3.190896090909091,12.44712,0.1111517,281.3636363636364,6461.0,-0.6068277272727273,96.9090909090909,57.0,279.0,-56.81818181818182,303.11999999993714,0.0,16.0,188.0,1499,1,1.0,True
1500,-3.071926181818182,12.410203636363635,0.1712525181818182,280.45454545454544,6440.181818181818,-0.03396282363636363,85.0,57.0,274.72727272727275,67.72727272727273,295.9200000000419,0.0,16.0,188.0,1500,1,1.0,True
1501,-2.9332842727272723,12.408459090909092,0.15864447272727272,281.72727272727275,6481.363636363636,-0.05342629636363636,89.45454545454545,57.0,42.90909090909091,274.6363636363636,304.560000000021,0.0,16.0,188.0,1501,1,1.0,True
1502,-2.80579375,12.362319999999999,0.1339022,281.75,6481.0,-0.574551025,86.75,57.0,-31.5,298.75,299.16000000002094,0.0,16.0,188.0,1502,1,1.0,True
1503,-2.737328727272727,12.261451818181818,0.15234045454545456,280.90909090909093,6454.818181818182,-1.1756799090909091,82.63636363636364,57.0,5.636363636363637,298.72727272727275,298.8,0.0,16.0,188.0,1503,1,1.0,True
1504,-2.7151420833333333,12.111845,0.21919973333333334,287.5,6607.75,-1.5812190833333333,94.08333333333333,57.0,148.16666666666666,290.0833333333333,308.8799999999581,0.0,16.0,188.0,1504,1,1.0,True
1505,-2.712415666666667,11.870463333333333,0.26819439166666664,292.5833333333333,6729.916666666667,-1.5686066666666667,98.16666666666667,57.0,298.5833333333333,237.33333333333334,311.03999999997905,0.0,16.0,6.0,1505,1,1.0,True
1506,-2.7019170000000003,11.620410000000001,0.29694594999999996,289.5,6664.0,-1.513172,99.5,57.0,299.0,295.0,153.0,0.0,16.0,6.0,1506,1,1.0,True
1507,-2.691838333333333,11.315354999999998,0.29797405000000005,287.6666666666667,6623.166666666667,-1.5124977499999999,99.5,57.0,296.5833333333333,298.9166666666667,309.23999999997903,0.0,16.0,6.0,1507,1,1.0,True
1508,-2.6794632727272725,11.052203636363636,0.29795149090909095,289.45454545454544,6652.545454545455,-1.5180022727272728,100.0,57.0,296.3636363636364,299.0,306.0,0.0,16.0,6.0,1508,1,1.0,True
1509,-2.6683658181818184,10.75715,0.2980675090909091,288.54545454545456,6635.272727272727,-1.5242957272727273,100.0,57.0,296.6363636363636,299.0,312.12000000004195,0.0,16.0,6.0,1509,1,1.0,True
1510,-2.658186,10.4808925,0.29811585,289.75,6668.25,-1.5282347500000002,100.0,57.0,296.75,299.0,309.23999999997903,0.0,16.0,10.0,1510,1,1.0,True
1511,-2.6447613333333333,10.188755,0.29800951666666664,289.6666666666667,6669.0,-1.533638,100.0,57.0,296.5,299.0,307.439999999979,0.0,16.0,10.0,1511,1,1.0,True
1512,-2.6372316363636363,9.93072890909091,0.29930513636363637,289.54545454545456,6661.818181818182,-1.537924181818182,100.0,57.0,299.0,299.0,306.7200000000419,0.0,16.0,10.0,1512,1,1.0,True
1513,-2.629382,9.614442916666667,0.2988958333333333,287.3333333333333,6613.25,-1.5387504166666666,100.0,57.0,298.5833333333333,299.0,305.27999999995814,0.0,16.0,10.0,1513,1,1.0,True
1514,-2.618301727272727,9.346030363636363,0.29791280909090906,284.6363636363636,6561.181818181818,-1.5411586363636365,100.0,57.0,296.27272727272725,299.0,155.16000000002097,0.0,16.0,10.0,1514,1,1.0,True
1515,-2.6150256666666665,9.078591999999999,0.1744593083333333,261.1666666666667,5995.583333333333,-1.5433594166666669,100.0,57.416666666666664,174.41666666666666,174.41666666666666,280.08000000006285,1.0,16.0,10.0,1515,1,1.0,True
1518,-2.610049,8.98492625,0.1428361,265.75,6104.25,-1.557754,99.75,57.25,120.0,166.0,279.0,1.0,16.0,278.0,1518,1,1.0,True
1519,-2.627999181818182,8.828793727272727,0.17724709090909088,281.09090909090907,6459.0,-1.7568226363636363,97.9090909090909,57.0,55.63636363636363,298.72727272727275,298.0799999999581,0.0,16.0,278.0,1519,1,1.0,True
1520,-2.6867110909090908,8.704572999999998,0.15029065454545454,280.0,6437.727272727273,-2.263272818181818,98.0,57.0,1.0909090909090908,299.0,303.12000000004195,0.0,16.0,278.0,1520,1,1.0,True
1521,-2.800258083333333,8.62671675,0.17190675,282.0833333333333,6484.833333333333,-2.78093425,100.0,57.0,44.416666666666664,299.0,303.11999999993714,0.0,16.0,278.0,1521,1,1.0,True
1522,-2.987764,8.5774965,0.160597565,282.0,6483.0,-3.099024,99.5,57.0,176.5,144.5,147.24000000008382,0.0,16.0,278.0,1522,1,1.0,True
1524,-3.1209611818181817,8.523087545454546,0.09583642818181817,280.09090909090907,6437.545454545455,-2.1317975454545453,73.81818181818181,57.0,256.6363636363636,-64.72727272727273,295.91999999993715,0.0,16.0,278.0,1524,1,1.0,True
1525,-3.1262379166666663,8.384605416666666,0.18626478333333332,288.5833333333333,6642.5,-1.6953220833333333,66.25,57.0,291.5833333333333,80.91666666666667,308.88000000006286,0.0,16.0,278.0,1525,1,1.0,True
1526,-3.1021295,8.121372,0.262061175,293.75,6759.0,-1.53831175,59.0,57.0,238.0,286.0,310.6799999999581,0.0,16.0,278.0,1526,1,1.0,True
1527,-3.1279706363636364,7.913218545454546,0.28812808181818184,293.6363636363636,6758.0,-1.5837948181818182,76.54545454545455,57.0,277.72727272727275,298.09090909090907,311.76000000002097,0.0,16.0,278.0,1527,1,1.0,True
1528,-3.1365434545454547,7.634998727272728,0.29706192727272723,289.54545454545456,6667.090909090909,-1.585755909090909,98.36363636363636,57.0,299.0,294.27272727272725,307.0799999999581,0.0,16.0,278.0,1528,1,1.0,True
1529,-3.1366601666666667,7.346442416666666,0.29751315,286.4166666666667,6587.75,-1.57767025,100.0,57.0,299.0,295.3333333333333,306.7200000000419,0.0,16.0,278.0,1529,1,1.0,True
1530,-3.139064,7.07488,0.29715864999999997,285.5,6573.0,-1.5698375,100.0,57.0,299.0,294.5,152.63999999997904,0.0,16.0,278.0,1530,1,1.0,True
1531,-3.13667325,6.81101825,0.2975131916666667,290.3333333333333,6686.666666666667,-1.5634044166666667,99.08333333333333,57.0,299.0,295.3333333333333,311.76000000002097,0.0,16.0,278.0,1531,1,1.0,True
1532,-3.1344891818181817,6.514402363636364,0.29864765454545456,289.90909090909093,6675.0,-1.557815272727273,99.36363636363636,57.0,299.0,298.0,303.47999999995807,0.0,16.0,278.0,1532,1,1.0,True
1533,-3.1308781818181823,6.221942727272728,0.2983382181818182,285.8181818181818,6583.363636363636,-1.5542501818181818,100.0,57.0,299.0,297.27272727272725,311.4,0.0,16.0,278.0,1533,1,1.0,True
1534,-3.12478425,5.95792525,0.298754,287.25,6617.0,-1.55110275,100.0,57.0,299.0,297.75,305.28000000006284,0.0,16.0,282.0,1534,1,1.0,True
1535,-3.1226183333333335,5.6716248333333334,0.298364,288.6666666666667,6641.666666666667,-1.5488461666666666,99.5,57.0,299.0,297.3333333333333,310.3199999999372,0.0,16.0,282.0,1535,1,1.0,True
1536,-3.116127272727273,5.393963727272727,0.29853163636363633,289.1818181818182,6659.181818181818,-1.5466051818181819,100.0,57.0,298.8181818181818,297.90909090909093,307.0800000000629,0.0,16.0,282.0,1536,1,1.0,True
1537,-3.1056961666666667,5.078277416666666,0.29847035,289.25,6648.416666666667,-1.5483465833333334,100.0,57.0,297.6666666666667,298.9166666666667,304.91999999993715,0.0,16.0,282.0,1537,1,1.0,True
1538,-3.10379,4.835003,0.2986476,286.0,6576.0,-1.5485754999999999,100.0,57.0,299.0,298.0,152.64000000008383,0.0,16.0,282.0,1538,1,1.0,True
1539,-3.0928080833333333,4.529801833333333,0.2979385583333333,287.3333333333333,6612.166666666667,-1.5472477500000001,100.0,57.0,296.9166666666667,298.9166666666667,308.51999999993717,0.0,16.0,282.0,1539,1,1.0,True
1540,-3.087176090909091,4.2475001818181815,0.2987249909090909,288.3636363636364,6644.909090909091,-1.5498327272727273,100.0,57.0,298.54545454545456,298.6363636363636,306.0,0.0,16.0,282.0,1540,1,1.0,True
1541,-3.0832363636363636,3.967487909090909,0.29818352727272723,288.27272727272725,6646.727272727273,-1.5478673636363636,100.0,57.0,298.72727272727275,297.1818181818182,307.8,0.0,16.0,282.0,1541,1,1.0,True
1542,-3.0760097500000003,3.69666075,0.298966725,288.0,6632.75,-1.547744,100.0,57.0,298.75,299.0,309.96000000002095,0.0,16.0,282.0,1542,1,1.0,True
1543,-3.0687255454545452,3.394889818181818,0.2991504272727273,287.0,6606.090909090909,-1.5470444545454547,99.27272727272727,57.0,298.6363636363636,299.0,301.6799999999581,0.0,16.0,282.0,1543,1,1.0,True
1544,-3.061503333333333,3.1060388333333333,0.29871855833333333,287.8333333333333,6622.916666666667,-1.5473570833333332,98.33333333333333,57.0,298.3333333333333,298.8333333333333,309.96000000002095,0.0,16.0,282.0,1544,1,1.0,True
1545,-3.0578310833333333,2.8328404166666665,0.2987540083333333,289.5,6671.083333333333,-1.54574075,98.58333333333333,57.0,299.0,298.1666666666667,305.28000000006284,0.0,16.0,282.0,1545,1,1.0,True
1546,-3.050438,2.555537,0.2992858,289.5,6674.0,-1.545438,99.0,57.0,299.0,299.0,155.8799999999581,0.0,16.0,282.0,1546,1,1.0,True
1547,-3.0431356666666667,2.277166916666667,0.2992858,286.25,6595.666666666667,-1.5461470000000002,98.08333333333333,57.0,299.0,299.0,305.63999999997907,0.0,16.0,282.0,1547,1,1.0,True
1548,-3.0372296363636364,1.9593201818181818,0.2952829,284.0,6540.909090909091,-1.5444516363636362,96.72727272727273,57.0,299.0,291.1818181818182,304.20000000000005,0.0,16.0,282.0,1548,1,1.0,True
1549,-3.020208181818182,1.7454016363636364,0.21665682727272728,285.09090909090907,6564.727272727273,-1.434841818181818,96.27272727272727,57.0,299.0,133.63636363636363,300.23999999997903,0.0,16.0,270.0,1549,1,1.0,True
1550,-2.95882675,1.5808822500000002,0.1312433025,281.0,6466.5,-0.9798128500000001,80.5,57.0,289.25,-27.25,300.2400000000838,0.0,16.0,274.0,1550,1,1.0,True
1551,-2.8938604545454543,1.4992753636363636,0.09970391363636365,280.3636363636364,6445.090909090909,-0.420060962,53.72727272727273,57.0,269.6363636363636,-70.45454545454545,301.3199999999372,0.0,16.0,274.0,1551,1,1.0,True
1552,-2.761874,1.5107397272727274,0.20524778181818182,285.90909090909093,6585.363636363636,0.09710223054545454,76.0909090909091,57.0,241.0909090909091,169.36363636363637,304.20000000000005,0.0,16.0,350.0,1552,1,1.0,True
1553,-2.577922909090909,1.5278506363636362,0.25475163636363635,293.3636363636364,6748.272727272727,0.06243074545454545,95.72727272727273,57.0,209.8181818181818,299.0,155.5200000000419,0.0,16.0,350.0,1553,1,1.0,True
1554,-2.2788898181818182,1.5277449090909092,0.2903325363636364,284.3636363636364,6546.272727272727,-0.015193141818181816,100.0,57.0,293.54545454545456,286.27272727272725,312.47999999995807,0.0,16.0,354.0,1554,1,1.0,True
1555,-2.0890186666666666,1.5252669166666666,0.13188141666666667,282.75,6510.166666666667,0.23445846833333336,84.91666666666667,57.0,277.0833333333333,-13.583333333333334,300.96000000002095,0.0,16.0,238.0,1555,1,1.0,True
1556,-2.0078602,1.5988485000000001,0.11154616799999999,281.0,6467.8,0.84687377,69.1,57.0,283.1,-59.9,298.8,0.0,16.0,242.0,1556,1,1.0,True
1557,-1.9722110909090909,1.6740604545454545,0.17446251818181818,286.27272727272725,6583.636363636364,1.3320675454545456,75.36363636363636,57.0,298.8181818181818,49.90909090909091,302.4,0.0,16.0,242.0,1557,1,1.0,True
1558,-1.9701395,1.8618465000000002,0.261954875,291.25,6711.25,1.6272685000000002,83.75,57.0,273.0,250.5,308.8799999999581,0.0,16.0,16.0,1558,1,1.0,True
1559,-1.9732035,2.1611231666666666,0.2785818,294.1666666666667,6783.833333333333,1.5770888333333335,86.0,57.0,257.8333333333333,299.0,311.40000000000003,0.0,16.0,16.0,1559,1,1.0,True
1560,-1.9679653636363634,2.4481313636363633,0.2966752181818182,288.90909090909093,6655.0,1.5452344545454546,88.81818181818181,57.0,298.6363636363636,294.3636363636364,307.44000000008384,0.0,16.0,16.0,1560,1,1.0,True
1561,-1.9624385,2.7450263333333336,0.2945352,287.9166666666667,6633.75,1.5553883333333334,92.25,57.0,299.0,289.3333333333333,308.5199999999371,0.0,16.0,16.0,1561,1,1.0,True
1562,-1.957338,3.0108930000000003,0.29460610000000004,287.0,6608.0,1.5669495000000002,94.5,57.0,299.0,289.5,153.36000000002096,0.0,16.0,16.0,1562,1,1.0,True
1563,-1.9631944545454545,3.2920553636363636,0.29655919999999997,288.09090909090907,6638.181818181818,1.5772667272727274,94.45454545454545,57.0,298.27272727272725,294.45454545454544,309.6,0.0,16.0,16.0,1563,1,1.0,True
1564,-1.9688338181818181,3.5622215454545456,0.29876365454545456,290.0,6685.363636363636,1.5791736363636366,95.36363636363636,57.0,298.27272727272725,299.0,306.7200000000419,0.0,16.0,16.0,1564,1,1.0,True
1565,-1.9703591818181818,3.8573932727272724,0.2983769090909091,288.54545454545456,6651.636363636364,1.5823442727272727,97.0909090909091,57.0,299.0,297.3636363636364,309.6,0.0,16.0,16.0,1565,1,1.0,True
1566,-1.975263,4.142909,0.298754,286.75,6610.0,1.58538025,98.25,57.0,299.0,297.75,311.40000000000003,0.0,16.0,16.0,1566,1,1.0,True
1567,-1.9780753636363635,4.4351056363636365,0.2984155636363636,287.72727272727275,6623.272727272727,1.5893623636363636,99.0,57.0,299.0,297.45454545454544,302.03999999997905,0.0,16.0,16.0,1567,1,1.0,True
1568,-1.9834444545454546,4.6789771818181825,0.2989183727272727,288.3636363636364,6647.272727272727,1.5908455454545454,99.0,57.0,299.0,298.6363636363636,310.3199999999372,0.0,16.0,16.0,1568,1,1.0,True
1569,-1.9923391666666666,4.973661,0.29932125,290.4166666666667,6694.416666666667,1.5898863333333333,99.0,57.0,299.0,299.0,304.9200000000419,0.0,16.0,16.0,1569,1,1.0,True
1570,-1.997692818181818,5.238690272727272,0.29930513636363637,288.1818181818182,6636.363636363636,1.5899739090909093,99.0,57.0,299.0,299.0,155.8799999999581,0.0,16.0,16.0,1570,1,1.0,True
1571,-2.0025282727272726,5.5198990000000006,0.2989957181818182,285.45454545454544,6580.909090909091,1.5910355454545453,99.0,57.0,299.0,298.27272727272725,305.28000000006284,0.0,16.0,16.0,1571,1,1.0,True
1572,-2.008697090909091,5.802606727272727,0.2988410181818182,286.09090909090907,6592.636363636364,1.592091909090909,99.0,57.0,298.6363636363636,298.8181818181818,308.51999999993717,0.0,16.0,16.0,1572,1,1.0,True
1573,-2.0203818181818183,6.080583000000001,0.29783547272727273,288.90909090909093,6664.181818181818,1.588498909090909,98.72727272727273,57.0,296.09090909090907,299.0,303.4800000000629,0.0,16.0,16.0,1573,1,1.0,True
1574,-2.0260035000000003,6.3882052499999995,0.298754,290.25,6695.25,1.5847369999999998,98.25,57.0,298.25,299.0,308.8799999999581,0.0,16.0,12.0,1574,1,1.0,True
1575,-2.0296825454545453,6.6552965454545445,0.2983382181818182,288.45454545454544,6642.090909090909,1.582486909090909,98.45454545454545,57.0,297.27272727272725,299.0,305.63999999997907,0.0,16.0,12.0,1575,1,1.0,True
1576,-2.031241833333333,6.947758833333334,0.2968395833333333,287.6666666666667,6632.166666666667,1.5802022500000001,99.0,57.0,298.3333333333333,295.0833333333333,311.04000000008386,0.0,16.0,12.0,1576,1,1.0,True
1577,-2.03686825,7.232537166666667,0.2981513083333333,289.3333333333333,6665.333333333333,1.5860827499999999,99.0,57.0,298.8333333333333,296.9166666666667,305.2799999999581,0.0,16.0,12.0,1577,1,1.0,True
1578,-2.0438475,7.549696999999999,0.29864765,290.5,6690.5,1.588416,99.0,57.0,298.0,299.0,153.0,0.0,16.0,12.0,1578,1,1.0,True
1579,-2.0462207500000003,7.7877585,0.29804495833333333,287.1666666666667,6609.166666666667,1.5908981666666666,99.0,57.0,299.0,297.0,308.8799999999581,0.0,16.0,12.0,1579,1,1.0,True
1580,-2.0521041666666666,8.087191666666667,0.29659145,284.5,6550.666666666667,1.5927526666666667,99.0,57.0,299.0,294.0,304.9200000000419,0.0,16.0,12.0,1580,1,1.0,True
1581,-2.0701770909090906,8.336418454545454,0.20760695454545453,284.90909090909093,6563.363636363636,1.736427818181818,98.72727272727273,57.0,299.0,115.45454545454545,299.8799999999581,0.0,16.0,12.0,1581,1,1.0,True
1582,-2.12121575,8.492212749999998,0.0939123575,279.75,6438.25,2.2300002500000002,95.0,57.0,264.0,-76.25,299.88000000006286,0.0,16.0,12.0,1582,1,1.0,True
1584,-2.217608909090909,8.511050636363636,0.11478713454545454,277.1818181818182,6380.0,-2.945505090909091,60.54545454545455,57.0,217.0909090909091,12.545454545454545,298.4399999999791,0.0,16.0,12.0,1584,1,1.0,True
1585,-2.34884325,8.5020675,0.12879715,282.0,6491.416666666667,0.5436814999999999,86.66666666666667,57.0,-28.333333333333332,285.25,301.6800000000629,0.0,16.0,12.0,1585,1,1.0,True
1586,-2.4628985,8.548644,0.13741195,282.5,6504.5,2.6125825,96.5,57.0,-25.0,299.0,149.03999999997905,0.0,16.0,12.0,1586,1,1.0,True
1587,-2.546523666666667,8.640276250000001,0.15744230833333334,281.0833333333333,6473.0,2.0925493333333334,97.41666666666667,57.0,15.416666666666666,299.0,300.2399999999791,0.0,16.0,12.0,1587,1,1.0,True
1588,-2.5903930909090906,8.785667636363637,0.21155178181818182,287.72727272727275,6622.0,1.6415300909090909,98.9090909090909,57.0,123.54545454545455,299.0,303.1200000000419,0.0,16.0,12.0,1588,1,1.0,True
1589,-2.5865044545454547,9.024179000000002,0.25212172727272725,291.09090909090907,6713.909090909091,1.5271595454545455,94.63636363636364,57.0,276.45454545454544,227.54545454545453,316.0799999999581,0.0,16.0,8.0,1589,1,1.0,True
1590,-2.59122525,9.26029325,0.28652305,290.75,6708.75,1.5992317500000002,97.5,57.0,299.0,273.5,313.20000000000005,0.0,16.0,8.0,1590,1,1.0,True
1591,-2.605583454545455,9.56446218181818,0.2977581090909091,289.0,6665.454545454545,1.6132512727272728,98.81818181818181,57.0,297.0,297.90909090909093,304.560000000021,0.0,16.0,8.0,1591,1,1.0,True
1592,-2.6193292500000003,9.833198999999999,0.297619525,287.75,6635.583333333333,1.6072468333333332,98.08333333333333,57.0,295.5833333333333,299.0,309.6,0.0,16.0,8.0,1592,1,1.0,True
1593,-2.622754,10.1509325,0.2990731,286.5,6603.583333333333,1.6068196666666665,99.08333333333333,57.0,299.0,299.0,303.83999999997906,0.0,16.0,8.0,1593,1,1.0,True
1594,-2.6308635,10.400025000000001,0.29886035,287.0,6607.0,1.6064265000000002,100.0,57.0,298.5,299.0,152.28000000006287,0.0,16.0,8.0,1594,1,1.0,True
1595,-2.6362437499999998,10.7053625,0.2988958,287.3333333333333,6626.333333333333,1.6055180833333333,99.58333333333333,57.0,298.9166666666667,298.1666666666667,307.8,0.0,16.0,4.0,1595,1,1.0,True
1596,-2.6415046363636363,10.992579090909091,0.2993824727272727,288.54545454545456,6648.0,1.6082226363636365,99.9090909090909,57.0,299.0,298.8181818181818,305.27999999995814,0.0,16.0,4.0,1596,1,1.0,True
1597,-2.65083725,11.271909166666667,0.298931275,286.8333333333333,6602.916666666667,1.60689725,100.0,57.0,298.5,299.0,307.8,0.0,16.0,4.0,1597,1,1.0,True
1598,-2.657738,11.526131818181819,0.2987636727272727,288.45454545454544,6650.545454545455,1.6047659090909092,100.0,57.0,298.27272727272725,299.0,310.3200000000419,0.0,16.0,4.0,1598,1,1.0,True
1599,-2.6660535,11.832389999999998,0.2985767,286.6666666666667,6609.0,1.6042673333333333,100.0,57.0,298.1666666666667,298.8333333333333,302.03999999997905,0.0,16.0,4.0,1599,1,1.0,True
1600,-2.679972,12.097956363636364,0.18780534545454544,270.90909090909093,6229.454545454545,1.6808715454545455,96.36363636363636,57.09090909090909,246.72727272727272,129.0909090909091,278.27999999995814,0.0,16.0,190.0,1600,1,1.0,True
1664,-2.7663569999999997,12.303577272727273,0.12824599090909092,280.0,6441.181818181818,2.362823818181818,92.36363636363636,57.0,296.8181818181818,-40.63636363636363,299.88000000006286,0.0,19.0,190.0,1664,1,1.0,True
1665,-2.8460171818181816,12.337064545454545,0.15176033636363637,279.09090909090907,6416.090909090909,2.830570727272727,89.45454545454545,57.0,299.0,3.909090909090909,148.67999999995808,0.0,19.0,190.0,1665,1,1.0,True
1666,-3.030108363636364,12.342151818181817,0.19492156363636362,286.8181818181818,6604.090909090909,-3.091657181818182,88.0909090909091,57.0,154.45454545454547,235.27272727272728,303.4799999999581,0.0,19.0,190.0,1666,1,1.0,True
1667,-3.1559850000000003,12.369752,0.11911871,280.6,6463.2,2.1436656,97.5,57.0,-51.1,288.9,300.2400000000838,0.0,19.0,190.0,1667,1,1.0,True
1668,-3.2275461666666665,12.440415,0.1121701,279.1666666666667,6424.833333333333,2.202967,83.66666666666667,57.0,-51.333333333333336,276.0,297.0,0.0,19.0,190.0,1668,1,1.0,True
1669,-3.2314139999999996,12.560805,0.16814885000000002,282.5,6498.25,1.7754605,58.0,57.0,50.0,286.5,300.9599999999162,0.0,19.0,190.0,1669,1,1.0,True
1670,-3.2279515,12.81086,0.26248662500000003,290.5,6692.5,1.5853095000000001,45.0,57.0,283.5,241.5,308.88000000006286,0.0,19.0,190.0,1670,1,1.0,True
1671,-3.2111881818181818,13.04744090909091,0.2761388727272727,291.54545454545456,6723.636363636364,1.6440352727272727,36.72727272727273,57.0,299.0,252.8181818181818,315.0,0.0,19.0,190.0,1671,1,1.0,True
1672,-3.2108720909090906,13.29060909090909,0.2879346545454545,294.3636363636364,6774.818181818182,1.675256,51.27272727272727,57.0,299.0,276.27272727272725,308.160000000021,0.0,19.0,190.0,1672,1,1.0,True
1673,-3.2462885000000004,13.5749525,0.29740679166666667,289.25,6662.916666666667,1.6539120833333332,69.58333333333333,57.0,299.0,295.1666666666667,308.1599999999162,0.0,19.0,190.0,1673,1,1.0,True
1674,-3.2712725,13.858805,0.29694594999999996,287.5,6630.5,1.6417205,85.5,57.0,297.5,296.0,153.0,0.0,19.0,190.0,1674,1,1.0,True
1675,-3.286570818181818,14.149888181818183,0.2974100272727273,288.3636363636364,6639.0,1.6356994545454546,94.54545454545455,57.0,295.54545454545456,299.0,308.52000000004193,0.0,19.0,194.0,1675,1,1.0,True
1676,-3.297610333333333,14.387856666666666,0.2977259,286.5,6601.166666666667,1.6302968333333334,97.83333333333333,57.0,295.8333333333333,299.0,305.2799999999581,0.0,19.0,194.0,1676,1,1.0,True
1677,-3.3140968,14.700636,0.29720121,285.8,6590.8,1.6216296,99.0,57.0,294.9,299.0,309.96000000002095,0.0,19.0,194.0,1677,1,1.0,True
1678,-3.3275502727272723,14.969678181818182,0.29663653636363635,288.45454545454544,6656.181818181818,1.6131316363636363,99.36363636363636,57.0,294.09090909090907,299.0,307.0800000000629,0.0,19.0,194.0,1678,1,1.0,True
1679,-3.3316833333333338,15.263848333333334,0.297655,289.3333333333333,6667.666666666667,1.6083656666666668,96.0,57.0,298.0,296.8333333333333,301.3199999999372,0.0,19.0,194.0,1679,1,1.0,True
1680,-3.3415533333333336,15.524299999999998,0.29889580833333335,288.9166666666667,6662.333333333333,1.60802225,94.08333333333333,57.0,298.6666666666667,298.6666666666667,310.6800000000629,0.0,19.0,194.0,1680,1,1.0,True
1681,-3.3593735454545453,15.829965454545457,0.29783547272727273,286.8181818181818,6603.545454545455,1.599795,89.36363636363636,57.0,296.09090909090907,299.0,149.75999999991618,0.0,19.0,194.0,1681,1,1.0,True
1682,-3.3650200909090913,16.11048090909091,0.29930513636363637,286.8181818181818,6605.909090909091,1.5979385454545456,88.9090909090909,57.0,299.0,299.0,309.6,0.0,19.0,194.0,1682,1,1.0,True
1683,-3.3761959166666666,16.400795833333333,0.2990731,290.8333333333333,6712.833333333333,1.5938457499999998,88.66666666666667,57.0,299.0,299.0,308.88000000006286,0.0,19.0,194.0,1683,1,1.0,True
1684,-3.3841135,16.67278166666667,0.2793617666666666,281.3333333333333,6473.5,1.5935556666666664,88.33333333333333,57.0,279.0,279.6666666666667,307.0799999999581,0.0,19.0,194.0,1684,1,1.0,True
1685,-3.3827747,16.894357,0.12856310399999998,262.5,6037.0,1.5989835,91.3,57.0,128.3,128.9,276.83999999997906,0.0,19.0,194.0,1685,1,1.0,True
1686,-3.3815495454545457,16.983341818181817,0.09486954545454546,262.09090909090907,6023.0,1.6005277272727272,96.63636363636364,57.0,95.45454545454545,95.0,280.44000000008384,0.0,19.0,194.0,1686,1,1.0,True
1694,-3.3706242727272726,17.10022,0.13126263636363636,273.54545454545456,6291.272727272727,1.4335802727272726,97.36363636363636,57.0,12.454545454545455,249.9090909090909,295.5599999999162,0.0,14.0,336.0,1694,1,1.0,True
1695,-3.3202339999999997,17.181011666666667,0.11780697833333333,279.0833333333333,6420.25,0.9133474666666667,96.33333333333333,57.0,-43.666666666666664,277.8333333333333,293.76000000002097,0.0,14.0,332.0,1695,1,1.0,True
1696,-3.2381076363636363,17.223532727272726,0.11869328727272728,281.45454545454544,6490.181818181818,0.3492158781818182,95.54545454545455,57.0,-40.0,276.8181818181818,302.4,0.0,14.0,332.0,1696,1,1.0,True
1697,-3.0850595000000003,17.25095,0.22632559999999996,295.5,6813.0,0.016555434,94.0,57.0,187.5,265.0,153.0,0.0,14.0,328.0,1697,1,1.0,True
1698,-2.8202055,17.26419,0.29013915,292.5,6739.0,0.05484658,97.5,57.0,299.0,281.0,311.4,0.0,14.0,324.0,1698,1,1.0,True
1699,-2.5800285454545455,17.27894090909091,0.24206626363636363,280.90909090909093,6467.636363636364,0.03523831909090909,95.81818181818181,57.0,198.0909090909091,285.6363636363636,305.28000000006284,0.0,14.0,88.0,1699,1,1.0,True
1700,-2.3937208181818184,17.26111,0.10639466909090908,281.27272727272725,6479.181818181818,-0.3332526936363637,96.63636363636364,57.0,-66.0,278.3636363636364,299.5199999999371,0.0,14.0,88.0,1700,1,1.0,True
1701,-2.3484486666666666,17.170620833333334,0.1056824075,281.6666666666667,6482.083333333333,-0.9348234,69.0,57.0,-69.25,280.6666666666667,299.88000000006286,0.0,14.0,84.0,1701,1,1.0,True
1702,-2.3464304166666667,17.033345,0.21693076666666666,287.0,6619.416666666667,-1.3880842500000001,38.416666666666664,57.0,137.0,296.6666666666667,308.1599999999162,0.0,14.0,32.0,1702,1,1.0,True
1703,-2.312672,16.898896666666666,0.09713846666666666,243.66666666666666,5591.166666666667,-1.5156873333333334,46.166666666666664,57.166666666666664,99.33333333333333,95.0,252.0,0.0,14.0,32.0,1703,1,1.0,True
1705,-2.2941065000000003,16.898325,0.09316785,261.5,6017.0,-1.5308845,99.5,57.0,96.0,90.0,144.36000000002096,0.0,14.0,32.0,1705,1,1.0,True
1706,-2.2810465,16.697225,0.29673325,286.5,6608.0,-1.518351,100.0,57.0,298.5,295.0,304.20000000000005,0.0,14.0,32.0,1706,1,1.0,True
1707,-2.264363,16.40066909090909,0.2959791,284.0,6548.545454545455,-1.521441,99.63636363636364,57.0,292.6363636363636,299.0,307.0799999999581,0.0,14.0,32.0,1707,1,1.0,True
1708,-2.2554385,16.121936666666667,0.2971586333333333,285.6666666666667,6592.5,-1.5284966666666666,99.0,57.0,295.3333333333333,298.3333333333333,304.2,0.0,14.0,32.0,1708,1,1.0,True
1709,-2.2505583636363635,15.826569999999998,0.2989183909090909,287.6363636363636,6629.818181818182,-1.5303488181818181,99.81818181818181,57.0,299.0,298.6363636363636,307.44000000008384,0.0,14.0,32.0,1709,1,1.0,True
1710,-2.2427094545454547,15.574777272727273,0.29899573636363636,288.90909090909093,6657.636363636364,-1.5311091818181817,100.0,57.0,299.0,298.8181818181818,309.9599999999162,0.0,14.0,32.0,1710,1,1.0,True
1711,-2.2311285,15.266401666666667,0.29779680000000003,285.3333333333333,6580.166666666667,-1.5331226666666666,100.0,57.0,296.3333333333333,298.6666666666667,305.64000000008383,0.0,14.0,32.0,1711,1,1.0,True
1712,-2.2210981666666667,14.967303333333334,0.29822220000000005,286.6666666666667,6610.416666666667,-1.5371415,100.0,57.0,297.0,299.0,303.83999999997906,0.0,14.0,32.0,1712,1,1.0,True
1713,-2.2152391666666666,14.693675833333332,0.29910850833333336,290.5833333333333,6705.333333333333,-1.5390961666666667,100.0,57.0,298.5833333333333,299.0,308.5199999999371,0.0,14.0,32.0,1713,1,1.0,True
1714,-2.2104262727272728,14.426651818181819,0.2992664636363636,289.1818181818182,6663.181818181818,-1.5383335454545453,100.0,57.0,299.0,299.0,155.88000000006286,0.0,14.0,32.0,1714,1,1.0,True
1715,-2.202505,14.15150818181818,0.29872495454545456,286.09090909090907,6603.0,-1.5383406363636363,100.0,57.0,298.09090909090907,299.0,305.27999999995814,0.0,14.0,32.0,1715,1,1.0,True
1716,-2.1932517272727274,13.824788181818183,0.29887969090909094,285.3636363636364,6578.909090909091,-1.5396061818181819,100.0,57.0,298.54545454545456,299.0,304.20000000000005,0.0,14.0,28.0,1716,1,1.0,True
1717,-2.185372363636364,13.578061818181817,0.2987636454545454,284.72727272727275,6571.636363636364,-1.5414130909090908,100.0,57.0,298.27272727272725,299.0,304.2,0.0,14.0,28.0,1717,1,1.0,True
1718,-2.1763735,13.273385,0.2990731,288.25,6653.0,-1.54356,100.0,57.0,299.0,299.0,310.3200000000419,0.0,14.0,28.0,1718,1,1.0,True
1719,-2.171806727272727,12.998081818181818,0.2986863,288.09090909090907,6644.363636363636,-1.5443314545454547,100.0,57.0,299.0,298.09090909090907,305.27999999995814,0.0,14.0,28.0,1719,1,1.0,True
1720,-2.1694823636363636,12.709513636363637,0.25486762727272727,279.09090909090907,6427.090909090909,-1.5696453636363636,99.72727272727273,57.0,211.0909090909091,298.27272727272725,300.6,0.0,14.0,28.0,1720,1,1.0,True
1721,-2.1947855833333336,12.542154166666668,0.14311971666666667,278.9166666666667,6429.5,-1.9073510833333334,96.33333333333333,57.0,-11.166666666666666,296.8333333333333,302.76000000002097,0.0,14.0,28.0,1721,1,1.0,True
1722,-2.2574018181818185,12.44618818181818,0.1039968,278.90909090909093,6427.545454545455,-2.523449727272727,95.9090909090909,57.0,-65.45454545454545,273.45454545454544,147.96000000002095,0.0,14.0,28.0,1722,1,1.0,True
1723,-2.359823818181818,12.408180909090909,0.1313786909090909,278.1818181818182,6415.727272727273,-0.7323088181818181,98.45454545454545,57.0,49.63636363636363,213.27272727272728,298.8,0.0,14.0,28.0,1723,1,1.0,True
1724,-2.4966065,12.39802,0.13266138333333333,279.8333333333333,6449.0,-1.9112471666666668,86.83333333333333,57.0,281.1666666666667,-16.0,297.36000000002093,0.0,14.0,28.0,1724,1,1.0,True
1725,-2.591020818181818,12.345172727272727,0.1250746909090909,280.90909090909093,6476.727272727273,-2.4111054545454547,68.45454545454545,57.0,292.1818181818182,-41.90909090909091,298.439999999979,0.0,14.0,28.0,1725,1,1.0,True
1726,-2.6413802727272726,12.242952727272728,0.14943985454545453,280.3636363636364,6458.181818181818,-1.8387532727272728,73.9090909090909,57.0,294.90909090909093,4.090909090909091,297.71999999993716,0.0,14.0,28.0,1726,1,1.0,True
1727,-2.643727090909091,12.038634545454546,0.23363511818181817,285.45454545454544,6587.727272727273,-1.4936197272727272,84.45454545454545,56.81818181818182,230.8181818181818,236.8181818181818,309.2400000000838,0.0,14.0,6.0,1727,1,1.0,True
1728,-2.6409933333333333,11.825839166666668,0.2735831083333334,290.75,6712.583333333333,-1.5413690833333333,96.75,56.666666666666664,247.66666666666666,299.0,307.8,0.0,14.0,6.0,1728,1,1.0,True
1729,-2.639348583333333,11.542274999999998,0.2962369083333333,288.9166666666667,6671.166666666667,-1.57727325,99.58333333333333,56.5,295.25,296.5833333333333,307.8,0.0,14.0,6.0,1729,1,1.0,True
1730,-2.64295,11.26861,0.2967332,289.0,6675.0,-1.571704,100.0,56.5,299.0,294.0,153.0,0.0,14.0,6.0,1730,1,1.0,True
1731,-2.6374774166666666,10.97133,0.29815129166666665,288.1666666666667,6644.916666666667,-1.56701775,100.0,56.916666666666664,299.0,296.8333333333333,308.51999999993717,0.0,14.0,6.0,1731,1,1.0,True
1732,-2.6369292727272726,10.713148181818182,0.29787414545454544,287.3636363636364,6628.272727272727,-1.5620893636363637,100.0,56.63636363636363,299.0,296.1818181818182,305.2800000000629,0.0,14.0,6.0,1732,1,1.0,True
1733,-2.6359562727272725,10.419411818181818,0.2982996,285.90909090909093,6600.090909090909,-1.556492181818182,100.0,56.81818181818182,299.0,297.1818181818182,311.4,0.0,14.0,10.0,1733,1,1.0,True
1734,-2.630297,10.153036363636364,0.29837694545454546,287.72727272727275,6643.0,-1.5530889090909092,100.0,56.45454545454545,299.0,297.3636363636364,308.51999999993717,0.0,14.0,10.0,1734,1,1.0,True
1735,-2.626286166666667,9.844749166666666,0.29843491666666666,290.5,6699.833333333333,-1.5503371666666668,100.0,56.5,299.0,297.5,306.360000000021,0.0,14.0,10.0,1735,1,1.0,True
1736,-2.6206395833333334,9.586708416666667,0.29928579166666663,289.9166666666667,6689.583333333333,-1.5485610833333334,100.0,56.416666666666664,299.0,299.0,309.2399999999791,0.0,14.0,10.0,1736,1,1.0,True
1737,-2.615685181818182,9.284451636363634,0.29887969090909094,284.8181818181818,6574.909090909091,-1.546734636363636,100.0,57.0,299.0,299.0,151.9200000000419,0.0,14.0,10.0,1737,1,1.0,True
1738,-2.607712818181818,9.003437727272727,0.2611716909090909,279.54545454545456,6455.272727272727,-1.566062909090909,100.0,57.0,223.0909090909091,299.0,303.47999999995807,0.0,14.0,278.0,1738,1,1.0,True
1739,-2.640143181818182,8.797749,0.1618545090909091,282.6363636363636,6512.545454545455,-1.827998909090909,93.63636363636364,57.0,24.181818181818183,299.0,297.7200000000419,0.0,14.0,278.0,1739,1,1.0,True
1740,-2.7004599999999996,8.68382175,0.14737397500000002,281.3333333333333,6492.166666666667,-2.371941,93.33333333333333,57.0,-4.833333333333333,299.0,300.2399999999791,0.0,14.0,278.0,1740,1,1.0,True
1741,-2.8276244545454543,8.615669727272728,0.18150135454545457,282.27272727272725,6518.909090909091,-2.8697815454545452,99.63636363636364,56.72727272727273,63.90909090909091,299.0,300.2399999999791,0.0,14.0,278.0,1741,1,1.0,True
1742,-3.00053125,8.575043166666667,0.1174170075,277.9166666666667,6411.0,-3.035080333333333,97.25,56.75,182.16666666666666,52.0,299.88000000006286,0.0,14.0,278.0,1742,1,1.0,True
1744,-3.1280170909090903,8.516690272727272,0.10449961818181817,278.45454545454544,6421.090909090909,-2.036141181818182,82.45454545454545,57.0,260.1818181818182,-51.0,305.63999999997907,0.0,14.0,278.0,1744,1,1.0,True
1745,-3.1507096363636364,8.402644636363636,0.2088444909090909,289.1818181818182,6681.454545454545,-1.5773070000000002,94.27272727272727,56.45454545454545,295.8181818181818,121.72727272727273,153.72000000004192,0.0,14.0,278.0,1745,1,1.0,True
1746,-3.1326576363636365,8.123168181818182,0.26167447272727273,282.45454545454544,6514.727272727273,-1.4988496363636363,99.45454545454545,57.0,224.0909090909091,299.0,309.23999999997903,0.0,14.0,278.0,1746,1,1.0,True
1747,-3.1280585454545458,7.904119454545454,0.28735456363636364,287.1818181818182,6625.272727272727,-1.5816549090909091,100.0,56.63636363636363,275.1818181818182,299.0,308.88000000006286,0.0,14.0,278.0,1747,1,1.0,True
1748,-3.1298486666666663,7.596741833333333,0.29673323333333335,286.0,6595.833333333333,-1.5919635,100.0,56.833333333333336,298.0,295.1666666666667,300.6,0.0,14.0,278.0,1748,1,1.0,True
1749,-3.133089416666667,7.315964416666667,0.2965205166666667,285.3333333333333,6585.0,-1.5830641666666667,100.0,56.416666666666664,299.0,293.5833333333333,309.6,0.0,14.0,278.0,1749,1,1.0,True
1750,-3.1350655,7.0205045,0.2969459,287.5,6629.75,-1.5727010000000001,100.0,56.5,299.0,294.0,304.5599999999162,0.0,14.0,278.0,1750,1,1.0,True
1751,-3.1359195,6.7726705,0.29730046666666665,288.8333333333333,6659.666666666667,-1.5646391666666668,99.5,56.5,299.0,294.8333333333333,304.9200000000419,0.0,14.0,278.0,1751,1,1.0,True
1752,-3.132964909090909,6.465516818181819,0.29853163636363633,287.1818181818182,6627.818181818182,-1.5576593636363638,100.0,56.45454545454545,299.0,297.72727272727275,307.8,0.0,14.0,278.0,1752,1,1.0,True
1753,-3.1314698181818184,6.194467727272727,0.2979901636363636,287.90909090909093,6638.545454545455,-1.5531997272727274,100.0,56.45454545454545,299.0,296.45454545454544,151.9200000000419,0.0,14.0,278.0,1753,1,1.0,True
1754,-3.120458727272727,5.909708181818183,0.29764206363636364,289.6363636363636,6685.0,-1.5521620909090907,99.54545454545455,56.54545454545455,295.6363636363636,299.0,308.1599999999162,0.0,14.0,282.0,1754,1,1.0,True
1755,-3.118453090909091,5.645179090909091,0.2983382090909091,289.45454545454544,6671.363636363636,-1.5531819090909094,99.0,56.0,298.54545454545456,297.72727272727275,311.4,0.0,14.0,282.0,1755,1,1.0,True
1756,-3.112691,5.3515695,0.2985767,287.1666666666667,6625.833333333333,-1.5498203333333336,99.83333333333333,56.5,298.6666666666667,298.1666666666667,302.76000000002097,0.0,14.0,282.0,1756,1,1.0,True
1757,-3.102900083333333,5.04446225,0.2986476,285.4166666666667,6591.666666666667,-1.551754,99.41666666666667,56.25,298.25,298.75,308.52000000004193,0.0,14.0,282.0,1757,1,1.0,True
1758,-3.09938425,4.77847875,0.29854125000000004,289.25,6679.25,-1.55062575,100.0,56.25,299.0,297.75,308.160000000021,0.0,14.0,282.0,1758,1,1.0,True
1759,-3.0903596666666666,4.491736333333333,0.29815131666666667,289.8333333333333,6691.0,-1.5500576666666666,99.5,56.166666666666664,297.5,298.3333333333333,308.8799999999581,0.0,14.0,282.0,1759,1,1.0,True
1760,-3.088498181818182,4.215235272727273,0.29853161818181817,286.8181818181818,6621.727272727273,-1.548803272727273,100.0,56.45454545454545,299.0,297.72727272727275,306.36000000002093,0.0,14.0,282.0,1760,1,1.0,True
1761,-3.0824233333333333,3.90196475,0.29871855833333333,286.0,6596.166666666667,-1.5459124166666667,100.0,56.5,299.0,298.1666666666667,303.83999999997906,0.0,14.0,282.0,1761,1,1.0,True
1762,-3.075157,3.6610714545454544,0.2990731,285.54545454545456,6602.090909090909,-1.5463383636363637,100.0,56.54545454545455,299.0,299.0,152.2799999999581,0.0,14.0,282.0,1762,1,1.0,True
1763,-3.0674546363636366,3.3602641818181813,0.2992277909090909,289.3636363636364,6676.818181818182,-1.547372181818182,99.63636363636364,56.0,299.0,299.0,307.08000000006285,0.0,14.0,282.0,1763,1,1.0,True
1764,-3.0591626363636366,3.070077272727273,0.2982608818181818,288.1818181818182,6660.181818181818,-1.5476765454545456,98.45454545454545,56.0,297.3636363636364,298.6363636363636,304.91999999993715,0.0,14.0,282.0,1764,1,1.0,True
1765,-3.0569918,2.7859371000000004,0.2984349,286.6,6625.5,-1.5454609,99.0,56.3,298.7,297.8,308.52000000004193,0.0,14.0,282.0,1765,1,1.0,True
1766,-3.048985545454545,2.535501181818182,0.29895705454545457,286.45454545454544,6623.272727272727,-1.5457780909090908,98.81818181818181,56.27272727272727,298.72727272727275,299.0,310.6799999999581,0.0,14.0,282.0,1766,1,1.0,True
1767,-3.0410315000000003,2.2232071666666666,0.2993567,288.6666666666667,6666.0,-1.5470066666666666,97.83333333333333,56.0,299.0,299.0,305.64000000008383,0.0,14.0,282.0,1767,1,1.0,True
1768,-3.034860363636364,1.9334761818181818,0.28812805454545454,288.6363636363636,6668.272727272727,-1.5399310909090909,97.54545454545455,56.09090909090909,299.0,276.72727272727275,304.9200000000419,0.0,14.0,270.0,1768,1,1.0,True
1769,-3.01281625,1.6978663333333335,0.19108630000000001,282.1666666666667,6513.083333333333,-1.3615540833333333,95.66666666666667,57.0,299.0,82.5,299.1599999999162,0.0,14.0,270.0,1769,1,1.0,True
1770,-2.955888545454546,1.5642856363636364,0.12693102272727275,280.90909090909093,6478.636363636364,-0.9223319545454547,82.54545454545455,57.0,286.27272727272725,-32.72727272727273,151.20000000000002,0.0,14.0,274.0,1770,1,1.0,True
1771,-2.8781471666666665,1.4946179166666667,0.09962009916666666,282.3333333333333,6510.166666666667,-0.34316746666666664,54.333333333333336,57.0,270.5,-71.58333333333333,297.3599999999162,0.0,14.0,274.0,1771,1,1.0,True
1772,-2.716430363636363,1.5115122727272727,0.2344472818181818,290.90909090909093,6720.454545454545,0.11275500909090909,86.36363636363636,56.09090909090909,216.27272727272728,252.8181818181818,304.9200000000419,0.0,14.0,350.0,1772,1,1.0,True
1773,-2.5172090909090907,1.528042,0.26879064545454545,291.27272727272725,6731.090909090909,0.03282908445454546,98.27272727272727,56.27272727272727,237.9090909090909,299.0,314.27999999995814,0.0,14.0,354.0,1773,1,1.0,True
1774,-2.248987818181818,1.5222330909090909,0.26012742727272725,288.3636363636364,6649.636363636364,0.0033014462727272735,99.54545454545455,56.27272727272727,287.3636363636364,232.63636363636363,302.4,0.0,14.0,238.0,1774,1,1.0,True
1775,-2.0736605000000004,1.5319583333333335,0.11025572500000001,281.1666666666667,6484.0,0.30851036666666665,85.5,56.666666666666664,273.3333333333333,-52.666666666666664,297.7200000000419,0.0,14.0,238.0,1775,1,1.0,True
1776,-2.0062612,1.5836142,0.113120248,280.6,6472.8,0.9187738,55.3,56.9,279.8,-53.7,300.2400000000838,0.0,14.0,242.0,1776,1,1.0,True
1777,-1.9723696363636365,1.658575818181818,0.17585481818181817,284.90909090909093,6581.727272727273,1.3786086363636365,68.72727272727273,56.0,297.6363636363636,53.45454545454545,150.83999999987427,0.0,14.0,242.0,1777,1,1.0,True
1778,-1.9766590000000002,1.8960925,0.26482645,291.5,6729.0,1.6355525,53.5,56.5,250.5,279.5,310.3200000000419,0.0,14.0,16.0,1778,1,1.0,True
1779,-1.9789340833333335,2.172292833333333,0.2789363083333333,294.4166666666667,6805.916666666667,1.5673442499999999,71.41666666666667,56.083333333333336,258.5,299.0,313.20000000000005,0.0,14.0,16.0,1779,1,1.0,True
1780,-1.9720565,2.4789398333333335,0.29659141666666666,288.8333333333333,6676.833333333333,1.5421518333333333,88.33333333333333,56.0,298.1666666666667,294.3333333333333,306.0,0.0,14.0,16.0,1780,1,1.0,True
1781,-1.9690777272727273,2.7438779999999996,0.2954762909090909,289.1818181818182,6679.727272727273,1.5510343636363637,92.36363636363636,56.0,299.0,291.54545454545456,306.36000000012575,0.0,14.0,16.0,1781,1,1.0,True
1782,-1.9649607500000001,3.04170025,0.29588235,289.75,6691.5,1.563582,94.75,56.0,299.0,292.5,305.63999999987425,0.0,14.0,16.0,1782,1,1.0,True
1783,-1.9689500000000002,3.3383066363636362,0.2979514909090909,290.0,6694.272727272727,1.5733961818181819,94.27272727272727,56.18181818181818,299.0,296.8181818181818,306.0,0.0,14.0,16.0,1783,1,1.0,True
1784,-1.9713015454545455,3.595241090909091,0.2983768909090909,289.0,6666.090909090909,1.5762694545454545,94.72727272727273,56.36363636363637,299.0,297.72727272727275,308.52000000004193,0.0,14.0,16.0,1784,1,1.0,True
1785,-1.972966090909091,3.8769170909090906,0.2982222,290.45454545454544,6697.909090909091,1.5807676363636363,96.54545454545455,56.0,299.0,297.0,156.6,0.0,14.0,16.0,1785,1,1.0,True
1786,-1.9727595,4.1695915,0.29737135,287.0,6630.0,1.5863125,98.5,56.0,299.0,295.0,305.27999999995814,0.0,14.0,16.0,1786,1,1.0,True
1787,-1.9793482727272727,4.46199,0.2987249818181818,288.27272727272725,6657.727272727273,1.5896035454545454,99.0,56.0,299.0,298.1818181818182,308.52000000004193,0.0,14.0,16.0,1787,1,1.0,True
1854,-1.99100975,4.8285575,0.2622739,286.5,6604.0,1.59950875,100.0,57.0,256.5,267.5,306.36000000012575,0.0,14.0,16.0,1854,1,1.0,True
1855,-1.9981468333333332,5.066484333333333,0.2983640166666667,287.0,6618.5,1.5865768333333332,100.0,57.0,297.1666666666667,299.0,303.8399999998743,0.0,14.0,16.0,1855,1,1.0,True
1856,-2.0019986363636364,5.360664909090909,0.2984542727272727,287.3636363636364,6631.272727272727,1.586467181818182,100.0,57.0,299.0,297.1818181818182,309.6,0.0,14.0,16.0,1856,1,1.0,True
1857,-2.007203,5.623309636363636,0.29868632727272726,287.3636363636364,6626.0,1.5887431818181819,100.0,56.45454545454545,299.0,298.09090909090907,148.68000000016764,0.0,14.0,16.0,1857,1,1.0,True
1858,-2.016969818181818,5.946856090909091,0.2986089727272727,284.09090909090907,6551.0,1.5875210000000002,99.0,57.0,297.90909090909093,299.0,309.9599999999162,0.0,14.0,16.0,1858,1,1.0,True
1859,-2.021999090909091,6.185825181818182,0.2989183727272727,284.45454545454544,6575.181818181818,1.5866646363636363,98.63636363636364,56.63636363636363,299.0,299.0,303.4799999999581,0.0,14.0,12.0,1859,1,1.0,True
1860,-2.02512,6.508558727272727,0.2982608727272727,287.09090909090907,6635.909090909091,1.587399,98.0,56.54545454545455,297.72727272727275,299.0,309.2400000000838,0.0,14.0,12.0,1860,1,1.0,True
1861,-2.0301033333333334,6.772732749999999,0.2975840416666667,286.0,6612.166666666667,1.5830093333333333,98.58333333333333,56.25,295.75,298.75,306.7200000000419,0.0,14.0,12.0,1861,1,1.0,True
1862,-2.0337585,7.080240749999999,0.29758405000000004,287.5,6641.0,1.58159475,98.0,56.5,299.0,296.0,304.55999999991616,0.0,14.0,12.0,1862,1,1.0,True
1863,-2.0406326666666668,7.341806833333333,0.29871851666666666,285.3333333333333,6583.333333333333,1.5863775,98.0,56.5,299.0,298.1666666666667,304.5599999999162,0.0,14.0,12.0,1863,1,1.0,True
1864,-2.0446240909090907,7.658257363636364,0.2983769363636364,288.0,6651.090909090909,1.5884147272727274,98.0909090909091,56.45454545454545,299.0,297.3636363636364,307.44000000008384,0.0,14.0,12.0,1864,1,1.0,True
1865,-2.0494660909090907,7.921036818181818,0.2986089727272727,287.8181818181818,6647.818181818182,1.5909325454545453,99.0,56.45454545454545,299.0,297.90909090909093,151.5599999999162,0.0,14.0,12.0,1865,1,1.0,True
1866,-2.056163090909091,8.205867727272727,0.2701828818181818,282.09090909090907,6508.909090909091,1.603158181818182,99.0,57.0,299.0,241.0909090909091,306.36000000012575,0.0,14.0,12.0,1866,1,1.0,True
1867,-2.0823487272727275,8.404423909090909,0.16297606363636363,280.6363636363636,6473.818181818182,1.8724374545454545,97.36363636363636,57.0,291.72727272727275,33.81818181818182,300.6,0.0,14.0,12.0,1867,1,1.0,True
1870,-2.237441090909091,8.492735454545455,0.1010575281818182,262.0,6036.636363636364,-2.9083434545454545,33.09090909090909,57.0,109.36363636363636,93.0,277.20000000000005,0.0,14.0,12.0,1870,1,1.0,True
1912,-2.3307816363636364,8.579481818181817,0.12236740909090908,270.1818181818182,6233.181818181818,2.8790063636363636,98.54545454545455,57.0,41.90909090909091,202.63636363636363,299.52000000004193,0.0,14.0,12.0,1912,1,1.0,True
1913,-2.4434721818181817,8.64783781818182,0.14820226363636363,280.1818181818182,6463.363636363636,2.504852909090909,96.54545454545455,57.0,-3.0,299.0,150.11999999983237,0.0,14.0,12.0,1913,1,1.0,True
1914,-2.539178,8.7761555,0.16761705,282.5,6528.0,1.909517,97.0,56.5,36.0,299.0,298.8,0.0,14.0,12.0,1914,1,1.0,True
1915,-2.561058636363636,8.909101363636363,0.23305499999999998,289.6363636363636,6693.0,1.616930090909091,98.54545454545455,56.09090909090909,183.36363636363637,282.6363636363636,305.64000000008383,0.0,14.0,8.0,1915,1,1.0,True
1916,-2.5728858333333333,9.18098,0.2858848666666666,293.1666666666667,6767.333333333333,1.608596333333333,98.33333333333333,56.0,297.3333333333333,273.8333333333333,316.0799999999581,0.0,14.0,8.0,1916,1,1.0,True
1917,-2.588204818181818,9.457048909090908,0.2977580818181818,285.45454545454544,6597.090909090909,1.629720090909091,99.27272727272727,56.0,297.09090909090907,298.09090909090907,306.0,0.0,14.0,8.0,1917,1,1.0,True
1918,-2.6056097499999997,9.756972,0.29662685,288.0,6651.5,1.621308,99.25,56.0,293.75,299.0,303.12000000004195,0.0,14.0,8.0,1918,1,1.0,True
1919,-2.617235090909091,10.028471454545455,0.29748739090909093,289.45454545454544,6689.636363636364,1.613286090909091,99.72727272727273,56.0,295.54545454545456,299.0,303.12000000004195,0.0,14.0,8.0,1919,1,1.0,True
1920,-2.626732090909091,10.333094545454545,0.29845424545454546,286.3636363636364,6614.272727272727,1.6095346363636365,100.0,56.0,297.54545454545456,299.0,305.6399999998743,0.0,14.0,8.0,1920,1,1.0,True
1921,-2.6318182727272728,10.60505090909091,0.29884100909090905,284.3636363636364,6580.636363636364,1.6082644545454547,99.45454545454545,56.0,299.0,298.45454545454544,151.56000000012574,0.0,14.0,4.0,1921,1,1.0,True
1922,-2.637316090909091,10.892827272727272,0.29868632727272726,287.0,6631.090909090909,1.6097708181818182,99.45454545454545,56.0,299.0,298.54545454545456,309.6,0.0,14.0,4.0,1922,1,1.0,True
1923,-2.6448515454545456,11.153412727272727,0.29868632727272726,287.0,6636.363636363636,1.610174090909091,100.0,56.0,298.27272727272725,298.90909090909093,306.7200000000419,0.0,14.0,4.0,1923,1,1.0,True
1924,-2.6545156666666667,11.450436666666667,0.29864765,286.8333333333333,6634.166666666667,1.6076803333333334,100.0,56.0,298.0,299.0,300.9599999999162,0.0,14.0,4.0,1924,1,1.0,True
1925,-2.663263727272727,11.745790909090909,0.29857028181818185,285.8181818181818,6609.818181818182,1.606276090909091,100.0,56.0,297.27272727272725,299.0,309.9599999999162,0.0,14.0,4.0,1925,1,1.0,True
1926,-2.672943181818182,11.995067272727272,0.2755973727272727,286.0,6610.909090909091,1.5932617272727272,98.9090909090909,56.0,251.45454545454547,299.0,299.1600000001257,0.0,14.0,30.0,1926,1,1.0,True
1927,-2.6420848333333335,12.1959,0.16130661666666665,280.8333333333333,6494.0,1.3037813333333332,90.83333333333333,56.0,25.0,297.5,297.7200000000419,0.0,14.0,30.0,1927,1,1.0,True
1928,-2.5770824545454545,12.30612,0.11219591818181818,280.09090909090907,6478.090909090909,0.7878889363636364,71.18181818181819,56.0,-63.0,287.45454545454544,303.8399999998743,0.0,14.0,30.0,1928,1,1.0,True
1929,-2.4568084545454543,12.3286,0.16765573636363637,282.8181818181818,6537.545454545455,0.20161355454545452,61.90909090909091,56.0,36.81818181818182,298.54545454545456,146.8799999999581,0.0,14.0,30.0,1929,1,1.0,True
1930,-2.312202181818182,12.3846,0.12433982727272727,280.3636363636364,6477.545454545455,0.2880212909090909,52.90909090909091,56.45454545454545,280.54545454545456,-31.818181818181817,302.0400000000838,0.0,14.0,30.0,1930,1,1.0,True
1931,-2.2572152727272727,12.446770909090908,0.11072622727272727,278.54545454545456,6433.727272727273,0.7843768545454545,79.0909090909091,56.45454545454545,275.09090909090907,-53.27272727272727,295.9200000000419,0.0,14.0,30.0,1931,1,1.0,True
1932,-2.2182490909090906,12.551635454545455,0.1547383090909091,280.90909090909093,6494.636363636364,1.3399403,89.27272727272727,56.09090909090909,291.54545454545456,17.636363636363637,296.63999999987425,0.0,14.0,30.0,1932,1,1.0,True
1933,-2.220859,12.721919090909092,0.24345855454545456,287.54545454545456,6655.272727272727,1.647558,88.81818181818181,56.0,234.0909090909091,252.63636363636363,308.52000000004193,0.0,14.0,30.0,1933,1,1.0,True
1934,-2.219536454545455,12.937504545454544,0.27308350000000003,289.90909090909093,6717.818181818182,1.579553090909091,92.27272727272727,56.0,246.63636363636363,299.0,316.44000000008384,0.0,14.0,30.0,1934,1,1.0,True
1935,-2.219768333333333,13.242375000000001,0.29758406666666665,288.5,6681.166666666667,1.5397316666666665,96.33333333333333,56.0,299.0,295.6666666666667,305.27999999995814,0.0,14.0,30.0,1935,1,1.0,True
1936,-2.218520454545455,13.53041,0.29621111818181817,288.6363636363636,6680.181818181818,1.545959181818182,93.45454545454545,56.0,299.0,293.27272727272725,306.0,0.0,14.0,30.0,1936,1,1.0,True
1937,-2.2127642499999998,13.808049166666668,0.2961305583333333,286.9166666666667,6638.5,1.5607826666666667,94.66666666666667,56.0,299.0,293.0,304.9200000000419,0.0,14.0,34.0,1937,1,1.0,True
1938,-2.209466,14.091145000000001,0.29779675,286.0,6616.0,1.573312,96.5,56.0,299.0,296.0,155.15999999991618,0.0,14.0,34.0,1938,1,1.0,True
1939,-2.2095925454545453,14.35979727272727,0.2974100090909091,287.45454545454544,6647.090909090909,1.5804126363636364,96.63636363636364,56.0,299.0,295.09090909090907,304.20000000000005,0.0,14.0,34.0,1939,1,1.0,True
1940,-2.218469333333333,14.660513333333334,0.2982222,286.8333333333333,6630.0,1.5789223333333335,95.66666666666667,56.0,299.0,297.0,304.56000000012574,0.0,14.0,34.0,1940,1,1.0,True
1941,-2.2205489,14.927599,0.29792442,285.6,6606.5,1.5825860999999999,94.7,56.0,299.0,296.3,306.71999999983234,0.0,14.0,34.0,1941,1,1.0,True
1942,-2.2289113636363638,15.202841818181817,0.2988023090909091,288.45454545454544,6675.545454545455,1.5849065454545455,93.0909090909091,56.0,299.0,298.1818181818182,307.0800000001677,0.0,14.0,34.0,1942,1,1.0,True
1943,-2.2348092727272726,15.488758181818183,0.2991117545454545,286.6363636363636,6635.545454545455,1.585008818181818,90.18181818181819,56.0,299.0,298.8181818181818,304.2,0.0,14.0,34.0,1943,1,1.0,True
1944,-2.238710909090909,15.78278,0.2989183727272727,288.1818181818182,6668.636363636364,1.5855032727272727,88.63636363636364,56.0,299.0,298.6363636363636,307.8,0.0,14.0,34.0,1944,1,1.0,True
1945,-2.242636,16.03678181818182,0.29930513636363637,287.8181818181818,6664.636363636364,1.5899274545454545,90.63636363636364,56.0,299.0,299.0,152.63999999987428,0.0,14.0,34.0,1945,1,1.0,True
1946,-2.2464400909090907,16.370278181818183,0.2984155636363636,288.6363636363636,6676.272727272727,1.5942562727272729,96.0,56.0,299.0,297.90909090909093,311.4,0.0,14.0,34.0,1946,1,1.0,True
1947,-2.2545035454545452,16.63430181818182,0.29872499999999996,287.0,6639.909090909091,1.5945204545454545,94.72727272727273,56.0,298.27272727272725,299.0,307.0799999999581,0.0,14.0,34.0,1947,1,1.0,True
1948,-2.2610759999999996,16.907983636363635,0.13184275636363638,263.27272727272725,6085.909090909091,1.5964482727272726,95.27272727272727,56.90909090909091,131.1818181818182,132.8181818181818,281.1600000001257,0.0,14.0,34.0,1948,1,1.0,True
1949,-2.2635275454545454,17.006755454545456,0.09912378,262.1818181818182,6039.818181818182,1.5952850909090908,96.27272727272727,57.0,99.0,100.0,282.6,0.0,14.0,34.0,1949,1,1.0,True
1958,-2.2687120909090908,17.125809999999998,0.1015216309090909,271.45454545454544,6266.363636363636,1.7379677272727272,92.45454545454545,56.27272727272727,207.54545454545453,-4.363636363636363,289.8,0.0,15.0,86.0,1958,1,1.0,True
1959,-2.3239336666666666,17.19629,0.122593,277.3333333333333,6401.333333333333,2.2715945,71.83333333333333,56.666666666666664,279.6666666666667,-34.5,294.12000000004195,0.0,15.0,90.0,1959,1,1.0,True
1969,-2.5661602727272728,17.26104090909091,0.18293233636363634,285.72727272727275,6605.454545454545,-3.077085181818182,90.54545454545455,56.0,150.72727272727272,214.72727272727272,153.0,0.0,17.0,326.0,1969,1,1.0,True
1970,-2.8483135,17.25707,0.29503155,286.0,6619.5,3.120254,90.5,56.0,290.5,299.0,306.36000000012575,0.0,17.0,330.0,1970,1,1.0,True
1971,-3.081439272727273,17.25960363636364,0.27296747272727273,279.6363636363636,6466.545454545455,3.111843545454545,93.63636363636364,56.0,255.0909090909091,290.8181818181818,298.4399999998743,0.0,17.0,160.0,1971,1,1.0,True
1972,-3.262984833333333,17.294021666666666,0.12897438666666666,279.0,6449.5,2.7734895,90.66666666666667,56.0,-22.333333333333332,280.6666666666667,296.64000000008383,0.0,17.0,160.0,1972,1,1.0,True
1985,-3.369583181818182,17.624253636363637,0.18842413636363634,273.72727272727275,6324.181818181818,1.5374066363636365,100.0,56.45454545454545,221.36363636363637,155.8181818181818,146.5200000000419,0.0,9.0,150.0,1985,1,1.0,True
1986,-3.3684408181818184,17.821950909090912,0.2051317,272.1818181818182,6280.909090909091,1.5129210909090909,97.18181818181819,56.54545454545455,139.1818181818182,271.1818181818182,304.20000000000005,0.0,9.0,312.0,1986,1,1.0,True
2001,-3.1311714545454548,18.012903636363635,0.17132982272727273,276.27272727272725,6380.272727272727,0.016266347727272725,99.0,56.45454545454545,184.72727272727272,158.27272727272728,147.24000000008382,0.0,11.0,304.0,2001,1,1.0,True
2002,-2.8535688181818184,18.02041909090909,0.2968299272727272,288.09090909090907,6667.0,0.061289094545454545,98.0,56.0,298.54545454545456,295.1818181818182,309.6,0.0,11.0,300.0,2002,1,1.0,True
2003,-2.6060411818181817,18.032657272727274,0.2386628727272727,281.0,6501.909090909091,0.08254550545454545,99.81818181818181,56.36363636363637,272.90909090909093,204.0909090909091,302.0399999998743,0.0,11.0,102.0,2003,1,1.0,True
2004,-2.4157828333333335,18.069995000000002,0.12004048333333334,280.0,6467.666666666667,0.39828521666666666,98.83333333333333,56.166666666666664,278.8333333333333,-38.833333333333336,293.04000000008386,0.0,11.0,102.0,2004,1,1.0,True
2016,-2.34990825,18.441163333333332,0.09543680833333335,277.1666666666667,6394.833333333333,1.7855425,96.33333333333333,56.0,54.166666666666664,136.25,301.3200000000419,0.0,14.0,54.0,2016,1,1.0,True
2017,-2.3628556363636366,18.653923636363633,0.2590445090909091,289.8181818181818,6717.0,1.5973653636363636,96.45454545454545,56.0,219.36363636363637,299.0,156.23999999987427,0.0,14.0,54.0,2017,1,1.0,True
2018,-2.357658090909091,18.903952727272728,0.29443206363636365,285.6363636363636,6609.818181818182,1.540042,99.45454545454545,56.0,291.90909090909093,296.72727272727275,308.52000000004193,0.0,14.0,54.0,2018,1,1.0,True
2019,-2.349002272727273,19.169376363636363,0.2949735,286.3636363636364,6625.090909090909,1.5461780000000003,100.0,56.0,299.0,290.3636363636364,303.4799999999581,0.0,14.0,54.0,2019,1,1.0,True
2020,-2.338886181818182,19.488914545454545,0.29458676363636366,285.45454545454544,6602.454545454545,1.563919181818182,100.0,56.0,299.0,289.45454545454544,304.56000000012574,0.0,14.0,54.0,2020,1,1.0,True
2021,-2.338202090909091,19.738942727272725,0.29632714545454547,286.54545454545456,6627.545454545455,1.5765173636363636,100.0,56.0,299.0,293.27272727272725,302.4,0.0,14.0,54.0,2021,1,1.0,True
2022,-2.3394322727272727,20.027642727272728,0.2980288545454545,288.3636363636364,6673.727272727273,1.5845740909090908,100.0,56.0,299.0,296.54545454545456,305.63999999987425,0.0,14.0,58.0,2022,1,1.0,True
2023,-2.3405963636363634,20.32058545454545,0.29791284545454544,286.0,6615.818181818182,1.591424818181818,100.0,56.0,299.0,296.27272727272725,302.76000000012573,0.0,14.0,58.0,2023,1,1.0,True
2024,-2.3442402727272724,20.580550909090906,0.2988797,285.6363636363636,6611.636363636364,1.595124818181818,100.0,56.0,299.0,297.90909090909093,308.8799999999581,0.0,14.0,58.0,2024,1,1.0,True
2025,-2.351140818181818,20.86318,0.2994985,286.3636363636364,6633.090909090909,1.595659,100.0,56.0,299.0,299.0,153.0,0.0,14.0,58.0,2025,1,1.0,True
2026,-2.3533213636363635,21.173035454545456,0.29818352727272723,287.72727272727275,6663.818181818182,1.5992363636363636,100.0,56.0,299.0,296.90909090909093,306.0,0.0,14.0,58.0,2026,1,1.0,True
2027,-2.3608704545454544,21.423715454545455,0.29926645454545453,286.6363636363636,6634.0,1.6003056363636363,100.0,56.0,299.0,298.90909090909093,303.8399999998743,0.0,14.0,58.0,2027,1,1.0,True
2028,-2.3660153333333334,21.66022,0.13705743666666667,265.5,6131.666666666667,1.6002088333333333,100.0,56.5,137.16666666666666,137.16666666666666,285.8400000000838,0.0,14.0,58.0,2028,1,1.0,True
2029,-2.3683115833333335,21.771204166666667,0.09954921,260.6666666666667,6016.25,1.600713,100.0,56.25,100.0,100.0,279.7200000000419,0.0,14.0,56.0,2029,1,1.0,True
2041,-2.3661852727272725,21.76151181818182,0.1850594409090909,279.09090909090907,6461.454545454545,-1.5465588181818182,99.54545454545455,56.0,182.63636363636363,187.27272727272728,149.04000000008384,0.0,14.0,56.0,2041,1,1.0,True
2042,-2.3677378181818183,21.506725454545457,0.2986089727272727,286.54545454545456,6645.545454545455,-1.5486088181818183,100.0,56.0,299.0,297.90909090909093,310.6799999999581,0.0,14.0,56.0,2042,1,1.0,True
2043,-2.3610761818181816,21.226736363636363,0.2994598272727273,289.6363636363636,6701.545454545455,-1.5477015454545453,100.0,56.0,299.0,299.0,305.27999999995814,0.0,14.0,56.0,2043,1,1.0,True
2044,-2.3564796666666665,20.955005,0.29886035,288.6666666666667,6677.5,-1.5466855,100.0,56.0,299.0,298.0,305.28000000016766,0.0,14.0,56.0,2044,1,1.0,True
2045,-2.350495,20.65600909090909,0.2990344,286.0,6617.090909090909,-1.5452650909090908,100.0,56.0,299.0,299.0,308.5199999998324,0.0,14.0,56.0,2045,1,1.0,True
2046,-2.342758272727273,20.40235636363636,0.2986476,288.3636363636364,6684.181818181818,-1.5453772727272728,100.0,56.0,298.45454545454544,298.8181818181818,311.4,0.0,14.0,56.0,2046,1,1.0,True
2047,-2.336508333333333,20.093901666666664,0.29829311666666664,289.8333333333333,6721.666666666667,-1.5457671666666668,100.0,56.0,299.0,297.1666666666667,306.36000000012575,0.0,14.0,52.0,2047,1,1.0,True
2048,-2.3269041818181817,19.800563636363634,0.2986863090909091,288.90909090909093,6690.545454545455,-1.5471473636363635,100.0,56.0,298.45454545454544,298.6363636363636,306.3599999999162,0.0,14.0,52.0,2048,1,1.0,True
2049,-2.324792181818182,19.537136363636364,0.2982996,287.45454545454544,6655.818181818182,-1.544850090909091,100.0,56.0,299.0,297.1818181818182,149.4,0.0,14.0,52.0,2049,1,1.0,True
2050,-2.3186941818181817,19.253707272727272,0.2991117272727273,287.0,6646.181818181818,-1.5436184545454545,100.0,56.0,299.0,299.0,311.4,0.0,14.0,52.0,2050,1,1.0,True
2051,-2.315570909090909,18.97856909090909,0.2977967818181818,286.09090909090907,6632.181818181818,-1.5413964545454546,100.0,56.0,299.0,296.27272727272725,304.20000000000005,0.0,14.0,52.0,2051,1,1.0,True
2052,-2.3070133333333334,18.671608333333335,0.2987894166666667,288.1666666666667,6668.833333333333,-1.539954,98.83333333333333,56.0,298.6666666666667,299.0,307.8,0.0,14.0,52.0,2052,1,1.0,True
2053,-2.2943332,18.402138,0.29728624,285.6,6613.1,-1.5439926,99.6,56.0,294.8,299.0,301.6799999999581,0.0,14.0,112.0,2053,1,1.0,True
2054,-2.2841695,18.1011375,0.298222175,285.25,6603.25,-1.548707,100.0,56.0,297.25,299.0,306.7200000000419,0.0,14.0,108.0,2054,1,1.0,True
2055,-2.280494,17.82213727272727,0.29872496363636364,286.54545454545456,6629.545454545455,-1.548305,100.0,56.0,299.0,298.45454545454544,304.20000000000005,0.0,14.0,80.0,2055,1,1.0,True
2056,-2.274497727272727,17.528414545454545,0.29930513636363637,289.72727272727275,6713.272727272727,-1.5471903636363635,100.0,56.0,299.0,299.0,307.0799999999581,0.0,14.0,80.0,2056,1,1.0,True
2057,-2.2696193636363637,17.288296363636363,0.29930513636363637,289.90909090909093,6717.090909090909,-1.5464027272727272,100.0,56.0,299.0,299.0,152.28000000016763,0.0,14.0,76.0,2057,1,1.0,True
2058,-2.2725047272727275,16.96741454545455,0.29667523636363635,287.09090909090907,6646.727272727273,-1.5405969090909089,100.0,56.0,299.0,293.90909090909093,311.4,0.0,14.0,32.0,2058,1,1.0,True
2059,-2.2658852727272727,16.702014545454546,0.29806750909090907,286.54545454545456,6629.090909090909,-1.5361314545454545,100.0,56.0,298.6363636363636,297.0,308.1599999999162,0.0,14.0,32.0,2059,1,1.0,True
2060,-2.2514036666666666,16.408291666666667,0.2967332166666667,285.8333333333333,6620.333333333333,-1.5383796666666667,98.83333333333333,56.0,294.3333333333333,299.0,300.2400000000838,0.0,14.0,32.0,2060,1,1.0,True
2061,-2.2458681818181816,16.133825454545455,0.2984156,286.45454545454544,6629.363636363636,-1.542367090909091,98.0,56.0,297.90909090909093,298.1818181818182,308.8799999999581,0.0,14.0,32.0,2061,1,1.0,True
2062,-2.2408289090909093,15.846992727272728,0.2985702727272727,287.72727272727275,6667.727272727273,-1.5419876363636362,98.72727272727273,56.0,299.0,297.6363636363636,303.8399999998743,0.0,14.0,32.0,2062,1,1.0,True
2063,-2.2348018333333335,15.548453333333335,0.29857673333333334,285.6666666666667,6609.0,-1.5407035,99.66666666666667,56.0,299.0,297.5,303.48000000016765,0.0,14.0,32.0,2063,1,1.0,True
2064,-2.2306093000000002,15.280443,0.29852003,285.4,6601.0,-1.5384609999999999,100.0,56.0,298.9,297.8,306.3599999999162,0.0,14.0,32.0,2064,1,1.0,True
2065,-2.220946727272727,15.003881818181817,0.2986476,288.90909090909093,6689.909090909091,-1.5385474545454547,100.0,56.0,298.0,299.0,151.9200000000419,0.0,14.0,32.0,2065,1,1.0,True
2066,-2.2164194545454547,14.720364545454546,0.29930513636363637,288.27272727272725,6674.090909090909,-1.5384155454545456,100.0,56.0,299.0,299.0,311.0399999998743,0.0,14.0,32.0,2066,1,1.0,True
2067,-2.211310909090909,14.423469999999998,0.2989183727272727,285.0,6595.909090909091,-1.5369326363636362,100.0,56.0,299.0,298.6363636363636,307.44000000008384,0.0,14.0,32.0,2067,1,1.0,True
2068,-2.2024613333333334,14.162886666666665,0.2982931,285.1666666666667,6597.833333333333,-1.5368523333333333,100.0,56.0,297.3333333333333,298.8333333333333,300.9599999999162,0.0,14.0,32.0,2068,1,1.0,True
2069,-2.1946034545454545,13.852346363636364,0.2991504272727273,287.27272727272725,6658.363636363636,-1.5388415454545454,100.0,56.0,298.6363636363636,299.0,309.6,0.0,14.0,28.0,2069,1,1.0,True
2070,-2.1865945,13.586848,0.29877525,289.2,6698.5,-1.5402929,100.0,56.0,298.3,299.0,306.0,0.0,14.0,28.0,2070,1,1.0,True
2071,-2.177172166666667,13.281671666666668,0.29893126666666664,285.0,6605.666666666667,-1.542795,100.0,56.0,298.6666666666667,299.0,300.6,0.0,14.0,28.0,2071,1,1.0,True
2072,-2.171589545454545,13.022858181818181,0.2988023272727273,285.27272727272725,6607.454545454545,-1.5441749090909092,100.0,56.0,299.0,298.90909090909093,310.3200000000419,0.0,14.0,28.0,2072,1,1.0,True
2073,-2.1680376666666668,12.715985833333333,0.26071401666666666,279.75,6474.166666666667,-1.568029,99.83333333333333,56.0,222.25,298.5833333333333,297.36000000012575,0.0,14.0,28.0,2073,1,1.0,True
2074,-2.1944513636363636,12.54466,0.14336790909090907,280.45454545454544,6494.454545454545,-1.9021178181818181,97.0909090909091,56.0,-9.0,295.8181818181818,148.31999999983236,0.0,14.0,28.0,2074,1,1.0,True
2075,-2.2495944545454543,12.450496363636365,0.1051571090909091,278.6363636363636,6457.909090909091,-2.468921818181818,96.18181818181819,56.0,-64.45454545454545,274.72727272727275,297.36000000012575,0.0,14.0,28.0,2075,1,1.0,True
2076,-2.3500795,12.410676666666667,0.1293289,277.0,6423.333333333333,-0.8929475000000001,98.83333333333333,56.0,36.833333333333336,221.66666666666666,298.8,0.0,14.0,28.0,2076,1,1.0,True
2077,-2.4907922,12.398539,0.13388092000000001,278.8,6453.6,-1.7241184,88.1,56.0,275.9,-8.4,294.12000000004195,0.0,14.0,28.0,2077,1,1.0,True
2078,-2.5891343636363633,12.343509090909093,0.1250746727272727,278.27272727272725,6440.181818181818,-2.4181245454545457,65.81818181818181,56.0,290.6363636363636,-40.27272727272727,298.43999999987426,0.0,14.0,28.0,2078,1,1.0,True
2079,-2.6462095,12.25051,0.1454241,280.3333333333333,6493.166666666667,-1.8723306666666666,72.83333333333333,56.0,294.6666666666667,-3.6666666666666665,297.0,0.0,14.0,28.0,2079,1,1.0,True
2080,-2.6442256363636365,12.054123636363636,0.22636421818181818,285.27272727272725,6619.636363636364,-1.5126133636363635,81.63636363636364,56.0,239.1818181818182,213.0,312.12000000004195,0.0,14.0,6.0,2080,1,1.0,True
2081,-2.6473176363636366,11.849681818181818,0.27238738181818184,294.3636363636364,6827.272727272727,-1.5333937272727274,93.27272727272727,56.0,245.36363636363637,299.0,157.32000000004192,0.0,14.0,6.0,2081,1,1.0,True
2082,-2.6407155454545457,11.540583636363637,0.2981449,290.1818181818182,6725.909090909091,-1.5759746363636362,99.45454545454545,56.0,296.8181818181818,299.0,307.0799999999581,0.0,14.0,6.0,2082,1,1.0,True
2083,-2.642935,11.301914545454546,0.2970619909090909,287.45454545454544,6663.0,-1.5736922727272726,100.0,56.0,299.0,294.6363636363636,305.27999999995814,0.0,14.0,6.0,2083,1,1.0,True
2084,-2.6423140000000003,10.997326666666666,0.29765498333333335,286.0,6630.666666666667,-1.5635816666666666,100.0,56.0,299.0,295.8333333333333,304.56000000012574,0.0,14.0,6.0,2084,1,1.0,True
2085,-2.6393606363636364,10.715058181818181,0.2981061818181818,285.8181818181818,6620.636363636364,-1.5584145454545455,100.0,56.0,299.0,296.72727272727275,310.6799999999581,0.0,14.0,10.0,2085,1,1.0,True
2086,-2.637414272727273,10.427516363636364,0.29818352727272723,289.6363636363636,6712.818181818182,-1.5532847272727273,100.0,56.0,299.0,296.90909090909093,305.27999999995814,0.0,14.0,10.0,2086,1,1.0,True
2087,-2.6338465,10.162884499999999,0.29829311666666664,289.1666666666667,6705.833333333333,-1.5504206666666667,100.0,56.0,299.0,297.1666666666667,304.55999999991616,0.0,14.0,10.0,2087,1,1.0,True
2088,-2.627663090909091,9.856931272727273,0.2993438090909091,287.1818181818182,6657.0,-1.5477467272727272,100.0,56.0,299.0,299.0,306.7200000000419,0.0,14.0,10.0,2088,1,1.0,True
2089,-2.6208854545454545,9.581191636363636,0.2994985,284.8181818181818,6601.363636363636,-1.547578,100.0,56.0,299.0,299.0,151.56000000012574,0.0,14.0,10.0,2089,1,1.0,True
2090,-2.6169433636363637,9.294621363636363,0.29849296363636363,284.6363636363636,6589.636363636364,-1.5462128181818182,100.0,56.0,299.0,297.6363636363636,306.7199999998324,0.0,14.0,10.0,2090,1,1.0,True
2091,-2.6087902727272727,9.029455727272726,0.2691000545454545,281.3636363636364,6516.363636363636,-1.5608617272727272,100.0,56.0,239.0,298.72727272727275,305.28000000016766,0.0,14.0,278.0,2091,1,1.0,True
2092,-2.6363828333333332,8.806941,0.1688224,279.3333333333333,6479.666666666667,-1.8117973333333335,95.0,56.0,37.833333333333336,299.0,297.71999999983234,0.0,14.0,278.0,2092,1,1.0,True
2093,-2.705124636363636,8.683459727272727,0.15125754545454545,278.27272727272725,6447.272727272727,-2.3830647272727274,96.45454545454545,56.0,3.0,299.0,297.7200000000419,0.0,14.0,278.0,2093,1,1.0,True
2094,-2.8153877272727272,8.617840454545455,0.17631892727272727,280.8181818181818,6510.545454545455,-2.8290269090909095,99.72727272727273,56.0,52.81818181818182,299.0,298.8,0.0,14.0,278.0,2094,1,1.0,True
2095,-2.9899253333333333,8.573985333333333,0.12564188333333334,280.0,6483.666666666667,-3.0296276666666664,97.5,56.0,174.16666666666666,76.5,300.2400000000838,0.0,14.0,278.0,2095,1,1.0,True
2097,-3.1313159166666664,8.50981025,0.10632052083333333,278.8333333333333,6452.25,-1.9955653333333334,85.91666666666667,56.0,261.3333333333333,-48.666666666666664,295.55999999991616,0.0,14.0,278.0,2097,1,1.0,True
2098,-3.148892454545454,8.403296818181817,0.20319794545454545,289.3636363636364,6719.818181818182,-1.5946687272727273,94.27272727272727,56.0,295.72727272727275,110.27272727272727,153.36000000012572,0.0,14.0,278.0,2098,1,1.0,True
2099,-3.1324539166666665,8.1527715,0.2596150166666667,284.75,6600.5,-1.5045250833333332,99.08333333333333,56.0,236.91666666666666,282.0,308.52000000004193,0.0,14.0,278.0,2099,1,1.0,True
2100,-3.1256178181818184,7.876151999999999,0.2884374818181818,287.0,6649.727272727273,-1.5849330000000001,100.0,56.0,277.27272727272725,299.0,308.8799999999581,0.0,14.0,278.0,2100,1,1.0,True
2101,-3.1296120000000003,7.5893599,0.2971161,285.6,6619.7,-1.593272,100.0,56.0,299.0,294.7,306.7200000000419,0.0,14.0,278.0,2101,1,1.0,True
2102,-3.1353366363636366,7.339108818181819,0.29617244545454546,287.45454545454544,6666.818181818182,-1.5831436363636364,100.0,56.0,299.0,293.1818181818182,308.8799999999581,0.0,14.0,278.0,2102,1,1.0,True
2103,-3.1345526666666665,7.036526333333334,0.29687501666666666,284.8333333333333,6600.333333333333,-1.5725286666666667,100.0,56.0,299.0,294.1666666666667,300.9599999999162,0.0,14.0,278.0,2103,1,1.0,True
2104,-3.1349909090909094,6.75191090909091,0.2969846181818182,288.54545454545456,6683.272727272727,-1.563936909090909,100.0,56.0,299.0,294.6363636363636,309.6,0.0,14.0,278.0,2104,1,1.0,True
2105,-3.131092181818182,6.491231272727274,0.29891836363636365,289.8181818181818,6713.818181818182,-1.5595985454545456,100.0,56.0,299.0,298.09090909090907,149.04000000008384,0.0,14.0,278.0,2105,1,1.0,True
2106,-3.1249901818181822,6.205537818181818,0.29849296363636363,287.1818181818182,6663.727272727273,-1.5586985454545457,100.0,56.0,299.0,297.6363636363636,308.1599999999162,0.0,14.0,278.0,2106,1,1.0,True
2107,-3.1235916666666665,5.922860333333333,0.29832859166666664,287.5833333333333,6663.333333333333,-1.55419475,99.5,56.0,299.0,297.25,304.9200000000419,0.0,14.0,282.0,2107,1,1.0,True
2108,-3.1215650000000004,5.621612,0.29815131666666667,285.5,6622.666666666667,-1.5493626666666664,100.0,56.0,299.0,296.8333333333333,305.27999999995814,0.0,14.0,282.0,2108,1,1.0,True
2109,-3.1155196363636364,5.355837272727272,0.2989183909090909,284.0,6586.181818181818,-1.5465306363636364,100.0,56.0,299.0,298.6363636363636,304.56000000012574,0.0,14.0,282.0,2109,1,1.0,True
2110,-3.1048457500000004,5.05214225,0.29843495,289.25,6712.5,-1.5487585,100.0,55.5,297.5,299.0,306.3599999999162,0.0,14.0,282.0,2110,1,1.0,True
2111,-3.100890090909091,4.768942818181818,0.2983769363636364,289.3636363636364,6714.727272727273,-1.5485591818181819,100.0,56.0,299.0,297.3636363636364,303.8400000000838,0.0,14.0,282.0,2111,1,1.0,True
2112,-3.089841090909091,4.474875272727273,0.2978741272727273,287.90909090909093,6676.636363636364,-1.5483766363636364,100.0,56.0,296.1818181818182,299.0,303.8399999998743,0.0,14.0,282.0,2112,1,1.0,True
2113,-3.087816545454545,4.207506090909091,0.29795149090909095,284.8181818181818,6606.636363636364,-1.550275181818182,100.0,56.0,298.6363636363636,296.72727272727275,304.20000000000005,0.0,14.0,282.0,2113,1,1.0,True
2114,-3.0809625,3.9152625,0.29907305,285.5,6630.0,-1.5465835,99.5,55.5,299.0,298.5,154.8,0.0,14.0,282.0,2114,1,1.0,True
2115,-3.0746789166666666,3.6693847500000003,0.29871850833333335,289.1666666666667,6707.583333333333,-1.5477114166666668,99.91666666666667,55.5,298.5,299.0,304.2,0.0,14.0,282.0,2115,1,1.0,True
2116,-3.0671103636363637,3.359674454545455,0.29872499999999996,286.0,6634.727272727273,-1.5476875454545456,98.72727272727273,55.90909090909091,298.27272727272725,299.0,309.9600000001258,0.0,14.0,282.0,2116,1,1.0,True
2117,-3.0594735454545456,3.095448272727273,0.2989183909090909,284.27272727272725,6587.909090909091,-1.5489869090909094,97.72727272727273,56.0,298.6363636363636,299.0,307.4399999998743,0.0,14.0,282.0,2117,1,1.0,True
2118,-3.0549962500000003,2.7940194999999997,0.29939215,286.5,6649.75,-1.5471487499999999,99.0,55.5,299.0,299.0,301.6799999999581,0.0,14.0,282.0,2118,1,1.0,True
2119,-3.0483800000000003,2.527715181818182,0.29942115454545454,288.8181818181818,6697.272727272727,-1.547102090909091,99.0,55.45454545454545,299.0,299.0,310.3200000000419,0.0,14.0,282.0,2119,1,1.0,True
2120,-3.0412154545454544,2.230041181818182,0.29926645454545453,290.6363636363636,6739.181818181818,-1.5472003636363636,98.36363636363636,56.0,299.0,298.90909090909093,303.47999999995807,0.0,14.0,282.0,2120,1,1.0,True
2121,-3.0359503333333335,1.9341606666666669,0.28716115000000003,284.5,6596.666666666667,-1.5386507500000002,97.41666666666667,56.0,299.0,275.0,306.7200000000419,0.0,14.0,270.0,2121,1,1.0,True
2122,-3.0158045454545457,1.7056428181818182,0.19492156363636362,280.45454545454544,6504.090909090909,-1.3827382727272726,95.9090909090909,56.0,299.0,90.18181818181819,147.96000000012575,0.0,14.0,270.0,2122,1,1.0,True
2123,-2.951085909090909,1.5631463636363636,0.12635089545454545,280.90909090909093,6514.636363636364,-0.932499090909091,71.27272727272727,56.0,286.27272727272725,-34.09090909090909,300.6,0.0,14.0,274.0,2123,1,1.0,True
2124,-2.8855915454545453,1.500041272727273,0.0985823118181818,279.45454545454544,6482.454545454545,-0.36192358181818185,53.09090909090909,56.0,268.45454545454544,-71.72727272727273,295.20000000000005,0.0,14.0,274.0,2124,1,1.0,True
2125,-2.742068818181818,1.513282909090909,0.2208337,288.09090909090907,6679.909090909091,0.09478679090909091,77.45454545454545,55.18181818181818,226.36363636363637,215.1818181818182,306.0,0.0,14.0,350.0,2125,1,1.0,True
2126,-2.5327319999999998,1.5296934999999998,0.262805675,287.25,6670.75,0.043270215,96.75,55.75,226.25,299.0,309.6,0.0,14.0,354.0,2126,1,1.0,True
2127,-2.247079909090909,1.524820909090909,0.2602434727272727,284.54545454545456,6599.272727272727,0.0014828509090909076,99.54545454545455,56.0,287.3636363636364,232.63636363636363,304.20000000000005,0.0,14.0,238.0,2127,1,1.0,True
2128,-2.0770251666666666,1.528855,0.11149657333333333,278.75,6457.833333333333,0.26018974,85.33333333333333,56.0,274.6666666666667,-51.5,300.6,0.0,14.0,238.0,2128,1,1.0,True
2129,-2.0162681666666664,1.5769939166666667,0.11227646666666667,279.6666666666667,6478.5,0.8901839333333332,45.166666666666664,56.0,276.4166666666667,-51.5,297.71999999983234,0.0,14.0,242.0,2129,1,1.0,True
2130,-1.9760825,1.6555075,0.17080775,285.5,6620.5,1.353622,62.5,56.0,296.5,44.5,149.04000000008384,0.0,14.0,242.0,2130,1,1.0,True
2131,-1.9753839166666667,1.8658752500000002,0.2576296833333333,292.0833333333333,6776.416666666667,1.62582575,63.666666666666664,55.5,260.6666666666667,254.5,311.4,0.0,14.0,16.0,2131,1,1.0,True
2132,-1.9809006363636363,2.1603161818181817,0.27660294545454545,294.1818181818182,6819.818181818182,1.5706657272727271,77.27272727272727,55.45454545454545,254.0909090909091,299.0,311.7599999999162,0.0,14.0,16.0,2132,1,1.0,True
2133,-1.974138909090909,2.4634003636363637,0.29655919999999997,285.0,6609.909090909091,1.5403501818181817,89.0,56.0,297.90909090909093,294.6363636363636,304.20000000000005,0.0,14.0,16.0,2133,1,1.0,True
2134,-1.9673265000000002,2.729969,0.295456925,286.0,6635.25,1.5507695000000001,92.25,55.5,299.0,291.25,303.48000000016765,0.0,14.0,16.0,2134,1,1.0,True
2135,-1.964290181818182,3.028915090909091,0.29624979090909087,287.54545454545456,6678.727272727273,1.5636196363636363,95.27272727272727,55.45454545454545,299.0,292.90909090909093,307.4399999998743,0.0,14.0,16.0,2135,1,1.0,True
2136,-1.966663181818182,3.2329120000000002,0.10798032727272727,254.63636363636363,5887.272727272727,1.5736964545454546,93.36363636363636,56.63636363636363,108.72727272727273,106.9090909090909,259.2,0.0,14.0,16.0,2136,1,1.0,True
2205,-1.9684073333333334,3.465885833333333,0.2734058166666667,287.3333333333333,6648.0,1.5769469999999999,95.16666666666667,56.0,273.0,273.5,304.20000000000005,0.0,14.0,16.0,2205,1,1.0,True
2206,-1.9732380909090907,3.7598303636363637,0.29868629090909093,287.90909090909093,6665.909090909091,1.5783518181818181,97.0909090909091,56.0,299.0,297.90909090909093,307.8,0.0,14.0,16.0,2206,1,1.0,True
2207,-1.973553,4.024293636363637,0.2982222,285.72727272727275,6611.727272727273,1.5827503636363638,98.9090909090909,56.0,299.0,297.0,309.6,0.0,14.0,16.0,2207,1,1.0,True
2208,-1.9775805000000002,4.337453,0.298364,283.6666666666667,6574.833333333333,1.5866991666666665,100.0,56.0,299.0,297.3333333333333,303.8400000000838,0.0,14.0,16.0,2208,1,1.0,True
2209,-1.9835671666666668,4.6075135000000005,0.29843495,286.9166666666667,6652.833333333333,1.5887874999999998,99.91666666666667,56.0,298.75,297.75,304.55999999991616,0.0,14.0,16.0,2209,1,1.0,True
2210,-1.9939787272727274,4.864461636363637,0.29849296363636363,289.8181818181818,6729.818181818182,1.5865177272727273,99.0,55.45454545454545,297.6363636363636,299.0,152.64000000008383,0.0,14.0,16.0,2210,1,1.0,True
2211,-1.9961366363636364,5.128305,0.29814486363636367,285.1818181818182,6604.818181818182,1.5860020909090908,99.0,56.0,299.0,296.72727272727275,305.63999999987425,0.0,14.0,16.0,2211,1,1.0,True
2212,-2.000239666666667,5.409598666666667,0.29712320833333333,283.75,6569.333333333333,1.5884570833333334,99.0,56.0,299.0,294.8333333333333,306.36000000012575,0.0,14.0,16.0,2212,1,1.0,True
2213,-2.00578,5.707018727272728,0.2974874,284.90909090909093,6602.909090909091,1.5900922727272728,99.0,56.0,299.0,295.45454545454544,305.63999999987425,0.0,14.0,16.0,2213,1,1.0,True
2214,-2.011317,5.999440454545454,0.29721665454545454,288.3636363636364,6685.363636363636,1.5913402727272725,98.72727272727273,55.45454545454545,297.90909090909093,295.72727272727275,303.12000000004195,0.0,14.0,16.0,2214,1,1.0,True
2215,-2.0201849999999997,6.286141545454546,0.29860899999999996,288.3636363636364,6689.727272727273,1.5898906363636363,98.72727272727273,55.45454545454545,297.90909090909093,299.0,303.8400000000838,0.0,14.0,12.0,2215,1,1.0,True
2216,-2.0240984545454546,6.563963727272728,0.29868633636363634,285.3636363636364,6616.454545454545,1.5885735454545455,99.0,56.0,298.09090909090907,299.0,303.8399999998743,0.0,14.0,12.0,2216,1,1.0,True
2217,-2.029267090909091,6.856827818181818,0.2981448727272727,285.45454545454544,6617.181818181818,1.5832609090909089,99.0,55.45454545454545,297.1818181818182,298.6363636363636,306.7200000000419,0.0,14.0,12.0,2217,1,1.0,True
2218,-2.0327052727272727,7.099849636363637,0.2973714,286.90909090909093,6655.545454545455,1.583472363636364,98.45454545454545,55.45454545454545,299.0,295.0,151.56000000012574,0.0,14.0,12.0,2218,1,1.0,True
2219,-2.0416725833333333,7.3988565,0.29893129166666665,288.9166666666667,6704.0,1.5875149166666667,98.0,55.916666666666664,299.0,298.6666666666667,309.9599999999162,0.0,14.0,12.0,2219,1,1.0,True
2220,-2.045783636363636,7.703224,0.2986089909090909,284.0,6579.727272727273,1.589277,98.9090909090909,56.0,299.0,297.90909090909093,310.3200000000419,0.0,14.0,12.0,2220,1,1.0,True
2221,-2.0495585000000003,7.983816,0.29864763333333333,284.3333333333333,6589.166666666667,1.5926233333333333,99.0,56.0,299.0,298.0,303.8399999998743,0.0,14.0,12.0,2221,1,1.0,True
2222,-2.0631736363636364,8.282863818181818,0.22655759090909092,285.45454545454544,6616.909090909091,1.6664812727272726,98.72727272727273,56.0,299.0,153.63636363636363,297.36000000012575,0.0,14.0,12.0,2222,1,1.0,True
2223,-2.0976269090909088,8.450289454545453,0.1382241290909091,279.8181818181818,6487.272727272727,1.995162181818182,96.9090909090909,56.0,290.6363636363636,-14.545454545454545,296.63999999987425,0.0,14.0,12.0,2223,1,1.0,True
2226,-2.2952316363636367,8.499642363636365,0.13516876363636365,277.27272727272725,6431.363636363636,-2.991774727272727,66.18181818181819,56.0,29.545454545454547,240.8181818181818,148.67999999995808,0.0,14.0,12.0,2226,1,1.0,True
2227,-2.4241419090909093,8.519189454545455,0.13632906363636363,279.3636363636364,6477.0,2.7968628181818183,95.36363636363636,56.0,-26.545454545454547,299.0,298.8,0.0,14.0,12.0,2227,1,1.0,True
2228,-2.5300760909090907,8.622506545454545,0.15025199090909092,279.72727272727275,6485.727272727273,2.208520818181818,97.0,56.0,0.9090909090909091,299.0,298.44000000008384,0.0,14.0,12.0,2228,1,1.0,True
2229,-2.5831503333333337,8.7444795,0.18725748333333334,284.5,6600.5,1.7688476666666666,97.33333333333333,55.5,74.66666666666667,299.0,299.1599999999162,0.0,14.0,12.0,2229,1,1.0,True
2230,-2.587993545454545,8.956225545454545,0.25413282727272724,291.0,6748.636363636364,1.5209168181818185,95.0,55.72727272727273,260.27272727272725,248.0,313.20000000000005,0.0,14.0,8.0,2230,1,1.0,True
2231,-2.5899306363636363,9.193752818181819,0.2771831181818182,291.3636363636364,6763.909090909091,1.5807544545454546,97.18181818181819,55.18181818181818,299.0,254.9090909090909,313.56000000012574,0.0,14.0,8.0,2231,1,1.0,True
2232,-2.598901666666667,9.497643,0.29836405,286.3333333333333,6649.0,1.6160063333333332,98.66666666666667,55.5,298.6666666666667,297.6666666666667,300.23999999987427,0.0,14.0,8.0,2232,1,1.0,True
2233,-2.6121914545454548,9.751287545454545,0.297294,284.45454545454544,6593.090909090909,1.612416909090909,98.45454545454545,56.0,295.3636363636364,299.0,307.8,0.0,14.0,8.0,2233,1,1.0,True
2234,-2.6222003636363636,10.061581363636364,0.2984542363636364,285.3636363636364,6616.181818181818,1.6066643636363636,99.54545454545455,55.45454545454545,297.54545454545456,299.0,152.2799999999581,0.0,14.0,8.0,2234,1,1.0,True
2235,-2.6309780000000003,10.34879181818182,0.2986089727272727,287.0,6654.909090909091,1.6040803636363636,99.54545454545455,55.0,297.90909090909093,299.0,304.56000000012574,0.0,14.0,8.0,2235,1,1.0,True
2236,-2.6341992727272725,10.622693636363636,0.2989957181818182,287.54545454545456,6670.545454545455,1.6058581818181816,99.0,55.54545454545455,299.0,298.27272727272725,303.12000000004195,0.0,14.0,4.0,2236,1,1.0,True
2237,-2.6396659999999996,10.894664999999998,0.29878944999999996,285.6666666666667,6634.166666666667,1.6085384999999999,99.33333333333333,55.5,298.6666666666667,298.6666666666667,303.8399999998743,0.0,14.0,4.0,2237,1,1.0,True
2238,-2.6486057,11.199935,0.29856255,283.4,6573.0,1.6077328000000002,100.0,55.3,297.8,299.0,305.27999999995814,0.0,14.0,4.0,2238,1,1.0,True
2239,-2.6560681818181817,11.485801818181818,0.29891835454545457,285.27272727272725,6616.181818181818,1.6064133636363636,100.0,55.27272727272727,298.45454545454544,299.0,304.56000000012574,0.0,14.0,4.0,2239,1,1.0,True
2240,-2.663368363636364,11.73435909090909,0.2988023181818182,287.54545454545456,6676.181818181818,1.6061108181818182,100.0,55.09090909090909,298.0,299.0,303.4799999999581,0.0,14.0,4.0,2240,1,1.0,True
2241,-2.672188909090909,12.021389090909093,0.2580002727272727,280.90909090909093,6510.909090909091,1.5755583636363637,98.54545454545455,56.0,216.45454545454547,299.0,303.47999999995807,0.0,14.0,30.0,2241,1,1.0,True
2242,-2.645292181818182,12.204870909090909,0.15303661818181818,279.09090909090907,6471.090909090909,1.3133629090909091,91.63636363636364,56.0,6.636363636363637,299.0,146.16000000012573,0.0,14.0,30.0,2242,1,1.0,True
2243,-2.5708258333333336,12.303571666666668,0.11521899166666666,280.0,6493.583333333333,0.7253013083333334,55.833333333333336,56.0,-56.333333333333336,287.0,302.40000000000003,0.0,14.0,30.0,2243,1,1.0,True
2244,-2.4240307999999997,12.334035,0.14009211,279.1,6476.8,0.2855172,43.4,55.5,97.3,183.4,298.4399999998743,0.0,14.0,30.0,2244,1,1.0,True
2245,-2.299659833333333,12.396228333333333,0.1242947,278.1666666666667,6454.0,0.45676561666666665,49.333333333333336,56.0,282.8333333333333,-34.166666666666664,297.36000000012575,0.0,14.0,30.0,2245,1,1.0,True
2246,-2.255998090909091,12.450701818181818,0.1247265818181818,279.54545454545456,6473.636363636364,0.904401,72.63636363636364,56.0,278.45454545454544,-28.818181818181817,296.27999999995814,0.0,14.0,30.0,2246,1,1.0,True
2247,-2.2246102999999997,12.56151,0.16468164999999998,282.3,6547.4,1.4065674,90.7,55.8,293.1,36.4,298.43999999987426,0.0,14.0,30.0,2247,1,1.0,True
2248,-2.2247745,12.743789999999999,0.24149901666666665,289.1666666666667,6715.5,1.636554,95.33333333333333,55.0,237.66666666666666,244.66666666666666,303.12000000004195,0.0,14.0,30.0,2248,1,1.0,True
2249,-2.2250313636363637,13.012296363636363,0.28897887272727274,292.0,6780.272727272727,1.5446256363636364,98.45454545454545,55.0,278.6363636363636,298.72727272727275,311.4,0.0,14.0,30.0,2249,1,1.0,True
2250,-2.2223815454545455,13.286996363636364,0.2964044727272727,286.90909090909093,6661.727272727273,1.5342674545454544,95.9090909090909,55.0,299.0,293.27272727272725,151.56000000012574,0.0,14.0,30.0,2250,1,1.0,True
2251,-2.221350272727273,13.56132,0.2953989363636364,286.6363636363636,6657.090909090909,1.5430486363636362,93.0909090909091,55.0,299.0,291.3636363636364,307.4399999998743,0.0,14.0,30.0,2251,1,1.0,True
2252,-2.214125,13.839856363636363,0.29694593636363636,285.54545454545456,6630.363636363636,1.5603571818181818,94.54545454545455,55.0,299.0,294.6363636363636,310.6799999999581,0.0,14.0,34.0,2252,1,1.0,True
2253,-2.2106898333333334,14.136528333333333,0.2968750666666667,289.1666666666667,6713.333333333333,1.5717131666666668,96.83333333333333,55.0,299.0,294.1666666666667,305.28000000016766,0.0,14.0,34.0,2253,1,1.0,True
2254,-2.2113854545454545,14.435101818181819,0.297062,287.8181818181818,6687.0,1.578179909090909,96.18181818181819,55.27272727272727,299.0,294.45454545454544,305.6399999998743,0.0,14.0,34.0,2254,1,1.0,True
2255,-2.217471454545455,14.690014545454545,0.2976034181818182,285.8181818181818,6639.0,1.577711909090909,96.0,55.45454545454545,299.0,295.72727272727275,303.47999999995807,0.0,14.0,34.0,2255,1,1.0,True
2256,-2.2224916666666665,14.98053,0.29708776666666664,284.3333333333333,6603.333333333333,1.5802345000000002,95.16666666666667,55.333333333333336,299.0,294.6666666666667,307.44000000008384,0.0,14.0,34.0,2256,1,1.0,True
2257,-2.227322090909091,15.255550909090909,0.2984155636363636,286.90909090909093,6664.0,1.586127090909091,93.0,55.0,298.72727272727275,297.72727272727275,305.27999999995814,0.0,14.0,34.0,2257,1,1.0,True
2258,-2.231122090909091,15.557676363636363,0.29872499999999996,289.27272727272725,6724.363636363636,1.589750181818182,90.0909090909091,55.0,297.6363636363636,299.0,149.04000000008384,0.0,14.0,34.0,2258,1,1.0,True
2259,-2.2360142727272727,15.80735909090909,0.29795149090909095,288.54545454545456,6694.090909090909,1.5916172727272728,91.54545454545455,55.0,298.54545454545456,296.8181818181818,307.4399999998743,0.0,14.0,34.0,2259,1,1.0,True
2260,-2.2432119090909093,16.109482727272727,0.2989570181818182,286.3636363636364,6639.727272727273,1.5902532727272727,93.18181818181819,55.54545454545455,298.90909090909093,298.45454545454544,308.52000000004193,0.0,14.0,34.0,2260,1,1.0,True
2261,-2.2492515,16.383326666666665,0.29886035,285.6666666666667,6631.833333333333,1.5917768333333333,94.66666666666667,55.0,299.0,298.0,304.56000000012574,0.0,14.0,34.0,2261,1,1.0,True
2262,-2.2557684,16.697026,0.29796695,278.6,6468.9,1.5960693000000001,96.0,55.3,296.8,298.7,304.9199999998324,0.0,14.0,34.0,2262,1,1.0,True
2263,-2.261153909090909,16.915102727272725,0.15775494909090912,263.3636363636364,6101.272727272727,1.5965981818181818,96.18181818181819,56.0,156.63636363636363,158.9090909090909,281.8800000001677,0.0,14.0,34.0,2263,1,1.0,True
2270,-2.2630085,17.14716,0.1548543,270.5,6276.5,1.5983345,99.0,55.25,154.75,155.0,291.9599999999162,0.0,2.0,78.0,2270,1,1.0,True
2271,-2.2671859090909092,17.39467,0.29887969090909094,289.1818181818182,6711.727272727273,1.598213090909091,98.81818181818181,55.0,298.8181818181818,298.72727272727275,302.76000000012573,0.0,2.0,82.0,2271,1,1.0,True
2272,-2.2772335,17.658983333333335,0.2986476,286.8333333333333,6655.166666666667,1.5954608333333333,98.0,55.166666666666664,298.1666666666667,298.8333333333333,303.1199999998324,0.0,2.0,110.0,2272,1,1.0,True
2273,-2.2871855454545456,17.951708181818184,0.2986862818181818,286.0,6646.272727272727,1.5894386363636364,98.0909090909091,55.36363636363637,299.0,298.09090909090907,304.20000000000005,0.0,2.0,114.0,2273,1,1.0,True
2274,-2.290627363636364,18.197615454545453,0.29884100909090905,286.54545454545456,6661.363636363636,1.5951884545454547,99.54545454545455,55.0,298.45454545454544,299.0,151.56000000012574,0.0,2.0,114.0,2274,1,1.0,True
2275,-2.295600818181818,18.517595454545454,0.29903437272727273,288.09090909090907,6683.272727272727,1.5956812727272727,100.0,55.0,299.0,299.0,307.8,0.0,2.0,54.0,2275,1,1.0,True
2276,-2.3043476666666667,18.792681666666667,0.29829310833333333,288.5,6700.333333333333,1.5963395,99.58333333333333,55.0,297.0833333333333,299.0,304.20000000000005,0.0,2.0,54.0,2276,1,1.0,True
2277,-2.310918090909091,19.077219090909093,0.2990344181818182,285.90909090909093,6630.727272727273,1.5944534545454545,98.27272727272727,55.54545454545455,298.90909090909093,299.0,304.20000000000005,0.0,2.0,54.0,2277,1,1.0,True
2278,-2.3106646363636365,19.329125454545455,0.2977968181818182,283.45454545454544,6582.727272727273,1.5975396363636363,98.9090909090909,55.0,299.0,296.0,306.0,0.0,2.0,54.0,2278,1,1.0,True
2279,-2.3160905,19.631115,0.298754025,285.0,6620.25,1.60204625,100.0,55.0,299.0,298.25,304.20000000000005,0.0,2.0,54.0,2279,1,1.0,True
2280,-2.324772272727273,19.902467272727275,0.2987636454545454,286.72727272727275,6656.454545454545,1.6014110000000001,100.0,55.0,298.27272727272725,299.0,304.2,0.0,2.0,54.0,2280,1,1.0,True
2281,-2.331455090909091,20.211280909090906,0.2986089272727273,289.3636363636364,6718.454545454545,1.6001800000000002,99.36363636363636,55.0,298.09090909090907,298.8181818181818,303.12000000004195,0.0,2.0,58.0,2281,1,1.0,True
2282,-2.336213416666667,20.4838,0.2987540083333333,285.3333333333333,6625.166666666667,1.6012873333333333,99.58333333333333,55.0,299.0,298.1666666666667,307.0799999999581,0.0,2.0,58.0,2282,1,1.0,True
2283,-2.342621,20.754505,0.2992858,285.5,6629.0,1.6025079999999998,100.0,55.0,299.0,299.0,150.83999999987427,0.0,2.0,58.0,2283,1,1.0,True
2284,-2.3482344166666667,21.03487,0.2990731,286.8333333333333,6660.416666666667,1.6032679166666668,100.0,55.0,299.0,299.0,304.20000000000005,0.0,2.0,58.0,2284,1,1.0,True
2285,-2.3569692727272726,21.339154545454548,0.29884100909090905,288.90909090909093,6708.0,1.6024617272727275,100.0,55.0,298.45454545454544,299.0,307.44000000008384,0.0,2.0,58.0,2285,1,1.0,True
2286,-2.3622754,21.605379,0.21590269,272.2,6308.7,1.6029982,100.0,55.8,216.1,215.6,294.12000000004195,0.0,2.0,58.0,2286,1,1.0,True
2287,-2.3660505,21.7325575,0.0999746325,261.75,6069.75,1.60311975,100.0,56.0,100.25,100.25,277.55999999991616,0.0,2.0,58.0,2287,1,1.0,True
2306,-2.3617529999999998,21.77204083333333,0.14918199166666668,278.75,6472.333333333333,-1.5478856666666667,99.5,55.416666666666664,145.91666666666666,152.0,301.6799999999581,0.0,1.0,56.0,2306,1,1.0,True
2307,-2.3585205,21.506234999999997,0.29737135,286.5,6659.5,-1.5556125,100.0,55.0,297.5,296.5,154.4400000000838,0.0,1.0,56.0,2307,1,1.0,True
2308,-2.3558686666666664,21.23662416666667,0.2982222,288.8333333333333,6709.75,-1.5560541666666667,100.0,55.0,298.75,297.25,304.9199999998324,0.0,1.0,56.0,2308,1,1.0,True
2309,-2.35274,20.958346666666667,0.2982931,287.5,6675.5,-1.552106,100.0,55.0,299.0,297.1666666666667,307.8,0.0,1.0,56.0,2309,1,1.0,True
2310,-2.3483719090909094,20.685592727272727,0.29899573636363636,284.45454545454544,6604.454545454545,-1.5492686363636365,100.0,55.0,299.0,298.8181818181818,308.16000000012576,0.0,1.0,56.0,2310,1,1.0,True
2311,-2.3448747500000002,20.3846825,0.29864765,287.5,6680.0,-1.5455135,100.0,55.0,299.0,298.0,305.27999999995814,0.0,1.0,56.0,2311,1,1.0,True
2312,-2.3413018181818184,20.090646363636363,0.29829957272727275,291.72727272727275,6775.363636363636,-1.5426971818181818,100.0,55.0,299.0,297.1818181818182,310.6799999999581,0.0,1.0,52.0,2312,1,1.0,True
2313,-2.3317242727272727,19.827834545454547,0.2979128181818182,289.90909090909093,6738.818181818182,-1.541480818181818,100.0,55.0,296.6363636363636,298.6363636363636,304.20000000000005,0.0,1.0,52.0,2313,1,1.0,True
2314,-2.324835833333333,19.53519916666667,0.2982222,285.5,6627.25,-1.5435320833333332,100.0,55.0,298.0833333333333,298.0,308.52000000004193,0.0,1.0,52.0,2314,1,1.0,True
2315,-2.316656,19.26124,0.2980095,286.0,6643.0,-1.5429755,100.0,55.0,297.0,299.0,150.84000000008382,0.0,1.0,52.0,2315,1,1.0,True
2316,-2.3143641666666666,18.963525,0.29786769166666666,287.4166666666667,6680.583333333333,-1.5412188333333334,100.0,55.0,298.75,296.5,308.5199999998324,0.0,1.0,52.0,2316,1,1.0,True
2317,-2.306906,18.693743333333334,0.299144,288.8333333333333,6707.166666666667,-1.5406483333333334,100.0,55.0,299.0,299.0,306.0,0.0,1.0,52.0,2317,1,1.0,True
2318,-2.2944397,18.396690999999997,0.26350763,275.6,6391.7,-1.5516702,100.0,55.3,240.9,285.5,298.0800000001676,1.0,1.0,104.0,2318,1,1.0,True
2322,-2.32547125,18.18704166666667,0.11667256083333333,279.8333333333333,6488.416666666667,-1.9840003333333334,94.66666666666667,55.5,-50.5,283.9166666666667,293.4,0.0,1.0,104.0,2322,1,1.0,True
2323,-2.380960909090909,18.12348,0.09951055272727273,278.90909090909093,6477.0,-2.543489818181818,93.9090909090909,55.0,-67.9090909090909,267.09090909090907,153.3599999999162,0.0,1.0,100.0,2323,1,1.0,True
2324,-2.4927070833333334,18.102799166666667,0.18853372499999999,284.5,6604.5,-0.4593985,90.41666666666667,55.0,95.25,282.0833333333333,300.6,0.0,1.0,302.0,2324,1,1.0,True
2325,-2.7003815454545452,18.10789,0.2600113818181818,291.45454545454544,6769.363636363636,0.8512303636363636,77.0909090909091,55.0,293.6363636363636,226.63636363636363,308.8799999999581,0.0,1.0,306.0,2325,1,1.0,True
2326,-2.9627393636363637,18.092677272727272,0.2939679727272727,283.27272727272725,6581.727272727273,-3.078157545454545,83.54545454545455,55.0,295.72727272727275,291.90909090909093,303.12000000004195,0.0,1.0,306.0,2326,1,1.0,True
2327,-3.206863727272727,18.082042727272725,0.1721420090909091,281.6363636363636,6533.363636363636,1.379547909090909,88.45454545454545,55.0,67.72727272727273,276.6363636363636,296.2799999999581,0.0,1.0,120.0,2327,1,1.0,True
2329,-3.3679745,18.190177,0.11890601,281.6,6544.9,2.0066707999999998,63.5,55.0,-47.7,285.3,300.6,0.0,1.0,116.0,2329,1,1.0,True
2330,-3.376926166666667,18.345153333333332,0.22951625,291.5833333333333,6786.25,1.5808200833333332,68.91666666666667,55.0,199.83333333333334,258.4166666666667,306.7200000000419,0.0,1.0,70.0,2330,1,1.0,True
2331,-3.386662,18.624055000000002,0.28567225,294.0,6842.5,1.6200415,92.0,55.0,299.0,272.0,158.76000000012573,0.0,1.0,70.0,2331,1,1.0,True
2332,-3.397391916666667,18.861477500000003,0.2979031833333333,287.0,6668.0,1.6350681666666667,96.66666666666667,55.0,297.3333333333333,298.0833333333333,304.20000000000005,0.0,1.0,70.0,2332,1,1.0,True
2333,-3.4079738181818184,19.16072,0.2986089818181818,286.27272727272725,6647.909090909091,1.631083,98.9090909090909,55.0,297.90909090909093,299.0,307.4399999998743,0.0,1.0,70.0,2333,1,1.0,True
2334,-3.4142953333333335,19.4109375,0.29811585,287.4166666666667,6676.0,1.6292859166666667,99.25,55.0,296.75,299.0,310.6799999999581,0.0,1.0,70.0,2334,1,1.0,True
2335,-3.42849825,19.71923,0.297584075,287.75,6693.0,1.6244387500000002,99.75,55.0,295.75,299.0,300.6,0.0,1.0,70.0,2335,1,1.0,True
2336,-3.4410266363636364,19.968999999999998,0.24295579090909092,280.0,6508.0,1.6158924545454547,99.72727272727273,55.18181818181818,240.8181818181818,244.63636363636363,297.0,1.0,1.0,74.0,2336,1,1.0,True
2337,-3.448033272727273,20.20098727272727,0.1809985636363636,273.0,6339.909090909091,1.607742090909091,100.0,55.36363636363637,181.45454545454547,180.45454545454547,297.0,1.0,1.0,74.0,2337,1,1.0,True
2338,-3.456750916666667,20.47299166666667,0.2984703583333333,285.5833333333333,6639.0,1.60953225,100.0,55.0,298.5833333333333,298.5,303.8400000000838,0.0,1.0,74.0,2338,1,1.0,True
2339,-3.4637195,20.74537,0.2992858,287.0,6671.5,1.6093700000000002,100.0,55.0,299.0,299.0,154.8,0.0,1.0,74.0,2339,1,1.0,True
2340,-3.4687751666666666,20.969869166666665,0.1744947583333333,260.4166666666667,6037.583333333333,1.6144605833333332,100.0,55.416666666666664,174.41666666666666,174.41666666666666,277.9200000000419,1.0,1.0,74.0,2340,1,1.0,True
2343,-3.4760395,21.19367,0.2712078,286.0,6639.5,1.613619,100.0,55.0,268.0,274.5,304.55999999991616,0.0,1.0,74.0,2343,1,1.0,True
2344,-3.484041166666667,21.47126,0.27035696666666664,281.5,6533.333333333333,1.6061155000000003,100.0,55.166666666666664,269.6666666666667,270.6666666666667,302.76000000012573,0.0,1.0,74.0,2344,1,1.0,True
2345,-3.4894326363636363,21.664256363636365,0.11037818818181817,262.3636363636364,6082.0,1.604997909090909,100.0,56.0,110.54545454545455,110.54545454545455,280.0799999999581,0.0,1.0,74.0,2345,1,1.0,True
2346,-3.4895199090909093,21.765843636363638,0.09931715727272726,262.3636363636364,6082.0,1.6048360909090909,100.0,56.0,100.0,99.45454545454545,138.24000000008382,0.0,1.0,74.0,2346,1,1.0,True
2374,-3.490679,21.773988181818183,0.14151150436363638,273.09090909090907,6342.363636363636,-1.548256181818182,97.72727272727273,55.72727272727273,144.45454545454547,137.8181818181818,292.32000000004194,0.0,5.0,72.0,2374,1,1.0,True
2375,-3.48934925,21.5694725,0.29311715,288.5,6707.75,-1.551525,97.5,55.0,290.5,295.25,309.23999999987427,0.0,5.0,72.0,2375,1,1.0,True
2376,-3.488224727272727,21.26801818181818,0.2980675,287.6363636363636,6689.0,-1.5520887272727273,96.63636363636364,55.0,298.45454545454544,297.3636363636364,302.76000000012573,0.0,5.0,72.0,2376,1,1.0,True
2377,-3.4837781818181814,21.022723636363637,0.2972553090909091,286.6363636363636,6662.090909090909,-1.5481812727272726,98.72727272727273,55.0,298.45454545454544,295.72727272727275,306.35999999991617,0.0,5.0,72.0,2377,1,1.0,True
2378,-3.4771022499999997,20.70600333333333,0.29871850833333335,285.25,6623.416666666667,-1.5478515,100.0,55.0,299.0,298.5,300.6,0.0,5.0,72.0,2378,1,1.0,True
2379,-3.471477,20.431684999999998,0.2992858,289.5,6728.0,-1.5460049999999999,100.0,55.0,299.0,299.0,157.67999999995808,0.0,5.0,72.0,2379,1,1.0,True
2380,-3.4620645833333334,20.15363,0.2981158583333333,289.5,6738.0,-1.5464477499999998,99.58333333333333,55.0,297.25,299.0,301.3200000000419,0.0,5.0,68.0,2380,1,1.0,True
2381,-3.4535743636363634,19.872753636363637,0.2988796727272727,287.72727272727275,6697.272727272727,-1.5487009999999999,99.36363636363636,55.0,298.1818181818182,299.0,310.3200000000419,0.0,5.0,68.0,2381,1,1.0,True
2382,-3.4488885000000002,19.586759,0.2992858,284.3,6604.5,-1.5474822,100.0,55.0,299.0,299.0,303.47999999995807,0.0,5.0,68.0,2382,1,1.0,True
2383,-3.4445449999999997,19.2847275,0.29843492499999996,285.25,6625.25,-1.5465125000000002,100.0,55.0,299.0,297.25,302.76000000012573,0.0,5.0,68.0,2383,1,1.0,True
2384,-3.4424176363636363,19.019229090909093,0.2981061818181818,289.0,6710.272727272727,-1.542505,100.0,55.0,299.0,296.72727272727275,306.3599999999162,0.0,5.0,68.0,2384,1,1.0,True
2385,-3.438433454545454,18.73807181818182,0.2984155636363636,288.90909090909093,6719.545454545455,-1.539670181818182,100.0,55.0,298.72727272727275,297.72727272727275,306.7200000000419,0.0,5.0,68.0,2385,1,1.0,True
2386,-3.424560916666666,18.452088333333332,0.2981158583333333,285.25,6625.5,-1.5432315,100.0,55.0,296.75,299.0,302.7599999999162,0.0,5.0,68.0,2386,1,1.0,True
2387,-3.4169935000000002,18.147585,0.2990731,283.5,6585.0,-1.5460775,100.0,55.0,299.0,299.0,154.0799999999581,0.0,5.0,144.0,2387,1,1.0,True
2388,-3.412589636363636,17.90994363636364,0.2992277909090909,284.1818181818182,6608.454545454545,-1.5455426363636362,99.45454545454545,55.0,299.0,299.0,303.12000000004195,0.0,5.0,140.0,2388,1,1.0,True
2389,-3.4055132727272723,17.59056818181818,0.29895704545454543,289.72727272727275,6740.181818181818,-1.5454867272727275,100.0,55.0,299.0,298.6363636363636,306.7200000000419,0.0,5.0,40.0,2389,1,1.0,True
2390,-3.397312166666667,17.3253875,0.29832855,285.5,6635.75,-1.5448911666666667,100.0,55.0,298.0,298.25,309.6,0.0,5.0,36.0,2390,1,1.0,True
2391,-3.387616,17.028200000000002,0.298434925,285.5,6629.5,-1.54831775,99.75,55.0,297.5,299.0,306.7200000000419,0.0,5.0,192.0,2391,1,1.0,True
2392,-3.382729909090909,16.728153636363636,0.2987636454545454,287.90909090909093,6688.727272727273,-1.5486964545454547,99.72727272727273,55.0,299.0,298.27272727272725,304.20000000000005,0.0,5.0,192.0,2392,1,1.0,True
2393,-3.3772903333333333,16.46615,0.29893126666666664,287.5,6692.166666666667,-1.5467742500000001,100.0,55.083333333333336,299.0,298.6666666666667,303.4799999999581,0.0,5.0,192.0,2393,1,1.0,True
2394,-3.3685224999999996,16.246374166666666,0.12461379166666665,247.75,5739.416666666667,-1.5266940833333333,98.41666666666667,56.0,124.58333333333333,124.58333333333333,257.0400000000838,0.0,5.0,192.0,2394,1,1.0,True
2462,-3.3727811666666665,16.065313333333332,0.24866032500000002,283.1666666666667,6574.333333333333,-1.5274746666666665,100.0,55.166666666666664,243.0,254.16666666666666,302.4,0.0,5.0,192.0,2462,1,1.0,True
2463,-3.3652064999999998,15.814562500000001,0.2980095,286.5,6649.5,-1.5408427500000001,99.5,55.0,296.75,299.0,302.0399999998743,0.0,5.0,192.0,2463,1,1.0,True
2464,-3.3558025454545457,15.514565454545455,0.2989183909090909,285.54545454545456,6629.909090909091,-1.5440541818181819,100.0,55.0,298.6363636363636,299.0,306.0,0.0,5.0,192.0,2464,1,1.0,True
2465,-3.351739181818182,15.266917272727273,0.29880233636363634,287.3636363636364,6676.454545454545,-1.5433753636363634,100.0,55.0,298.27272727272725,298.54545454545456,303.12000000004195,0.0,5.0,192.0,2465,1,1.0,True
2466,-3.3473456363636362,14.942889090909091,0.29829957272727275,288.1818181818182,6695.909090909091,-1.5409383636363636,100.0,55.0,299.0,297.1818181818182,306.0,0.0,5.0,192.0,2466,1,1.0,True
2467,-3.3352360000000005,14.67728,0.29822224999999997,286.0,6652.0,-1.543913,100.0,55.0,297.0,299.0,151.20000000000002,0.0,5.0,192.0,2467,1,1.0,True
2468,-3.325122909090909,14.387334545454546,0.29884100909090905,282.6363636363636,6567.636363636364,-1.5487278181818183,99.54545454545455,55.0,298.45454545454544,299.0,305.64000000008383,0.0,5.0,192.0,2468,1,1.0,True
2469,-3.3191178181818177,14.11917090909091,0.2994598272727273,284.09090909090907,6593.272727272727,-1.549472909090909,99.36363636363636,55.0,299.0,299.0,308.51999999983235,0.0,5.0,188.0,2469,1,1.0,True
2470,-3.312750818181818,13.838254545454545,0.2994985,286.90909090909093,6660.090909090909,-1.549501,100.0,55.0,299.0,299.0,303.48000000016765,0.0,5.0,188.0,2470,1,1.0,True
2471,-3.307748727272727,13.517344545454545,0.2988023090909091,286.27272727272725,6647.636363636364,-1.5488047272727272,100.0,55.0,299.0,298.1818181818182,303.8399999998743,0.0,5.0,188.0,2471,1,1.0,True
2472,-3.302012909090909,13.26152090909091,0.2990344,283.90909090909093,6601.636363636364,-1.5468854545454547,100.0,55.0,299.0,298.72727272727275,301.3200000000419,0.0,5.0,188.0,2472,1,1.0,True
2473,-3.2964510000000002,12.979563636363634,0.29942114545454546,284.0,6593.818181818182,-1.5465095454545454,100.0,55.0,299.0,298.90909090909093,305.64000000008383,0.0,5.0,188.0,2473,1,1.0,True
2474,-3.290538181818182,12.694671818181819,0.26117161818181817,277.54545454545456,6443.272727272727,-1.509453181818182,99.9090909090909,55.0,299.0,223.0909090909091,296.27999999995814,0.0,5.0,188.0,2474,1,1.0,True
2475,-3.2509472727272724,12.515588181818181,0.12843936363636363,278.09090909090907,6457.636363636364,-1.0989511818181816,98.45454545454545,55.0,293.0,-36.72727272727273,144.72000000004192,0.0,5.0,188.0,2475,1,1.0,True
2476,-3.188556363636364,12.441058181818182,0.108019,278.8181818181818,6482.454545454545,-0.5637065,96.0909090909091,55.0,275.72727272727275,-59.63636363636363,297.3599999999162,0.0,5.0,188.0,2476,1,1.0,True
2477,-3.06439,12.410498181818182,0.16618607272727273,278.8181818181818,6485.727272727273,-0.006945436363636368,97.72727272727273,55.0,250.63636363636363,81.63636363636364,298.44000000008384,0.0,5.0,188.0,2477,1,1.0,True
2478,-2.9218675,12.401253333333335,0.15428713333333333,279.3333333333333,6498.666666666667,-0.10562335,93.0,55.0,27.5,281.0,294.8399999998743,0.0,5.0,188.0,2478,1,1.0,True
2479,-2.7981267272727273,12.35630818181818,0.1345886909090909,279.27272727272725,6491.818181818182,-0.6513204454545455,86.54545454545455,55.0,-29.181818181818183,298.1818181818182,298.0799999999581,0.0,5.0,188.0,2479,1,1.0,True
2480,-2.740031636363636,12.262826363636362,0.15384876363636363,276.90909090909093,6431.636363636364,-1.1541818454545456,82.36363636363636,55.0,9.181818181818182,298.1818181818182,300.9600000001258,0.0,5.0,188.0,2480,1,1.0,True
2481,-2.7167558333333335,12.07617,0.23930101666666667,284.5,6621.333333333333,-1.598431,93.5,55.0,206.66666666666666,271.6666666666667,300.9599999999162,0.0,5.0,6.0,2481,1,1.0,True
2482,-2.709493909090909,11.831657272727274,0.2745145,289.09090909090907,6719.636363636364,-1.553075818181818,97.36363636363636,55.0,299.0,249.72727272727272,312.8400000000838,0.0,5.0,6.0,2482,1,1.0,True
2483,-2.69867,11.58901,0.29715864999999997,285.0,6636.5,-1.513406,99.0,55.0,298.0,296.0,148.67999999995808,0.0,5.0,6.0,2483,1,1.0,True
2484,-2.687416916666667,11.318848333333333,0.29783224999999997,286.3333333333333,6661.833333333333,-1.5163201666666666,99.0,55.0,296.0833333333333,299.0,309.2400000000838,0.0,5.0,6.0,2484,1,1.0,True
2485,-2.6779155,11.019542999999999,0.2980095,287.5,6690.4,-1.5217577,100.0,55.0,296.5,299.0,303.8399999998743,0.0,5.0,6.0,2485,1,1.0,True
2486,-2.667486363636364,10.726992727272727,0.2982608727272727,285.1818181818182,6637.818181818182,-1.5247952727272727,100.0,55.0,297.09090909090907,299.0,303.8400000000838,0.0,5.0,6.0,2486,1,1.0,True
2487,-2.657701181818182,10.454410909090909,0.2984155636363636,284.72727272727275,6620.909090909091,-1.528547181818182,100.0,55.0,297.45454545454544,299.0,307.4399999998743,0.0,5.0,10.0,2487,1,1.0,True
2488,-2.6486959090909092,10.162586181818181,0.2988023454545454,286.54545454545456,6673.272727272727,-1.5303060909090909,100.0,55.0,298.3636363636364,299.0,306.7200000000419,0.0,5.0,10.0,2488,1,1.0,True
2489,-2.637255545454545,9.869100181818181,0.29806750909090907,290.54545454545456,6765.909090909091,-1.534237,100.0,55.0,296.6363636363636,299.0,303.47999999995807,0.0,5.0,10.0,2489,1,1.0,True
2490,-2.628201363636364,9.573656545454547,0.2986089272727273,287.3636363636364,6680.181818181818,-1.537465909090909,100.0,55.0,297.90909090909093,299.0,305.28000000016766,0.0,5.0,10.0,2490,1,1.0,True
2491,-2.6201022727272725,9.335869636363638,0.2984542363636364,283.3636363636364,6589.272727272727,-1.5401242727272726,100.0,55.0,297.54545454545456,299.0,150.83999999987427,0.0,5.0,10.0,2491,1,1.0,True
2492,-2.6075270909090906,9.008983272727274,0.28240414545454545,278.0,6469.636363636364,-1.5498734545454547,100.0,55.0,265.27272727272725,299.0,302.76000000012573,0.0,5.0,10.0,2492,1,1.0,True
2493,-2.6309378333333333,8.817936833333334,0.17332479999999997,280.1666666666667,6518.0,-1.7933664166666665,94.08333333333333,55.0,46.833333333333336,299.0,301.31999999983236,0.0,5.0,278.0,2493,1,1.0,True
2494,-2.689546909090909,8.696389,0.1497492,278.90909090909093,6494.545454545455,-2.3126711818181818,93.27272727272727,55.0,0.0,299.0,296.28000000016766,0.0,5.0,278.0,2494,1,1.0,True
2495,-2.80708975,8.6247185,0.1734666,281.25,6547.0,-2.7866284999999995,99.0,55.0,47.5,299.0,299.5199999998324,0.0,5.0,278.0,2495,1,1.0,True
2496,-2.9898235454545454,8.572335181818183,0.1421302981818182,275.1818181818182,6403.272727272727,-3.070007181818182,98.9090909090909,55.0,178.72727272727272,105.36363636363636,295.2,0.0,5.0,278.0,2496,1,1.0,True
2498,-3.112282090909091,8.517191818181818,0.09842763454545454,275.90909090909093,6414.454545454545,-2.0961512727272726,68.0909090909091,55.0,256.0,-59.09090909090909,296.63999999987425,0.0,5.0,278.0,2498,1,1.0,True
2499,-3.1390702727272726,8.389425818181818,0.20470629999999998,285.72727272727275,6643.909090909091,-1.6201814545454545,83.36363636363636,55.0,290.3636363636364,118.9090909090909,155.8799999999581,0.0,5.0,278.0,2499,1,1.0,True
2500,-3.1343469090909086,8.163258636363636,0.2743598181818182,279.27272727272725,6495.363636363636,-1.482857181818182,98.45454545454545,55.0,250.45454545454547,297.90909090909093,299.16000000012576,0.0,5.0,278.0,2500,1,1.0,True
2501,-3.1260863333333333,7.8906765000000005,0.28822475,293.9166666666667,6844.666666666667,-1.5829259999999998,99.91666666666667,55.0,277.75,298.6666666666667,311.7599999999162,0.0,5.0,278.0,2501,1,1.0,True
2502,-3.129678727272727,7.639749363636364,0.2977968,284.54545454545456,6621.636363636364,-1.5931863636363637,100.0,55.0,298.8181818181818,296.3636363636364,302.40000000000003,0.0,5.0,278.0,2502,1,1.0,True
2503,-3.1332441818181818,7.321050454545454,0.29721668181818184,284.1818181818182,6611.454545454545,-1.5825603636363637,100.0,55.0,299.0,294.90909090909093,304.9200000000419,0.0,5.0,278.0,2503,1,1.0,True
2504,-3.134692,7.063224090909091,0.2969072454545455,285.8181818181818,6652.363636363636,-1.5742896363636363,99.81818181818181,55.0,299.0,294.72727272727275,308.8799999999581,0.0,5.0,278.0,2504,1,1.0,True
2505,-3.132086166666667,6.762614166666666,0.29815128333333335,284.6666666666667,6626.666666666667,-1.567343,99.0,55.0,299.0,296.8333333333333,300.24000000008385,0.0,5.0,278.0,2505,1,1.0,True
2506,-3.134971416666667,6.51130775,0.2976904083333333,284.25,6615.25,-1.55931425,99.58333333333333,55.0,299.0,295.75,308.8799999999581,0.0,5.0,278.0,2506,1,1.0,True
2507,-3.131269272727273,6.1999333636363625,0.2982222,287.90909090909093,6709.545454545455,-1.5537614545454546,100.0,55.0,299.0,297.0,152.2799999999581,0.0,5.0,278.0,2507,1,1.0,True
2508,-3.124410818181818,5.919593727272727,0.2986476,287.72727272727275,6700.545454545455,-1.5517620909090908,100.0,55.0,299.0,298.54545454545456,306.0,0.0,5.0,282.0,2508,1,1.0,True
2509,-3.1201331818181823,5.6456610000000005,0.2988023272727273,285.54545454545456,6649.454545454545,-1.550177,99.63636363636364,55.0,299.0,298.3636363636364,304.56000000012574,0.0,5.0,282.0,2509,1,1.0,True
2510,-3.1147065,5.370144833333334,0.29864765,284.3333333333333,6626.333333333333,-1.5485328333333335,99.33333333333333,55.0,299.0,298.0,303.47999999995807,0.0,5.0,282.0,2510,1,1.0,True
2511,-3.1045643636363636,5.076095909090909,0.2986089727272727,285.72727272727275,6652.272727272727,-1.5496006363636363,100.0,55.0,297.90909090909093,299.0,306.3599999999162,0.0,5.0,282.0,2511,1,1.0,True
2512,-3.101105090909091,4.783470272727272,0.29806753636363637,288.6363636363636,6725.181818181818,-1.549445909090909,100.0,55.0,298.8181818181818,296.8181818181818,308.8799999999581,0.0,5.0,282.0,2512,1,1.0,True
2513,-3.0911758333333332,4.5112295,0.2980804166666667,286.0,6659.0,-1.5496083333333335,99.83333333333333,55.0,296.6666666666667,299.0,300.24000000008385,0.0,5.0,282.0,2513,1,1.0,True
2514,-3.08959,4.215424454545455,0.2981062181818182,284.6363636363636,6630.090909090909,-1.5480516363636363,99.63636363636364,55.0,299.0,296.72727272727275,308.52000000004193,0.0,5.0,282.0,2514,1,1.0,True
2515,-3.082681,3.964951,0.2986476,284.0,6619.0,-1.5453305,100.0,55.0,298.5,298.5,147.9599999999162,0.0,5.0,282.0,2515,1,1.0,True
2516,-3.074780083333333,3.6567416666666666,0.29903764166666663,284.9166666666667,6632.916666666667,-1.5468199166666665,100.0,55.0,298.9166666666667,299.0,308.8799999999581,0.0,5.0,282.0,2516,1,1.0,True
2517,-3.068270454545455,3.4017337272727275,0.2994598272727273,287.6363636363636,6698.545454545455,-1.547504,99.63636363636364,55.0,299.0,299.0,302.76000000012573,0.0,5.0,282.0,2517,1,1.0,True
2518,-3.059552666666667,3.093628666666667,0.29886035,285.3333333333333,6639.833333333333,-1.5484233333333333,98.5,55.0,298.0,299.0,307.0799999999581,0.0,5.0,282.0,2518,1,1.0,True
2519,-3.0550682727272727,2.8110936363636365,0.29926643636363637,283.27272727272725,6600.272727272727,-1.5479347272727273,99.81818181818181,55.0,299.0,298.72727272727275,305.2799999999581,0.0,5.0,282.0,2519,1,1.0,True
2520,-3.0507813636363634,2.5228096363636365,0.29872496363636364,286.1818181818182,6664.636363636364,-1.5463592727272728,99.81818181818181,55.0,299.0,298.1818181818182,302.4,0.0,5.0,282.0,2520,1,1.0,True
2521,-3.0437431666666668,2.2566783333333333,0.2992858,288.5,6716.833333333333,-1.5452743333333334,98.83333333333333,55.0,299.0,299.0,307.0799999999581,0.0,5.0,282.0,2521,1,1.0,True
2522,-3.0353009090909095,1.9481152727272728,0.2925370090909091,285.8181818181818,6658.545454545455,-1.5491403636363636,97.72727272727273,55.0,285.72727272727275,299.0,301.3200000000419,0.0,5.0,282.0,2522,1,1.0,True
2523,-3.045684,1.7210415000000001,0.20250184999999998,280.5,6534.0,-1.696615,89.5,55.0,105.5,299.0,149.76000000012573,0.0,5.0,200.0,2523,1,1.0,True
2524,-3.094028545454545,1.5748142727272727,0.13338973636363638,280.3636363636364,6525.090909090909,-2.1692062727272727,71.81818181818181,55.0,-26.818181818181817,293.54545454545456,299.1599999999162,0.0,5.0,196.0,2524,1,1.0,True
2525,-3.172436909090909,1.5139555454545452,0.11204119090909091,279.45454545454544,6505.818181818182,-2.713006272727273,88.18181818181819,55.0,-53.36363636363637,277.54545454545456,300.9599999999162,0.0,5.0,196.0,2525,1,1.0,True
2526,-3.3225336666666667,1.4843149999999998,0.23660666666666666,289.8333333333333,6742.166666666667,2.074016,94.33333333333333,55.0,209.66666666666666,263.8333333333333,302.04000000008386,0.0,5.0,264.0,2526,1,1.0,True
2527,-3.597472181818182,1.4810120909090907,0.2835644,289.90909090909093,6753.636363636364,-1.9798273636363637,98.45454545454545,55.0,299.0,267.72727272727275,316.44000000008384,0.0,5.0,264.0,2527,1,1.0,True
2528,-3.8426701818181823,1.4736626363636363,0.2980288545454545,285.54545454545456,6654.181818181818,-3.0980702727272726,99.72727272727273,55.0,299.0,296.8181818181818,303.1199999998324,0.0,5.0,264.0,2528,1,1.0,True
2529,-4.1412673333333325,1.4645399999999997,0.28950105,282.1666666666667,6572.0,-3.098054166666667,100.0,55.0,288.1666666666667,290.5,304.56000000012574,0.0,5.0,260.0,2529,1,1.0,True
2530,-4.363180272727273,1.4559145454545452,0.15419683454545455,262.54545454545456,6091.181818181818,-3.100210636363636,100.0,55.0,153.54545454545453,154.9090909090909,277.9200000000419,0.0,5.0,260.0,2530,1,1.0,True
2531,-4.474791363636364,1.4527925454545454,0.09935583272727272,261.45454545454544,6071.181818181818,-3.1015888181818183,100.0,55.0,99.54545454545455,100.0,139.31999999983236,0.0,5.0,260.0,2531,1,1.0,True
2548,-4.3275084999999995,1.39884725,0.11876415,277.8333333333333,6465.083333333333,-0.5941682833333334,49.25,55.0,259.5833333333333,-22.0,298.44000000008384,0.0,4.0,262.0,2548,1,1.0,True
2549,-4.18753725,1.3489095833333333,0.14113443,274.1666666666667,6378.833333333333,-0.1773413083333333,33.833333333333336,55.333333333333336,250.66666666666666,31.5,300.23999999987427,0.0,4.0,262.0,2549,1,1.0,True
2563,-4.137592181818182,1.3937748181818181,0.22133652727272726,280.8181818181818,6521.636363636364,0.1316594090909091,86.0909090909091,55.0,200.36363636363637,242.0,149.75999999991618,0.0,4.0,262.0,2563,1,1.0,True
2564,-3.8968589999999996,1.4190720833333332,0.2880120666666666,283.4166666666667,6597.75,0.08029454833333334,96.58333333333333,55.0,276.6666666666667,298.8333333333333,310.6799999999581,0.0,4.0,266.0,2564,1,1.0,True
2565,-3.6046020909090912,1.4378800909090907,0.29601774545454546,284.54545454545456,6627.636363636364,0.05409644181818182,96.0909090909091,55.0,292.90909090909093,299.0,302.4,0.0,4.0,266.0,2565,1,1.0,True
2566,-3.356494090909091,1.4507557272727274,0.24918243636363638,279.90909090909093,6513.636363636364,0.07484764909090909,96.27272727272727,55.0,285.54545454545456,212.54545454545453,296.28000000016766,0.0,4.0,198.0,2566,1,1.0,True
2567,-3.172370090909091,1.4942156363636363,0.10403551454545455,279.6363636363636,6505.363636363636,0.42817679090909094,84.45454545454545,55.0,271.0,-62.72727272727273,298.0799999999581,0.0,4.0,198.0,2567,1,1.0,True
2568,-3.1046662727272722,1.5740856363636366,0.12809130909090907,277.45454545454544,6456.272727272727,1.0334926454545454,80.81818181818181,55.0,288.09090909090907,-31.454545454545453,298.0799999999581,0.0,4.0,202.0,2568,1,1.0,True
2569,-3.0802368333333336,1.6777650000000002,0.20746509999999999,284.5,6624.833333333333,1.4874248333333335,76.5,55.0,299.0,115.16666666666667,303.12000000004195,0.0,4.0,202.0,2569,1,1.0,True
2570,-3.094364,1.896884909090909,0.2598953909090909,291.90909090909093,6798.363636363636,1.6178919999999999,85.54545454545455,55.0,246.1818181818182,272.8181818181818,307.4399999998743,0.0,4.0,280.0,2570,1,1.0,True
2571,-3.0811909090909095,2.174530909090909,0.2897524090909091,293.0,6832.727272727273,1.5594514545454545,94.0909090909091,55.0,280.3636363636364,299.0,155.5200000000419,0.0,4.0,280.0,2571,1,1.0,True
2572,-3.075154272727273,2.493642,0.2956697,283.6363636363636,6607.090909090909,1.557125181818182,95.0,55.0,299.0,292.0,309.2400000000838,0.0,4.0,280.0,2572,1,1.0,True
2573,-3.0729404545454546,2.7295772727272727,0.29621111818181817,285.8181818181818,6655.636363636364,1.5664702727272728,95.36363636363636,55.0,299.0,293.27272727272725,303.12000000004195,0.0,4.0,280.0,2573,1,1.0,True
2574,-3.0731408181818183,3.0173315454545455,0.2969846,284.72727272727275,6637.090909090909,1.5755415454545456,97.0909090909091,55.0,299.0,294.27272727272725,307.4399999998743,0.0,4.0,280.0,2574,1,1.0,True
2575,-3.07610925,3.29182125,0.298009525,286.25,6669.0,1.5814182499999998,97.25,55.0,299.0,296.5,305.64000000008383,0.0,4.0,280.0,2575,1,1.0,True
2576,-3.0792909,3.5917605000000004,0.29796699,287.6,6700.8,1.5852431,97.7,55.0,299.0,296.4,306.3599999999162,0.0,4.0,280.0,2576,1,1.0,True
2577,-3.082993363636364,3.8723093636363632,0.2983769,287.3636363636364,6700.0,1.5892396363636365,97.9090909090909,55.0,299.0,297.3636363636364,304.9200000000419,0.0,4.0,280.0,2577,1,1.0,True
2578,-3.0887041666666666,4.156081916666667,0.29903764166666663,286.8333333333333,6676.583333333333,1.5920698333333334,97.66666666666667,55.0,299.0,298.9166666666667,302.4,0.0,4.0,280.0,2578,1,1.0,True
2579,-3.091463545454545,4.447733636363637,0.2984155636363636,284.8181818181818,6629.181818181818,1.5939278181818182,99.0,55.0,299.0,297.45454545454544,151.20000000000002,0.0,4.0,280.0,2579,1,1.0,True
2580,-3.0988172727272727,4.718885363636364,0.2986476,286.54545454545456,6671.545454545455,1.5960156363636364,99.45454545454545,55.0,298.54545454545456,298.45454545454544,306.3599999999162,0.0,4.0,280.0,2580,1,1.0,True
2581,-3.1034954545454543,4.987099909090909,0.29872499999999996,285.8181818181818,6658.454545454545,1.5966112727272728,99.27272727272727,55.0,298.90909090909093,298.27272727272725,306.36000000012575,0.0,4.0,280.0,2581,1,1.0,True
2582,-3.1068342727272724,5.2690719090909095,0.29857028181818185,285.90909090909093,6655.727272727273,1.5994279999999998,98.0,55.0,299.0,297.54545454545456,303.47999999995807,0.0,4.0,280.0,2582,1,1.0,True
2583,-3.11651575,5.56541175,0.298860325,286.5,6678.25,1.5989769999999999,97.5,55.0,298.25,299.0,309.2400000000838,0.0,4.0,280.0,2583,1,1.0,True
2584,-3.1225056363636368,5.837950545454546,0.2986476,286.09090909090907,6673.818181818182,1.598018,98.0,55.0,298.72727272727275,298.27272727272725,303.4799999999581,0.0,4.0,280.0,2584,1,1.0,True
2585,-3.1299496666666666,6.1352009999999995,0.29878944999999996,285.5,6648.5,1.5984836666666666,98.0,55.0,298.6666666666667,298.6666666666667,307.0799999999581,0.0,4.0,276.0,2585,1,1.0,True
2586,-3.1378380833333335,6.412102833333333,0.2987540083333333,285.5,6647.416666666667,1.5974914166666665,98.08333333333333,55.0,298.1666666666667,299.0,301.6799999999581,0.0,4.0,276.0,2586,1,1.0,True
2587,-3.1446795,6.7303645,0.2994985,285.5,6647.0,1.597382,98.5,55.0,299.0,299.0,151.20000000000002,0.0,4.0,276.0,2587,1,1.0,True
2588,-3.148157272727272,6.975676818181818,0.2990731,284.90909090909093,6636.818181818182,1.597684,98.0,54.54545454545455,299.0,299.0,306.36000000012575,0.0,4.0,276.0,2588,1,1.0,True
2589,-3.156892727272727,7.264395363636364,0.2990731,288.1818181818182,6709.181818181818,1.597696,98.9090909090909,54.90909090909091,299.0,299.0,307.43999999987426,0.0,4.0,276.0,2589,1,1.0,True
2590,-3.1642563636363636,7.535298272727274,0.29930513636363637,288.72727272727275,6728.363636363636,1.5965156363636366,99.54545454545455,54.72727272727273,299.0,299.0,304.9200000000419,0.0,4.0,276.0,2590,1,1.0,True
2591,-3.17166325,7.82800925,0.29843492499999996,286.5,6680.0,1.59668425,99.0,54.75,297.5,299.0,307.0799999999581,0.0,4.0,276.0,2591,1,1.0,True
2592,-3.1778353636363637,8.095707272727273,0.28499541818181817,286.1818181818182,6663.454545454545,1.5851455454545453,99.0,55.0,270.6363636363636,299.0,305.64000000008383,0.0,4.0,276.0,2592,1,1.0,True
2593,-3.1723823636363635,8.333525363636364,0.20095483636363634,281.09090909090907,6551.636363636364,1.4294399090909091,98.27272727272727,55.0,102.18181818181819,299.0,294.47999999995807,0.0,4.0,276.0,2593,1,1.0,True
2594,-3.122533333333333,8.473540999999999,0.1144390275,278.0,6469.916666666667,0.9342823916666667,95.25,55.0,-47.666666666666664,276.25,300.6,0.0,4.0,276.0,2594,1,1.0,True
2596,-2.952584333333333,8.5428195,0.1515927275,279.3333333333333,6505.666666666667,0.055799876666666665,89.08333333333333,55.0,141.08333333333334,161.58333333333334,297.0,0.0,4.0,276.0,2596,1,1.0,True
2597,-2.7817145,8.579849200000002,0.15089787999999998,279.0,6492.2,0.38959807,91.8,55.0,298.9,2.7,294.8400000000838,0.0,4.0,276.0,2597,1,1.0,True
2598,-2.6862429090909092,8.659513181818182,0.15129621818181818,279.8181818181818,6516.181818181818,0.9359127454545454,78.72727272727273,55.0,299.0,3.1818181818181817,299.1599999999162,0.0,4.0,276.0,2598,1,1.0,True
2599,-2.6481285454545453,8.797115818181819,0.1821975,283.27272727272725,6598.0,1.4138256363636363,84.0,54.72727272727273,299.0,64.81818181818181,297.0,0.0,4.0,276.0,2599,1,1.0,True
2600,-2.650499272727273,9.027085999999999,0.24686191818181816,290.90909090909093,6786.909090909091,1.6087385454545455,95.27272727272727,54.54545454545455,245.1818181818182,248.8181818181818,312.12000000004195,0.0,4.0,8.0,2600,1,1.0,True
2601,-2.652798166666667,9.281975333333333,0.2898555333333333,290.5,6779.666666666667,1.5642889999999998,98.16666666666667,54.166666666666664,280.3333333333333,298.8333333333333,307.0799999999581,0.0,4.0,8.0,2601,1,1.0,True
2602,-2.6531878181818183,9.587198818181818,0.2982221909090909,285.54545454545456,6653.636363636364,1.5553933636363637,98.36363636363636,55.0,299.0,297.09090909090907,305.64000000008383,0.0,4.0,8.0,2602,1,1.0,True
2603,-2.652715,9.8159575,0.2967332,285.5,6653.0,1.560904,98.0,54.5,299.0,294.0,150.83999999987427,0.0,4.0,8.0,2603,1,1.0,True
2604,-2.652193,10.131401833333333,0.2971231916666667,286.0,6664.0,1.5701291666666668,98.91666666666667,54.5,299.0,294.4166666666667,307.8,0.0,4.0,8.0,2604,1,1.0,True
2605,-2.6531596,10.42141,0.29749897000000003,285.5,6654.5,1.5777696,99.5,54.5,299.0,295.3,305.64000000008383,0.0,4.0,8.0,2605,1,1.0,True
2606,-2.6472418333333336,10.710320000000001,0.29680415,285.3333333333333,6644.333333333333,1.5902614999999998,99.0,54.833333333333336,299.0,294.1666666666667,299.52000000004193,0.0,4.0,4.0,2606,1,1.0,True
2607,-2.649985090909091,10.979208181818182,0.2987249727272727,285.0,6642.272727272727,1.5974313636363637,99.81818181818181,54.45454545454545,299.0,297.90909090909093,308.1599999999162,0.0,4.0,4.0,2607,1,1.0,True
2608,-2.6574225454545455,11.274213636363637,0.2991891181818182,285.1818181818182,6641.727272727273,1.5983533636363638,100.0,55.0,299.0,299.0,301.6799999999581,0.0,4.0,4.0,2608,1,1.0,True
2609,-2.662076272727273,11.558221818181819,0.2990731,285.6363636363636,6656.818181818182,1.5996468181818182,99.45454545454545,54.45454545454545,299.0,299.0,302.04000000008386,0.0,4.0,4.0,2609,1,1.0,True
2610,-2.66989175,11.833200833333335,0.298434925,285.8333333333333,6667.0,1.60021025,99.91666666666667,54.5,298.5,298.0833333333333,305.27999999995814,0.0,4.0,4.0,2610,1,1.0,True
2611,-2.6805125,12.08959,0.2316434,274.0,6383.0,1.6723615000000003,99.0,55.0,299.0,163.5,151.20000000000002,0.0,4.0,190.0,2611,1,1.0,True
2612,-2.73191,12.255873636363638,0.13737326363636362,280.8181818181818,6536.363636363636,2.0968092727272727,97.0,55.0,299.0,-24.818181818181817,294.1200000000419,0.0,4.0,190.0,2612,1,1.0,True
2613,-2.8207054545454544,12.329080909090909,0.14240099090909092,279.1818181818182,6496.727272727273,2.694941454545454,90.81818181818181,55.0,299.0,-14.090909090909092,297.7200000000419,0.0,4.0,190.0,2613,1,1.0,True
2614,-2.952798,12.338306666666666,0.18959726666666665,278.6666666666667,6484.0,1.01867,85.83333333333333,55.0,258.0,121.0,297.0,0.0,4.0,190.0,2614,1,1.0,True
2615,-3.110522,12.349022499999998,0.14219795,277.75,6463.5,1.3891954999999998,91.75,55.0,6.5,278.0,301.3200000000419,0.0,4.0,190.0,2615,1,1.0,True
2616,-3.2088550999999996,12.406784,0.11282246,278.7,6496.3,2.4213060000000004,95.3,55.0,-56.1,281.5,298.0799999999581,0.0,4.0,190.0,2616,1,1.0,True
2617,-3.2426342727272726,12.505983636363636,0.1379533909090909,278.27272727272725,6479.818181818182,1.8755542727272727,74.54545454545455,54.90909090909091,-8.363636363636363,283.90909090909093,297.0,0.0,4.0,190.0,2617,1,1.0,True
2618,-3.23422375,12.709783333333334,0.22916172499999998,287.0833333333333,6690.583333333333,1.5854229999999998,51.666666666666664,54.5,199.91666666666666,258.1666666666667,308.52000000004193,0.0,4.0,190.0,2618,1,1.0,True
2619,-3.2209496363636365,12.96748909090909,0.27795660000000005,292.1818181818182,6813.909090909091,1.6254355454545455,44.90909090909091,54.0,299.0,256.8181818181818,152.2799999999581,0.0,4.0,190.0,2619,1,1.0,True
2620,-3.2155121666666666,13.192065833333332,0.28631039166666666,293.0833333333333,6844.75,1.65920575,54.666666666666664,54.0,299.0,272.9166666666667,315.0,0.0,4.0,190.0,2620,1,1.0,True
2621,-3.24090925,13.453185,0.2971231916666667,285.4166666666667,6652.583333333333,1.6564018333333335,68.58333333333333,54.583333333333336,299.0,295.5,304.9200000000419,0.0,4.0,190.0,2621,1,1.0,True
2622,-3.2724670909090907,13.729225454545455,0.2961337727272727,284.6363636363636,6638.272727272727,1.6342593636363638,88.18181818181819,54.54545454545455,297.09090909090907,295.0,304.20000000000005,0.0,4.0,190.0,2622,1,1.0,True
2623,-3.2891177500000004,14.02621,0.297584075,286.75,6687.25,1.63021075,97.25,54.25,295.75,299.0,307.0799999999581,0.0,4.0,194.0,2623,1,1.0,True
2624,-3.300040636363636,14.305781818181817,0.2442320727272727,279.09090909090907,6498.909090909091,1.6258123636363635,97.36363636363636,54.63636363636363,243.54545454545453,244.63636363636363,285.8399999998743,0.0,4.0,194.0,2624,1,1.0,True
2689,-3.3109247272727274,14.544764545454546,0.2356461909090909,281.27272727272725,6540.909090909091,1.6352644545454544,96.9090909090909,55.0,226.54545454545453,244.8181818181818,300.9600000001258,0.0,4.0,194.0,2689,1,1.0,True
2690,-3.3293810833333333,14.852465833333333,0.29634325833333336,284.6666666666667,6633.5,1.6112315,98.5,55.0,293.5833333333333,298.9166666666667,307.4399999998743,0.0,4.0,194.0,2690,1,1.0,True
2691,-3.3335985,15.118025,0.2984349,286.0,6668.0,1.6091715,96.0,55.0,299.0,298.0,151.9200000000419,0.0,4.0,194.0,2691,1,1.0,True
2692,-3.342816181818182,15.414117272727275,0.2982222,284.54545454545456,6625.727272727273,1.6028264545454547,93.45454545454545,55.0,298.45454545454544,298.09090909090907,300.9599999999162,0.0,4.0,194.0,2692,1,1.0,True
2693,-3.3508932727272724,15.675864545454544,0.2984542363636364,284.54545454545456,6629.0,1.6014977272727273,92.18181818181819,55.0,298.27272727272725,298.27272727272725,308.52000000004193,0.0,4.0,194.0,2693,1,1.0,True
2694,-3.366738727272727,15.961123636363636,0.2988023454545454,285.6363636363636,6659.818181818182,1.592826909090909,84.63636363636364,54.72727272727273,298.3636363636364,299.0,304.9200000000419,0.0,4.0,194.0,2694,1,1.0,True
2695,-3.37360975,16.2637325,0.299179425,285.5,6660.5,1.5912102499999998,86.25,54.75,298.75,299.0,304.55999999991616,0.0,4.0,194.0,2695,1,1.0,True
2696,-3.3776327000000004,16.544868,0.29877525,285.1,6644.0,1.5968909999999998,89.3,55.0,298.3,299.0,302.0400000000838,0.0,4.0,194.0,2696,1,1.0,True
2697,-3.376576181818182,16.82873818181818,0.29180214545454547,283.54545454545456,6606.818181818182,1.6020276363636363,93.45454545454545,55.0,293.54545454545456,289.45454545454544,299.1599999999162,0.0,4.0,194.0,2697,1,1.0,True
2698,-3.3880205,17.070826666666665,0.18771834166666668,270.1666666666667,6285.0,1.7067594166666666,94.41666666666667,55.0,274.1666666666667,101.58333333333333,298.0800000001677,0.0,4.0,176.0,2698,1,1.0,True
2699,-3.4432955,17.197245000000002,0.105717865,278.5,6480.0,2.21605,62.5,55.0,277.0,-65.5,145.0799999999581,0.0,4.0,176.0,2699,1,1.0,True
2700,-3.497627833333333,17.216033333333332,0.10834126083333334,276.5833333333333,6434.583333333333,2.7086745000000003,63.5,55.0,267.25,-50.083333333333336,296.63999999987425,0.0,4.0,172.0,2700,1,1.0,True
2701,-3.646731,17.220214,0.19335522,282.1,6573.6,-2.4540968,64.4,55.0,238.4,147.9,302.76000000012573,0.0,4.0,182.0,2701,1,1.0,True
2702,-3.8552645454545456,17.222684545454545,0.26090090909090907,291.54545454545456,6804.363636363636,-1.3933317272727275,78.18181818181819,54.18181818181818,223.1818181818182,298.09090909090907,308.1599999999162,0.0,4.0,182.0,2702,1,1.0,True
2703,-4.1422402499999995,17.238425,0.296520475,285.75,6654.75,3.12356025,95.75,54.75,297.0,295.25,306.0,0.0,4.0,182.0,2703,1,1.0,True
2704,-4.407509181818181,17.23836090909091,0.2973327,286.54545454545456,6687.727272727273,3.1297030909090906,98.45454545454545,54.27272727272727,299.0,294.90909090909093,308.16000000012576,0.0,4.0,186.0,2704,1,1.0,True
2705,-4.7021381818181816,17.238276363636363,0.29632712727272725,284.54545454545456,6637.636363636364,3.1363692727272725,99.63636363636364,54.09090909090909,298.09090909090907,293.8181818181818,301.6799999999581,0.0,4.0,186.0,2705,1,1.0,True
2706,-4.92574175,17.242415833333332,0.17701184666666667,261.4166666666667,6079.666666666667,-0.52115475,100.0,55.0,178.75,174.91666666666666,277.55999999991616,0.0,4.0,186.0,2706,1,1.0,True
2707,-5.030628,17.242304999999998,0.09848565499999999,261.0,6073.0,-3.134502,100.0,55.0,100.0,97.5,139.32000000004192,0.0,4.0,186.0,2707,1,1.0,True
2727,-4.868564,17.238345,0.2793972,283.5,6612.75,0.0393828575,99.25,54.0,282.0,276.75,307.8,0.0,2.0,184.0,2727,1,1.0,True
2728,-4.593086363636363,17.24418818181818,0.2987636454545454,287.54545454545456,6708.727272727273,0.04355588727272727,98.27272727272727,54.18181818181818,299.0,298.45454545454544,305.2799999999581,0.0,2.0,184.0,2728,1,1.0,True
2729,-4.301399090909091,17.253156363636364,0.29818352727272723,286.90909090909093,6692.818181818182,0.042483,97.36363636363636,54.45454545454545,297.27272727272725,299.0,304.20000000000005,0.0,2.0,180.0,2729,1,1.0,True
2730,-4.034565583333333,17.265235,0.29779675,281.8333333333333,6573.916666666667,0.0390019475,97.66666666666667,54.5,296.0,299.0,302.7599999999162,0.0,2.0,180.0,2730,1,1.0,True
2731,-3.729634,17.27297,0.29907305,283.0,6592.0,0.034454405,98.5,54.5,298.5,299.0,147.6,0.0,2.0,180.0,2731,1,1.0,True
2732,-3.440733,17.280204545454545,0.2986476,285.3636363636364,6662.0,0.03457922,98.54545454545455,54.0,298.54545454545456,299.0,307.8,0.0,2.0,316.0,2732,1,1.0,True
2733,-3.169101181818182,17.288348181818183,0.2982608727272727,288.45454545454544,6738.363636363636,0.03213917454545454,98.0,54.0,297.6363636363636,299.0,304.2,0.0,2.0,328.0,2733,1,1.0,True
2734,-2.912446727272727,17.296047272727275,0.29857025454545455,285.8181818181818,6674.0,0.03152659,98.27272727272727,54.54545454545455,298.09090909090907,298.72727272727275,304.20000000000005,0.0,2.0,324.0,2734,1,1.0,True
2735,-2.61379725,17.3028875,0.26950605,283.0,6603.5,0.040167375,99.0,54.0,292.0,247.5,300.2400000000838,0.0,2.0,46.0,2735,1,1.0,True
2736,-2.4262884545454546,17.337062727272727,0.11819048727272728,276.90909090909093,6452.727272727273,0.3918541427272728,97.54545454545455,54.72727272727273,270.45454545454544,-33.45454545454545,298.0799999999581,0.0,2.0,46.0,2736,1,1.0,True
2737,-2.362078818181818,17.403744545454543,0.11532857818181817,279.1818181818182,6509.727272727273,0.9370935272727273,96.9090909090909,54.90909090909091,282.8181818181818,-52.0,295.56000000012574,0.0,2.0,50.0,2737,1,1.0,True
2738,-2.32789025,17.537206666666666,0.20115465,283.0833333333333,6605.916666666667,1.4241374999999998,82.75,54.0,299.0,103.16666666666667,308.8799999999581,0.0,2.0,50.0,2738,1,1.0,True
2739,-2.32889,17.744629999999997,0.2633761272727273,291.45454545454544,6800.0,1.611827090909091,73.36363636363636,54.0,260.8181818181818,265.8181818181818,154.8,0.0,2.0,110.0,2739,1,1.0,True
2740,-2.329930818181818,18.04559181818182,0.28758664545454543,293.45454545454544,6854.090909090909,1.5650256363636366,95.0,54.0,275.90909090909093,299.0,309.9599999999162,0.0,2.0,114.0,2740,1,1.0,True
2741,-2.3239755454545454,18.319206363636365,0.29628847272727277,286.0,6676.272727272727,1.5545313636363636,99.27272727272727,54.0,298.6363636363636,293.72727272727275,303.8400000000838,0.0,2.0,54.0,2741,1,1.0,True
2742,-2.3227591666666667,18.618205,0.29694593333333336,288.0,6721.333333333333,1.5667415,100.0,54.0,299.0,294.6666666666667,306.7200000000419,0.0,2.0,54.0,2742,1,1.0,True
2743,-2.3224565,18.881705,0.2982222,286.0,6672.5,1.57413925,100.0,54.25,299.0,297.0,305.27999999995814,0.0,2.0,54.0,2743,1,1.0,True
2744,-2.3216710909090907,19.17593181818182,0.2976034181818182,284.90909090909093,6640.0,1.5815691818181818,99.45454545454545,54.27272727272727,299.0,295.72727272727275,302.40000000000003,0.0,2.0,54.0,2744,1,1.0,True
2745,-2.320744818181818,19.41919818181818,0.29694596363636366,286.09090909090907,6674.545454545455,1.587956,100.0,54.0,299.0,294.3636363636364,306.0,0.0,2.0,54.0,2745,1,1.0,True
2746,-2.325099818181818,19.74564818181818,0.2987636727272727,285.8181818181818,6669.909090909091,1.5953404545454546,100.0,54.09090909090909,299.0,297.72727272727275,301.3200000000419,0.0,2.0,54.0,2746,1,1.0,True
2747,-2.329191454545455,20.01358272727273,0.29868632727272726,285.45454545454544,6655.545454545455,1.5978462727272726,100.0,54.45454545454545,299.0,298.09090909090907,150.4799999999581,0.0,2.0,54.0,2747,1,1.0,True
2748,-2.3351542727272725,20.318032727272726,0.29887969090909094,285.09090909090907,6655.181818181818,1.5990108181818181,100.0,54.0,299.0,298.54545454545456,305.27999999995814,0.0,2.0,58.0,2748,1,1.0,True
2749,-2.339621,20.55662,0.29926645454545453,283.6363636363636,6626.818181818182,1.6007719090909092,100.0,54.0,299.0,298.90909090909093,308.1599999999162,0.0,2.0,58.0,2749,1,1.0,True
2750,-2.3472441666666666,20.864438333333332,0.2992858,285.3333333333333,6662.333333333333,1.6008045,100.0,54.0,299.0,299.0,299.52000000004193,0.0,2.0,58.0,2750,1,1.0,True
2751,-2.35191125,21.1580475,0.2989667,285.0,6659.0,1.6025615,100.0,54.0,299.0,298.5,308.52000000004193,0.0,2.0,58.0,2751,1,1.0,True
2752,-2.358701090909091,21.431885454545455,0.2991117545454545,284.72727272727275,6636.0,1.602910909090909,100.0,54.18181818181818,298.8181818181818,299.0,302.04000000008386,0.0,2.0,58.0,2752,1,1.0,True
2753,-2.3629106363636363,21.650362727272725,0.1728768190909091,263.90909090909093,6142.727272727273,1.6023064545454544,100.0,55.0,172.54545454545453,172.9090909090909,280.4399999998743,0.0,2.0,58.0,2753,1,1.0,True
2754,-2.3651763333333333,21.76103833333333,0.09231700250000001,260.4166666666667,6060.666666666667,1.6040853333333331,100.0,55.0,92.75,92.75,276.8400000000838,0.0,2.0,58.0,2754,1,1.0,True
3216,-2.3152006666666667,16.40328,0.26156485,287.5,6439.5,-1.4986828333333333,58.5,62.0,271.6666666666667,251.16666666666666,0.0,0.0,33.0,32.0,3216,1,1.0,True
3217,-2.2739345999999996,16.167399,0.29635034,292.3,6551.9,-1.5068548,87.8,62.0,294.4,298.0,0.0,0.0,33.0,32.0,3217,1,1.0,True
3218,-2.2653873636363637,15.92880090909091,0.2977581,292.90909090909093,6560.636363636364,-1.5134552727272728,97.54545454545455,62.0,296.1818181818182,299.0,0.0,0.0,33.0,32.0,3218,1,1.0,True
3219,-2.254163333333333,15.621265000000001,0.29815131666666667,292.6666666666667,6558.5,-1.5178741666666669,100.0,62.0,296.8333333333333,299.0,0.0,0.0,33.0,32.0,3219,1,1.0,True
3220,-2.24174,15.332620909090908,0.29795151818181814,291.0,6524.363636363636,-1.5234244545454545,100.0,62.0,296.3636363636364,299.0,0.0,0.0,33.0,32.0,3220,1,1.0,True
3221,-2.22851725,15.052435833333334,0.2971941083333333,291.1666666666667,6517.916666666667,-1.5292681666666665,100.0,62.0,294.5833333333333,299.0,0.0,0.0,33.0,32.0,3221,1,1.0,True
3222,-2.2189483636363634,14.78773,0.29775812727272727,293.54545454545456,6590.363636363636,-1.5350724545454546,100.0,62.0,295.90909090909093,299.0,0.0,0.0,33.0,32.0,3222,1,1.0,True
3223,-2.2147787272727273,14.512777272727272,0.2983768909090909,293.0,6563.272727272727,-1.5361975454545453,100.0,62.0,298.8181818181818,297.54545454545456,0.0,0.0,33.0,32.0,3223,1,1.0,True
3224,-2.205525833333333,14.206791666666668,0.29886035,293.3333333333333,6578.333333333333,-1.5358041666666666,100.0,62.0,298.6666666666667,298.8333333333333,0.0,0.0,33.0,32.0,3224,1,1.0,True
3225,-2.1987813,13.939727,0.29907305,290.6,6516.7,-1.5375627,100.0,62.0,298.8,298.7,0.0,0.0,33.0,32.0,3225,1,1.0,True
3226,-2.1905084545454545,13.649054545454545,0.29872496363636364,290.45454545454544,6513.363636363636,-1.538866,100.0,62.0,299.0,298.72727272727275,0.0,0.0,33.0,28.0,3226,1,1.0,True
3227,-2.1798925,13.367518333333331,0.29864765,292.0,6551.833333333333,-1.5412571666666668,100.0,62.0,298.0,299.0,0.0,0.0,33.0,28.0,3227,1,1.0,True
3228,-2.1734762727272727,13.063011818181819,0.29899574545454544,293.54545454545456,6581.272727272727,-1.5432467272727273,100.0,62.0,299.0,298.8181818181818,0.0,0.0,33.0,28.0,3228,1,1.0,True
3229,-2.1710022727272724,12.819497272727272,0.2979901636363636,291.1818181818182,6522.545454545455,-1.5416223636363637,100.0,62.0,297.3636363636364,298.09090909090907,0.0,0.0,33.0,28.0,3229,1,1.0,True
3230,-2.1824269999999997,12.571753333333334,0.1578796,286.44444444444446,6418.0,-1.7856457777777779,98.55555555555556,62.0,16.555555555555557,299.0,0.0,0.0,33.0,28.0,3230,1,1.0,True
3231,-2.2332262727272725,12.472869090909091,0.11173179090909091,285.45454545454544,6390.545454545455,-2.314247,96.54545454545455,62.0,-57.27272727272727,280.09090909090907,0.0,0.0,33.0,28.0,3231,1,1.0,True
3232,-2.328901636363636,12.410836363636365,0.13729594545454546,286.09090909090907,6407.727272727273,-2.9512306363636367,98.81818181818181,62.0,-16.181818181818183,290.45454545454544,0.0,0.0,33.0,28.0,3232,1,1.0,True
3233,-2.450184181818182,12.39669818181818,0.14131812727272727,284.90909090909093,6380.818181818182,0.3538268181818181,94.0909090909091,62.0,217.36363636363637,65.0,0.0,0.0,33.0,28.0,3233,1,1.0,True
3234,-2.5514799999999997,12.365236363636363,0.1322681818181818,283.45454545454544,6346.272727272727,-2.5828615454545454,68.27272727272727,62.0,296.45454545454544,-32.09090909090909,0.0,0.0,33.0,28.0,3234,1,1.0,True
3235,-2.6335378333333335,12.266671666666667,0.13911361666666666,284.0,6357.0,-1.9806738333333334,66.83333333333333,62.0,293.8333333333333,-16.0,0.0,0.0,33.0,28.0,3235,1,1.0,True
3236,-2.6452874545454543,12.11414181818182,0.21329214545454545,292.45454545454544,6555.181818181818,-1.5496716363636365,74.81818181818181,62.0,291.27272727272725,134.72727272727272,0.0,0.0,33.0,6.0,3236,1,1.0,True
3237,-2.6204723636363636,11.868870909090909,0.26588999999999996,296.27272727272725,6639.181818181818,-1.5377623636363635,72.81818181818181,62.0,233.0909090909091,298.54545454545456,0.0,0.0,33.0,6.0,3237,1,1.0,True
3238,-2.6371814545454546,11.626266363636363,0.29044855454545454,293.09090909090907,6568.545454545455,-1.568785181818182,89.0,62.0,281.45454545454544,299.0,0.0,0.0,33.0,6.0,3238,1,1.0,True
3239,-2.6410663636363636,11.339468181818182,0.2972553363636364,290.72727272727275,6511.090909090909,-1.5743095454545455,99.0,62.0,298.54545454545456,295.54545454545456,0.0,0.0,33.0,6.0,3239,1,1.0,True
3240,-2.6400961818181816,11.069429090909091,0.29729404545454546,290.90909090909093,6515.636363636364,-1.5680939999999999,100.0,62.0,299.0,294.90909090909093,0.0,0.0,33.0,6.0,3240,1,1.0,True
3241,-2.6380938181818183,10.773138181818181,0.2979514909090909,294.27272727272725,6595.090909090909,-1.561712090909091,99.45454545454545,62.0,299.0,296.3636363636364,0.0,0.0,33.0,6.0,3241,1,1.0,True
3242,-2.6361854545454544,10.510065454545453,0.29818352727272723,294.27272727272725,6600.363636363636,-1.5572599090909092,99.81818181818181,62.0,299.0,296.90909090909093,0.0,0.0,33.0,10.0,3242,1,1.0,True
3243,-2.635248333333333,10.203146666666667,0.29772585,294.5,6601.333333333333,-1.5510113333333333,99.66666666666667,62.0,299.0,295.8333333333333,0.0,0.0,33.0,10.0,3243,1,1.0,True
3244,-2.631345090909091,9.947336454545455,0.2988023545454545,294.09090909090907,6596.545454545455,-1.5465280000000001,100.0,62.0,299.0,298.27272727272725,0.0,0.0,33.0,10.0,3244,1,1.0,True
3245,-2.623489090909091,9.646783000000001,0.2992664636363636,293.3636363636364,6576.545454545455,-1.5460287272727273,100.0,62.0,299.0,299.0,0.0,0.0,33.0,10.0,3245,1,1.0,True
3246,-2.616267909090909,9.364062363636362,0.2991117272727273,290.6363636363636,6522.909090909091,-1.5473578181818182,100.0,62.0,298.54545454545456,299.0,0.0,0.0,33.0,10.0,3246,1,1.0,True
3247,-2.607248090909091,9.080211636363636,0.29470281818181815,287.1818181818182,6445.636363636364,-1.5492425454545455,100.0,62.0,290.1818181818182,299.0,0.0,0.0,33.0,10.0,3247,1,1.0,True
3248,-2.6205815,8.851314166666667,0.19158260000000002,285.3333333333333,6406.0,-1.7261503333333332,99.33333333333333,62.0,83.83333333333333,299.0,0.0,0.0,33.0,278.0,3248,1,1.0,True
3249,-2.674601181818182,8.70842690909091,0.14650052727272728,284.45454545454544,6367.272727272727,-2.2176197272727274,99.0909090909091,62.0,-6.545454545454546,299.0,0.0,0.0,33.0,278.0,3249,1,1.0,True
3250,-2.7894584545454544,8.628162363636363,0.16931876363636364,284.8181818181818,6378.181818181818,-2.7448004545454547,100.0,62.0,39.09090909090909,299.0,0.0,0.0,33.0,278.0,3250,1,1.0,True
3251,-2.9528335,8.576775,0.19895661333333334,283.1666666666667,6335.166666666667,-3.072464,99.66666666666667,62.0,179.83333333333334,218.16666666666666,0.0,0.0,33.0,278.0,3251,1,1.0,True
3254,-3.1222495454545456,8.39785990909091,0.18591028181818184,291.0,6520.272727272727,-1.6765442727272728,67.0,62.0,291.90909090909093,79.45454545454545,0.0,0.0,33.0,278.0,3254,1,1.0,True
3255,-3.101336272727273,8.169352272727274,0.2670502454545454,289.3636363636364,6492.272727272727,-1.5337177272727274,60.09090909090909,62.0,257.90909090909093,275.8181818181818,0.0,0.0,33.0,278.0,3255,1,1.0,True
3256,-3.1214731666666666,7.922083499999999,0.28595583333333335,294.0,6592.5,-1.5822293333333333,77.16666666666667,62.0,272.8333333333333,299.0,0.0,0.0,33.0,278.0,3256,1,1.0,True
3257,-3.133691666666667,7.6671648333333335,0.297406825,291.0833333333333,6528.166666666667,-1.5894165833333334,97.5,62.0,298.8333333333333,295.4166666666667,0.0,0.0,33.0,278.0,3257,1,1.0,True
3258,-3.136701909090909,7.375880181818181,0.29679120909090906,289.6363636363636,6494.727272727273,-1.5799072727272725,100.0,62.0,299.0,293.8181818181818,0.0,0.0,33.0,278.0,3258,1,1.0,True
3259,-3.1381971666666666,7.1140955,0.2968041166666667,291.6666666666667,6540.333333333333,-1.5707025000000001,100.0,62.0,299.0,294.0,0.0,0.0,33.0,278.0,3259,1,1.0,True
3260,-3.137268,6.816718636363635,0.2777245218181818,287.45454545454544,6444.272727272727,-1.5638711818181819,100.0,62.09090909090909,279.0,275.90909090909093,0.0,1.0,33.0,278.0,3260,1,1.0,True
3262,-3.135272545454546,6.605975727272727,0.15295926363636364,277.0,6209.818181818182,-1.5485965454545456,100.0,62.54545454545455,151.0909090909091,154.8181818181818,0.0,1.0,33.0,278.0,3262,1,1.0,True
3263,-3.131804,6.428070272727274,0.18884955454545455,242.8181818181818,5412.545454545455,-1.5494690909090911,97.81818181818181,62.90909090909091,188.1818181818182,189.36363636363637,0.0,1.0,33.0,278.0,3263,1,1.0,True
3264,-3.1327766666666665,6.296614000000001,0.21802981666666668,282.3333333333333,6325.333333333333,-1.545594666666667,97.66666666666667,62.166666666666664,216.0,220.66666666666666,0.0,1.0,33.0,278.0,3264,1,1.0,True
3265,-3.1281304545454547,6.011679818181818,0.29818350909090907,294.1818181818182,6602.818181818182,-1.550016909090909,99.81818181818181,62.0,297.8181818181818,298.45454545454544,0.0,0.0,33.0,282.0,3265,1,1.0,True
3266,-3.1215053636363637,5.760932363636364,0.29857025454545455,294.72727272727275,6609.545454545455,-1.5508534545454544,100.0,62.0,298.1818181818182,298.6363636363636,0.0,0.0,33.0,282.0,3266,1,1.0,True
3267,-3.1184035,5.461088666666666,0.2985058,292.6666666666667,6562.333333333333,-1.5488661666666665,100.0,62.0,299.0,297.8333333333333,0.0,0.0,33.0,282.0,3267,1,1.0,True
3268,-3.1088270909090907,5.184905545454545,0.29845424545454546,291.45454545454544,6535.181818181818,-1.5478543636363638,100.0,62.0,297.90909090909093,299.0,0.0,0.0,33.0,282.0,3268,1,1.0,True
3269,-3.103115090909091,4.882687181818182,0.2983769363636364,292.90909090909093,6569.545454545455,-1.5495138181818182,100.0,62.0,299.0,297.3636363636364,0.0,0.0,33.0,282.0,3269,1,1.0,True
3270,-3.0977711818181817,4.631077363636364,0.2986476,291.6363636363636,6539.636363636364,-1.5473657272727273,100.0,62.0,298.54545454545456,298.45454545454544,0.0,0.0,33.0,282.0,3270,1,1.0,True
3271,-3.0878486363636366,4.331915363636363,0.2984155636363636,290.3636363636364,6510.363636363636,-1.5500450000000001,100.0,62.0,297.8181818181818,298.6363636363636,0.0,0.0,33.0,282.0,3271,1,1.0,True
3272,-3.084845181818182,4.036834090909091,0.2986476,289.27272727272725,6491.727272727273,-1.5488562727272728,100.0,62.0,298.6363636363636,298.3636363636364,0.0,0.0,33.0,282.0,3272,1,1.0,True
3273,-3.0759079090909087,3.7537818181818183,0.2991117545454545,290.54545454545456,6516.272727272727,-1.547878909090909,100.0,62.0,298.8181818181818,299.0,0.0,0.0,33.0,282.0,3273,1,1.0,True
3274,-3.0717053636363634,3.503224545454545,0.2983382454545454,291.8181818181818,6557.363636363636,-1.5475487272727273,99.81818181818181,62.0,298.6363636363636,297.3636363636364,0.0,0.0,33.0,282.0,3274,1,1.0,True
3275,-3.0606468181818185,3.185872181818182,0.2983769090909091,292.54545454545456,6570.0,-1.5486316363636363,98.27272727272727,62.0,297.3636363636364,299.0,0.0,0.0,33.0,282.0,3275,1,1.0,True
3276,-3.0573644545454544,2.903811363636364,0.2986089727272727,292.54545454545456,6564.909090909091,-1.5482166363636365,98.72727272727273,62.0,299.0,297.90909090909093,0.0,0.0,33.0,282.0,3276,1,1.0,True
3277,-3.0521646666666666,2.6235925,0.29932125,291.1666666666667,6539.583333333333,-1.5459055,99.41666666666667,62.0,299.0,299.0,0.0,0.0,33.0,282.0,3277,1,1.0,True
3278,-3.0451373636363637,2.356395272727273,0.29930513636363637,292.09090909090907,6550.454545454545,-1.546003909090909,99.0,62.0,299.0,299.0,0.0,0.0,33.0,282.0,3278,1,1.0,True
3279,-3.038912272727273,2.076325090909091,0.29930513636363637,290.6363636363636,6519.181818181818,-1.5465735454545453,99.0,62.0,299.0,299.0,0.0,0.0,33.0,282.0,3279,1,1.0,True
3280,-3.0328609090909087,1.7808196363636364,0.2991891181818182,293.0,6567.545454545455,-1.545550181818182,98.18181818181819,62.0,299.0,299.0,0.0,0.0,33.0,286.0,3280,1,1.0,True
3281,-3.02784375,1.49963075,0.298860325,292.0,6546.75,-1.54439075,96.5,62.0,299.0,298.25,0.0,0.0,33.0,290.0,3281,1,1.0,True
3282,-3.0217200909090907,1.196467,0.2991890909090909,292.8181818181818,6562.363636363636,-1.542459909090909,93.0909090909091,62.0,299.0,298.72727272727275,0.0,0.0,33.0,22.0,3282,1,1.0,True
3283,-3.0129795,0.9302601333333333,0.2988603833333333,293.3333333333333,6574.5,-1.5431178333333333,92.0,62.0,298.5,299.0,0.0,0.0,33.0,22.0,3283,1,1.0,True
3284,-3.0008009090909087,0.623345709090909,0.2950895727272727,294.3636363636364,6601.181818181818,-1.548609,91.27272727272727,62.0,290.54545454545456,299.0,0.0,0.0,33.0,26.0,3284,1,1.0,True
3285,-2.999805818181818,0.40020945454545453,0.25455826363636364,293.09090909090907,6566.636363636364,-1.6023039090909093,90.0,62.0,209.8181818181818,299.0,0.0,0.0,33.0,26.0,3285,1,1.0,True
3286,-3.041781272727272,0.16284538181818184,0.1796836181818182,285.27272727272725,6390.636363636364,-1.896143181818182,80.36363636363636,62.0,61.90909090909091,297.6363636363636,0.0,0.0,33.0,26.0,3286,1,1.0,True
3303,-3.2758015454545455,0.003876562727272727,0.15129623636363637,280.6363636363636,6283.0,3.111802909090909,97.0909090909091,62.09090909090909,171.0909090909091,131.63636363636363,0.0,0.0,2.0,222.0,3303,1,1.0,True
3304,-3.485084181818182,0.0008850042727272727,0.28449260000000004,293.8181818181818,6588.909090909091,-1.9722932727272726,97.27272727272727,62.0,296.6363636363636,272.0,0.0,0.0,2.0,222.0,3304,1,1.0,True
3305,-3.7909283636363638,-0.008302351818181819,0.2980674818181818,291.6363636363636,6536.272727272727,-3.0947925454545455,98.54545454545455,62.0,297.09090909090907,298.8181818181818,0.0,0.0,2.0,226.0,3305,1,1.0,True
3306,-4.074486545454545,-0.01682291090909091,0.2911060454545455,287.45454545454544,6444.636363636364,-3.0969818181818183,98.72727272727273,62.0,290.1818181818182,291.90909090909093,0.0,0.0,2.0,226.0,3306,1,1.0,True
3307,-4.2870385,-0.024628171666666667,0.1537198466666667,268.3333333333333,6004.833333333333,-3.0993584999999997,99.0,62.0,153.0,154.33333333333334,0.0,0.0,2.0,226.0,3307,1,1.0,True
3308,-4.3929243636363635,-0.027468494545454546,0.09243302454545455,266.72727272727275,5969.090909090909,-3.1007723636363638,98.36363636363636,62.09090909090909,92.63636363636364,93.0,0.0,0.0,2.0,224.0,3308,1,1.0,True
3320,-4.383252333333333,-0.025784546666666668,0.1776854333333333,283.6666666666667,6350.166666666667,0.025761531666666667,92.66666666666667,62.0,172.0,183.16666666666666,0.0,0.0,2.0,224.0,3320,1,1.0,True
3321,-4.1074091818181815,-0.023394065454545455,0.29741003636363633,294.8181818181818,6609.454545454545,0.011484673636363636,92.72727272727273,62.0,295.90909090909093,298.1818181818182,0.0,0.0,2.0,224.0,3321,1,1.0,True
3322,-3.856890636363637,-0.019136094545454545,0.2983382181818182,296.27272727272725,6652.727272727273,0.010734802727272728,92.0,62.0,299.0,297.27272727272725,0.0,0.0,2.0,220.0,3322,1,1.0,True
3323,-3.558466166666667,-0.012990908333333334,0.2985058,292.5,6567.0,0.013589184999999998,91.33333333333333,62.0,299.0,297.8333333333333,0.0,0.0,2.0,220.0,3323,1,1.0,True
3324,-3.291436818181818,-0.0059910654545454545,0.24867967181818182,283.3636363636364,6347.090909090909,0.06048686545454545,91.72727272727273,62.0,295.72727272727275,201.8181818181818,0.0,0.0,2.0,220.0,3324,1,1.0,True
3325,-3.1404437499999998,0.03679301583333334,0.0917852175,284.5,6368.916666666667,0.5570170416666667,81.0,62.0,264.5,-80.83333333333333,0.0,0.0,2.0,24.0,3325,1,1.0,True
3326,-3.0890883636363635,0.06651241818181819,0.12271548181818183,285.8181818181818,6399.272727272727,1.0304040909090908,58.90909090909091,62.0,282.72727272727275,-37.27272727272727,0.0,0.0,2.0,24.0,3326,1,1.0,True
3327,-3.0665065454545455,0.22035228545454544,0.24260768181818182,295.09090909090907,6624.0,1.480456,76.72727272727273,62.0,298.3636363636364,186.54545454545453,0.0,0.0,2.0,24.0,3327,1,1.0,True
3328,-3.067004090909091,0.48502076363636365,0.2870838636363636,297.09090909090907,6666.0,1.566480181818182,87.0909090909091,62.0,284.45454545454544,289.3636363636364,0.0,0.0,2.0,20.0,3328,1,1.0,True
3329,-3.0461615454545456,0.7958265272727272,0.29288507272727277,294.45454545454544,6605.454545454545,1.5536534545454546,90.0,62.0,289.54545454545456,296.0,0.0,0.0,2.0,20.0,3329,1,1.0,True
3330,-3.038445909090909,1.0517159818181818,0.2952829090909091,289.54545454545456,6500.909090909091,1.5602923636363635,91.81818181818181,62.0,299.0,290.90909090909093,0.0,0.0,2.0,288.0,3330,1,1.0,True
3331,-3.04457,1.3502640000000001,0.29822220000000005,289.5,6492.5,1.568708,90.16666666666667,62.0,299.0,297.5,0.0,0.0,2.0,284.0,3331,1,1.0,True
3332,-3.0453197499999995,1.6204751666666668,0.29694594166666666,291.1666666666667,6531.25,1.5690247499999999,89.16666666666667,62.0,299.0,294.5833333333333,0.0,0.0,2.0,284.0,3332,1,1.0,True
3333,-3.046940818181818,1.886654909090909,0.29679126363636366,294.0,6600.727272727273,1.5758705454545454,91.0,62.0,299.0,294.09090909090907,0.0,0.0,2.0,280.0,3333,1,1.0,True
3334,-3.0516080909090912,2.1656586363636365,0.29880233636363634,291.72727272727275,6545.818181818182,1.5800724545454548,91.0,62.0,299.0,297.90909090909093,0.0,0.0,2.0,280.0,3334,1,1.0,True
3335,-3.056411,2.4357004545454544,0.29826088181818183,289.3636363636364,6498.909090909091,1.580862818181818,91.0,62.0,299.0,297.0,0.0,0.0,2.0,280.0,3335,1,1.0,True
3336,-3.063584,2.7335936666666663,0.29829310000000003,292.6666666666667,6571.833333333333,1.5808229999999999,90.33333333333333,62.0,299.0,297.1666666666667,0.0,0.0,2.0,280.0,3336,1,1.0,True
3337,-3.0667358181818183,3.0011283636363633,0.2981061818181818,294.1818181818182,6613.090909090909,1.58748,86.81818181818181,62.0,298.1818181818182,297.54545454545456,0.0,0.0,2.0,280.0,3337,1,1.0,True
3338,-3.069124909090909,3.311394363636363,0.2981062,294.90909090909093,6622.181818181818,1.594246909090909,93.54545454545455,62.0,296.54545454545456,299.0,0.0,0.0,2.0,280.0,3338,1,1.0,True
3339,-3.0776522727272724,3.608792363636364,0.29864762727272726,293.27272727272725,6581.181818181818,1.5916908181818181,96.72727272727273,62.0,297.90909090909093,298.8181818181818,0.0,0.0,2.0,280.0,3339,1,1.0,True
3340,-3.0825246363636363,3.9059997272727274,0.2988023454545454,292.54545454545456,6567.272727272727,1.591729272727273,97.0909090909091,62.0,299.0,298.3636363636364,0.0,0.0,2.0,280.0,3340,1,1.0,True
3341,-3.0866093636363634,4.146287545454546,0.2982608727272727,292.3636363636364,6562.363636363636,1.5934114545454543,98.0,62.0,298.45454545454544,297.6363636363636,0.0,0.0,2.0,280.0,3341,1,1.0,True
3342,-3.0933933636363635,4.4788429090909085,0.29884100909090905,292.6363636363636,6576.090909090909,1.593988272727273,98.45454545454545,62.0,299.0,298.45454545454544,0.0,0.0,2.0,280.0,3342,1,1.0,True
3343,-3.0992031818181816,4.7277403636363635,0.2986862818181818,289.90909090909093,6513.909090909091,1.5960857272727274,98.45454545454545,62.0,299.0,298.45454545454544,0.0,0.0,2.0,280.0,3343,1,1.0,True
3344,-3.1045301666666667,5.023807333333333,0.29907305,292.0,6561.5,1.5971363333333333,98.16666666666667,62.0,299.0,298.6666666666667,0.0,0.0,2.0,280.0,3344,1,1.0,True
3345,-3.110505272727273,5.286998090909091,0.29922777272727275,293.72727272727275,6594.090909090909,1.5975934545454544,98.27272727272727,62.0,299.0,298.8181818181818,0.0,0.0,2.0,280.0,3345,1,1.0,True
3346,-3.1186399999999996,5.570488636363637,0.2990731,294.45454545454544,6610.636363636364,1.5966796363636364,99.0,62.0,299.0,299.0,0.0,0.0,2.0,280.0,3346,1,1.0,True
3347,-3.124083666666667,5.874419166666667,0.29864765,291.0,6535.166666666667,1.5968916666666668,99.0,62.0,299.0,298.0,0.0,0.0,2.0,280.0,3347,1,1.0,True
3348,-3.130375454545455,6.141372636363636,0.2990731,290.90909090909093,6533.181818181818,1.5979697272727271,99.0909090909091,62.0,299.0,299.0,0.0,0.0,2.0,276.0,3348,1,1.0,True
3349,-3.1382636363636363,6.430467545454545,0.29930513636363637,291.45454545454544,6552.636363636364,1.5969640909090907,100.0,62.0,299.0,299.0,0.0,0.0,2.0,276.0,3349,1,1.0,True
3350,-3.1442393636363635,6.715053090909091,0.2992664636363636,292.0,6565.818181818182,1.5968656363636364,99.0,61.54545454545455,299.0,299.0,0.0,0.0,2.0,276.0,3350,1,1.0,True
3351,-3.1502486363636364,7.005783090909091,0.29903437272727273,292.90909090909093,6577.272727272727,1.5973789090909092,99.0,61.90909090909091,299.0,298.45454545454544,0.0,0.0,2.0,276.0,3351,1,1.0,True
3352,-3.1561049090909092,7.253360545454546,0.29926643636363637,293.27272727272725,6592.545454545455,1.598008090909091,99.81818181818181,62.0,299.0,298.72727272727275,0.0,0.0,2.0,276.0,3352,1,1.0,True
3353,-3.1649413636363635,7.576013272727272,0.2986476,293.1818181818182,6583.363636363636,1.5983112727272726,99.18181818181819,62.0,298.1818181818182,298.8181818181818,0.0,0.0,2.0,276.0,3353,1,1.0,True
3354,-3.1702084545454543,7.837373454545454,0.2991117272727273,292.45454545454544,6564.272727272727,1.598027090909091,99.0,62.0,298.54545454545456,299.0,0.0,0.0,2.0,276.0,3354,1,1.0,True
3355,-3.1749256666666668,8.133987166666666,0.2837578,292.0,6559.333333333333,1.5873448333333335,99.0,62.0,268.1666666666667,299.0,0.0,0.0,2.0,276.0,3355,1,1.0,True
3356,-3.171351272727273,8.344198363636364,0.1920982909090909,286.54545454545456,6426.909090909091,1.4109938181818182,97.0,62.0,84.9090909090909,298.54545454545456,0.0,0.0,2.0,276.0,3356,1,1.0,True
3357,-3.119130727272727,8.48742909090909,0.10910192727272726,283.6363636363636,6360.909090909091,0.8989901454545456,95.54545454545455,62.0,-59.09090909090909,277.09090909090907,0.0,0.0,2.0,276.0,3357,1,1.0,True
3359,-2.9224361818181817,8.546989272727272,0.1592633109090909,286.72727272727275,6440.363636363636,0.021147876363636367,91.54545454545455,62.0,226.27272727272728,92.0,0.0,0.0,2.0,276.0,3359,1,1.0,True
3360,-2.7839143333333336,8.583474833333332,0.15180546666666667,284.5,6379.166666666667,0.4307191166666667,94.0,62.0,299.0,4.0,0.0,0.0,2.0,276.0,3360,1,1.0,True
3361,-2.6758623636363636,8.670602636363638,0.15079344545454546,285.54545454545456,6399.727272727273,0.9860911090909091,92.54545454545455,62.0,299.0,2.0,0.0,0.0,2.0,276.0,3361,1,1.0,True
3362,-2.6478887272727274,8.823997545454546,0.19820888181818183,290.6363636363636,6521.363636363636,1.4574055454545454,92.0,61.81818181818182,297.1818181818182,98.54545454545455,0.0,0.0,2.0,276.0,3362,1,1.0,True
3363,-2.650927181818182,9.031986090909092,0.2663541,298.45454545454544,6696.363636363636,1.6278505454545453,96.36363636363636,61.54545454545455,249.72727272727272,282.6363636363636,0.0,0.0,2.0,8.0,3363,1,1.0,True
3364,-2.6547227999999996,9.3025332,0.29175576,297.3,6689.3,1.5607484,97.5,61.1,285.4,298.3,0.0,0.0,2.0,8.0,3364,1,1.0,True
3365,-2.6557960909090905,9.571994818181818,0.29775812727272727,291.45454545454544,6549.909090909091,1.5532409999999999,98.54545454545455,62.0,299.0,295.90909090909093,0.0,0.0,2.0,8.0,3365,1,1.0,True
3366,-2.654914583333333,9.877259166666667,0.29715865,293.8333333333333,6601.75,1.5607279166666668,99.0,61.583333333333336,299.0,294.5,0.0,0.0,2.0,8.0,3366,1,1.0,True
3367,-2.652619,10.136923363636363,0.2969845818181818,290.3636363636364,6512.0,1.569350909090909,99.0,61.90909090909091,299.0,294.09090909090907,0.0,0.0,2.0,8.0,3367,1,1.0,True
3368,-2.652518833333333,10.442638333333333,0.29758408333333336,290.5,6522.5,1.5784556666666667,99.0,62.0,299.0,295.5,0.0,0.0,2.0,4.0,3368,1,1.0,True
3369,-2.6483161818181817,10.733761818181819,0.29752603636363634,290.3636363636364,6527.818181818182,1.5903046363636364,99.27272727272727,62.0,299.0,295.3636363636364,0.0,0.0,2.0,4.0,3369,1,1.0,True
3370,-2.6507645454545457,11.020252727272727,0.29907307272727274,291.45454545454544,6538.727272727273,1.5982286363636364,100.0,62.0,299.0,298.45454545454544,0.0,0.0,2.0,4.0,3370,1,1.0,True
3371,-2.6555215000000003,11.283568333333335,0.2992858,292.8333333333333,6575.333333333333,1.600153,100.0,61.5,299.0,299.0,0.0,0.0,2.0,4.0,3371,1,1.0,True
3372,-2.664019090909091,11.590259090909091,0.2991117727272727,292.8181818181818,6576.0,1.5995020000000002,100.0,62.0,299.0,299.0,0.0,0.0,2.0,4.0,3372,1,1.0,True
3373,-2.668582909090909,11.858873636363636,0.29903437272727273,291.90909090909093,6554.545454545455,1.5993541818181818,100.0,61.45454545454545,299.0,298.45454545454544,0.0,0.0,2.0,4.0,3373,1,1.0,True
3374,-2.668633454545455,12.108232727272728,0.2227674909090909,284.8181818181818,6400.272727272727,1.5263532727272726,98.0909090909091,61.45454545454545,146.1818181818182,299.0,0.0,0.0,2.0,30.0,3374,1,1.0,True
3375,-2.6310716363636364,12.236674545454546,0.14031256363636363,287.72727272727275,6466.090909090909,1.1054601454545454,95.0,62.0,-14.545454545454545,295.0,0.0,0.0,2.0,30.0,3375,1,1.0,True
3376,-2.553543,12.32282,0.12727268333333333,285.6666666666667,6412.666666666667,0.5077247666666667,98.5,62.0,-35.166666666666664,289.6666666666667,0.0,0.0,2.0,30.0,3376,1,1.0,True
3377,-2.4088748181818183,12.354147272727273,0.17995435454545453,285.0,6400.272727272727,0.07195250672727273,93.81818181818181,62.0,171.0,189.0909090909091,0.0,0.0,2.0,30.0,3377,1,1.0,True
3378,-2.294389,12.384014545454544,0.1118864781818182,284.27272727272725,6383.181818181818,0.31838249454545453,92.36363636363636,62.0,282.09090909090907,-58.18181818181818,0.0,0.0,2.0,30.0,3378,1,1.0,True
3379,-2.2264063333333333,12.454533333333332,0.10990119333333333,285.0,6405.5,0.9179847333333333,82.83333333333333,62.0,275.0,-55.5,0.0,0.0,2.0,30.0,3379,1,1.0,True
3380,-2.200670272727273,12.545939090909089,0.1651418909090909,287.72727272727275,6456.909090909091,1.434404909090909,75.54545454545455,62.0,288.3636363636364,41.72727272727273,0.0,0.0,2.0,30.0,3380,1,1.0,True
3381,-2.220151,12.761355454545454,0.24550832727272728,292.27272727272725,6564.181818181818,1.6863998181818183,78.27272727272727,62.0,205.45454545454547,285.3636363636364,0.0,0.0,2.0,30.0,3381,1,1.0,True
3382,-2.2145899166666667,12.96929,0.27283860833333334,298.0,6705.583333333333,1.5838025833333333,89.0,61.083333333333336,246.33333333333334,299.0,0.0,0.0,2.0,30.0,3382,1,1.0,True
3383,-2.2184103636363637,13.275526363636363,0.2974100454545454,291.45454545454544,6543.727272727273,1.543992090909091,94.54545454545455,61.90909090909091,297.1818181818182,297.1818181818182,0.0,0.0,2.0,30.0,3383,1,1.0,True
3384,-2.217795833333333,13.548143333333334,0.29616596666666667,291.1666666666667,6542.5,1.5469413333333335,93.66666666666667,61.5,299.0,293.0,0.0,0.0,2.0,30.0,3384,1,1.0,True
3385,-2.2136402727272726,13.859168181818182,0.29675254545454544,292.72727272727275,6576.545454545455,1.5618266363636364,94.0909090909091,61.45454545454545,299.0,293.72727272727275,0.0,0.0,2.0,34.0,3385,1,1.0,True
3386,-2.21047825,14.115686666666667,0.29765498333333335,294.1666666666667,6615.666666666667,1.5722130833333334,95.75,61.416666666666664,299.0,295.8333333333333,0.0,0.0,2.0,34.0,3386,1,1.0,True
3387,-2.210360666666667,14.421278333333333,0.29737136666666664,291.0,6533.333333333333,1.5806011666666666,96.0,62.0,299.0,295.3333333333333,0.0,0.0,2.0,34.0,3387,1,1.0,True
3388,-2.217723,14.689529166666667,0.29907305,290.4166666666667,6523.666666666667,1.582120083333333,95.41666666666667,61.5,299.0,298.5,0.0,0.0,2.0,34.0,3388,1,1.0,True
3389,-2.221776363636364,14.970697272727273,0.2984155636363636,290.90909090909093,6539.636363636364,1.582474181818182,94.45454545454545,61.45454545454545,299.0,297.45454545454544,0.0,0.0,2.0,34.0,3389,1,1.0,True
3390,-2.227041818181818,15.245052727272729,0.29880233636363634,293.45454545454544,6605.454545454545,1.5861379999999998,93.54545454545455,61.54545454545455,299.0,297.90909090909093,0.0,0.0,2.0,34.0,3390,1,1.0,True
3391,-2.2323081818181816,15.523518181818183,0.29818353636363637,293.8181818181818,6597.636363636364,1.5876081818181818,90.0909090909091,61.90909090909091,297.90909090909093,297.90909090909093,0.0,0.0,2.0,34.0,3391,1,1.0,True
3392,-2.2388168333333334,15.827829999999999,0.2985058,292.6666666666667,6576.666666666667,1.5894361666666665,90.16666666666667,62.0,298.1666666666667,298.5,0.0,0.0,2.0,34.0,3392,1,1.0,True
3393,-2.2406172727272726,16.09731181818182,0.2977194545454545,291.8181818181818,6564.545454545455,1.5920020909090908,92.45454545454545,61.45454545454545,298.8181818181818,296.0,0.0,0.0,2.0,34.0,3393,1,1.0,True
3394,-2.2479816363636362,16.386835454545455,0.29849292727272725,292.72727272727275,6583.090909090909,1.594082272727273,95.72727272727273,61.27272727272727,298.45454545454544,298.1818181818182,0.0,0.0,2.0,34.0,3394,1,1.0,True
3395,-2.2558018333333334,16.678451666666664,0.29836403333333333,293.3333333333333,6593.666666666667,1.5952505,95.83333333333333,61.0,297.3333333333333,299.0,0.0,0.0,2.0,34.0,3395,1,1.0,True
3396,-2.263773,17.001941818181816,0.2982222090909091,292.09090909090907,6575.090909090909,1.5943446363636362,95.54545454545455,61.09090909090909,297.0,299.0,0.0,0.0,2.0,78.0,3396,1,1.0,True
3397,-2.2694624545454545,17.243423636363637,0.29930513636363637,291.90909090909093,6562.0,1.592649909090909,95.54545454545455,61.45454545454545,299.0,299.0,0.0,0.0,2.0,78.0,3397,1,1.0,True
3398,-2.277516090909091,17.566978181818182,0.2986476,291.0,6540.727272727273,1.593524909090909,96.45454545454545,61.54545454545455,298.0,299.0,0.0,0.0,2.0,82.0,3398,1,1.0,True
3399,-2.2846841666666666,17.81192916666667,0.2987540083333333,290.75,6530.416666666667,1.5900070833333333,96.41666666666667,61.916666666666664,298.9166666666667,298.3333333333333,0.0,0.0,2.0,110.0,3399,1,1.0,True
3400,-2.28961,18.115448333333333,0.2989312833333333,294.3333333333333,6615.333333333333,1.5925653333333332,98.16666666666667,61.166666666666664,299.0,298.6666666666667,0.0,0.0,2.0,114.0,3400,1,1.0,True
3401,-2.2955464545454545,18.39119181818182,0.2991891181818182,291.45454545454544,6547.545454545455,1.5935965454545453,99.27272727272727,61.27272727272727,299.0,299.0,0.0,0.0,2.0,54.0,3401,1,1.0,True
3402,-2.302121545454545,18.67603909090909,0.2986476272727273,290.3636363636364,6530.090909090909,1.5948114545454546,99.27272727272727,61.27272727272727,297.72727272727275,299.0,0.0,0.0,2.0,54.0,3402,1,1.0,True
3403,-2.307794,18.971603333333334,0.2985058666666667,293.6666666666667,6597.333333333333,1.5954926666666667,99.66666666666667,61.0,297.6666666666667,299.0,0.0,0.0,2.0,54.0,3403,1,1.0,True
3404,-2.3128526363636364,19.24041181818182,0.29895707272727273,295.72727272727275,6640.818181818182,1.594751,100.0,61.09090909090909,299.0,298.72727272727275,0.0,0.0,2.0,54.0,3404,1,1.0,True
3405,-2.3148673636363637,19.51108090909091,0.29802883636363636,291.3636363636364,6552.090909090909,1.5986675454545456,100.0,61.45454545454545,299.0,296.54545454545456,0.0,0.0,2.0,54.0,3405,1,1.0,True
3406,-2.3207342727272726,19.800602727272725,0.2994985,288.09090909090907,6481.454545454545,1.6028068181818182,100.0,61.54545454545455,299.0,299.0,0.0,0.0,2.0,54.0,3406,1,1.0,True
3407,-2.3259891818181817,20.098100909090906,0.29903437272727273,289.90909090909093,6514.0,1.6033877272727273,99.63636363636364,61.54545454545455,298.45454545454544,299.0,0.0,0.0,2.0,58.0,3407,1,1.0,True
3408,-2.3335195,20.364225,0.2990021666666667,291.6666666666667,6559.166666666667,1.6027343333333333,99.83333333333333,61.0,298.6666666666667,299.0,0.0,0.0,2.0,58.0,3408,1,1.0,True
3409,-2.341267090909091,20.661865454545453,0.29899573636363636,291.8181818181818,6553.181818181818,1.6015813636363634,100.0,61.27272727272727,298.8181818181818,299.0,0.0,0.0,2.0,58.0,3409,1,1.0,True
3410,-2.3471719,20.936191,0.29937088,290.7,6532.3,1.6020779,100.0,61.5,299.0,299.0,0.0,0.0,2.0,58.0,3410,1,1.0,True
3411,-2.35436,21.24168,0.2994276,291.5,6551.166666666667,1.6025363333333333,100.0,61.333333333333336,299.0,299.0,0.0,0.0,2.0,58.0,3411,1,1.0,True
3412,-2.3608042727272727,21.49757818181818,0.2813986636363636,289.6363636363636,6519.727272727273,1.6018523636363637,100.0,61.09090909090909,281.3636363636364,281.3636363636364,0.0,0.0,2.0,58.0,3412,1,1.0,True
3413,-2.364148272727273,21.698523636363635,0.10186970545454545,266.90909090909093,5982.454545454545,1.60332,100.0,62.0,102.27272727272727,102.27272727272727,0.0,0.0,2.0,58.0,3413,1,1.0,True
3435,-2.3615530000000002,21.751965,0.17967075,285.8333333333333,6425.5,-1.5493598333333332,99.16666666666667,61.5,176.66666666666666,182.83333333333334,0.0,0.0,6.0,56.0,3435,1,1.0,True
3436,-2.36452,21.530834545454546,0.2982608727272727,293.6363636363636,6594.909090909091,-1.5542612727272727,100.0,61.45454545454545,298.6363636363636,297.8181818181818,0.0,0.0,6.0,56.0,3436,1,1.0,True
3437,-2.359480181818182,21.230238181818184,0.2984155636363636,291.8181818181818,6549.090909090909,-1.5515467272727272,100.0,61.45454545454545,299.0,298.0,0.0,0.0,6.0,56.0,3437,1,1.0,True
3438,-2.354692181818182,20.97897181818182,0.29884100909090905,291.1818181818182,6542.272727272727,-1.5493247272727273,100.0,61.54545454545455,299.0,298.45454545454544,0.0,0.0,6.0,56.0,3438,1,1.0,True
3439,-2.344949818181818,20.676853636363635,0.29775813636363635,291.1818181818182,6538.272727272727,-1.5481089090909093,100.0,61.54545454545455,297.0,298.27272727272725,0.0,0.0,6.0,56.0,3439,1,1.0,True
3440,-2.343376166666667,20.401235,0.29871853333333337,296.5,6662.5,-1.546875,100.0,61.0,298.8333333333333,298.1666666666667,0.0,0.0,6.0,56.0,3440,1,1.0,True
3441,-2.3407222500000002,20.115765,0.298328575,293.5,6599.5,-1.54455425,100.0,61.0,299.0,297.0,0.0,0.0,6.0,52.0,3441,1,1.0,True
3442,-2.3316805833333336,19.85018,0.29871855833333333,291.5833333333333,6557.0,-1.54193075,100.0,61.0,298.6666666666667,298.5,0.0,0.0,6.0,52.0,3442,1,1.0,True
3443,-2.322407181818182,19.553917272727272,0.29857026363636363,291.27272727272725,6557.636363636364,-1.545091909090909,100.0,61.0,297.72727272727275,299.0,0.0,0.0,6.0,52.0,3443,1,1.0,True
3444,-2.3169345454545454,19.248575454545456,0.2990730909090909,294.27272727272725,6611.181818181818,-1.5448200909090908,100.0,61.09090909090909,299.0,298.6363636363636,0.0,0.0,6.0,52.0,3444,1,1.0,True
3445,-2.317579818181818,18.98428090909091,0.2971393090909091,295.3636363636364,6640.636363636364,-1.5424646363636363,100.0,61.45454545454545,299.0,294.45454545454544,0.0,0.0,6.0,52.0,3445,1,1.0,True
3446,-2.3101094545454544,18.701368181818182,0.2984155636363636,291.1818181818182,6534.090909090909,-1.538340090909091,99.45454545454545,61.54545454545455,298.54545454545456,297.90909090909093,0.0,0.0,6.0,52.0,3446,1,1.0,True
3447,-2.2960692727272725,18.421691818181817,0.2972553272727273,288.45454545454544,6483.545454545455,-1.5412442727272726,100.0,61.54545454545455,294.72727272727275,299.0,0.0,0.0,6.0,52.0,3447,1,1.0,True
3448,-2.2874705,18.115425,0.29871853333333337,290.6666666666667,6539.333333333333,-1.5477584999999998,100.0,61.0,297.8333333333333,299.0,0.0,0.0,6.0,112.0,3448,1,1.0,True
3449,-2.2811683636363638,17.853666363636364,0.2994985,293.72727272727275,6604.454545454545,-1.5483070000000003,100.0,61.0,299.0,299.0,0.0,0.0,6.0,108.0,3449,1,1.0,True
3450,-2.276038727272727,17.565022727272726,0.29903437272727273,293.3636363636364,6591.909090909091,-1.5469148181818182,100.0,61.0,299.0,298.45454545454544,0.0,0.0,6.0,80.0,3450,1,1.0,True
3451,-2.2701996363636363,17.301069090909092,0.29942114545454546,291.6363636363636,6549.636363636364,-1.545987,100.0,61.0,299.0,298.90909090909093,0.0,0.0,6.0,76.0,3451,1,1.0,True
3452,-2.2658857272727277,16.978544545454543,0.29814485454545453,293.09090909090907,6595.090909090909,-1.544461181818182,100.0,61.0,299.0,296.8181818181818,0.0,0.0,6.0,32.0,3452,1,1.0,True
3453,-2.2635046363636366,16.735015454545454,0.2984542363636364,294.90909090909093,6637.272727272727,-1.5413322727272727,100.0,61.0,299.0,297.54545454545456,0.0,0.0,6.0,32.0,3453,1,1.0,True
3454,-2.2521139166666666,16.43662833333333,0.29808039999999997,293.25,6599.333333333333,-1.5405960833333332,99.08333333333333,61.0,296.75,298.9166666666667,0.0,0.0,6.0,32.0,3454,1,1.0,True
3455,-2.2480760909090907,16.14502,0.2983382181818182,288.54545454545456,6487.454545454545,-1.5410272727272727,98.0909090909091,61.0,297.6363636363636,298.6363636363636,0.0,0.0,6.0,32.0,3455,1,1.0,True
3456,-2.244149833333333,15.858056666666668,0.29836403333333333,289.0,6496.0,-1.5394536666666667,99.16666666666667,61.0,299.0,297.3333333333333,0.0,0.0,6.0,32.0,3456,1,1.0,True
3457,-2.2368274545454545,15.582555454545455,0.29895705454545457,291.72727272727275,6561.181818181818,-1.538199909090909,100.0,61.0,299.0,298.72727272727275,0.0,0.0,6.0,32.0,3457,1,1.0,True
3458,-2.2307710833333334,15.298710833333333,0.299214875,295.5833333333333,6649.5,-1.53762625,100.0,61.0,299.0,298.75,0.0,0.0,6.0,32.0,3458,1,1.0,True
3459,-2.2221455,15.003428333333334,0.29900218333333334,292.6666666666667,6576.5,-1.5381936666666667,100.0,61.0,298.8333333333333,299.0,0.0,0.0,6.0,32.0,3459,1,1.0,True
3460,-2.2143070833333334,14.737318333333333,0.2986476,291.4166666666667,6545.75,-1.5396586666666667,100.0,61.0,298.0833333333333,299.0,0.0,0.0,6.0,32.0,3460,1,1.0,True
3461,-2.210665166666667,14.432295000000002,0.2980804083333333,291.0833333333333,6545.5,-1.53906875,100.0,61.0,299.0,297.0,0.0,0.0,6.0,32.0,3461,1,1.0,True
3462,-2.202705,14.16428,0.29864765,292.0,6567.0,-1.5370575,100.0,61.0,297.5,299.0,0.0,0.0,6.0,32.0,3462,1,1.0,True
3463,-2.1950523636363637,13.868286363636365,0.2988796727272727,292.54545454545456,6585.636363636364,-1.5402942727272728,100.0,61.0,298.72727272727275,299.0,0.0,0.0,6.0,32.0,3463,1,1.0,True
3464,-2.187108333333333,13.606296666666665,0.2990021666666667,292.6666666666667,6579.166666666667,-1.540693,100.0,61.0,298.6666666666667,299.0,0.0,0.0,6.0,28.0,3464,1,1.0,True
3465,-2.1753211666666665,13.298385833333333,0.2981513,290.75,6531.583333333333,-1.54492825,100.0,61.0,297.0833333333333,299.0,0.0,0.0,6.0,28.0,3465,1,1.0,True
3466,-2.170516090909091,13.05154818181818,0.2990343818181818,291.8181818181818,6561.272727272727,-1.5461972727272728,100.0,61.0,299.0,298.6363636363636,0.0,0.0,6.0,28.0,3466,1,1.0,True
3467,-2.1684666666666668,12.756881666666667,0.27028603333333334,290.8333333333333,6532.333333333333,-1.567061833333333,99.83333333333333,61.0,241.66666666666666,298.3333333333333,0.0,0.0,6.0,28.0,3467,1,1.0,True
3468,-2.187803,12.55851090909091,0.15044538181818182,286.1818181818182,6435.090909090909,-1.8449864545454546,98.18181818181819,61.0,3.3636363636363638,297.0,0.0,0.0,6.0,28.0,3468,1,1.0,True
3469,-2.2530936666666666,12.450868333333332,0.10546970833333334,284.4166666666667,6393.0,-2.4858254166666667,95.66666666666667,61.0,-63.75,274.4166666666667,0.0,0.0,6.0,28.0,3469,1,1.0,True
3470,-2.332488,12.40844,0.1384755,286.5,6449.0,-2.982748,99.0,61.0,-13.5,290.5,0.0,0.0,6.0,28.0,3470,1,1.0,True
3471,-2.48212425,12.3956775,0.13723470833333332,284.9166666666667,6403.166666666667,-2.9850815833333333,90.0,61.416666666666664,272.0,2.4166666666666665,0.0,0.0,6.0,28.0,3471,1,1.0,True
3472,-2.580470181818182,12.344775454545454,0.12596414545454546,285.1818181818182,6413.272727272727,-2.4493504545454545,65.0909090909091,61.63636363636363,293.3636363636364,-41.09090909090909,0.0,0.0,6.0,28.0,3472,1,1.0,True
3473,-2.642688909090909,12.249661818181819,0.14491491818181818,285.90909090909093,6428.636363636364,-1.8775334545454547,71.36363636363636,61.0,294.8181818181818,-5.2727272727272725,0.0,0.0,6.0,28.0,3473,1,1.0,True
3474,-2.6295075,12.07557,0.219306075,293.75,6600.0,-1.5532637500000002,71.0,61.0,279.0,159.25,0.0,0.0,6.0,6.0,3474,1,1.0,True
3475,-2.613733272727273,11.797832727272727,0.27215538181818183,297.6363636363636,6701.727272727273,-1.555341181818182,69.0,61.0,244.8181818181818,299.0,0.0,0.0,6.0,6.0,3475,1,1.0,True
3476,-2.631248818181818,11.555938181818181,0.2917248363636364,298.54545454545456,6720.0,-1.5737464545454545,87.45454545454545,61.0,283.90909090909093,298.6363636363636,0.0,0.0,6.0,6.0,3476,1,1.0,True
3477,-2.63977225,11.291068333333333,0.296556,291.8333333333333,6563.916666666667,-1.5764094166666665,98.66666666666667,61.0,299.0,293.5833333333333,0.0,0.0,6.0,6.0,3477,1,1.0,True
3478,-2.6373225000000002,11.01669,0.2977968,290.0,6528.0,-1.5692325,100.0,61.0,299.0,296.0,0.0,0.0,6.0,6.0,3478,1,1.0,True
3479,-2.634559083333333,10.7418925,0.298364,292.3333333333333,6570.333333333333,-1.5649879166666665,100.0,61.0,299.0,297.3333333333333,0.0,0.0,6.0,6.0,3479,1,1.0,True
3480,-2.6338356363636364,10.426311818181818,0.2979514909090909,293.27272727272725,6593.0,-1.558194909090909,100.0,61.0,299.0,296.3636363636364,0.0,0.0,6.0,10.0,3480,1,1.0,True
3481,-2.6318526363636363,10.183473636363637,0.2981835272727273,296.27272727272725,6662.363636363636,-1.5534406363636364,100.0,61.0,299.0,296.90909090909093,0.0,0.0,6.0,10.0,3481,1,1.0,True
3482,-2.6257825,9.878787999999998,0.298966725,292.25,6579.0,-1.55047825,100.0,61.0,299.0,298.75,0.0,0.0,6.0,10.0,3482,1,1.0,True
3483,-2.619288272727273,9.596225818181818,0.2983769363636364,290.0,6533.636363636364,-1.5475110909090908,100.0,61.0,297.3636363636364,299.0,0.0,0.0,6.0,10.0,3483,1,1.0,True
3484,-2.612264909090909,9.300294181818181,0.2993438090909091,291.09090909090907,6551.181818181818,-1.549238090909091,100.0,61.0,299.0,299.0,0.0,0.0,6.0,10.0,3484,1,1.0,True
3485,-2.6081824166666667,9.037861666666666,0.28510500833333335,288.9166666666667,6496.166666666667,-1.5619083333333332,99.83333333333333,61.0,270.4166666666667,299.0,0.0,0.0,6.0,278.0,3485,1,1.0,True
3486,-2.634732,8.801456499999999,0.1612357,284.0,6382.5,-1.8130155,94.5,61.0,23.0,299.0,0.0,0.0,6.0,278.0,3486,1,1.0,True
3487,-2.6880986363636366,8.69697009090909,0.1474287272727273,284.27272727272725,6388.363636363636,-2.292947818181818,96.63636363636364,61.0,-4.909090909090909,299.0,0.0,0.0,6.0,278.0,3487,1,1.0,True
3488,-2.8193013636363635,8.615130636363636,0.17682169090909092,288.1818181818182,6484.090909090909,-2.843373909090909,99.9090909090909,61.0,54.18181818181818,299.0,0.0,0.0,6.0,278.0,3488,1,1.0,True
3489,-2.974717272727273,8.579175,0.19031922,281.6363636363636,6327.636363636364,-3.048332818181818,98.9090909090909,61.54545454545455,199.45454545454547,180.9090909090909,0.0,0.0,6.0,278.0,3489,1,1.0,True
3491,-3.1234843333333333,8.513491,0.10110908666666667,283.8333333333333,6378.0,-2.083155,84.0,61.0,259.5,-57.0,0.0,0.0,6.0,278.0,3491,1,1.0,True
3492,-3.1418909999999998,8.397828,0.20041016666666667,290.1666666666667,6528.5,-1.60633425,91.41666666666667,61.0,293.6666666666667,106.75,0.0,0.0,6.0,278.0,3492,1,1.0,True
3493,-3.1366376666666667,8.152503416666667,0.27259041666666667,289.5,6509.5,-1.5010310833333333,99.08333333333333,61.0,253.41666666666666,291.0833333333333,0.0,0.0,6.0,278.0,3493,1,1.0,True
3494,-3.131643,7.910339499999999,0.28758665000000005,300.5,6767.5,-1.579787,99.5,61.0,275.5,299.0,0.0,0.0,6.0,278.0,3494,1,1.0,True
3495,-3.1320549166666667,7.602400833333333,0.2965914416666667,291.25,6555.166666666667,-1.58998475,100.0,61.0,298.1666666666667,294.5,0.0,0.0,6.0,278.0,3495,1,1.0,True
3496,-3.134828636363636,7.346022545454545,0.2969459545454546,288.09090909090907,6489.181818181818,-1.5815606363636363,100.0,61.0,299.0,294.45454545454544,0.0,0.0,6.0,278.0,3496,1,1.0,True
3497,-3.1343247499999998,7.074955083333333,0.22288673333333334,278.4166666666667,6266.0,-1.5692961666666667,98.91666666666667,61.25,224.25,221.08333333333334,0.0,1.0,6.0,278.0,3497,1,1.0,True
3499,-3.133922272727273,6.9709688181818175,0.11316276363636364,277.1818181818182,6225.727272727273,-1.55471,99.18181818181819,61.27272727272727,110.72727272727273,115.81818181818181,0.0,0.0,6.0,278.0,3499,1,1.0,True
3500,-3.137028166666667,6.798093833333334,0.29421611666666664,292.75,6592.0,-1.5608004166666667,100.0,61.0,293.3333333333333,294.9166666666667,0.0,0.0,6.0,278.0,3500,1,1.0,True
3501,-3.13202525,6.476826,0.2984349,292.1666666666667,6567.5,-1.5580673333333335,100.0,61.0,299.0,297.5,0.0,0.0,6.0,278.0,3501,1,1.0,True
3502,-3.1294855454545454,6.213049999999999,0.2984155636363636,293.6363636363636,6602.818181818182,-1.555659,100.0,61.0,299.0,297.45454545454544,0.0,0.0,6.0,278.0,3502,1,1.0,True
3503,-3.1210755833333335,5.93088225,0.2986476,293.5,6613.416666666667,-1.5533620833333333,100.0,61.0,298.5833333333333,298.4166666666667,0.0,0.0,6.0,282.0,3503,1,1.0,True
3504,-3.117088363636363,5.645965727272728,0.2984155636363636,289.8181818181818,6522.0,-1.553672727272727,99.0909090909091,61.0,298.90909090909093,298.09090909090907,0.0,0.0,6.0,282.0,3504,1,1.0,True
3505,-3.1123869090909086,5.365592,0.2987636454545454,291.1818181818182,6558.818181818182,-1.551077909090909,99.0,61.0,299.0,298.27272727272725,0.0,0.0,6.0,282.0,3505,1,1.0,True
3506,-3.1042454999999998,5.0673905,0.2992858,291.75,6563.75,-1.5516925,99.25,61.0,299.0,299.0,0.0,0.0,6.0,282.0,3506,1,1.0,True
3507,-3.100314181818182,4.791825272727272,0.2985316090909091,292.72727272727275,6585.272727272727,-1.5508353636363637,100.0,61.0,299.0,297.72727272727275,0.0,0.0,6.0,282.0,3507,1,1.0,True
3508,-3.0914704545454543,4.510158090909091,0.29818352727272723,293.54545454545456,6606.818181818182,-1.5500690909090908,99.36363636363636,61.0,297.27272727272725,298.6363636363636,0.0,0.0,6.0,282.0,3508,1,1.0,True
3509,-3.0859403333333333,4.228123083333333,0.2990376,290.3333333333333,6541.166666666667,-1.5518276666666668,99.0,61.0,298.5833333333333,298.8333333333333,0.0,0.0,6.0,282.0,3509,1,1.0,True
3510,-3.0810915000000003,3.924786,0.29864765,290.0,6535.5,-1.548705,99.0,61.0,299.0,298.0,0.0,0.0,6.0,282.0,3510,1,1.0,True
3511,-3.0747706666666663,3.679502,0.29910850833333336,290.4166666666667,6542.416666666667,-1.54799225,99.41666666666667,61.0,298.5833333333333,299.0,0.0,0.0,6.0,282.0,3511,1,1.0,True
3512,-3.068412,3.3795945,0.2986476,292.8333333333333,6591.833333333333,-1.5456903333333332,98.83333333333333,61.0,298.5,298.5,0.0,0.0,6.0,282.0,3512,1,1.0,True
3513,-3.061469818181818,3.100702272727273,0.29806750909090907,292.3636363636364,6574.909090909091,-1.545404818181818,98.27272727272727,61.0,296.90909090909093,299.0,0.0,0.0,6.0,282.0,3513,1,1.0,True
3514,-3.051497818181818,2.8147317272727275,0.29799014545454544,291.45454545454544,6558.545454545455,-1.5467117272727273,98.0909090909091,61.0,296.72727272727275,299.0,0.0,0.0,6.0,282.0,3514,1,1.0,True
3515,-3.041968727272727,2.540015090909091,0.2974100454545454,291.8181818181818,6572.909090909091,-1.5512826363636363,96.27272727272727,61.0,295.09090909090907,299.0,0.0,0.0,6.0,282.0,3515,1,1.0,True
3516,-3.0345289166666665,2.240202583333333,0.2987540083333333,293.1666666666667,6603.583333333333,-1.5540333333333332,96.75,61.0,298.3333333333333,298.9166666666667,0.0,0.0,6.0,282.0,3516,1,1.0,True
3517,-3.0325932499999997,1.9455623333333334,0.2988249,290.4166666666667,6543.166666666667,-1.5509864166666667,97.83333333333333,61.0,299.0,298.4166666666667,0.0,0.0,6.0,282.0,3517,1,1.0,True
3518,-3.0290589999999997,1.6771250000000002,0.2984349,290.0,6525.5,-1.548414,95.5,61.0,299.0,297.5,0.0,0.0,6.0,286.0,3518,1,1.0,True
3519,-3.0240975454545453,1.418279,0.2988023454545454,292.1818181818182,6580.090909090909,-1.5464348181818182,93.9090909090909,61.0,299.0,297.8181818181818,0.0,0.0,6.0,290.0,3519,1,1.0,True
3520,-3.017415272727273,1.110378181818182,0.29895707272727273,292.0,6573.181818181818,-1.5440753636363638,90.36363636363636,61.0,299.0,298.72727272727275,0.0,0.0,6.0,22.0,3520,1,1.0,True
3521,-3.004906,0.8133833090909092,0.29826086363636367,294.1818181818182,6625.545454545455,-1.546620909090909,88.72727272727273,61.0,297.09090909090907,299.0,0.0,0.0,6.0,22.0,3521,1,1.0,True
3522,-2.9967807499999997,0.5537811,0.286523025,294.0,6622.25,-1.5586630000000001,89.75,61.0,273.5,299.0,0.0,0.0,6.0,26.0,3522,1,1.0,True
3523,-3.0109833636363637,0.2917661818181818,0.22648027272727275,289.27272727272725,6513.272727272727,-1.7041627272727273,88.45454545454545,61.0,153.63636363636363,299.0,0.0,0.0,6.0,26.0,3523,1,1.0,True
3524,-3.063256090909091,0.12365447636363637,0.16111965454545454,286.09090909090907,6429.818181818182,-2.026931727272727,81.0909090909091,61.0,25.272727272727273,296.45454545454544,0.0,0.0,6.0,26.0,3524,1,1.0,True
3525,-3.157863272727273,0.03663716090909091,0.09893040181818182,283.3636363636364,6378.181818181818,-2.674164636363636,80.9090909090909,61.0,-69.45454545454545,267.0,0.0,0.0,6.0,26.0,3525,1,1.0,True
3526,-3.257434727272727,0.011810837272727274,0.20722013636363637,289.0,6518.0,0.3045926363636363,91.63636363636364,61.0,134.36363636363637,280.45454545454544,0.0,0.0,6.0,222.0,3526,1,1.0,True
3527,-3.5371737272727275,0.005557317363636364,0.2810891909090909,298.27272727272725,6727.727272727273,-3.118619363636364,96.9090909090909,61.0,299.0,263.0,0.0,0.0,6.0,222.0,3527,1,1.0,True
3528,-3.7703015454545454,-0.0014374573636363637,0.29679120909090906,290.45454545454544,6544.818181818182,-3.090829181818182,98.36363636363636,61.0,298.27272727272725,294.6363636363636,0.0,0.0,6.0,226.0,3528,1,1.0,True
3529,-4.0725445,-0.011889154999999998,0.2980095,291.6666666666667,6562.333333333333,-3.0920051666666666,99.33333333333333,61.0,296.5,299.0,0.0,0.0,6.0,226.0,3529,1,1.0,True
3530,-4.288424727272727,-0.021812,0.14193691909090908,271.27272727272725,6093.181818181818,-3.0953815454545452,100.0,61.27272727272727,141.27272727272728,142.72727272727272,0.0,0.0,6.0,226.0,3530,1,1.0,True
3531,-4.394137583333333,-0.026790755,0.09869837,266.0,5978.333333333333,-3.0979419166666666,99.25,62.0,98.0,100.0,0.0,0.0,6.0,226.0,3531,1,1.0,True
3559,-4.3763844999999995,-0.18664804999999998,0.13996449833333333,276.5833333333333,6218.333333333333,0.06913222333333334,28.833333333333332,61.583333333333336,166.08333333333334,113.83333333333333,0.0,0.0,2.0,224.0,3559,1,1.0,True
3560,-4.173215,-0.19396622500000002,0.27705735833333334,297.1666666666667,6692.75,0.15829238916666669,36.75,61.0,297.0,256.6666666666667,0.0,0.0,2.0,224.0,3560,1,1.0,True
3561,-3.8905139999999996,-0.13769558333333334,0.2834032833333333,295.1666666666667,6653.666666666667,0.17739946666666664,41.0,61.0,268.5,298.0,0.0,0.0,2.0,220.0,3561,1,1.0,True
3562,-3.640893909090909,-0.05642255454545455,0.28023842727272724,297.27272727272725,6690.818181818182,0.09779472363636364,36.54545454545455,61.0,261.09090909090907,299.0,0.0,0.0,2.0,220.0,3562,1,1.0,True
3563,-3.3707155454545457,-0.06558373818181819,0.2785367,295.27272727272725,6656.272727272727,0.06635910727272727,38.90909090909091,61.0,295.45454545454544,261.0,0.0,0.0,2.0,220.0,3563,1,1.0,True
3564,-3.1708428333333334,-0.048855985,0.12996704,278.3333333333333,6259.0,0.37183716666666666,35.166666666666664,61.166666666666664,250.0,9.5,0.0,0.0,2.0,24.0,3564,1,1.0,True
3569,-3.0699979090909086,0.008299217454545453,0.09390269090909092,265.3636363636364,5967.0,1.2889009090909092,29.363636363636363,61.27272727272727,194.36363636363637,-6.545454545454546,0.0,0.0,2.0,24.0,3569,1,1.0,True
3579,-3.13716975,0.13349448841666667,0.18793105833333335,278.75,6263.75,1.6819623333333336,57.083333333333336,61.25,161.33333333333334,214.33333333333334,0.0,0.0,2.0,24.0,3579,1,1.0,True
3580,-3.1420291666666667,0.4329547,0.2648264,295.6666666666667,6657.666666666667,1.5517366666666668,79.83333333333333,61.0,230.16666666666666,299.0,0.0,0.0,2.0,20.0,3580,1,1.0,True
3581,-3.1267327272727274,0.7990142000000001,0.2877026181818182,293.0,6599.0,1.4753103636363638,85.72727272727273,61.0,280.45454545454544,294.8181818181818,0.0,0.0,2.0,20.0,3581,1,1.0,True
3582,-3.104516727272727,1.1347429090909091,0.2904872,287.90909090909093,6477.0,1.4806647272727274,87.0,61.0,299.0,281.3636363636364,0.0,0.0,2.0,288.0,3582,1,1.0,True
3583,-3.084929363636364,1.5477785454545454,0.29095132727272727,291.09090909090907,6556.454545454545,1.5147579090909091,86.27272727272727,61.0,299.0,282.45454545454544,0.0,0.0,2.0,284.0,3583,1,1.0,True
3584,-3.075392454545455,1.8594327272727271,0.2929624363636364,290.90909090909093,6550.636363636364,1.5369168181818182,84.81818181818181,61.0,299.0,286.27272727272725,0.0,0.0,2.0,280.0,3584,1,1.0,True
3585,-3.0720433333333332,2.183873833333333,0.2959532833333333,291.3333333333333,6551.833333333333,1.5540976666666666,91.66666666666667,61.0,299.0,292.6666666666667,0.0,0.0,2.0,280.0,3585,1,1.0,True
3586,-3.068446909090909,2.462850181818182,0.2959403545454546,290.09090909090907,6528.090909090909,1.5645164545454546,92.45454545454545,61.0,299.0,292.3636363636364,0.0,0.0,2.0,280.0,3586,1,1.0,True
3587,-3.0674481818181816,2.751750909090909,0.2970232636363636,291.54545454545456,6566.636363636364,1.575031181818182,92.63636363636364,61.0,299.0,294.1818181818182,0.0,0.0,2.0,280.0,3587,1,1.0,True
3588,-3.064779636363636,2.9918514545454546,0.26964147272727274,287.0,6474.454545454545,1.5846879999999999,95.45454545454545,61.09090909090909,271.8181818181818,267.09090909090907,0.0,1.0,2.0,280.0,3588,1,1.0,True
3591,-3.0639855454545453,3.230619363636363,0.15454494727272727,277.0,6223.818181818182,1.5999931818181816,97.54545454545455,61.54545454545455,154.36363636363637,154.8181818181818,0.0,1.0,2.0,280.0,3591,1,1.0,True
3592,-3.0696662727272725,3.4505771818181823,0.2974100272727273,289.72727272727275,6524.545454545455,1.5968777272727273,97.36363636363636,61.0,296.3636363636364,298.09090909090907,0.0,0.0,2.0,280.0,3592,1,1.0,True
3593,-3.078894,3.739993666666667,0.29864763333333333,291.0,6551.666666666667,1.5935736666666667,98.0,61.0,298.0,299.0,0.0,0.0,2.0,280.0,3593,1,1.0,True
3594,-3.0854114545454547,4.051130636363636,0.2991890909090909,294.27272727272725,6627.363636363636,1.592990818181818,97.45454545454545,61.0,299.0,299.0,0.0,0.0,2.0,280.0,3594,1,1.0,True
3595,-3.0891483636363635,4.310229909090909,0.29887969090909094,294.27272727272725,6634.636363636364,1.5945060909090911,98.72727272727273,61.0,299.0,298.8181818181818,0.0,0.0,2.0,280.0,3595,1,1.0,True
3596,-3.094770666666667,4.608564666666667,0.2990021666666667,291.5,6564.5,1.5961441666666667,99.0,61.0,299.0,298.6666666666667,0.0,0.0,2.0,280.0,3596,1,1.0,True
3597,-3.101692,4.880883545454545,0.29876366363636364,290.6363636363636,6553.454545454545,1.597328909090909,98.9090909090909,61.0,297.90909090909093,299.0,0.0,0.0,2.0,280.0,3597,1,1.0,True
3598,-3.1056210909090907,5.179339909090909,0.2986089727272727,291.90909090909093,6581.636363636364,1.5987298181818181,97.45454545454545,61.0,299.0,297.90909090909093,0.0,0.0,2.0,280.0,3598,1,1.0,True
3599,-3.112841545454545,5.423954272727273,0.29872499999999996,292.54545454545456,6585.454545454545,1.5998201818181819,97.45454545454545,61.0,297.6363636363636,299.0,0.0,0.0,2.0,280.0,3599,1,1.0,True
23,-4.37006275,1.3542500000000002,0.15956945333333333,286.5,6308.166666666667,-0.19651138166666668,41.416666666666664,65.0,249.75,69.33333333333333,307.15199999999896,0.0,6.0,262.0,23,2,1.0,True
24,-4.245852909090909,1.3553856363636363,0.25042006363636365,291.8181818181818,6428.636363636364,0.027105063636363638,47.27272727272727,65.0909090909091,298.90909090909093,201.36363636363637,312.69600000000213,0.0,6.0,262.0,24,2,1.0,True
25,-4.069707454545455,1.4135364545454545,0.10627865454545454,251.63636363636363,5533.727272727273,0.16158962727272727,23.272727272727273,66.0,108.36363636363636,104.36363636363636,262.7279999999985,0.0,6.0,262.0,25,2,1.0,True
29,-3.7970114545454545,1.448228181818182,0.2415635,292.54545454545456,6449.181818181818,0.09331038272727273,99.0,65.0,214.45454545454547,268.6363636363636,318.45599999999683,0.0,6.0,266.0,29,2,1.0,True
30,-3.523729545454546,1.4607095454545453,0.29280775454545455,293.0,6462.363636363636,0.033718727272727275,97.9090909090909,65.0,286.54545454545456,299.0,316.5839999999953,0.0,6.0,266.0,30,2,1.0,True
31,-3.264921363636364,1.4641046363636363,0.19240766363636366,283.0,6236.363636363636,-0.047524070909090915,97.36363636363636,65.0,110.72727272727273,274.09090909090907,301.0680000000037,0.0,6.0,206.0,31,2,1.0,True
32,-3.1579067272727275,1.4418014545454545,0.10268187636363636,285.3636363636364,6295.272727272727,-0.45494588181818185,98.45454545454545,65.0,-70.36363636363636,275.72727272727275,309.67200000000156,0.0,6.0,206.0,32,2,1.0,True
33,-3.080664,1.3573328181818183,0.13980976363636363,286.90909090909093,6326.909090909091,-1.1170781636363636,85.72727272727273,65.0,-12.090909090909092,291.72727272727275,305.6039999999979,0.0,6.0,210.0,33,2,1.0,True
34,-3.06533,1.2124570000000001,0.22760185000000002,297.0,6560.5,-1.494194,64.0,65.0,156.0,299.0,157.5,0.0,6.0,210.0,34,2,1.0,True
35,-3.073852333333333,0.9875058750000001,0.2636919583333333,298.0833333333333,6582.0,-1.5568836666666666,62.916666666666664,65.0,293.1666666666667,234.41666666666666,316.15199999999896,0.0,6.0,22.0,35,2,1.0,True
36,-3.039442363636364,0.7109720636363637,0.2917248363636364,295.3636363636364,6519.363636363636,-1.5141180909090908,84.72727272727273,65.0,294.6363636363636,288.1818181818182,315.10799999999585,0.0,6.0,22.0,36,2,1.0,True
37,-3.023983166666667,0.43019691666666665,0.25858688333333335,293.0,6464.5,-1.5578715,87.33333333333333,65.0,218.0,299.0,311.25600000001,0.0,6.0,26.0,37,2,1.0,True
38,-3.0551744999999997,0.204689475,0.19186622499999997,289.25,6386.5,-1.80932625,80.75,65.0,84.5,299.0,309.3480000000011,0.0,6.0,26.0,38,2,1.0,True
39,-3.121700363636364,0.07998111818181818,0.11962152000000001,286.09090909090907,6316.818181818182,-2.2561397272727275,75.54545454545455,65.0,-46.45454545454545,285.54545454545456,304.0919999999911,0.0,6.0,26.0,39,2,1.0,True
40,-3.2187071666666665,0.0327736,0.15308173666666666,286.8333333333333,6325.666666666667,-1.8320495,83.83333333333333,65.0,22.833333333333332,283.6666666666667,314.3160000000047,0.0,6.0,222.0,40,2,1.0,True
41,-3.4096385454545457,0.012493182818181818,0.27892343636363637,292.8181818181818,6469.181818181818,-0.8443576363636365,94.72727272727273,65.0,288.45454545454544,269.0,312.65999999999474,0.0,6.0,222.0,41,2,1.0,True
42,-3.6969754999999997,0.003853404,0.2965205,290.0,6405.0,-3.0896745,98.0,65.0,298.0,295.0,160.23600000000735,0.0,6.0,222.0,42,2,1.0,True
43,-3.9821005454545455,-0.008983537272727273,0.2979901636363636,293.72727272727275,6476.363636363636,-3.0901274545454545,99.0,65.0,296.45454545454544,299.0,310.8599999999948,0.0,6.0,226.0,43,2,1.0,True
44,-4.237489454545455,-0.020765543636363636,0.22079505454545456,279.90909090909093,6171.090909090909,-3.095239818181818,99.0,65.36363636363636,219.36363636363637,222.45454545454547,299.80799999999584,0.0,6.0,226.0,44,2,1.0,True
45,-4.360041166666666,-0.024991326666666664,0.09969102833333332,268.5,5915.0,-3.097801666666667,99.0,65.5,99.16666666666667,100.83333333333333,285.58800000000633,0.0,6.0,226.0,45,2,1.0,True
73,-4.3248351666666665,-0.2190367166666667,0.2051607,294.4166666666667,6500.916666666667,0.11527221249999998,37.333333333333336,65.0,242.5,168.0,318.31200000000683,0.0,5.0,224.0,73,2,1.0,True
74,-4.071252,-0.19481505000000002,0.2929044,299.0,6604.5,0.1944706,40.5,65.0,296.5,289.5,158.00399999999792,0.0,5.0,224.0,74,2,1.0,True
75,-3.8096045833333334,-0.13434197916666665,0.28326149166666664,299.1666666666667,6610.916666666667,0.175304825,41.0,65.0,267.3333333333333,299.0,315.9720000000016,0.0,5.0,220.0,75,2,1.0,True
76,-3.5258647000000005,-0.0287273222,0.26691104,298.1,6576.1,0.105795474,34.8,65.0,234.4,299.0,317.2679999999906,0.0,5.0,220.0,76,2,1.0,True
77,-3.3196742727272723,-0.0043536087272727265,0.20358470909090912,280.72727272727275,6192.727272727273,0.07533455818181818,29.454545454545453,65.27272727272727,189.27272727272728,217.45454545454547,312.7320000000094,0.0,5.0,220.0,77,2,1.0,True
107,-3.1003208333333334,0.14627164,0.13851095833333335,287.0833333333333,6335.333333333333,1.4590515000000002,62.166666666666664,65.08333333333333,158.58333333333334,118.66666666666667,292.9319999999964,0.0,5.0,24.0,107,2,1.0,True
108,-3.0990068,0.48068374,0.28601257,300.2,6632.7,1.5349175,70.5,65.0,283.4,288.8,312.62400000000054,0.0,5.0,20.0,108,2,1.0,True
109,-3.0743906666666665,0.8696002833333334,0.2921244666666667,294.3333333333333,6506.166666666667,1.5221833333333332,82.16666666666667,65.0,292.5,291.8333333333333,322.3080000000089,0.0,5.0,20.0,109,2,1.0,True
110,-3.0672545,1.17393175,0.218987025,285.25,6301.75,1.60772625,86.0,65.0,299.0,138.25,303.0480000000011,0.0,5.0,208.0,110,2,1.0,True
111,-3.1103830833333337,1.3643262500000002,0.11447452000000001,286.9166666666667,6324.75,2.0925704166666663,69.41666666666667,65.0,286.1666666666667,-57.416666666666664,308.33999999999213,0.0,5.0,204.0,111,2,1.0,True
112,-3.178874545454545,1.4340715454545454,0.10074812727272729,286.1818181818182,6313.545454545455,2.085516636363636,62.72727272727273,65.0,274.09090909090907,-72.45454545454545,305.6759999999995,0.0,5.0,204.0,112,2,1.0,True
113,-3.3306340833333334,1.4747813333333333,0.23075708333333333,294.25,6505.916666666667,-3.07027025,85.25,65.0,269.5833333333333,192.33333333333334,317.44800000000106,0.0,5.0,264.0,113,2,1.0,True
114,-3.550726272727273,1.4726004545454545,0.28286830909090904,296.09090909090907,6546.0,-3.0798432727272727,97.54545454545455,65.0,266.1818181818182,299.0,157.57200000000157,0.0,5.0,264.0,114,2,1.0,True
115,-3.8423466666666672,1.4591325833333333,0.2967686583333334,295.25,6521.25,-3.1095004166666667,98.91666666666667,65.0,294.3333333333333,299.0,316.3680000000037,0.0,5.0,264.0,115,2,1.0,True
116,-4.127403181818182,1.4500636363636366,0.2987249818181818,293.90909090909093,6492.0,-3.114212636363636,99.9090909090909,65.0,297.8181818181818,299.0,313.8480000000011,0.0,5.0,260.0,116,2,1.0,True
117,-4.359542,1.4449260909090909,0.14379329363636364,273.45454545454544,6034.0,-3.1148029090909093,100.0,65.0,143.8181818181818,143.8181818181818,288.7919999999911,0.0,5.0,260.0,117,2,1.0,True
118,-4.465027272727273,1.4427256363636365,0.09943318363636364,268.6363636363636,5923.636363636364,-3.1147534545454545,100.0,65.0,100.0,99.72727272727273,287.24400000000315,0.0,5.0,260.0,118,2,1.0,True
145,-4.3620884166666665,1.3631268333333333,0.12518100833333334,284.5,6280.083333333333,-0.4279949916666667,60.666666666666664,65.0,254.91666666666666,-4.416666666666667,302.0039999999979,0.0,6.0,262.0,145,2,1.0,True
146,-4.1547600000000005,1.3288829999999998,0.2056925,294.5,6507.0,-0.08280559,38.0,65.0,299.0,112.0,155.05199999999897,0.0,6.0,262.0,146,2,1.0,True
162,-4.105020000000001,1.32504,0.17676366999999998,285.5,6310.0,0.22085485,57.5,65.0,157.5,195.5,153.2879999999932,0.0,6.0,262.0,162,2,1.0,True
163,-3.8778015833333335,1.4144185833333334,0.2729095166666667,299.1666666666667,6611.75,0.12023687916666666,91.0,65.0,247.16666666666666,298.3333333333333,322.5960000000021,0.0,6.0,266.0,163,2,1.0,True
164,-3.5933163,1.4424032,0.29205358000000003,292.3,6462.0,0.054300932,97.5,65.0,284.5,299.0,315.64800000000105,0.0,6.0,266.0,164,2,1.0,True
165,-3.3197831818181815,1.4529913636363636,0.23808274545454544,291.72727272727275,6441.545454545455,0.009851804545454547,97.0,65.0,189.9090909090909,285.6363636363636,308.01600000000474,0.0,6.0,206.0,165,2,1.0,True
166,-3.1727203636363637,1.438126909090909,0.10194705818181818,285.6363636363636,6307.454545454545,-0.36140105272727274,98.18181818181819,65.0,-65.27272727272727,269.09090909090907,304.0920000000042,0.0,6.0,206.0,166,2,1.0,True
167,-3.0974534166666667,1.3773555833333333,0.12386928166666666,285.3333333333333,6303.916666666667,-0.9765533666666667,95.08333333333333,65.0,-38.0,285.3333333333333,303.98399999999526,0.0,6.0,210.0,167,2,1.0,True
168,-3.0676122727272728,1.2482923636363636,0.20196038181818182,291.09090909090907,6434.818181818182,-1.413406,86.0,65.0,107.9090909090909,295.54545454545456,315.0720000000016,0.0,6.0,22.0,168,2,1.0,True
169,-3.0718823333333334,1.006634375,0.2710660166666667,298.75,6608.0,-1.5557289166666666,67.91666666666667,65.0,293.1666666666667,248.58333333333334,319.2839999999953,0.0,6.0,22.0,169,2,1.0,True
170,-3.0398975,0.7686153499999999,0.29162815000000003,292.0,6460.5,-1.5152225,85.0,65.0,296.5,286.5,157.7880000000063,0.0,6.0,22.0,170,2,1.0,True
171,-3.021220583333333,0.4763535666666667,0.2705342333333333,295.8333333333333,6540.083333333333,-1.5434599999999998,87.5,65.0,241.5,299.0,311.43599999999424,0.0,6.0,26.0,171,2,1.0,True
172,-3.043089,0.24400174545454545,0.20629197272727273,290.09090909090907,6416.636363636364,-1.7364832727272728,82.81818181818181,65.0,112.9090909090909,299.0,308.3039999999979,0.0,6.0,26.0,172,2,1.0,True
173,-3.1087260000000003,0.09124731166666666,0.12918710666666666,286.1666666666667,6324.5,-2.1930358333333335,75.83333333333333,65.0,-31.0,289.0,306.90000000000003,0.0,6.0,26.0,173,2,1.0,True
174,-3.185611,0.03882773,0.1199695725,288.25,6379.25,-2.7299710000000004,80.25,65.0,-32.75,272.5,309.99600000000214,0.0,6.0,222.0,174,2,1.0,True
175,-3.3566523636363637,0.015732456000000002,0.2526244909090909,297.1818181818182,6566.454545454545,0.2910191818181818,94.81818181818181,65.0,247.45454545454547,257.72727272727275,317.26800000000367,0.0,6.0,222.0,175,2,1.0,True
176,-3.624230090909091,0.006082707272727273,0.29114470000000003,298.54545454545456,6602.272727272727,-3.097082,97.63636363636364,65.0,298.54545454545456,283.54545454545456,314.24400000000315,0.0,6.0,226.0,176,2,1.0,True
177,-3.9045089090909086,-0.006906051818181818,0.29706192727272723,292.45454545454544,6465.0,-3.088703727272727,98.63636363636364,65.0,294.27272727272725,299.0,310.53599999999426,0.0,6.0,226.0,177,2,1.0,True
178,-4.166238,-0.015881725,0.23632299999999998,278.0,6138.0,-3.093728,99.0,65.0,235.5,237.0,156.45599999999686,0.0,6.0,226.0,178,2,1.0,True
179,-4.326644833333334,-0.023581372500000003,0.10564695749999999,268.0833333333333,5912.083333333333,-3.096338,99.0,65.0,105.33333333333333,106.25,283.5,0.0,6.0,226.0,179,2,1.0,True
201,-4.332450000000001,-0.11437393636363637,0.19921442909090906,286.09090909090907,6330.636363636364,0.05769791545454545,30.545454545454547,65.0,216.63636363636363,181.72727272727272,308.8799999999974,0.0,5.0,224.0,201,2,1.0,True
202,-4.0912245,-0.09859725500000001,0.2914154,290.0,6411.5,0.09193794,37.5,65.0,294.5,288.0,160.20000000000002,0.0,5.0,224.0,202,2,1.0,True
203,-3.807400909090909,-0.0553183909090909,0.28847612727272726,291.27272727272725,6450.0,0.07223769090909091,47.36363636363637,65.0,277.54545454545456,299.0,309.6720000000016,0.0,5.0,220.0,203,2,1.0,True
204,-3.5590903636363636,-0.03976739636363636,0.2863876909090909,292.72727272727275,6474.363636363636,0.04644069272727272,46.45454545454545,65.0,282.27272727272725,289.90909090909093,315.54000000000525,0.0,5.0,220.0,204,2,1.0,True
205,-3.299438181818182,-0.08885200181818181,0.24554700000000002,289.8181818181818,6404.363636363636,0.09516246727272727,39.54545454545455,65.0,299.0,191.9090909090909,306.6119999999937,0.0,5.0,24.0,205,2,1.0,True
217,-3.0544666666666664,-0.255364325,0.12064315833333333,278.8333333333333,6161.166666666667,1.3198671666666666,24.25,65.08333333333333,213.66666666666666,27.5,280.8,0.0,5.0,24.0,217,2,1.0,True
228,-3.137730909090909,0.40656782727272733,0.23835347272727272,296.6363636363636,6556.727272727273,1.6000022727272727,67.81818181818181,65.0,181.0,295.09090909090907,317.1960000000021,0.0,5.0,20.0,228,2,1.0,True
229,-3.119448333333333,0.7621295333333333,0.28623945,293.0,6480.833333333333,1.4842618333333333,88.0,65.0,276.6666666666667,295.6666666666667,313.5960000000021,0.0,5.0,20.0,229,2,1.0,True
230,-3.103505272727273,1.1003379636363635,0.2513868727272727,286.0,6329.181818181818,1.5350706363636364,86.9090909090909,65.0,299.0,203.36363636363637,310.8960000000021,0.0,5.0,208.0,230,2,1.0,True
231,-3.1296358181818182,1.3321297272727273,0.12035632545454544,287.09090909090907,6346.454545454545,1.9023086363636366,76.54545454545455,65.0,293.90909090909093,-53.0,305.1,0.0,5.0,204.0,231,2,1.0,True
232,-3.1873330909090907,1.4056228181818182,0.09572038727272726,287.54545454545456,6356.909090909091,2.522122181818182,64.27272727272727,65.0,277.45454545454544,-85.81818181818181,306.3240000000136,0.0,5.0,204.0,232,2,1.0,True
233,-3.3001626666666666,1.4535224166666667,0.20388446666666668,295.8333333333333,6547.416666666667,-0.5891239166666667,84.83333333333333,65.0,294.6666666666667,112.83333333333333,310.42799999998533,0.0,5.0,264.0,233,2,1.0,True
234,-3.5415495,1.4650085000000002,0.2907773,288.5,6387.5,-3.0997100000000004,96.5,65.0,283.0,298.5,160.34400000000315,0.0,5.0,264.0,234,2,1.0,True
235,-3.814973833333333,1.45739325,0.29786769166666666,293.0,6490.333333333333,-3.1139269166666668,99.33333333333333,65.0,296.25,299.0,310.64400000000313,0.0,5.0,264.0,235,2,1.0,True
236,-4.129931916666667,1.4489134166666666,0.29939214166666667,296.0,6544.75,-3.1167173333333333,99.66666666666667,65.0,298.8333333333333,299.0,311.4,0.0,5.0,260.0,236,2,1.0,True
237,-4.342082545454546,1.4434636363636364,0.16015279272727276,273.27272727272725,6029.818181818182,-3.1170306363636366,99.81818181818181,65.0,160.1818181818182,160.1818181818182,292.82399999998745,0.0,5.0,260.0,237,2,1.0,True
238,-4.46226025,1.4424285,0.09954921,268.5,5924.5,-3.11698825,100.0,65.0,100.0,99.75,286.7760000000126,0.0,5.0,260.0,238,2,1.0,True
257,-4.38026175,1.3506035,0.10316532916666667,280.0,6189.833333333333,-0.2333906,50.083333333333336,65.0,170.83333333333334,35.166666666666664,298.94400000000314,0.0,31.0,262.0,257,2,1.0,True
258,-4.2844255,1.341988,0.22398574999999998,296.0,6550.5,-0.014733825,52.5,64.5,287.5,160.5,156.81599999999162,0.0,31.0,262.0,258,2,1.0,True
259,-4.070834166666667,1.3710150833333332,0.16634075,272.5833333333333,6019.666666666667,0.12158406249999999,27.5,64.91666666666667,174.41666666666666,158.08333333333334,306.1800000000105,0.0,31.0,262.0,259,2,1.0,True
263,-3.805971090909091,1.4426737272727272,0.22137517272727275,294.3636363636364,6520.636363636364,0.12460373272727274,99.0,64.81818181818181,185.8181818181818,257.27272727272725,314.1719999999885,0.0,31.0,266.0,263,2,1.0,True
264,-3.544769272727273,1.458086,0.2890562545454545,299.27272727272725,6626.0,0.044020168181818184,98.27272727272727,64.0909090909091,278.54545454545456,299.0,317.7360000000073,0.0,31.0,266.0,264,2,1.0,True
265,-3.2659638333333336,1.4653227500000001,0.2981513083333333,293.5833333333333,6501.166666666667,0.026667355833333333,97.08333333333333,64.5,297.25,299.0,313.1639999999927,0.0,31.0,346.0,265,2,1.0,True
266,-2.9582355,1.475212,0.29907305,291.5,6454.5,0.02412638,97.5,65.0,298.5,299.0,157.5,0.0,31.0,346.0,266,2,1.0,True
267,-2.7232315000000002,1.4792819166666664,0.29882489166666665,294.5833333333333,6516.75,0.02503086083333333,97.91666666666667,64.5,298.9166666666667,298.5,312.1559999999969,0.0,31.0,350.0,267,2,1.0,True
268,-2.4167724545454545,1.4843769090909091,0.23881755454545453,286.8181818181818,6353.272727272727,0.02710930818181818,99.81818181818181,64.45454545454545,239.36363636363637,237.72727272727272,310.0320000000095,0.0,31.0,354.0,268,2,1.0,True
269,-2.270311090909091,1.487564909090909,0.10593056363636365,268.72727272727275,5942.909090909091,0.02646887272727273,99.72727272727273,65.0,106.36363636363636,106.0909090909091,287.1720000000147,0.0,31.0,354.0,269,2,1.0,True
276,-2.0776472727272726,1.4840971818181818,0.11119035454545455,285.1818181818182,6301.545454545455,-0.22687126763636362,100.0,65.0,-42.72727272727273,265.09090909090907,299.05199999999894,0.0,5.0,230.0,276,2,1.0,True
277,-1.9944209999999998,1.4359477272727272,0.10844445454545455,285.09090909090907,6310.545454545455,-0.8241288363636362,98.0909090909091,65.0,-58.36363636363637,275.27272727272725,309.0599999999948,0.0,5.0,234.0,277,2,1.0,True
278,-1.9685802499999998,1.35387025,0.13326409749999998,284.5,6296.25,-1.307372,85.75,65.0,9.0,257.75,300.4199999999895,0.0,5.0,234.0,278,2,1.0,True
311,-1.9376173636363634,1.0799714545454544,0.09235568545454545,263.90909090909093,5821.727272727273,1.3745434545454545,94.72727272727273,65.27272727272727,114.0,70.72727272727273,284.65199999999896,0.0,5.0,212.0,311,2,1.0,True
312,-1.9271565454545454,1.185913,0.1691253909090909,285.27272727272725,6301.090909090909,1.4705556363636363,87.81818181818181,65.0,224.63636363636363,113.72727272727273,302.04000000000525,0.0,5.0,232.0,312,2,1.0,True
313,-1.93921275,1.3149695833333335,0.16293740833333334,284.6666666666667,6293.333333333333,1.8623980833333331,83.08333333333333,65.0,298.9166666666667,26.5,302.50799999999583,0.0,5.0,232.0,313,2,1.0,True
314,-2.0004155,1.415478,0.11677890500000002,286.0,6334.5,2.3780675,61.5,65.0,284.0,-50.0,151.8840000000084,0.0,5.0,228.0,314,2,1.0,True
315,-2.0942785833333333,1.48825525,0.12571275083333333,288.3333333333333,6383.083333333333,0.3521175833333334,62.833333333333336,64.58333333333333,288.5833333333333,-37.416666666666664,303.4079999999958,0.0,5.0,228.0,315,2,1.0,True
316,-2.2768639090909093,1.5082653636363637,0.26066887272727274,296.0,6562.545454545455,-3.038112090909091,86.18181818181819,64.0,254.8181818181818,265.8181818181818,315.32399999998745,0.0,5.0,352.0,316,2,1.0,True
317,-2.5476603333333334,1.4929379999999999,0.29049365,296.1666666666667,6565.666666666667,-3.094730333333333,96.83333333333333,64.33333333333333,281.3333333333333,299.0,317.3760000000126,0.0,5.0,348.0,317,2,1.0,True
318,-2.8540295454545452,1.482953818181818,0.2983382,292.90909090909093,6483.181818181818,-3.110396090909091,97.81818181818181,64.45454545454545,297.27272727272725,299.0,313.0920000000042,0.0,5.0,344.0,318,2,1.0,True
319,-3.1083706363636363,1.474632,0.29895705454545457,293.8181818181818,6514.636363636364,-3.1134373636363635,98.72727272727273,64.27272727272727,298.72727272727275,299.0,310.78800000000626,0.0,5.0,340.0,319,2,1.0,True
320,-3.3873565999999995,1.4698823,0.29856256,294.5,6532.6,-3.1138161,99.1,64.1,299.0,297.8,316.40399999999795,0.0,5.0,264.0,320,2,1.0,True
321,-3.67842175,1.4652399999999999,0.2986831,293.75,6508.75,-3.111961583333333,100.0,64.41666666666667,299.0,298.0833333333333,313.2,0.0,5.0,264.0,321,2,1.0,True
322,-3.9831500000000006,1.4580645,0.29907305,291.0,6443.0,-3.1113150000000003,100.0,64.5,299.0,298.5,157.31999999998953,0.0,5.0,260.0,322,2,1.0,True
323,-4.224289,1.4503529166666667,0.28652305,283.5,6279.083333333333,-3.1116985833333337,100.0,64.5,286.0833333333333,286.9166666666667,306.7199999999895,0.0,5.0,260.0,323,2,1.0,True
324,-4.404455666666666,1.4471319999999999,0.12776899166666666,268.1666666666667,5930.833333333333,-3.1126426666666664,100.0,65.0,128.0,128.33333333333334,287.6400000000052,0.0,5.0,260.0,324,2,1.0,True
344,-4.3091226,1.3767859000000002,0.136646168,287.1,6359.1,-0.43855445,52.2,64.9,267.4,5.3,310.24800000000107,0.0,35.0,262.0,344,2,1.0,True
345,-4.127138416666667,1.3382954166666667,0.19200799999999998,286.3333333333333,6341.416666666667,-0.06177003666666667,35.75,64.08333333333333,274.0833333333333,109.41666666666667,294.3719999999885,0.0,35.0,262.0,345,2,1.0,True
357,-3.7586963636363637,1.5673396363636365,0.1748106,276.45454545454544,6120.818181818182,-0.058048836363636364,27.636363636363637,64.54545454545455,144.54545454545453,205.0909090909091,298.72800000001155,0.0,35.0,266.0,357,2,1.0,True
363,-3.421245916666667,1.3292611666666667,0.24649775,295.3333333333333,6534.25,0.07025182166666667,31.583333333333332,64.0,289.25,203.25,315.14400000000313,0.0,35.0,266.0,363,2,1.0,True
364,-3.1737634999999997,1.29493675,0.27744735,296.3333333333333,6568.333333333333,0.16946430833333334,28.416666666666668,64.0,299.0,255.75,316.15199999999896,0.0,35.0,342.0,364,2,1.0,True
365,-2.893686363636364,1.274155090909091,0.28878550909090905,295.3636363636364,6539.727272727273,0.22019692727272727,30.181818181818183,64.0,299.0,278.09090909090907,316.5480000000011,0.0,35.0,350.0,365,2,1.0,True
366,-2.6369936,1.2673522,0.29635036000000003,294.2,6525.2,0.25268696,37.4,64.0,298.6,294.0,313.41599999999164,0.0,35.0,354.0,366,2,1.0,True
367,-2.345833727272727,1.2683377272727272,0.2979901454545455,291.45454545454544,6464.454545454545,0.2605949454545455,42.72727272727273,64.18181818181819,296.6363636363636,299.0,311.4360000000073,0.0,35.0,354.0,367,2,1.0,True
368,-2.1407973636363633,1.2559041818181818,0.16413632636363637,285.6363636363636,6336.454545454545,0.14442951818181818,42.54545454545455,64.36363636363636,37.18181818181818,291.1818181818182,306.4679999999906,0.0,35.0,234.0,368,2,1.0,True
370,-2.0873809999999997,1.049102,0.1416662,289.0,6407.5,-0.864723,64.5,64.0,-12.0,295.0,153.10799999999583,0.0,35.0,214.0,370,2,1.0,True
371,-2.0972139999999997,0.9350570666666668,0.10433524166666668,254.25,5620.0,-1.2417025,19.25,64.91666666666667,34.166666666666664,174.41666666666666,280.83600000000735,0.0,35.0,214.0,371,2,1.0,True
376,-2.2116450000000003,1.195079090909091,0.09115675636363636,269.1818181818182,5947.090909090909,-1.2534788181818182,87.27272727272727,65.0,95.81818181818181,86.72727272727273,287.7840000000084,0.0,35.0,214.0,376,2,1.0,True
382,-2.1566675454545456,1.1512638181818182,0.13311901272727275,282.8181818181818,6259.545454545455,-1.4441885454545456,88.63636363636364,64.81818181818181,188.27272727272728,78.0909090909091,301.35599999999687,0.0,35.0,214.0,382,2,1.0,True
383,-2.125159,1.0286928,0.25038137272727273,296.09090909090907,6565.545454545455,-1.3595073636363635,88.72727272727273,64.0,230.63636363636363,270.6363636363636,318.7079999999958,0.0,35.0,214.0,383,2,1.0,True
384,-2.096399818181818,0.8106793,0.2427624090909091,293.09090909090907,6501.454545454545,-1.5200522727272727,87.45454545454545,64.0,186.1818181818182,299.0,310.6440000000032,0.0,35.0,214.0,384,2,1.0,True
385,-2.1151265833333333,0.5788449,0.22515565,292.9166666666667,6492.333333333333,-1.75635175,79.91666666666667,64.0,150.91666666666666,299.0,312.3719999999885,0.0,35.0,218.0,385,2,1.0,True
386,-2.1753768181818183,0.38095337272727275,0.2086898272727273,291.54545454545456,6470.545454545455,-2.049169272727273,78.0909090909091,64.0,118.0909090909091,299.0,151.7039999999979,0.0,35.0,218.0,386,2,1.0,True
387,-2.2884309166666665,0.24725254166666666,0.20555069166666665,288.9166666666667,6412.916666666667,-2.36498725,82.08333333333333,64.0,111.25,299.0,312.660000000021,0.0,35.0,218.0,387,2,1.0,True
388,-2.4556417272727273,0.1366856272727273,0.21325345454545455,289.72727272727275,6427.818181818182,-2.6956593636363637,90.0,64.0,127.18181818181819,299.0,309.99600000000214,0.0,35.0,218.0,388,2,1.0,True
389,-2.611403909090909,0.07403623818181818,0.10388080363636364,277.1818181818182,6135.818181818182,-2.9202870909090906,94.9090909090909,64.81818181818181,69.18181818181819,138.36363636363637,295.63199999998324,0.0,35.0,218.0,389,2,1.0,True
400,-2.8862307272727272,0.037126574545454545,0.2153032109090909,287.1818181818182,6364.090909090909,-3.0942155454545457,97.63636363636364,64.36363636363636,220.9090909090909,210.0909090909091,310.1400000000052,0.0,5.0,218.0,400,2,1.0,True
401,-3.151575166666667,0.01713371816666667,0.29818675,292.3333333333333,6486.0,-3.0834320833333333,96.08333333333333,64.0,297.3333333333333,299.0,309.9240000000136,0.0,5.0,222.0,401,2,1.0,True
402,-3.4557005,0.004408034,0.29737135,289.5,6417.0,-3.088286,97.5,64.0,295.0,299.0,157.14000000000524,0.0,5.0,222.0,402,2,1.0,True
403,-3.696512,-0.006321605583333333,0.29733594166666666,292.9166666666667,6498.916666666667,-3.0927830833333334,98.91666666666667,64.0,294.9166666666667,299.0,310.35599999999687,0.0,5.0,222.0,403,2,1.0,True
404,-4.011541363636364,-0.015885673545454546,0.29837692727272724,294.8181818181818,6544.363636363636,-3.0985228181818183,99.0,64.0,297.0,299.0,314.96399999999267,0.0,5.0,226.0,404,2,1.0,True
405,-4.237854727272727,-0.021770518181818185,0.21004340909090907,273.09090909090907,6041.818181818182,-3.100256,99.81818181818181,64.81818181818181,209.54545454545453,210.36363636363637,292.42799999998533,0.0,5.0,226.0,405,2,1.0,True
406,-4.36696725,-0.026765555,0.09976191,267.75,5924.5,-3.1009665,99.25,65.0,99.5,100.5,286.2360000000074,0.0,5.0,226.0,406,2,1.0,True
423,-4.177135818181818,-0.13025337272727272,0.2856528909090909,298.27272727272725,6623.727272727273,0.09927029636363637,34.27272727272727,64.0,298.72727272727275,272.54545454545456,314.02799999998535,0.0,5.0,224.0,423,2,1.0,True
424,-3.9172961666666666,-0.09356400333333333,0.29084818333333334,296.1666666666667,6574.833333333333,0.11100557500000001,38.333333333333336,64.0,284.3333333333333,297.0,314.6039999999979,0.0,5.0,220.0,424,2,1.0,True
425,-3.6237021818181816,-0.022324856181818183,0.2809732545454545,296.27272727272725,6577.363636363636,0.059853189090909094,46.0,64.0,262.8181818181818,298.45454545454544,311.43600000000737,0.0,5.0,220.0,425,2,1.0,True
426,-3.3899221818181817,-0.040957700909090906,0.29141543636363637,287.54545454545456,6385.0,0.031250099999999996,43.45454545454545,64.0,297.1818181818182,285.3636363636364,158.83200000000943,0.0,5.0,220.0,426,2,1.0,True
427,-3.1749736666666664,-0.06361882916666667,0.13276772083333335,286.4166666666667,6343.416666666667,0.2932228083333333,34.083333333333336,64.0,284.4166666666667,-18.666666666666668,306.9360000000073,0.0,5.0,24.0,427,2,1.0,True
453,-3.091481833333333,0.47114988333333335,0.27120781666666666,293.5,6500.833333333333,1.5063271666666667,87.16666666666667,64.0,289.5,252.66666666666666,316.83599999998114,0.0,5.0,20.0,453,2,1.0,True
454,-3.074854,0.833406290909091,0.2939292818181818,291.3636363636364,6461.727272727273,1.5208738181818182,87.54545454545455,64.0,294.45454545454544,293.27272727272725,308.9880000000063,0.0,5.0,20.0,454,2,1.0,True
455,-3.0707201666666664,1.1612008333333332,0.225900175,283.6666666666667,6292.583333333333,1.5990158333333333,86.83333333333333,64.0,299.0,152.08333333333334,308.7,0.0,5.0,208.0,455,2,1.0,True
456,-3.1131771666666666,1.2818698333333334,0.17073685000000002,286.1666666666667,6349.5,1.9224853333333334,83.66666666666667,64.0,297.8333333333333,43.5,305.13600000000736,0.0,5.0,208.0,456,2,1.0,True
457,-3.176346,1.3799677499999998,0.11170926166666667,286.1666666666667,6345.75,2.4498599999999997,61.666666666666664,64.0,281.75,-58.333333333333336,304.0199999999895,0.0,5.0,204.0,457,2,1.0,True
458,-3.3114174545454547,1.450386,0.19917578181818182,295.3636363636364,6559.181818181818,3.001327454545454,78.18181818181819,64.0,297.1818181818182,101.0909090909091,155.23200000000944,0.0,5.0,264.0,458,2,1.0,True
459,-3.5520802727272724,1.4673165454545456,0.2959790727272727,292.3636363636364,6486.272727272727,-3.116675181818182,97.36363636363636,64.0,299.0,292.27272727272725,316.5119999999937,0.0,5.0,264.0,459,2,1.0,True
460,-3.8098765,1.4609678333333331,0.29864765833333334,291.8333333333333,6479.333333333333,-3.1116158333333335,99.33333333333333,64.0,298.3333333333333,298.6666666666667,312.22800000001155,0.0,5.0,264.0,460,2,1.0,True
461,-4.1085115,1.4523941666666664,0.2985767,292.3333333333333,6490.833333333333,-3.1119625,100.0,64.0,297.8333333333333,299.0,310.5,0.0,5.0,260.0,461,2,1.0,True
462,-4.355708363636364,1.4473761818181818,0.13980975818181818,272.8181818181818,6041.818181818182,-3.112506818181818,100.0,64.81818181818181,139.8181818181818,139.72727272727272,291.6,0.0,5.0,260.0,462,2,1.0,True
463,-4.458375636363637,1.446242,0.09943318363636364,268.8181818181818,5946.545454545455,-3.112407909090909,100.0,65.0,100.0,99.72727272727273,282.85199999999895,0.0,5.0,260.0,463,2,1.0,True
488,-4.354462666666667,1.3866623333333334,0.16109388333333333,285.8333333333333,6335.333333333333,-0.20901046166666667,75.83333333333333,64.0,243.5,78.5,306.1800000000105,0.0,30.0,262.0,488,2,1.0,True
489,-4.177553636363636,1.3671503636363636,0.2570334454545455,296.8181818181818,6587.909090909091,0.03600800363636363,73.18181818181819,64.0,299.0,214.72727272727272,315.0,0.0,30.0,262.0,489,2,1.0,True
490,-3.889507833333333,1.3860545,0.29354255,291.6666666666667,6478.833333333333,0.10042038333333332,91.83333333333333,64.0,292.9166666666667,293.5833333333333,313.09199999997804,0.0,30.0,266.0,490,2,1.0,True
491,-3.625953,1.4119651818181818,0.2926917,291.1818181818182,6468.090909090909,0.0884663409090909,96.54545454545455,64.0,286.0,299.0,156.6,0.0,30.0,266.0,491,2,1.0,True
492,-3.3294873000000003,1.4304181,0.29477625,293.5,6516.6,0.06850995800000001,96.9,64.0,290.0,299.0,315.82800000001157,0.0,30.0,342.0,492,2,1.0,True
493,-3.0770743333333335,1.4469405000000002,0.2965914166666667,293.5,6517.333333333333,0.05658532,97.33333333333333,64.0,293.8333333333333,299.0,310.46399999999267,0.0,30.0,346.0,493,2,1.0,True
494,-2.7880110000000005,1.45844975,0.29779680000000003,293.25,6511.5,0.049954965,98.25,64.0,296.0,299.0,311.4360000000073,0.0,30.0,350.0,494,2,1.0,True
495,-2.513955181818182,1.4680254545454545,0.29760343636363634,293.6363636363636,6519.363636363636,0.04439719272727272,99.72727272727273,64.0,296.09090909090907,299.0,316.47599999998636,0.0,30.0,354.0,495,2,1.0,True
496,-2.224440181818182,1.4773344545454543,0.2726967818181818,290.27272727272725,6452.545454545455,0.05490576727272727,99.9090909090909,64.0,296.27272727272725,248.45454545454547,307.83600000000735,0.0,30.0,238.0,496,2,1.0,True
497,-2.0599775454545455,1.501681,0.1116931090909091,284.90909090909093,6326.545454545455,0.3782949545454546,94.36363636363636,64.0,279.6363636363636,-55.90909090909091,302.50799999999583,0.0,30.0,238.0,497,2,1.0,True
498,-1.9915151818181818,1.5858857272727271,0.12004690909090909,286.1818181818182,6354.363636363636,0.9963081363636364,80.18181818181819,64.0,284.3636363636364,-44.09090909090909,152.64000000000524,0.0,30.0,242.0,498,2,1.0,True
499,-1.9644417272727273,1.6625323636363638,0.12677634545454544,282.3636363636364,6262.363636363636,1.4511496363636363,77.0,64.0,210.8181818181818,42.81818181818182,300.16799999999057,0.0,30.0,242.0,499,2,1.0,True
507,-1.9784575000000002,1.9678719166666667,0.19615590833333338,289.1666666666667,6419.5,1.6210868333333333,84.66666666666667,64.08333333333333,163.66666666666666,228.16666666666666,295.8840000000084,0.0,32.0,16.0,507,2,1.0,True
508,-1.9705765454545452,2.2186524545454547,0.2912607181818182,292.72727272727275,6497.454545454545,1.5528428181818184,85.9090909090909,64.0,283.6363636363636,298.54545454545456,320.1119999999937,0.0,32.0,16.0,508,2,1.0,True
509,-1.9662750000000002,2.5305241666666665,0.2968750333333333,290.8333333333333,6458.0,1.5480308333333335,90.0,64.0,299.0,294.3333333333333,312.76800000001674,0.0,32.0,16.0,509,2,1.0,True
510,-1.9648326363636364,2.809745,0.29644316363636364,294.3636363636364,6535.0,1.558029090909091,93.36363636363636,64.0,299.0,293.54545454545456,310.5359999999812,0.0,32.0,16.0,510,2,1.0,True
511,-1.9625377272727271,3.0972737272727273,0.29613374545454546,295.09090909090907,6564.454545454545,1.5678421818181818,95.72727272727273,64.0,299.0,292.6363636363636,313.92000000001576,0.0,32.0,16.0,511,2,1.0,True
512,-1.9654973333333334,3.357097833333334,0.29822221666666665,295.8333333333333,6569.833333333333,1.5762858333333334,95.66666666666667,64.0,299.0,297.0,314.7839999999822,0.0,32.0,16.0,512,2,1.0,True
513,-1.9689577272727272,3.6586936363636364,0.29895703636363635,294.27272727272725,6531.636363636364,1.5800640000000001,97.0909090909091,64.0,299.0,298.27272727272725,311.90399999999795,0.0,32.0,16.0,513,2,1.0,True
514,-1.9742460909090909,3.9307978181818184,0.2991117272727273,291.72727272727275,6476.363636363636,1.5814843636363636,98.0,64.0,299.0,299.0,163.54800000000105,0.0,32.0,16.0,514,2,1.0,True
515,-1.9785765454545454,4.225428818181818,0.29868632727272726,293.72727272727275,6525.727272727273,1.5837417272727272,99.0,64.0,299.0,298.09090909090907,308.160000000021,0.0,32.0,16.0,515,2,1.0,True
516,-1.9822814545454543,4.478875909090909,0.2988410181818182,294.09090909090907,6529.545454545455,1.5864493636363635,99.0,64.0,299.0,298.45454545454544,316.2239999999874,0.0,32.0,16.0,516,2,1.0,True
517,-1.9904038333333334,4.769219666666666,0.29886035,293.5,6517.0,1.5876683333333332,99.0,64.0,298.6666666666667,298.8333333333333,310.06799999999055,0.0,32.0,16.0,517,2,1.0,True
518,-1.9963616363636363,5.061413,0.29922777272727275,293.09090909090907,6522.727272727273,1.5869971818181818,99.0,64.0,298.8181818181818,299.0,314.49600000000214,0.0,32.0,16.0,518,2,1.0,True
519,-2.0007687272727277,5.29847809090909,0.2990731,292.0,6496.0,1.5879253636363637,99.0,64.0,299.0,299.0,309.49200000000417,0.0,32.0,16.0,519,2,1.0,True
520,-2.0038185,5.6075755,0.2988603833333333,292.8333333333333,6502.166666666667,1.5896151666666667,99.0,64.0,299.0,298.5,312.44400000000314,0.0,32.0,16.0,520,2,1.0,True
521,-2.010284818181818,5.880299818181817,0.29849296363636363,292.90909090909093,6515.636363636364,1.5921096363636364,99.0,64.0,298.72727272727275,297.90909090909093,310.21199999999374,0.0,32.0,16.0,521,2,1.0,True
522,-2.022476,6.18293,0.29737135,290.5,6454.0,1.5891125000000001,98.5,64.0,295.0,299.0,159.5160000000178,0.0,32.0,12.0,522,2,1.0,True
523,-2.0245585454545454,6.436159272727273,0.29930513636363637,292.09090909090907,6491.272727272727,1.5856332727272728,98.45454545454545,64.0,299.0,299.0,311.21999999998957,0.0,32.0,12.0,523,2,1.0,True
524,-2.031253090909091,6.741299636363636,0.2976807909090909,295.3636363636364,6560.727272727273,1.5820683636363635,99.0,64.0,295.72727272727275,299.0,317.15999999999474,0.0,32.0,12.0,524,2,1.0,True
525,-2.0321112727272728,7.010602545454546,0.29721665454545454,295.09090909090907,6556.0,1.5807984545454545,98.72727272727273,64.0,298.45454545454544,295.1818181818182,313.451999999999,0.0,32.0,12.0,525,2,1.0,True
526,-2.03934625,7.309057500000001,0.298434925,293.0,6514.5,1.5875365,98.0,64.0,299.0,298.0,311.7960000000021,0.0,32.0,12.0,526,2,1.0,True
527,-2.042913,7.580873636363637,0.2990731,292.90909090909093,6515.818181818182,1.5896004545454545,98.0,64.0,299.0,299.0,312.551999999999,0.0,32.0,12.0,527,2,1.0,True
528,-2.048593,7.8970975,0.2988603833333333,292.6666666666667,6509.333333333333,1.5917213333333333,98.16666666666667,64.0,299.0,298.5,311.0039999999979,0.0,32.0,12.0,528,2,1.0,True
529,-2.05438625,8.168351083333333,0.2737603333333333,288.25,6405.166666666667,1.6075523333333332,99.0,64.0,299.0,247.91666666666666,315.03600000000733,0.0,32.0,12.0,529,2,1.0,True
530,-2.082101727272727,8.392201727272727,0.1799156909090909,287.09090909090907,6370.909090909091,1.816221,97.9090909090909,64.0,299.0,60.45454545454545,149.21999999998954,0.0,32.0,12.0,530,2,1.0,True
614,-2.282865363636364,8.540923727272727,0.13783739272727272,281.1818181818182,6247.454545454545,3.095965,96.72727272727273,64.0,74.0,201.9090909090909,297.0,0.0,32.0,12.0,614,2,1.0,True
615,-2.4206435454545456,8.59361409090909,0.14928515454545455,284.8181818181818,6321.090909090909,2.6720286363636365,97.45454545454545,64.0,-0.7272727272727273,299.0,308.2679999999906,0.0,32.0,12.0,615,2,1.0,True
616,-2.5150271666666666,8.695075333333333,0.1510964,285.3333333333333,6340.333333333333,2.150033,97.33333333333333,64.0,2.6666666666666665,299.0,302.61600000001783,0.0,32.0,12.0,616,2,1.0,True
617,-2.5636781818181817,8.841756727272728,0.20725884545454545,290.54545454545456,6459.090909090909,1.6917800909090908,97.63636363636364,64.0,119.54545454545455,294.6363636363636,315.07199999998846,0.0,32.0,12.0,617,2,1.0,True
618,-2.568267272727273,9.039361818181819,0.26759173636363637,298.90909090909093,6647.454545454545,1.5574988181818183,97.45454545454545,64.0,294.45454545454544,240.0909090909091,154.44000000000526,0.0,32.0,8.0,618,2,1.0,True
619,-2.58549075,9.31808125,0.29393254166666666,294.5833333333333,6552.666666666667,1.620425,97.91666666666667,64.0,299.0,288.3333333333333,320.6880000000063,0.0,32.0,8.0,619,2,1.0,True
620,-2.59894,9.582020454545455,0.29721668181818184,293.54545454545456,6529.090909090909,1.6230758181818181,98.9090909090909,64.0,295.0,299.0,308.91599999999164,0.0,32.0,8.0,620,2,1.0,True
621,-2.6143375,9.897803999999999,0.29701683333333334,291.8333333333333,6481.166666666667,1.614687,99.83333333333333,64.0,294.3333333333333,299.0,312.048000000001,0.0,32.0,8.0,621,2,1.0,True
622,-2.6223193636363638,10.189567272727272,0.29864765454545456,293.27272727272725,6521.727272727273,1.6096665454545453,99.45454545454545,64.0,298.0,299.0,308.8440000000031,0.0,32.0,8.0,622,2,1.0,True
623,-2.631783181818182,10.480538181818183,0.29849292727272725,293.27272727272725,6518.454545454545,1.6077196363636366,99.27272727272727,64.0,297.6363636363636,299.0,311.8319999999833,0.0,32.0,4.0,623,2,1.0,True
624,-2.633934090909091,10.716996363636364,0.29899574545454544,291.45454545454544,6490.181818181818,1.608876909090909,99.0,64.0,299.0,298.90909090909093,315.28800000000626,0.0,32.0,4.0,624,2,1.0,True
625,-2.6413267499999997,11.037518333333333,0.29850580833333334,291.5833333333333,6490.5,1.6098236666666665,99.58333333333333,64.0,298.5,298.5833333333333,306.6119999999937,0.0,32.0,4.0,625,2,1.0,True
626,-2.6514245454545455,11.327981818181819,0.2986089727272727,290.6363636363636,6462.181818181818,1.6075669090909093,100.0,64.0,297.90909090909093,299.0,162.36000000002096,0.0,32.0,4.0,626,2,1.0,True
627,-2.6594898181818185,11.606772727272727,0.2991117272727273,292.27272727272725,6500.272727272727,1.6054856363636363,100.0,63.45454545454545,298.54545454545456,299.0,306.2879999999801,0.0,32.0,4.0,627,2,1.0,True
628,-2.6674542,11.874583,0.29745644000000004,291.8,6495.8,1.6049866000000002,99.2,64.0,298.4,296.6,315.6840000000084,0.0,32.0,4.0,628,2,1.0,True
629,-2.6776623333333336,12.122950000000001,0.20285633333333333,285.6666666666667,6355.166666666667,1.7126666666666666,97.16666666666667,64.0,299.0,106.5,301.60799999999585,0.0,32.0,190.0,629,2,1.0,True
630,-2.74455075,12.271232500000002,0.136561125,285.0,6336.5,2.2074385,95.75,64.0,298.0,-25.25,306.7559999999969,0.0,32.0,190.0,630,2,1.0,True
631,-2.829597090909091,12.330809090909092,0.14769946363636366,283.3636363636364,6293.727272727273,2.736362818181818,90.0,64.0,297.90909090909093,-2.8181818181818183,300.8880000000063,0.0,32.0,190.0,631,2,1.0,True
632,-2.9916096666666667,12.339805,0.1735020833333333,283.0,6283.0,-0.017581166666666686,86.83333333333333,64.0,177.33333333333334,169.33333333333334,307.1880000000063,0.0,32.0,190.0,632,2,1.0,True
633,-3.1338875454545456,12.356004545454544,0.1262349,286.09090909090907,6359.909090909091,2.8811614545454547,97.54545454545455,64.0,-42.18181818181818,294.09090909090907,303.4079999999958,0.0,32.0,190.0,633,2,1.0,True
634,-3.2247733636363636,12.433069999999999,0.10983670000000001,286.09090909090907,6365.0,2.265852727272727,94.63636363636364,64.0,-55.63636363636363,274.8181818181818,152.45999999999478,0.0,32.0,190.0,634,2,1.0,True
635,-3.238392272727273,12.532568181818181,0.14429609090909093,286.6363636363636,6367.545454545455,1.8149104545454546,69.18181818181819,64.0,0.18181818181818182,288.6363636363636,302.1840000000084,0.0,32.0,190.0,635,2,1.0,True
636,-3.230100272727273,12.776613636363637,0.2538234545454545,296.8181818181818,6601.727272727273,1.5910735454545453,50.63636363636363,63.63636363636363,270.0,237.1818181818182,315.9360000000073,0.0,32.0,190.0,636,2,1.0,True
637,-3.2184495,12.993851666666666,0.2811343666666667,298.8333333333333,6651.5,1.6364598333333333,40.166666666666664,63.0,299.0,262.6666666666667,323.63999999997907,0.0,32.0,190.0,637,2,1.0,True
638,-3.215199,13.26478090909091,0.28766399090909095,295.1818181818182,6564.272727272727,1.664646181818182,55.90909090909091,63.81818181818182,299.0,276.09090909090907,312.4800000000105,0.0,32.0,190.0,638,2,1.0,True
639,-3.241197909090909,13.50699,0.2974100272727273,294.09090909090907,6545.545454545455,1.6608319999999999,70.0909090909091,63.27272727272727,299.0,295.3636363636364,316.9800000000105,0.0,32.0,190.0,639,2,1.0,True
640,-3.2758333333333334,13.832761666666668,0.29737135,293.5,6533.166666666667,1.6384701666666668,94.5,63.166666666666664,296.6666666666667,297.3333333333333,311.0759999999864,0.0,32.0,190.0,640,2,1.0,True
641,-3.2893196363636363,14.111126363636362,0.29779676363636365,294.0,6545.545454545455,1.6322765454545454,98.36363636363636,63.45454545454545,296.0,299.0,315.79200000000424,0.0,32.0,194.0,641,2,1.0,True
642,-3.295715,14.346799999999998,0.2982222,293.0,6526.5,1.6283755,98.0,64.0,297.0,299.0,155.98800000000628,0.0,32.0,194.0,642,2,1.0,True
643,-3.315326818181818,14.653063636363635,0.29675253636363635,292.8181818181818,6516.181818181818,1.61989,99.0,63.45454545454545,294.0,299.0,310.0679999999906,0.0,32.0,194.0,643,2,1.0,True
644,-3.3301260909090913,14.936676363636364,0.2963658454545455,291.1818181818182,6489.090909090909,1.6105896363636363,98.63636363636364,63.45454545454545,293.27272727272725,299.0,312.7679999999906,0.0,32.0,194.0,644,2,1.0,True
645,-3.330204833333333,15.219838333333334,0.29708775,290.5,6469.0,1.6117945,94.5,63.166666666666664,298.3333333333333,295.8333333333333,313.0200000000157,0.0,32.0,194.0,645,2,1.0,True
646,-3.339801272727273,15.490421818181819,0.29814485454545453,292.0,6507.272727272727,1.6108761818181818,92.81818181818181,63.27272727272727,297.3636363636364,298.6363636363636,310.0679999999906,0.0,32.0,194.0,646,2,1.0,True
647,-3.3584754545454545,15.782216363636364,0.2984542363636364,295.45454545454544,6579.272727272727,1.5994852727272728,90.0909090909091,63.45454545454545,297.54545454545456,299.0,316.8,0.0,32.0,194.0,647,2,1.0,True
648,-3.368067333333333,16.064796666666666,0.29886036666666665,294.5,6560.0,1.5944335,86.66666666666667,63.333333333333336,298.3333333333333,299.0,313.52400000001364,0.0,32.0,194.0,648,2,1.0,True
649,-3.3755094999999997,16.364975833333332,0.2994985,290.9166666666667,6479.75,1.5934275833333336,89.91666666666667,63.083333333333336,299.0,299.0,310.7159999999916,0.0,32.0,194.0,649,2,1.0,True
650,-3.38361,16.620894999999997,0.29907305,290.0,6452.5,1.592648,89.0,63.5,298.5,299.0,155.1960000000021,0.0,32.0,194.0,650,2,1.0,True
651,-3.3883619090909094,16.945892727272728,0.2725807818181818,288.3636363636364,6408.727272727273,1.5943666363636362,90.45454545454545,63.45454545454545,268.09090909090907,277.1818181818182,311.36399999999264,0.0,32.0,194.0,651,2,1.0,True
652,-3.365955727272727,17.11030909090909,0.1591859090909091,284.90909090909093,6338.181818181818,1.3549086363636365,92.81818181818181,64.0,27.0,291.3636363636364,301.9679999999906,0.0,32.0,336.0,652,2,1.0,True
653,-3.3137352727272726,17.190092727272727,0.11169315454545453,285.0,6333.090909090909,0.825770309090909,95.45454545454545,64.0,-49.63636363636363,272.8181818181818,302.25600000002305,0.0,32.0,336.0,653,2,1.0,True
654,-3.220481454545455,17.226178181818184,0.1483183090909091,290.3636363636364,6457.545454545455,0.2785370709090909,95.54545454545455,63.72727272727273,22.818181818181817,274.1818181818182,305.35199999999895,0.0,32.0,328.0,654,2,1.0,True
655,-3.0440267,17.254089999999998,0.26006172000000005,298.7,6650.0,-0.003017504999999999,93.3,63.5,276.8,243.5,319.5719999999885,0.0,32.0,328.0,655,2,1.0,True
656,-2.766064333333333,17.266653333333334,0.2907063833333334,296.1666666666667,6592.666666666667,0.05638268,96.83333333333333,63.0,298.3333333333333,282.8333333333333,316.36800000001676,0.0,32.0,324.0,656,2,1.0,True
657,-2.518697,17.278454545454547,0.21449103636363634,284.3636363636364,6323.272727272727,0.01779473818181818,95.63636363636364,63.54545454545455,150.1818181818182,278.6363636363636,304.30799999999584,0.0,32.0,88.0,657,2,1.0,True
658,-2.3873777272727277,17.252485454545454,0.10388082181818183,286.1818181818182,6373.636363636364,-0.4119968636363636,96.36363636363636,63.0,-71.81818181818181,279.54545454545456,155.98800000000628,0.0,32.0,88.0,658,2,1.0,True
659,-2.3416318333333335,17.167680833333332,0.10578878000000001,286.5,6362.75,-0.956996325,72.5,63.916666666666664,-71.5,283.1666666666667,305.3159999999916,0.0,32.0,84.0,659,2,1.0,True
660,-2.3222411999999997,16.970888,0.25546713,293.0,6519.4,-1.4461754,46.1,63.5,219.8,291.0,314.2079999999958,0.0,32.0,32.0,660,2,1.0,True
661,-2.308056,16.722923333333334,0.19725491666666664,275.0,6121.5,-1.4931340000000002,29.166666666666668,63.5,198.83333333333334,196.0,296.24399999997695,0.0,32.0,32.0,661,2,1.0,True
664,-2.340377333333333,16.546885,0.21306653333333334,283.3333333333333,6300.333333333333,-1.4892174999999999,36.5,64.0,229.33333333333334,196.83333333333334,304.84800000002724,0.0,32.0,32.0,664,2,1.0,True
665,-2.2889065,16.358275,0.2919472166666667,292.0,6495.5,-1.4978068333333334,58.083333333333336,63.5,292.1666666666667,291.9166666666667,308.7359999999811,0.0,32.0,32.0,665,2,1.0,True
666,-2.2653525454545456,16.091245454545454,0.29671387272727273,291.72727272727275,6479.636363636364,-1.5161224545454546,94.63636363636364,64.0,293.90909090909093,299.0,159.76800000001677,0.0,32.0,32.0,666,2,1.0,True
667,-2.2577074545454545,15.810415454545454,0.29868632727272726,289.27272727272725,6443.636363636364,-1.519276,98.9090909090909,63.0,298.09090909090907,299.0,309.8159999999916,0.0,32.0,32.0,667,2,1.0,True
668,-2.2473699,15.533075,0.2984349,291.8,6503.9,-1.523634,100.0,63.0,297.5,299.0,312.44399999997694,0.0,32.0,32.0,668,2,1.0,True
669,-2.2366806666666665,15.266386666666667,0.2979386,294.1666666666667,6554.5,-1.5282626666666665,100.0,63.0,296.3333333333333,299.0,312.58800000000633,0.0,32.0,32.0,669,2,1.0,True
670,-2.2232655,14.9801075,0.29747772499999997,292.0,6501.25,-1.53295225,100.0,63.0,295.25,299.0,310.2480000000272,0.0,32.0,32.0,670,2,1.0,True
671,-2.2159983,14.685419999999999,0.29843494,290.9,6479.8,-1.5380821999999998,100.0,63.0,297.5,299.0,317.01599999999166,0.0,32.0,32.0,671,2,1.0,True
672,-2.2081353333333333,14.411448333333333,0.29864763333333333,292.3333333333333,6508.5,-1.5390690000000002,100.0,63.0,298.5,298.5,310.2840000000084,0.0,32.0,32.0,672,2,1.0,True
673,-2.196969909090909,14.11711090909091,0.2983382181818182,294.90909090909093,6572.272727272727,-1.5421359090909093,100.0,63.09090909090909,297.3636363636364,298.90909090909093,313.8840000000084,0.0,32.0,32.0,673,2,1.0,True
674,-2.192841,13.85876,0.29907305,293.0,6518.5,-1.5424419999999999,100.0,63.5,299.0,298.5,155.483999999956,0.0,32.0,32.0,674,2,1.0,True
675,-2.183107363636364,13.528146363636363,0.2990731,290.8181818181818,6472.0,-1.5429943636363637,100.0,63.45454545454545,299.0,299.0,309.8880000000063,0.0,32.0,28.0,675,2,1.0,True
676,-2.1762202727272726,13.289575454545455,0.2990731,289.90909090909093,6451.818181818182,-1.5441123636363636,100.0,63.09090909090909,299.0,299.0,312.11999999998955,0.0,32.0,28.0,676,2,1.0,True
677,-2.1737986666666664,12.985759999999999,0.29843495,294.5,6560.666666666667,-1.5425988333333336,100.0,63.0,299.0,297.5,313.2720000000147,0.0,32.0,28.0,677,2,1.0,True
678,-2.172056181818182,12.717562727272728,0.2595086636363636,290.90909090909093,6482.727272727273,-1.589154909090909,99.72727272727273,63.0,219.9090909090909,299.0,306.6119999999937,0.0,32.0,28.0,678,2,1.0,True
679,-2.197422,12.533106363636364,0.13876557272727272,285.45454545454544,6354.909090909091,-1.9474921818181818,97.36363636363636,63.54545454545455,-18.09090909090909,295.3636363636364,305.92800000003774,0.0,32.0,28.0,679,2,1.0,True
680,-2.2511775454545453,12.453778181818182,0.10608525454545456,284.1818181818182,6320.909090909091,-2.4608272727272724,96.27272727272727,63.54545454545455,-63.54545454545455,275.8181818181818,307.61999999998955,0.0,32.0,28.0,680,2,1.0,True
681,-2.369225818181818,12.405280909090909,0.16255066363636364,282.45454545454544,6292.909090909091,0.33905918181818195,99.45454545454545,63.54545454545455,69.27272727272727,255.63636363636363,302.43599999998116,0.0,32.0,28.0,681,2,1.0,True
682,-2.4931639999999997,12.392304999999999,0.1384755,287.5,6402.5,-2.9487545,86.5,63.0,289.5,-13.0,151.12799999998535,0.0,32.0,28.0,682,2,1.0,True
683,-2.5931594166666665,12.344711666666667,0.122593,284.6666666666667,6340.0,-2.41432925,63.75,63.5,290.6666666666667,-46.166666666666664,302.9760000000126,0.0,32.0,28.0,683,2,1.0,True
684,-2.644082090909091,12.237870909090908,0.15176033636363637,284.3636363636364,6332.272727272727,-1.8401951818181816,75.0909090909091,63.54545454545455,294.45454545454544,8.909090909090908,304.0199999999895,0.0,32.0,28.0,684,2,1.0,True
685,-2.6437565000000003,12.059733333333334,0.23979731666666668,293.1666666666667,6537.166666666667,-1.4746208333333335,84.0,63.0,261.3333333333333,218.0,310.6800000000105,0.0,32.0,6.0,685,2,1.0,True
686,-2.639146,11.8146875,0.273760375,297.0,6614.5,-1.5368975,95.75,63.0,248.5,299.0,314.5320000000356,0.0,32.0,6.0,686,2,1.0,True
687,-2.6401107,11.563311,0.29681831999999997,294.1,6551.2,-1.5780093,99.7,63.0,295.7,297.6,314.27999999995814,0.0,32.0,6.0,687,2,1.0,True
688,-2.641239833333333,11.264736666666666,0.29730045,291.5,6494.666666666667,-1.5730206666666666,100.0,63.0,299.0,295.3333333333333,313.63200000003565,0.0,32.0,6.0,688,2,1.0,True
689,-2.6394785454545455,10.98091,0.2977581272727272,292.27272727272725,6512.909090909091,-1.566483181818182,100.0,63.0,299.0,295.90909090909093,310.35599999997066,0.0,32.0,6.0,689,2,1.0,True
690,-2.6381544999999997,10.691889999999999,0.29822224999999997,293.0,6537.0,-1.5593185,100.0,63.0,299.0,297.0,160.23600000003353,0.0,32.0,6.0,690,2,1.0,True
691,-2.633412,10.43544909090909,0.29887969090909094,295.1818181818182,6584.454545454545,-1.557204,100.0,63.0,299.0,298.54545454545456,311.21999999998957,0.0,32.0,10.0,691,2,1.0,True
692,-2.6308765999999997,10.133738000000001,0.29805203999999996,292.9,6526.7,-1.5535830000000002,100.0,63.0,299.0,296.6,317.4119999999937,0.0,32.0,10.0,692,2,1.0,True
693,-2.6256508333333333,9.857099333333332,0.2987185333333333,291.0,6482.166666666667,-1.5505846666666667,100.0,63.0,299.0,298.1666666666667,314.02799999998535,0.0,32.0,10.0,693,2,1.0,True
694,-2.6187036363636365,9.558266272727273,0.29942115454545454,292.54545454545456,6527.636363636364,-1.5489468181818182,100.0,63.0,299.0,299.0,311.3279999999853,0.0,32.0,10.0,694,2,1.0,True
695,-2.613708909090909,9.303007545454545,0.2994985,295.09090909090907,6580.909090909091,-1.547593,100.0,63.0,299.0,299.0,311.4360000000336,0.0,32.0,10.0,695,2,1.0,True
696,-2.6055046666666666,8.990517666666667,0.27482391666666667,289.8333333333333,6463.5,-1.5296883333333333,99.33333333333333,63.0,299.0,250.16666666666666,307.15199999997276,0.0,32.0,14.0,696,2,1.0,True
697,-2.5693817500000002,8.77553375,0.16786520000000002,285.0,6345.333333333333,-1.26748445,89.5,63.5,299.0,36.166666666666664,302.83200000003563,0.0,32.0,14.0,697,2,1.0,True
698,-2.5121754545454547,8.657227727272728,0.1460751090909091,285.6363636363636,6366.181818181818,-0.7744761272727273,84.81818181818181,63.0,299.0,-7.2727272727272725,152.35199999997278,0.0,32.0,14.0,698,2,1.0,True
699,-2.3844349090909094,8.59254481818182,0.17074975454545455,288.1818181818182,6416.545454545455,-0.2539714454545454,96.36363636363636,63.0,299.0,41.90909090909091,302.6880000000063,0.0,32.0,14.0,699,2,1.0,True
700,-2.228871090909091,8.575605727272727,0.12078172909090909,278.0,6182.909090909091,-0.014834121818181816,94.72727272727273,63.90909090909091,83.0,157.9090909090909,301.78800000000626,0.0,32.0,14.0,700,2,1.0,True
703,-2.105620181818182,8.432871181818182,0.18444065454545455,286.90909090909093,6392.545454545455,-1.4793889999999998,97.0909090909091,63.0,86.0,282.8181818181818,314.1,0.0,32.0,14.0,703,2,1.0,True
704,-2.1128941818181817,8.231907454545455,0.2673982818181818,290.54545454545456,6473.363636363636,-1.6307961818181818,98.0,63.0,292.45454545454544,242.0,313.84799999997483,0.0,32.0,14.0,704,2,1.0,True
705,-2.1025150833333335,7.942446833333334,0.28563675833333335,299.25,6668.583333333333,-1.5084260833333334,100.0,63.0,298.6666666666667,272.0833333333333,309.41999999998956,0.0,32.0,14.0,705,2,1.0,True
706,-2.0837284545454544,7.70345,0.29621110909090914,291.1818181818182,6493.272727272727,-1.4973000909090908,100.0,63.0,292.8181818181818,299.0,159.62399999998743,0.0,32.0,14.0,706,2,1.0,True
707,-2.0673806363636364,7.388620454545455,0.29582433636363636,290.72727272727275,6474.181818181818,-1.5131921818181817,100.0,63.0,292.3636363636364,299.0,314.24400000002936,0.0,32.0,14.0,707,2,1.0,True
708,-2.055381909090909,7.126700818181818,0.29551495454545457,291.6363636363636,6495.090909090909,-1.5250294545454544,100.0,63.0,291.6363636363636,299.0,308.66400000001886,0.0,32.0,14.0,708,2,1.0,True
709,-2.0455254545454546,6.843990909090909,0.29810616363636366,292.8181818181818,6527.181818181818,-1.5349456363636365,100.0,63.0,297.1818181818182,298.72727272727275,312.4079999999958,0.0,32.0,14.0,709,2,1.0,True
710,-2.035573,6.557056090909091,0.2989957090909091,295.3636363636364,6592.454545454545,-1.535955090909091,100.0,63.0,298.45454545454544,298.8181818181818,309.9960000000021,0.0,32.0,14.0,710,2,1.0,True
711,-2.0256355,6.2759405,0.29847745999999997,293.1,6533.5,-1.5374951,100.0,63.0,297.4,299.0,313.7399999999791,0.0,32.0,18.0,711,2,1.0,True
712,-2.0186256666666664,5.977265666666667,0.2991439833333333,292.1666666666667,6507.5,-1.5384196666666667,100.0,63.0,298.3333333333333,299.0,314.24399999997695,0.0,32.0,18.0,712,2,1.0,True
713,-2.0070484545454548,5.6981553636363635,0.2976807818181818,294.6363636363636,6567.0,-1.541299,100.0,63.0,295.72727272727275,299.0,311.3280000000377,0.0,32.0,18.0,713,2,1.0,True
714,-1.9986965,5.433084,0.2982222,291.5,6499.0,-1.545265,99.5,63.0,297.0,299.0,163.1880000000063,0.0,32.0,18.0,714,2,1.0,True
715,-1.9968257272727272,5.145389727272728,0.2982996,293.8181818181818,6553.545454545455,-1.5459158181818182,99.45454545454545,63.0,299.0,297.1818181818182,312.1559999999707,0.0,32.0,18.0,715,2,1.0,True
716,-1.9920024545454544,4.8472313636363635,0.29860896363636363,293.6363636363636,6544.090909090909,-1.5409576363636364,100.0,63.0,299.0,297.54545454545456,312.8039999999979,0.0,32.0,18.0,716,2,1.0,True
717,-1.981855666666667,4.5873211666666664,0.2987185666666667,290.8333333333333,6481.833333333333,-1.540959,100.0,63.0,298.0,299.0,310.7520000000252,0.0,32.0,18.0,717,2,1.0,True
718,-1.9734180000000001,4.280323545454546,0.2984929090909091,294.1818181818182,6552.818181818182,-1.5442418181818183,100.0,63.0,297.90909090909093,298.72727272727275,313.6679999999644,0.0,32.0,18.0,718,2,1.0,True
719,-1.9689253,4.014498000000001,0.29860508,293.8,6547.9,-1.5445414,99.3,63.0,299.0,297.7,310.82400000003986,0.0,32.0,18.0,719,2,1.0,True
720,-1.9627610000000002,3.7003015,0.29878944999999996,291.1666666666667,6493.833333333333,-1.5430909999999998,99.0,63.0,299.0,298.0,308.91599999999164,0.0,32.0,18.0,720,2,1.0,True
721,-1.9563847272727273,3.4489212727272727,0.2990731,290.1818181818182,6467.727272727273,-1.5419437272727272,98.36363636363636,63.0,299.0,299.0,312.94799999997485,0.0,32.0,18.0,721,2,1.0,True
722,-1.9473587272727273,3.1431839999999998,0.2990731,288.72727272727275,6433.363636363636,-1.5431326363636364,98.0,63.0,299.0,299.0,155.44800000002724,0.0,32.0,18.0,722,2,1.0,True
723,-1.9369346363636362,2.8678123636363635,0.29818352727272723,294.1818181818182,6556.181818181818,-1.545909909090909,96.9090909090909,63.0,296.90909090909093,299.0,309.9239999999875,0.0,32.0,18.0,723,2,1.0,True
724,-1.9300951818181817,2.5902220000000002,0.29918910909090907,295.27272727272725,6586.727272727273,-1.5483431818181819,98.0,63.0,298.90909090909093,299.0,313.3079999999958,0.0,32.0,18.0,724,2,1.0,True
725,-1.9281217272727273,2.333900818181818,0.2979901818181818,293.09090909090907,6533.818181818182,-1.546788909090909,98.54545454545455,63.0,299.0,296.27272727272725,316.4760000000126,0.0,32.0,18.0,725,2,1.0,True
726,-1.9230142727272728,2.014137181818182,0.2988797181818182,291.54545454545456,6509.636363636364,-1.5428542727272727,96.9090909090909,63.0,299.0,298.27272727272725,311.6880000000063,0.0,32.0,18.0,726,2,1.0,True
727,-1.9131539090909089,1.7295035454545455,0.2991117545454545,293.1818181818182,6544.545454545455,-1.5429939090909093,95.45454545454545,63.0,298.8181818181818,299.0,311.86799999996435,0.0,32.0,254.0,727,2,1.0,True
728,-1.9073321666666665,1.4552129999999999,0.27553295,291.5,6503.0,-1.5442081666666667,96.16666666666667,63.166666666666664,275.3333333333333,275.5,302.65200000002517,0.0,32.0,258.0,728,2,1.0,True
729,-1.9052061666666666,1.2644555833333333,0.12394020499999998,268.5,5973.416666666667,-1.54379225,93.0,64.0,124.5,123.66666666666667,287.92799999998533,0.0,32.0,258.0,729,2,1.0,True
730,-1.9001955,1.1719655,0.099336495,266.0,5919.5,-1.5437955,94.5,64.0,99.5,100.0,142.74000000003144,0.0,32.0,258.0,730,2,1.0,True
738,-1.8988256363636362,1.0213145636363636,0.18355111363636364,283.09090909090907,6305.636363636364,-1.592547818181818,91.36363636363636,63.45454545454545,153.54545454545453,213.45454545454547,154.2960000000021,0.0,35.0,214.0,738,2,1.0,True
739,-1.922564,0.8070536272727273,0.2556411363636364,295.45454545454544,6589.090909090909,-1.7245982727272726,90.0,63.0,211.8181818181818,299.0,314.7840000000084,0.0,35.0,214.0,739,2,1.0,True
740,-1.980416727272727,0.5901133181818182,0.24365191818181817,293.09090909090907,6538.727272727273,-1.8859144545454547,83.0909090909091,63.0,187.45454545454547,299.0,313.30799999999584,0.0,35.0,218.0,740,2,1.0,True
741,-2.0717421666666667,0.37915688333333336,0.22604196666666665,291.8333333333333,6502.666666666667,-2.1259966666666665,80.33333333333333,63.0,152.5,299.0,309.02399999998744,0.0,35.0,218.0,741,2,1.0,True
742,-2.213543,0.22242395,0.21590267500000002,289.0,6438.5,-2.41583425,87.25,63.0,132.5,299.0,311.2200000000419,0.0,35.0,218.0,742,2,1.0,True
743,-2.374067636363636,0.1206947218181818,0.21917072727272727,290.45454545454544,6466.818181818182,-2.6863183636363637,88.27272727272727,63.0,139.0909090909091,299.0,307.2599999999686,0.0,35.0,218.0,743,2,1.0,True
744,-2.5648684999999998,0.04633528333333334,0.13571025333333334,281.1666666666667,6252.666666666667,-2.9385041666666667,93.33333333333333,63.666666666666664,93.83333333333333,177.83333333333334,299.05200000002515,0.0,35.0,218.0,744,2,1.0,True
762,-2.8568462727272728,0.012636945454545455,0.2275245272727273,289.09090909090907,6438.636363636364,-0.2840693636363637,97.45454545454545,63.45454545454545,237.8181818181818,217.27272727272728,157.5,0.0,30.0,218.0,762,2,1.0,True
763,-3.159558,0.0032814384545454545,0.2971006363636364,292.27272727272725,6507.818181818182,-3.105697636363636,96.45454545454545,63.0,299.0,294.90909090909093,310.2480000000272,0.0,30.0,218.0,763,2,1.0,True
764,-3.425291090909091,-0.0025499695454545453,0.2988023454545454,292.09090909090907,6507.818181818182,-3.1018976363636366,97.9090909090909,63.0,298.6363636363636,298.72727272727275,315.3599999999686,0.0,30.0,222.0,764,2,1.0,True
765,-3.712927666666667,-0.012957623833333333,0.2985058,292.3333333333333,6516.833333333333,-3.101309,98.5,63.0,297.6666666666667,299.0,309.7079999999958,0.0,30.0,226.0,765,2,1.0,True
766,-3.9891473636363632,-0.020288973636363634,0.29822222727272724,292.6363636363636,6522.454545454545,-3.1037199090909087,98.81818181818181,63.0,297.0,299.0,309.8159999999916,0.0,30.0,226.0,766,2,1.0,True
767,-4.246947,-0.02605391727272727,0.17863943454545453,274.27272727272725,6098.818181818182,-3.1040153636363637,99.54545454545455,63.72727272727273,178.8181818181818,178.8181818181818,292.17600000001255,0.0,30.0,226.0,767,2,1.0,True
768,-4.370545333333333,-0.030765929999999997,0.09940739999999999,266.5,5926.666666666667,-3.1051141666666666,99.0,64.0,99.33333333333333,100.0,285.3720000000147,0.0,30.0,226.0,768,2,1.0,True
785,-4.194925666666667,-0.12097165833333334,0.281595225,299.1666666666667,6672.75,0.09274957083333334,33.583333333333336,63.0,296.9166666666667,266.6666666666667,311.50799999999583,0.0,30.0,224.0,785,2,1.0,True
786,-3.9293314545454545,-0.09704378545454545,0.292653,291.27272727272725,6487.0,0.1160196090909091,39.18181818181818,63.0,287.0,298.54545454545456,158.9760000000126,0.0,30.0,224.0,786,2,1.0,True
787,-3.623527636363636,-0.025606474545454547,0.28085717272727273,296.45454545454544,6610.0,0.054600039090909096,45.45454545454545,63.0,262.27272727272725,299.0,314.783999999956,0.0,30.0,220.0,787,2,1.0,True
788,-3.399515272727273,-0.06244010181818182,0.2842605727272727,295.90909090909093,6602.363636363636,0.04413364454545454,40.54545454545455,63.0,296.45454545454544,271.72727272727275,312.0120000000461,0.0,30.0,220.0,788,2,1.0,True
789,-3.1781094999999997,-0.07007494,0.13606477333333333,287.1666666666667,6393.0,0.31837406166666665,34.0,63.0,280.5,-8.333333333333334,306.07199999996226,0.0,30.0,24.0,789,2,1.0,True
806,-3.12027675,0.46000392500000004,0.22100777500000002,284.75,6336.25,1.424275,81.25,63.25,256.25,185.75,311.25600000002305,0.0,30.0,20.0,806,2,1.0,True
807,-3.099574636363636,0.7002842727272728,0.2949348363636364,291.1818181818182,6495.454545454545,1.4857312727272727,89.9090909090909,63.0,299.0,290.45454545454544,310.7520000000252,0.0,30.0,20.0,807,2,1.0,True
808,-3.077856333333333,0.9986464,0.2835451,293.3333333333333,6541.833333333333,1.5043213333333334,90.5,63.0,280.0,286.3333333333333,306.7919999999518,0.0,30.0,360.0,808,2,1.0,True
809,-3.043638636363636,1.257081,0.1948441818181818,286.54545454545456,6394.909090909091,1.3426807272727272,93.0909090909091,63.0,90.18181818181819,299.0,303.84000000003147,0.0,30.0,360.0,809,2,1.0,True
810,-2.9885065,1.398211,0.13613565,286.5,6387.0,0.92369495,96.0,63.0,-21.5,293.5,152.6039999999979,0.0,30.0,356.0,810,2,1.0,True
811,-2.9087400833333334,1.448492,0.11025569166666667,284.6666666666667,6339.916666666667,0.3789127666666667,96.33333333333333,63.0,-48.833333333333336,269.25,305.2800000000105,0.0,30.0,356.0,811,2,1.0,True
812,-2.7824109166666666,1.4537954166666667,0.17725997500000001,291.6666666666667,6507.083333333333,-0.11386800833333333,98.58333333333333,63.0,112.83333333333333,241.25,305.45999999996855,0.0,30.0,350.0,812,2,1.0,True
813,-2.535323333333333,1.4377383333333331,0.25915415,296.6666666666667,6624.0,-0.007706972333333333,95.33333333333333,63.0,298.1666666666667,219.66666666666666,316.94400000002935,0.0,30.0,354.0,813,2,1.0,True
814,-2.2913597272727273,1.445148909090909,0.2885148181818182,295.72727272727275,6597.545454545455,0.07278249636363637,96.27272727272727,63.0,299.0,277.27272727272725,313.99200000000417,0.0,30.0,354.0,814,2,1.0,True
815,-2.0868662727272724,1.4746063636363635,0.15609194545454547,283.90909090909093,6331.0,0.32319555818181817,93.9090909090909,63.0,287.90909090909093,24.0,307.8719999999623,0.0,30.0,238.0,815,2,1.0,True
816,-2.007912363636364,1.5379156363636364,0.1100688,283.6363636363636,6324.181818181818,0.8201190363636364,81.81818181818181,63.0,273.90909090909093,-54.0,304.4880000000063,0.0,30.0,242.0,816,2,1.0,True
817,-1.9668406363636364,1.6276824545454545,0.1667662090909091,286.09090909090907,6370.090909090909,1.414527090909091,78.27272727272727,63.0,280.72727272727275,52.27272727272727,302.04000000003145,0.0,30.0,242.0,817,2,1.0,True
818,-1.964919909090909,1.720272818181818,0.09591379454545454,273.0,6075.909090909091,1.6248420000000001,84.0909090909091,63.54545454545455,113.63636363636364,78.0909090909091,143.02799999998533,0.0,30.0,242.0,818,2,1.0,True
819,-1.9724194166666666,1.8162915833333333,0.09274242833333333,266.5,5929.166666666667,1.6618475833333333,85.91666666666667,63.5,100.0,85.58333333333333,282.4199999999895,0.0,30.0,242.0,819,2,1.0,True
826,-1.9788225000000002,1.963737,0.165277225,291.0,6482.5,1.633548,85.5,63.0,136.0,194.5,158.6880000000063,0.0,26.0,16.0,826,2,1.0,True
827,-1.9653143636363637,2.244143727272727,0.29354253636363636,293.54545454545456,6537.818181818182,1.5537871818181819,86.0909090909091,63.0,287.54545454545456,299.0,313.63199999998324,0.0,26.0,16.0,827,2,1.0,True
828,-1.9687946666666667,2.53649175,0.2960596166666667,290.75,6478.0,1.5467552500000001,90.83333333333333,63.0,298.5,293.4166666666667,314.7480000000272,0.0,26.0,16.0,828,2,1.0,True
829,-1.9644471666666667,2.7886915,0.2958114333333333,290.6666666666667,6482.166666666667,1.556765666666667,93.5,63.0,299.0,292.0,308.9880000000063,0.0,26.0,16.0,829,2,1.0,True
830,-1.9651812499999999,3.07758475,0.29662685,293.5,6547.75,1.566922,95.75,63.0,299.0,294.0,314.3519999999728,0.0,26.0,16.0,830,2,1.0,True
831,-1.9671791666666667,3.354521833333333,0.29818674166666664,295.25,6590.0,1.5745486666666666,95.25,63.0,299.0,297.75,313.0920000000042,0.0,26.0,16.0,831,2,1.0,True
832,-1.9718235454545452,3.644392454545455,0.29895707272727273,293.8181818181818,6550.181818181818,1.5772515454545455,95.81818181818181,63.0,299.0,298.72727272727275,311.54399999997696,0.0,26.0,16.0,832,2,1.0,True
833,-1.9717846666666665,3.908653083333333,0.2981158583333333,293.8333333333333,6557.75,1.581755,98.58333333333333,63.0,299.0,296.75,315.03600000003354,0.0,26.0,16.0,833,2,1.0,True
834,-1.975736,4.2071905,0.29843495,291.0,6487.0,1.5851035,99.0,63.0,299.0,297.5,155.88000000001048,0.0,26.0,16.0,834,2,1.0,True
835,-1.9800843636363636,4.495845454545455,0.29853163636363633,293.8181818181818,6549.272727272727,1.5868146363636364,99.0,63.0,299.0,297.1818181818182,310.0319999999832,0.0,26.0,16.0,835,2,1.0,True
836,-1.9853634545454546,4.765264,0.2977581272727272,293.8181818181818,6553.272727272727,1.588399181818182,99.0,63.0,299.0,295.90909090909093,312.55199999997274,0.0,26.0,16.0,836,2,1.0,True
837,-1.9917978181818183,5.012378363636364,0.2981448818181818,293.8181818181818,6563.545454545455,1.5886760000000002,99.0,63.0,299.0,296.8181818181818,313.02000000004193,0.0,26.0,16.0,837,2,1.0,True
838,-1.9963757500000001,5.315351,0.2975841,291.25,6502.75,1.5896454999999998,98.25,63.0,299.0,295.75,309.7079999999958,0.0,26.0,16.0,838,2,1.0,True
839,-2.0010286,5.6004695,0.29715862,291.2,6497.9,1.5919006,98.7,63.0,299.0,294.8,314.6759999999602,0.0,26.0,16.0,839,2,1.0,True
840,-2.0109605,5.8755621666666675,0.29871851666666666,291.8333333333333,6515.0,1.591807,99.0,63.0,298.5,298.6666666666667,309.2760000000126,0.0,26.0,16.0,840,2,1.0,True
841,-2.0190777499999997,6.159222416666666,0.29836404166666664,291.5833333333333,6509.25,1.58953475,99.0,63.0,297.3333333333333,299.0,313.20000000000005,0.0,26.0,12.0,841,2,1.0,True
842,-2.024104,6.421317,0.2982222,291.0,6490.5,1.586528,99.0,63.0,297.0,299.0,155.77200000001469,0.0,26.0,12.0,842,2,1.0,True
843,-2.0298426666666667,6.7263865,0.2982222,294.25,6568.083333333333,1.5826765833333332,99.0,63.0,297.0,299.0,314.63999999997907,0.0,26.0,12.0,843,2,1.0,True
844,-2.0305007272727273,6.988809636363637,0.2976034,292.6363636363636,6537.181818181818,1.5804916363636365,99.0,63.0,298.8181818181818,296.09090909090907,308.8079999999958,0.0,26.0,12.0,844,2,1.0,True
845,-2.0393295,7.309142666666666,0.29864766666666664,293.1666666666667,6546.5,1.5861595,99.0,63.0,299.0,298.1666666666667,312.73200000003567,0.0,26.0,12.0,845,2,1.0,True
846,-2.044579,7.599606636363635,0.29907307272727274,293.8181818181818,6562.272727272727,1.5885623636363635,99.0,63.0,299.0,298.45454545454544,310.57199999996226,0.0,26.0,12.0,846,2,1.0,True
847,-2.0483963,7.8797935,0.29860508,293.4,6549.9,1.5910616,99.0,63.0,299.0,297.9,312.55200000002515,0.0,26.0,12.0,847,2,1.0,True
848,-2.0559964545454545,8.127760727272728,0.29002313636363636,291.90909090909093,6506.0,1.6016258181818182,98.9090909090909,63.0,299.0,280.72727272727275,315.71999999998957,0.0,26.0,12.0,848,2,1.0,True
849,-2.080758916666667,8.393645666666666,0.17701180083333334,285.75,6370.5,1.82594325,97.75,63.0,296.75,56.916666666666664,303.9840000000084,0.0,26.0,12.0,849,2,1.0,True
852,-2.225695090909091,8.497982,0.09595246363636364,280.72727272727275,6262.0,-2.3472365454545456,44.09090909090909,63.0,157.27272727272728,34.90909090909091,300.2039999999979,0.0,26.0,12.0,852,2,1.0,True
853,-2.3548,8.482980272727273,0.1190027,285.27272727272725,6367.090909090909,-1.3653136363636365,67.81818181818181,63.0,-41.72727272727273,279.72727272727275,303.3,0.0,26.0,12.0,853,2,1.0,True
854,-2.4786129999999997,8.5377455,0.13539120000000002,285.0,6358.0,2.58055125,95.25,63.0,-28.75,299.0,306.93599999998116,0.0,26.0,12.0,854,2,1.0,True
855,-2.562466833333333,8.635292083333335,0.15556335000000002,284.75,6353.833333333333,2.04996675,96.41666666666667,63.0,11.5,299.0,302.1840000000084,0.0,26.0,12.0,855,2,1.0,True
856,-2.5985314545454545,8.780565181818183,0.21445236363636366,291.1818181818182,6495.727272727273,1.6386195454545456,97.54545454545455,63.0,129.63636363636363,299.0,314.81999999998953,0.0,26.0,12.0,856,2,1.0,True
857,-2.5936785454545457,9.005425272727273,0.2595473,297.27272727272725,6644.909090909091,1.495678909090909,96.27272727272727,63.0,279.72727272727275,239.54545454545453,315.0,0.0,26.0,8.0,857,2,1.0,True
858,-2.592564909090909,9.28638890909091,0.2881667727272727,300.54545454545456,6717.636363636364,1.6012929090909092,95.54545454545455,63.0,299.0,276.6363636363636,161.24400000002933,0.0,26.0,8.0,858,2,1.0,True
859,-2.599031727272727,9.537060454545456,0.2983769363636364,288.72727272727275,6441.090909090909,1.6134043636363637,97.9090909090909,63.0,299.0,297.3636363636364,310.1759999999602,0.0,26.0,8.0,859,2,1.0,True
860,-2.6142671666666666,9.837580583333333,0.2979031583333333,294.0,6569.083333333333,1.6112324166666667,99.0,63.0,296.25,299.0,314.96400000001887,0.0,26.0,8.0,860,2,1.0,True
861,-2.624578181818182,10.11441,0.29802883636363636,295.27272727272725,6598.181818181818,1.6070352727272728,99.81818181818181,63.0,296.54545454545456,299.0,312.22799999998534,0.0,26.0,8.0,861,2,1.0,True
862,-2.63219375,10.42108,0.2986476,291.0,6500.0,1.6051037500000003,99.75,63.0,298.25,298.75,310.1400000000314,0.0,26.0,8.0,862,2,1.0,True
863,-2.6359891818181818,10.68211,0.2990344,290.1818181818182,6482.181818181818,1.606862090909091,99.0,63.0,299.0,298.72727272727275,311.1840000000084,0.0,26.0,4.0,863,2,1.0,True
864,-2.642307727272727,10.98107,0.2989183454545455,292.54545454545456,6532.636363636364,1.6085711818181816,99.63636363636364,63.0,298.27272727272725,299.0,312.1919999999518,0.0,26.0,4.0,864,2,1.0,True
865,-2.6524023636363636,11.287255454545456,0.29872499999999996,293.1818181818182,6551.545454545455,1.6059094545454544,100.0,63.0,298.1818181818182,299.0,311.6880000000063,0.0,26.0,4.0,865,2,1.0,True
866,-2.6591105,11.54315,0.2986476,290.5,6489.0,1.6037875,100.0,63.0,298.5,299.0,156.31199999999373,0.0,26.0,4.0,866,2,1.0,True
867,-2.666681,11.832194166666667,0.29903764166666663,293.1666666666667,6542.0,1.6033096666666669,100.0,63.0,299.0,299.0,311.9040000000503,0.0,26.0,4.0,867,2,1.0,True
868,-2.6721966363636365,12.084000000000001,0.23781199090909091,287.09090909090907,6404.272727272727,1.6576588181818181,99.0909090909091,63.0,299.0,176.27272727272728,301.57199999996226,0.0,26.0,190.0,868,2,1.0,True
869,-2.733390333333333,12.258211666666668,0.13790824999999998,285.1666666666667,6360.833333333333,2.1178953333333332,96.33333333333333,63.0,298.3333333333333,-22.833333333333332,305.60399999999794,0.0,26.0,190.0,869,2,1.0,True
870,-2.80690225,12.326875,0.137624675,284.75,6354.75,2.631815,90.75,63.0,298.5,-23.25,302.0039999999979,0.0,26.0,190.0,870,2,1.0,True
871,-2.9571936363636366,12.339832727272727,0.18459532727272726,289.72727272727275,6466.636363636364,-1.4616305454545453,88.27272727272727,63.0,247.0,121.9090909090909,306.54000000003145,0.0,26.0,190.0,871,2,1.0,True
872,-3.1184836666666667,12.349118333333331,0.1238693,286.5,6400.333333333333,0.8790281666666667,95.33333333333333,63.0,-28.5,276.5,306.75599999997064,0.0,26.0,190.0,872,2,1.0,True
873,-3.2172468181818186,12.417748181818183,0.10968203636363637,285.09090909090907,6369.272727272727,2.367229,92.18181818181819,63.0,-58.27272727272727,277.45454545454544,303.4079999999958,0.0,26.0,190.0,873,2,1.0,True
874,-3.230132,12.496355,0.13188145,286.5,6398.5,1.9344195,64.5,63.0,-19.5,283.5,148.03200000003562,0.0,26.0,190.0,874,2,1.0,True
875,-3.23069725,12.7020525,0.22877173333333334,297.0833333333333,6641.416666666667,1.5892914999999999,48.583333333333336,63.0,192.75,264.75,309.31199999999376,0.0,26.0,190.0,875,2,1.0,True
876,-3.215938909090909,12.908146363636364,0.17237406363636362,274.72727272727275,6122.545454545455,1.620628181818182,32.54545454545455,63.36363636363637,190.0909090909091,154.54545454545453,305.49600000000214,0.0,26.0,190.0,876,2,1.0,True
893,-3.2273603636363632,13.041390909090909,0.1895843781818182,289.45454545454544,6460.0,1.5719257272727274,76.63636363636364,63.18181818181818,219.1818181818182,159.9090909090909,306.9,0.0,26.0,190.0,893,2,1.0,True
894,-3.2496687499999997,13.3190375,0.293648925,299.5,6688.0,1.649624,95.75,63.0,296.75,290.5,311.7599999999686,0.0,26.0,190.0,894,2,1.0,True
895,-3.2703128181818184,13.610373636363637,0.29574704545454544,292.90909090909093,6540.909090909091,1.643341727272727,98.72727272727273,63.0,292.1818181818182,299.0,316.0800000000105,0.0,26.0,190.0,895,2,1.0,True
896,-3.287587181818182,13.880360909090909,0.2958630181818182,292.90909090909093,6534.090909090909,1.631779090909091,99.0,63.0,292.45454545454544,299.0,310.46400000001887,0.0,26.0,194.0,896,2,1.0,True
897,-3.2957889166666665,14.1579575,0.29818675,292.1666666666667,6522.083333333333,1.6241640000000002,99.58333333333333,63.0,297.3333333333333,299.0,310.5359999999812,0.0,26.0,194.0,897,2,1.0,True
898,-3.308397818181818,14.43403090909091,0.29891836363636365,292.1818181818182,6518.181818181818,1.6184401818181817,99.45454545454545,63.0,298.09090909090907,299.0,159.84000000003144,0.0,26.0,194.0,898,2,1.0,True
899,-3.323462181818182,14.76478,0.29679126363636366,292.3636363636364,6523.0,1.612467,99.54545454545455,63.0,294.09090909090907,299.0,313.9199999999895,0.0,26.0,194.0,899,2,1.0,True
900,-3.3302838181818184,14.993267272727273,0.2979514818181818,292.90909090909093,6533.363636363636,1.6079813636363638,99.54545454545455,63.0,296.8181818181818,299.0,308.5920000000042,0.0,26.0,194.0,900,2,1.0,True
901,-3.337656363636363,15.280699090909092,0.2987636727272727,293.1818181818182,6548.090909090909,1.6086385454545455,94.0909090909091,63.0,299.0,298.45454545454544,312.11999999998955,0.0,26.0,194.0,901,2,1.0,True
902,-3.35463175,15.56315,0.2975841,292.5,6538.25,1.6004457499999998,91.0,63.0,296.5,298.5,309.63599999998115,0.0,26.0,194.0,902,2,1.0,True
903,-3.3714881999999995,15.856666,0.29843492,292.4,6532.2,1.5860747,78.7,63.0,297.3,299.0,313.99200000000417,0.0,26.0,194.0,903,2,1.0,True
904,-3.374861909090909,16.112327272727274,0.29864763636363634,292.1818181818182,6528.727272727273,1.5835394545454546,76.72727272727273,63.0,299.0,297.72727272727275,315.75600000002305,0.0,26.0,194.0,904,2,1.0,True
905,-3.3833140833333335,16.431345833333335,0.2982222,292.0,6517.0,1.5879822499999998,77.91666666666667,63.0,298.75,298.1666666666667,310.21199999999374,0.0,26.0,194.0,905,2,1.0,True
906,-3.3901915000000002,16.705215000000003,0.29864765,289.5,6460.0,1.5864230000000001,77.0,63.0,297.5,299.0,158.36400000001888,0.0,26.0,194.0,906,2,1.0,True
907,-3.3877768181818184,17.010991818181818,0.25049736363636366,290.1818181818182,6483.0,1.5788226363636364,84.72727272727273,63.0,205.8181818181818,295.3636363636364,304.3079999999958,0.0,26.0,336.0,907,2,1.0,True
908,-3.3543082500000003,17.13463,0.15173456666666665,285.1666666666667,6364.5,1.2436583333333333,90.75,63.0,9.666666666666666,293.6666666666667,304.2719999999623,0.0,26.0,336.0,908,2,1.0,True
909,-3.2909875454545454,17.19684818181818,0.10689744545454545,283.1818181818182,6319.454545454545,0.6833457818181817,95.36363636363636,63.0,-54.45454545454545,268.09090909090907,301.3560000000231,0.0,26.0,332.0,909,2,1.0,True
910,-3.1768207499999996,17.239720000000002,0.171871325,287.5,6425.0,0.1282829775,96.5,63.0,72.75,271.25,308.44799999997485,0.0,26.0,328.0,910,2,1.0,True
911,-2.9750349090909087,17.25943,0.27196196363636366,295.72727272727275,6610.545454545455,0.013873415454545457,96.45454545454545,63.0,297.6363636363636,246.1818181818182,318.31199999999376,0.0,26.0,328.0,911,2,1.0,True
912,-2.7075165454545456,17.270512727272727,0.29311709090909094,293.6363636363636,6564.909090909091,0.05979299454545455,96.45454545454545,63.0,293.8181818181818,292.09090909090907,314.96400000001887,0.0,26.0,324.0,912,2,1.0,True
913,-2.4720430833333333,17.275685,0.19005814416666666,285.5833333333333,6380.0,-0.05933466833333333,95.41666666666667,63.0,87.58333333333333,292.5,305.81999999998953,0.0,26.0,88.0,913,2,1.0,True
915,-2.333450083333333,17.141975833333333,0.12078493666666668,287.3333333333333,6427.5,-1.1169808499999998,64.83333333333333,63.0,-47.583333333333336,288.6666666666667,300.74400000002936,0.0,26.0,84.0,915,2,1.0,True
916,-2.3238916,16.884998,0.27873778000000005,294.7,6576.3,-1.4648229000000001,33.9,63.0,262.5,294.5,322.55999999996857,0.0,26.0,32.0,916,2,1.0,True
920,-2.281502,16.552046363636364,0.2935039090909091,292.3636363636364,6531.0,-1.5175313636363634,99.36363636363636,63.0,297.3636363636364,289.90909090909093,312.44400000002935,0.0,26.0,32.0,920,2,1.0,True
921,-2.2677194166666665,16.255540833333335,0.29747775000000004,292.0,6527.0,-1.5171215,98.41666666666667,63.0,295.25,299.0,311.50799999999583,0.0,26.0,32.0,921,2,1.0,True
922,-2.262156090909091,15.980390909090909,0.29887969090909094,289.09090909090907,6456.272727272727,-1.5213779090909092,98.0,63.0,298.54545454545456,299.0,156.3840000000084,0.0,26.0,32.0,922,2,1.0,True
923,-2.251783833333333,15.68774,0.2985413083333333,290.25,6491.25,-1.5227854166666666,99.83333333333333,63.0,297.75,299.0,310.5,0.0,26.0,32.0,923,2,1.0,True
924,-2.2434823,15.42399,0.29826479,292.8,6543.0,-1.5263351,100.0,63.0,297.1,299.0,308.1960000000021,0.0,26.0,32.0,924,2,1.0,True
925,-2.2273490000000002,15.12209,0.2975132,292.8333333333333,6544.166666666667,-1.5329683333333335,100.0,63.0,295.3333333333333,299.0,312.11999999998955,0.0,26.0,32.0,925,2,1.0,True
926,-2.2175043636363636,14.859432727272726,0.29791284545454544,291.6363636363636,6523.272727272727,-1.5380302727272728,100.0,63.0,296.27272727272725,299.0,310.42799999998533,0.0,26.0,32.0,926,2,1.0,True
927,-2.213083818181818,14.571723636363636,0.29884104545454543,293.8181818181818,6570.0,-1.5395773636363637,100.0,63.0,299.0,298.45454545454544,313.41599999999164,0.0,26.0,32.0,927,2,1.0,True
928,-2.2078112727272727,14.304054545454546,0.29806750909090907,294.90909090909093,6589.0,-1.5379464545454546,100.0,62.45454545454545,297.72727272727275,297.90909090909093,315.5039999999979,0.0,26.0,32.0,928,2,1.0,True
929,-2.1974551666666664,13.9899875,0.29854125833333334,293.1666666666667,6547.416666666667,-1.53972675,100.0,63.0,297.6666666666667,299.0,306.1800000000105,0.0,26.0,32.0,929,2,1.0,True
930,-2.190420181818182,13.73521,0.2992664636363636,288.72727272727275,6450.181818181818,-1.540593818181818,100.0,63.0,299.0,299.0,158.86800000001676,0.0,26.0,28.0,930,2,1.0,True
931,-2.1802308333333333,13.440846666666665,0.2985413083333333,289.5,6465.916666666667,-1.5427048333333333,100.0,63.0,297.75,299.0,312.83999999997906,0.0,26.0,28.0,931,2,1.0,True
932,-2.1718198333333336,13.162513333333335,0.29832854999999997,294.0,6566.25,-1.5460728333333333,100.0,63.0,297.5833333333333,298.6666666666667,311.40000000000003,0.0,26.0,28.0,932,2,1.0,True
933,-2.169272090909091,12.874862727272728,0.2980675090909091,294.27272727272725,6582.272727272727,-1.5450306363636364,100.0,62.45454545454545,298.45454545454544,297.45454545454544,310.21199999999374,0.0,26.0,28.0,933,2,1.0,True
934,-2.1764697272727274,12.632863636363636,0.19933050000000002,284.54545454545456,6356.363636363636,-1.6766151818181818,99.18181818181819,63.0,99.54545454545455,298.8181818181818,302.0760000000126,0.0,26.0,28.0,934,2,1.0,True
935,-2.217268454545455,12.49253272727273,0.11780375454545454,284.90909090909093,6364.363636363636,-2.1745286363636365,95.72727272727273,63.0,-49.72727272727273,284.6363636363636,304.8840000000084,0.0,26.0,28.0,935,2,1.0,True
936,-2.2959578181818183,12.425889999999999,0.12058838181818182,285.3636363636364,6375.909090909091,-2.195857818181818,98.0,63.0,-42.36363636363637,283.3636363636364,308.12399999998746,0.0,26.0,28.0,936,2,1.0,True
937,-2.4215795833333336,12.4006775,0.14950111666666666,285.9166666666667,6385.333333333333,2.620238666666667,98.0,63.0,169.58333333333334,129.41666666666666,302.7239999999874,0.0,26.0,28.0,937,2,1.0,True
938,-2.532336,12.383370000000001,0.13209415,286.0,6387.0,-2.7417895,71.5,63.0,298.5,-34.5,151.0200000000419,0.0,26.0,28.0,938,2,1.0,True
939,-2.629611,12.304684545454545,0.12089776363636363,283.72727272727275,6341.818181818182,-2.154847636363636,65.81818181818181,63.0,286.3636363636364,-44.45454545454545,298.9079999999958,0.0,26.0,28.0,939,2,1.0,True
940,-2.6504630833333334,12.1638625,0.1904836166666667,288.5,6445.166666666667,-1.6115923333333333,75.75,62.666666666666664,298.0833333333333,82.75,309.99600000000214,0.0,26.0,28.0,940,2,1.0,True
941,-2.6267975,11.955623333333333,0.2514965,296.5,6637.833333333333,-1.5049725,73.0,62.5,227.16666666666666,275.6666666666667,313.05599999997065,0.0,26.0,6.0,941,2,1.0,True
942,-2.635094,11.711665000000002,0.285353125,297.5,6651.75,-1.56192825,90.75,62.75,271.75,299.0,318.74400000002936,0.0,26.0,6.0,942,2,1.0,True
943,-2.6423287272727274,11.441114545454546,0.2976034181818182,292.90909090909093,6540.636363636364,-1.575543090909091,99.72727272727273,63.0,298.72727272727275,296.27272727272725,312.0479999999749,0.0,26.0,6.0,943,2,1.0,True
944,-2.642471090909091,11.14633,0.29741003636363633,290.0,6484.454545454545,-1.5681767272727272,100.0,62.45454545454545,299.0,295.45454545454544,310.0319999999832,0.0,26.0,6.0,944,2,1.0,True
945,-2.638182666666667,10.8856175,0.2978677,291.75,6530.416666666667,-1.5637271666666666,99.91666666666667,62.5,299.0,296.1666666666667,310.3200000000419,0.0,26.0,6.0,945,2,1.0,True
946,-2.6369945454545456,10.576641818181818,0.2977194,293.90909090909093,6577.272727272727,-1.558976909090909,99.54545454545455,63.0,299.0,295.8181818181818,159.7679999999644,0.0,26.0,10.0,946,2,1.0,True
947,-2.635076833333333,10.314890833333333,0.29808039166666667,295.0833333333333,6597.916666666667,-1.5532380000000001,100.0,62.5,299.0,296.6666666666667,311.04000000003145,0.0,26.0,10.0,947,2,1.0,True
948,-2.6291659999999997,10.019046181818181,0.2990344181818182,291.54545454545456,6525.363636363636,-1.5506454545454544,100.0,63.0,299.0,298.90909090909093,313.343999999977,0.0,26.0,10.0,948,2,1.0,True
949,-2.6248224545454546,9.755247727272728,0.29849292727272725,291.54545454545456,6517.454545454545,-1.5491547272727273,100.0,62.45454545454545,298.72727272727275,297.90909090909093,315.1800000000105,0.0,26.0,10.0,949,2,1.0,True
950,-2.6181152500000002,9.45399275,0.29928577500000003,292.25,6539.0,-1.54688825,100.0,62.5,298.75,299.0,306.07200000001467,0.0,26.0,10.0,950,2,1.0,True
951,-2.6108047272727273,9.15613509090909,0.2977194454545455,290.54545454545456,6493.454545454545,-1.5468279090909092,100.0,62.45454545454545,295.54545454545456,299.0,313.343999999977,0.0,26.0,10.0,951,2,1.0,True
952,-2.6123293333333333,8.9019285,0.22001511666666665,282.8333333333333,6316.166666666667,-1.6302885,99.33333333333333,63.0,140.66666666666666,299.0,300.96000000002095,0.0,26.0,278.0,952,2,1.0,True
953,-2.6587705833333333,8.743444083333333,0.15123823333333333,285.0,6369.0,-2.0549355,98.5,63.0,3.3333333333333335,299.0,303.11999999998955,0.0,26.0,278.0,953,2,1.0,True
954,-2.7413019999999997,8.651929363636365,0.15485432727272727,285.1818181818182,6373.636363636364,-2.577919181818182,99.54545454545455,63.0,10.363636363636363,299.0,152.67600000001258,0.0,26.0,278.0,954,2,1.0,True
955,-2.9183555454545456,8.586540999999999,0.22067905454545456,286.1818181818182,6389.0,-3.0556039090909093,100.0,63.0,150.1818181818182,290.8181818181818,310.46399999996646,0.0,26.0,278.0,955,2,1.0,True
956,-3.047467909090909,8.569771545454545,0.09289713090909091,284.1818181818182,6348.636363636364,-2.952247909090909,98.0,63.0,233.27272727272728,-48.09090909090909,298.656000000023,0.0,26.0,278.0,956,2,1.0,True
958,-3.134311181818182,8.462882545454546,0.14553366181818184,287.54545454545456,6424.0,-1.801939,91.27272727272727,62.72727272727273,274.09090909090907,16.454545454545453,303.3720000000147,0.0,26.0,278.0,958,2,1.0,True
959,-3.138789,8.2735979,0.26440101,298.8,6686.9,-1.4914102999999999,98.7,62.0,280.0,247.9,318.9960000000021,0.0,26.0,278.0,959,2,1.0,True
960,-3.129150636363636,8.050195545454544,0.2660833909090909,295.54545454545456,6614.0,-1.533253,99.63636363636364,62.63636363636363,232.8181818181818,299.0,319.7159999999916,0.0,26.0,278.0,960,2,1.0,True
961,-3.1286684166666667,7.740905416666667,0.29701685,290.4166666666667,6493.0,-1.5948251666666666,100.0,62.5,296.5,297.0833333333333,305.3880000000063,0.0,26.0,278.0,961,2,1.0,True
962,-3.1310659090909088,7.468456,0.2971393090909091,287.8181818181818,6428.363636363636,-1.5884015454545455,100.0,63.0,299.0,294.45454545454544,161.74799999997487,0.0,26.0,278.0,962,2,1.0,True
967,-3.133289583333333,7.1913730833333345,0.14205618333333334,278.8333333333333,6219.833333333333,-1.5620252500000003,98.91666666666667,62.666666666666664,139.75,144.75,293.5800000000105,1.0,26.0,278.0,967,2,1.0,True
968,-3.1359484545454546,6.963002818181818,0.29744870909090904,292.6363636363636,6539.727272727273,-1.5677164545454545,99.36363636363636,62.45454545454545,297.90909090909093,296.6363636363636,315.10799999999585,0.0,26.0,278.0,968,2,1.0,True
969,-3.1337121666666667,6.6794320833333325,0.2980804,291.5,6518.25,-1.56346675,99.58333333333333,62.5,299.0,296.6666666666667,312.58800000000633,0.0,26.0,278.0,969,2,1.0,True
970,-3.1279995,6.377470499999999,0.2984349,290.0,6480.0,-1.5599764999999999,100.0,63.0,299.0,297.5,156.45600000002307,0.0,26.0,278.0,970,2,1.0,True
971,-3.1268479166666663,6.137068083333333,0.2981867916666667,293.1666666666667,6555.0,-1.556824083333333,100.0,62.5,299.0,296.9166666666667,306.93599999998116,0.0,26.0,282.0,971,2,1.0,True
972,-3.121303,5.816807090909091,0.2990731,294.45454545454544,6588.181818181818,-1.5539856363636362,99.0909090909091,62.45454545454545,299.0,299.0,316.0800000000105,0.0,26.0,282.0,972,2,1.0,True
973,-3.1193161666666662,5.541330833333333,0.2980804166666667,291.6666666666667,6525.333333333333,-1.5510176666666666,99.83333333333333,62.5,299.0,296.6666666666667,312.94799999997485,0.0,26.0,282.0,973,2,1.0,True
974,-3.111164272727273,5.246129727272727,0.2985315818181818,289.54545454545456,6480.727272727273,-1.5489156363636363,100.0,62.45454545454545,298.45454545454544,298.27272727272725,310.46400000001887,0.0,26.0,282.0,974,2,1.0,True
975,-3.1031955,4.991319,0.29873273,291.0,6511.8,-1.5500089000000001,100.0,62.3,298.4,298.8,310.7519999999728,0.0,26.0,282.0,975,2,1.0,True
976,-3.0983915454545454,4.691484454545455,0.2988410181818182,295.45454545454544,6601.272727272727,-1.5489081818181818,100.0,62.09090909090909,298.8181818181818,298.6363636363636,309.74400000002936,0.0,26.0,282.0,976,2,1.0,True
977,-3.0881455,4.397435333333333,0.2987540083333333,293.9166666666667,6572.333333333333,-1.5500640833333332,100.0,62.5,298.1666666666667,299.0,309.99600000000214,0.0,26.0,282.0,977,2,1.0,True
978,-3.0850485,4.128128500000001,0.29886035,290.0,6480.5,-1.5506695,100.0,63.0,299.0,298.0,159.5880000000063,0.0,26.0,282.0,978,2,1.0,True
979,-3.079691,3.8601899166666667,0.29857674166666665,288.8333333333333,6460.833333333333,-1.5479046666666667,100.0,62.5,299.0,297.8333333333333,313.20000000000005,0.0,26.0,282.0,979,2,1.0,True
980,-3.071693454545455,3.5626949999999997,0.2994598272727273,292.27272727272725,6540.636363636364,-1.5481914545454545,100.0,62.09090909090909,299.0,299.0,307.8,0.0,26.0,282.0,980,2,1.0,True
981,-3.06353,3.2602851666666663,0.29907306666666666,293.5,6557.5,-1.5486203333333333,98.33333333333333,62.333333333333336,298.3333333333333,299.0,308.6279999999854,0.0,26.0,282.0,981,2,1.0,True
982,-3.057781,2.994154545454546,0.29926644545454545,293.45454545454544,6564.363636363636,-1.5487706363636364,98.81818181818181,62.45454545454545,298.6363636363636,299.0,309.7800000000105,0.0,26.0,282.0,982,2,1.0,True
983,-3.0533248181818182,2.7061176363636363,0.2987249909090909,292.1818181818182,6532.727272727273,-1.5476940909090908,99.72727272727273,62.45454545454545,299.0,297.90909090909093,312.94799999997485,0.0,26.0,282.0,983,2,1.0,True
984,-3.046916833333333,2.4212140000000004,0.2993567,291.1666666666667,6508.833333333333,-1.5464103333333332,99.16666666666667,62.333333333333336,299.0,299.0,309.2039999999979,0.0,26.0,282.0,984,2,1.0,True
985,-3.0391440909090908,2.116011181818182,0.2807025,286.6363636363636,6411.636363636364,-1.5463683636363639,97.27272727272727,62.09090909090909,280.3636363636364,280.90909090909093,299.6279999999853,0.0,26.0,282.0,985,2,1.0,True
986,-3.0355060909090907,1.966757181818182,0.10225643272727272,265.90909090909093,5933.454545454545,-1.54653,95.45454545454545,63.0,102.72727272727273,102.72727272727273,142.48800000000628,0.0,26.0,282.0,986,2,1.0,True
987,-3.0327768181818184,1.8604336363636365,0.09954921,263.45454545454544,5881.818181818182,-1.5465650000000002,95.0,63.0,100.0,100.0,285.516000000044,0.0,26.0,282.0,987,2,1.0,True
1011,-3.0246799999999996,1.7456078181818184,0.18428593636363635,287.3636363636364,6422.909090909091,-1.4488176363636365,96.0,63.0,265.72727272727275,103.27272727272727,291.02399999998744,0.0,30.0,270.0,1011,2,1.0,True
1012,-2.974593272727273,1.6097643636363637,0.15087084545454543,285.0,6368.909090909091,-1.1190095636363635,89.27272727272727,63.0,297.1818181818182,4.909090909090909,302.6880000000063,0.0,30.0,274.0,1012,2,1.0,True
1013,-2.8992873333333335,1.508932,0.09940739833333334,285.1666666666667,6365.666666666667,-0.5182219833333334,59.166666666666664,63.0,272.0,-73.0,302.54399999997696,0.0,30.0,274.0,1013,2,1.0,True
1014,-2.8005003636363637,1.5066664545454544,0.1581030127272727,288.1818181818182,6440.181818181818,0.0067694436363636345,69.27272727272727,62.72727272727273,264.0,52.18181818181818,310.46400000001887,0.0,30.0,350.0,1014,2,1.0,True
1015,-2.5798022499999997,1.52552425,0.26152939999999997,296.0,6621.75,0.062229213750000005,90.25,62.5,228.25,294.75,317.55599999997065,0.0,30.0,354.0,1015,2,1.0,True
1016,-2.3241097272727274,1.5277243636363635,0.2739343363636364,295.09090909090907,6606.454545454545,-0.005399081363636363,99.54545454545455,62.18181818181818,281.3636363636364,266.27272727272725,313.63200000003565,0.0,30.0,238.0,1016,2,1.0,True
1017,-2.096308,1.5268973636363634,0.13795337545454547,283.0,6324.454545454545,0.18123718545454548,91.63636363636364,63.0,279.45454545454544,-3.5454545454545454,302.3639999999665,0.0,30.0,238.0,1017,2,1.0,True
1018,-2.030230583333333,1.5795486666666667,0.10490245416666666,285.1666666666667,6372.166666666667,0.7019771499999999,64.25,63.0,277.5833333333333,-67.58333333333333,305.67600000001255,0.0,30.0,242.0,1018,2,1.0,True
1019,-1.9740855,1.6603895000000002,0.13060515,281.0,6275.5,1.317353,72.0,63.0,239.5,21.5,147.67200000001466,0.0,30.0,242.0,1019,2,1.0,True
1030,-1.970372090909091,1.953464909090909,0.17740183636363638,284.0,6344.909090909091,1.6179566363636362,84.0909090909091,62.72727272727273,152.45454545454547,202.63636363636363,300.060000000021,0.0,33.0,16.0,1030,2,1.0,True
1031,-1.96830175,2.19758775,0.28875655,294.75,6600.0,1.55915025,85.5,62.0,279.0,298.5,312.5519999999728,0.0,33.0,16.0,1031,2,1.0,True
1032,-1.963964909090909,2.506203727272727,0.29679121818181814,291.90909090909093,6529.272727272727,1.5514610909090911,90.0909090909091,62.18181818181818,299.0,294.09090909090907,314.5320000000356,0.0,33.0,16.0,1032,2,1.0,True
1033,-1.9616390909090908,2.768251818181818,0.2958630272727273,291.0,6505.272727272727,1.5609264545454544,92.81818181818181,62.45454545454545,299.0,292.45454545454544,311.7960000000021,0.0,33.0,16.0,1033,2,1.0,True
1034,-1.9589706666666666,3.0869808333333335,0.29648505833333333,293.6666666666667,6568.0,1.5722481666666666,95.5,62.416666666666664,299.0,293.8333333333333,311.25599999997064,0.0,33.0,16.0,1034,2,1.0,True
1035,-1.96681,3.3219900000000004,0.29864765,293.0,6553.0,1.5776425,95.0,62.0,299.0,298.0,155.98800000000628,0.0,33.0,16.0,1035,2,1.0,True
1036,-1.9674648333333333,3.6214758333333332,0.2984703583333333,293.5,6563.5,1.5797058333333334,95.83333333333333,62.416666666666664,299.0,297.5833333333333,315.1079999999958,0.0,33.0,16.0,1036,2,1.0,True
1037,-1.9707834166666667,3.899467833333333,0.2986476,293.6666666666667,6569.416666666667,1.582921,97.0,62.083333333333336,299.0,298.3333333333333,312.55200000002515,0.0,33.0,16.0,1037,2,1.0,True
1038,-1.9725586363636365,4.196757,0.29783547272727273,293.6363636363636,6567.727272727273,1.5876316363636365,98.63636363636364,62.0,299.0,296.27272727272725,309.74399999997695,0.0,33.0,16.0,1038,2,1.0,True
1039,-1.977683909090909,4.463025818181818,0.29876369999999997,294.0,6581.727272727273,1.5906747272727273,99.0,62.0,299.0,298.27272727272725,313.4520000000251,0.0,33.0,16.0,1039,2,1.0,True
1040,-1.9876982727272727,4.750224545454546,0.29930513636363637,293.8181818181818,6574.818181818182,1.5891030909090909,99.0,62.0,299.0,299.0,307.97999999995807,0.0,33.0,16.0,1040,2,1.0,True
1041,-1.995175,5.031490545454545,0.29930513636363637,290.6363636363636,6498.727272727273,1.588372090909091,98.36363636363636,62.0,299.0,299.0,311.83200000003563,0.0,33.0,16.0,1041,2,1.0,True
1042,-1.9988165,5.298349666666667,0.29900219166666664,290.0833333333333,6494.416666666667,1.5885723333333335,98.0,62.0,299.0,298.8333333333333,308.9880000000063,0.0,33.0,16.0,1042,2,1.0,True
1043,-2.0020255,5.5617564999999995,0.2984349,290.5,6497.5,1.5909929999999999,98.5,62.0,299.0,297.5,161.9639999999665,0.0,33.0,16.0,1043,2,1.0,True
1044,-2.0071463333333335,5.850346083333334,0.29900214166666667,293.5,6566.583333333333,1.5936519166666667,99.0,62.0,299.0,298.4166666666667,310.0320000000356,0.0,33.0,16.0,1044,2,1.0,True
1045,-2.017822,6.161521818181819,0.29818353636363637,290.27272727272725,6497.727272727273,1.5916523636363635,99.0,62.0,296.8181818181818,299.0,310.4639999999665,0.0,33.0,12.0,1045,2,1.0,True
1046,-2.024679,6.418256333333333,0.2981513,290.8333333333333,6504.166666666667,1.5875188333333332,99.0,62.0,296.8333333333333,299.0,309.85200000002516,0.0,33.0,12.0,1046,2,1.0,True
1047,-2.0285325,6.7069730000000005,0.298222225,293.75,6579.0,1.5835092499999999,99.0,62.0,297.0,299.0,310.4639999999665,0.0,33.0,12.0,1047,2,1.0,True
1048,-2.0330936363636365,6.993891454545454,0.2986089727272727,294.54545454545456,6590.636363636364,1.5814003636363636,99.0,62.0,299.0,297.90909090909093,316.36800000001676,0.0,33.0,12.0,1048,2,1.0,True
1049,-2.03935,7.2976019090909094,0.2988023272727273,292.1818181818182,6539.090909090909,1.5856576363636363,99.0,62.0,298.90909090909093,298.45454545454544,309.63599999998115,0.0,33.0,12.0,1049,2,1.0,True
1050,-2.0433798333333333,7.5566235,0.2984349,291.25,6520.166666666667,1.5885245833333332,99.0,62.0,298.5833333333333,297.9166666666667,314.1720000000147,0.0,33.0,12.0,1050,2,1.0,True
1051,-2.0481963636363636,7.878972999999999,0.2984155636363636,292.27272727272725,6538.363636363636,1.589522090909091,99.0,62.0,299.0,297.45454545454544,155.70000000000002,0.0,33.0,12.0,1051,2,1.0,True
1052,-2.0546845,8.141205,0.27581659166666667,286.3333333333333,6404.583333333333,1.5966358333333333,99.0,62.416666666666664,299.0,251.83333333333334,308.5920000000042,0.0,33.0,12.0,1052,2,1.0,True
1053,-2.0762241818181817,8.37928109090909,0.1853688090909091,284.8181818181818,6380.0,1.799834909090909,98.27272727272727,62.09090909090909,299.0,71.36363636363636,305.8560000000231,0.0,33.0,12.0,1053,2,1.0,True
1056,-2.238139181818182,8.503668727272727,0.12588681818181818,282.45454545454544,6318.363636363636,-2.9116624545454544,50.63636363636363,62.54545454545455,121.63636363636364,129.9090909090909,301.5,0.0,33.0,12.0,1056,2,1.0,True
1057,-2.355933545454546,8.49607990909091,0.12584816363636364,286.27272727272725,6411.454545454545,0.8917702727272726,78.72727272727273,62.0,-41.0,292.45454545454544,303.04800000002723,0.0,33.0,12.0,1057,2,1.0,True
1058,-2.4749615,8.545806916666667,0.13769558333333334,284.5,6370.166666666667,2.5628568333333335,95.75,62.5,-23.916666666666668,299.0,306.3960000000021,0.0,33.0,12.0,1058,2,1.0,True
1059,-2.5666504545454547,8.645768363636364,0.15694276363636364,285.72727272727275,6395.818181818182,2.0309446363636363,97.0,62.0,14.181818181818182,299.0,148.3920000000042,0.0,33.0,12.0,1059,2,1.0,True
1060,-2.6051191818181816,8.819753272727274,0.2240050909090909,292.90909090909093,6561.090909090909,1.5753986363636363,98.0909090909091,62.0,148.63636363636363,299.0,311.86799999996435,0.0,33.0,12.0,1060,2,1.0,True
1061,-2.5930562727272726,9.015356363636364,0.2578843090909091,296.3636363636364,6633.272727272727,1.5017693636363634,96.45454545454545,62.0,286.27272727272725,229.0,313.41600000004405,0.0,33.0,8.0,1061,2,1.0,True
1062,-2.5957487272727273,9.286147090909092,0.2865423818181818,294.09090909090907,6590.363636363636,1.593886,97.0,62.0,299.0,273.54545454545456,319.24799999997487,0.0,33.0,8.0,1062,2,1.0,True
1063,-2.60685675,9.5590495,0.2975841,290.75,6513.25,1.610487,97.5,62.0,296.5,298.0,308.7359999999811,0.0,33.0,8.0,1063,2,1.0,True
1064,-2.6191026363636363,9.862282363636364,0.2979901636363636,292.1818181818182,6547.909090909091,1.6066514545454547,99.0,62.0,296.45454545454544,299.0,311.86800000001676,0.0,33.0,8.0,1064,2,1.0,True
1065,-2.625576181818182,10.11609,0.29872499999999996,295.0,6604.818181818182,1.6039936363636365,99.63636363636364,62.0,298.1818181818182,299.0,314.49600000000214,0.0,33.0,8.0,1065,2,1.0,True
1066,-2.634700083333333,10.436833333333333,0.2985767,289.5,6481.583333333333,1.6030748333333333,99.91666666666667,62.0,297.8333333333333,299.0,309.52799999998535,0.0,33.0,4.0,1066,2,1.0,True
1067,-2.6380165,10.719959999999999,0.2977968,288.0,6447.5,1.6083515,99.0,62.0,296.0,299.0,157.7880000000063,0.0,33.0,4.0,1067,2,1.0,True
1068,-2.6445944166666666,10.997581666666667,0.29839945,292.1666666666667,6553.333333333333,1.6072060833333335,99.41666666666667,62.0,297.4166666666667,299.0,310.0680000000168,0.0,33.0,4.0,1068,2,1.0,True
1069,-2.6504305833333333,11.274815833333333,0.29861215,295.1666666666667,6610.833333333333,1.6050449166666667,100.0,62.0,298.25,298.6666666666667,310.42799999998533,0.0,33.0,4.0,1069,2,1.0,True
1070,-2.657316181818182,11.561141818181817,0.2991117272727273,292.1818181818182,6544.363636363636,1.6061236363636362,100.0,62.0,298.72727272727275,298.8181818181818,308.5920000000042,0.0,33.0,4.0,1070,2,1.0,True
1071,-2.6684607272727274,11.88055818181818,0.2976034090909091,290.09090909090907,6498.545454545455,1.604019090909091,99.72727272727273,62.0,297.72727272727275,297.3636363636364,313.0920000000042,0.0,33.0,4.0,1071,2,1.0,True
1072,-2.678977818181818,12.108310909090909,0.21205453636363636,283.0,6330.545454545455,1.6846278181818184,98.27272727272727,62.0,299.0,125.18181818181819,299.66400000001886,0.0,33.0,190.0,1072,2,1.0,True
1073,-2.738511,12.25196090909091,0.1379147,285.3636363636364,6385.272727272727,2.136843727272727,96.45454545454545,62.0,298.72727272727275,-23.545454545454547,305.74799999997487,0.0,33.0,190.0,1073,2,1.0,True
1074,-2.8167546363636364,12.324475454545455,0.14046724545454545,286.09090909090907,6402.909090909091,2.660087909090909,91.9090909090909,62.0,297.6363636363636,-16.818181818181817,149.9760000000126,0.0,33.0,190.0,1074,2,1.0,True
1075,-2.9871814999999997,12.337485,0.18293235000000002,283.0,6340.5,0.020590499999999956,88.0,62.0,215.0,150.5,306.5760000000126,0.0,33.0,190.0,1075,2,1.0,True
1076,-3.1123228333333333,12.347027500000001,0.13305135833333334,285.25,6386.5,2.4462615,96.41666666666667,62.0,-23.25,289.25,301.8960000000021,0.0,33.0,190.0,1076,2,1.0,True
1077,-3.215094,12.42153,0.11115165454545455,284.1818181818182,6364.909090909091,2.3408627272727274,90.81818181818181,62.0,-55.81818181818182,277.54545454545456,308.1599999999686,0.0,33.0,190.0,1077,2,1.0,True
1078,-3.2370281666666667,12.518183333333333,0.13999993333333333,284.75,6375.75,1.8689197499999999,68.16666666666667,62.0,-3.4166666666666665,283.0,305.1,0.0,33.0,190.0,1078,2,1.0,True
1079,-3.2272505,12.738877500000001,0.24185355,293.5,6573.25,1.5830357499999999,47.75,62.0,238.5,244.75,309.85200000002516,0.0,33.0,190.0,1079,2,1.0,True
1080,-3.215809818181818,12.944798181818184,0.27741512727272727,297.1818181818182,6657.272727272727,1.6302284545454546,36.72727272727273,62.0,299.0,255.45454545454547,322.38000000001045,0.0,33.0,190.0,1080,2,1.0,True
1081,-3.209740333333333,13.211165000000001,0.285814,298.3333333333333,6689.333333333333,1.6682501666666667,43.333333333333336,62.0,299.0,272.1666666666667,312.6599999999686,0.0,33.0,190.0,1081,2,1.0,True
1082,-3.225181916666667,13.500410833333333,0.2955633166666667,295.3333333333333,6611.0,1.6803150833333333,60.583333333333336,62.0,298.4166666666667,292.75,311.21999999998957,0.0,33.0,190.0,1082,2,1.0,True
1083,-3.2425690000000005,13.758955,0.29524425,293.0,6559.5,1.6731095,62.5,62.0,291.0,299.0,160.0920000000042,0.0,33.0,190.0,1083,2,1.0,True
1084,-3.2710938333333335,14.033253333333333,0.2951378833333333,290.75,6519.5,1.6354520833333333,76.66666666666667,62.0,298.25,291.5833333333333,309.8880000000063,0.0,33.0,194.0,1084,2,1.0,True
1085,-3.2883765454545455,14.321461818181819,0.2982608727272727,291.45454545454544,6528.0,1.6368484545454545,94.63636363636364,62.0,297.1818181818182,298.90909090909093,313.3079999999958,0.0,33.0,194.0,1085,2,1.0,True
1086,-3.3038269090909087,14.618002727272728,0.2969459181818182,292.1818181818182,6543.909090909091,1.6310457272727275,98.63636363636364,62.0,294.54545454545456,299.0,312.1920000000042,0.0,33.0,194.0,1086,2,1.0,True
1087,-3.3186804545454547,14.890113636363635,0.2965978727272727,294.8181818181818,6599.636363636364,1.6222710909090912,99.54545454545455,62.0,293.72727272727275,299.0,308.9520000000251,0.0,33.0,194.0,1087,2,1.0,True
1088,-3.3296084545454545,15.174606363636364,0.2982996,292.09090909090907,6538.727272727273,1.6147998181818182,97.36363636363636,62.0,297.90909090909093,298.27272727272725,315.1439999999769,0.0,33.0,194.0,1088,2,1.0,True
1089,-3.334355909090909,15.438777272727272,0.29710062727272724,291.0,6520.636363636364,1.6150486363636363,94.0,62.0,296.3636363636364,297.54545454545456,308.9520000000251,0.0,33.0,194.0,1089,2,1.0,True
1090,-3.3577706363636364,15.76519090909091,0.2971392818181818,291.8181818181818,6535.818181818182,1.6013372727272726,89.9090909090909,62.0,294.45454545454544,299.0,310.35599999997066,0.0,33.0,194.0,1090,2,1.0,True
1091,-3.3586942727272726,16.007049090909092,0.2990731,292.3636363636364,6555.454545454545,1.600226909090909,87.54545454545455,62.0,299.0,299.0,156.9960000000021,0.0,33.0,194.0,1091,2,1.0,True
1092,-3.3662855,16.309096666666665,0.2992858,294.0,6586.333333333333,1.601443,91.66666666666667,62.0,299.0,299.0,313.3079999999958,0.0,33.0,194.0,1092,2,1.0,True
1093,-3.368429818181818,16.597694545454544,0.2986089727272727,292.0,6547.545454545455,1.606821909090909,94.36363636363636,62.0,299.0,297.90909090909093,314.7840000000084,0.0,33.0,194.0,1093,2,1.0,True
1094,-3.3762075454545455,16.882684545454545,0.2883987727272727,286.09090909090907,6412.0,1.6063873636363637,98.0909090909091,62.0,287.27272727272725,289.45454545454544,306.5039999999979,0.0,33.0,194.0,1094,2,1.0,True
1095,-3.368883,17.0840125,0.18059250000000002,280.0,6270.0,1.44446675,95.75,62.0,74.25,286.75,303.9119999999937,0.0,33.0,336.0,1095,2,1.0,True
1096,-3.321922818181818,17.18420909090909,0.11575400909090909,283.0,6333.272727272727,0.9094947636363635,94.72727272727273,62.0,-46.27272727272727,277.72727272727275,300.56400000001884,0.0,33.0,336.0,1096,2,1.0,True
1097,-3.2421065454545457,17.223953636363635,0.12762723636363638,286.54545454545456,6419.090909090909,0.34621970454545453,96.81818181818181,62.0,-24.727272727272727,279.90909090909093,306.93599999998116,0.0,33.0,332.0,1097,2,1.0,True
1098,-3.080875818181818,17.251288181818182,0.2438452909090909,296.90909090909093,6656.090909090909,-0.011785884545454546,94.27272727272727,62.0,242.8181818181818,244.72727272727272,315.54000000003145,0.0,33.0,328.0,1098,2,1.0,True
1099,-2.839349,17.261235,0.28631035,299.5,6707.5,0.051519085,97.0,62.0,299.0,273.0,163.36799999996438,0.0,33.0,324.0,1099,2,1.0,True
1100,-2.5625177272727275,17.275916363636362,0.25865782727272724,290.3636363636364,6509.0,0.055570885454545464,96.0,62.0,228.54545454545453,289.0,306.64800000002725,0.0,33.0,88.0,1100,2,1.0,True
1101,-2.3939399090909093,17.25954909090909,0.10975939818181818,284.3636363636364,6366.454545454545,-0.34992980545454544,96.36363636363636,62.0,-58.18181818181818,277.54545454545456,304.91999999998956,0.0,33.0,88.0,1101,2,1.0,True
1102,-2.3386827272727273,17.198754545454545,0.09684196909090909,286.0,6404.727272727273,-0.8444921454545454,84.18181818181819,62.0,-80.63636363636364,274.0,303.3,0.0,33.0,84.0,1102,2,1.0,True
1103,-2.3261425,17.0337525,0.21175477499999998,292.5,6545.5,-1.37684875,55.0,62.0,131.75,291.75,312.1920000000042,0.0,33.0,32.0,1103,2,1.0,True
1104,-2.3169346,16.804313999999998,0.29230879,292.9,6566.0,-1.4925594,33.8,62.0,298.7,285.6,153.75600000002305,0.0,33.0,32.0,1104,2,1.0,True
